DATAFLOW,FREQ,ADJUSTMENT,REF_AREA,SECTOR,COUNTERPART_SECTOR,TRANSACTION,INSTR_ASSET,ACTIVITY,EXPENDITURE,UNIT_MEASURE,PRICE_BASE,TRANSFORMATION,TABLE_IDENTIFIER,TIME_PERIOD,OBS_VALUE,REF_YEAR_PRICE,BASE_PER,CONF_STATUS,DECIMALS,OBS_STATUS,UNIT_MULT,CURRENCY
OECD.SDD.NAD:DSD_NAMAIN1@DF_QNA(1.1),Q,Y,AUS,S1,S1,B1GQ,_Z,_Z,_Z,XDC,V,N,T0102,2010-Q3,346092,,,F,1,A,6,AUD
OECD.SDD.NAD:DSD_NAMAIN1@DF_QNA(1.1),Q,Y,AUS,S1,S1,P7,_Z,_Z,_Z,XDC,V,N,T0102,2013-Q1,80146,,,F,1,A,6,AUD
OECD.SDD.NAD:DSD_NAMAIN1@DF_QNA(1.1),Q,Y,AUS,S1,S1,P7,_Z,_Z,_Z,XDC,V,N,T0102,2018-Q2,105968,,,F,1,A,6,AUD
OECD.SDD.NAD:DSD_NAMAIN1@DF_QNA(1.1),Q,Y,AUS,S1,S1,P7,_Z,_Z,_Z,XDC,V,N,T0102,2016-Q4,90267,,,F,1,A,6,AUD
OECD.SDD.NAD:DSD_NAMAIN1@DF_QNA(1.1),Q,Y,AUS,S1,S1,P7,_Z,_Z,_Z,XDC,V,N,T0102,2019-Q3,108864,,,F,1,A,6,AUD
OECD.SDD.NAD:DSD_NAMAIN1@DF_QNA(1.1),Q,Y,AUS,S1,S1,P7,_Z,_Z,_Z,XDC,V,N,T0102,2019-Q2,107803,,,F,1,A,6,AUD
OECD.SDD.NAD:DSD_NAMAIN1@DF_QNA(1.1),Q,Y,AUS,S1,S1,P7,_Z,_Z,_Z,XDC,V,N,T0102,2025-Q2,161938,,,F,1,A,6,AUD
OECD.SDD.NAD:DSD_NAMAIN1@DF_QNA(1.1),Q,Y,AUS,S1,S1,P7,_Z,_Z,_Z,XDC,V,N,T0102,2025-Q1,160739,,,F,1,A,6,AUD
OECD.SDD.NAD:DSD_NAMAIN1@DF_QNA(1.1),Q,Y,AUS,S1,S1,P7,_Z,_Z,_Z,XDC,V,N,T0102,2026-Q1,172668,,,F,1,A,6,AUD
OECD.SDD.NAD:DSD_NAMAIN1@DF_QNA(1.1),Q,Y,AUS,S1,S1,P7,_Z,_Z,_Z,XDC,V,N,T0102,2025-Q4,170486,,,F,1,A,6,AUD
OECD.SDD.NAD:DSD_NAMAIN1@DF_QNA(1.1),Q,Y,AUS,S1,S1,P7,_Z,_Z,_Z,XDC,V,N,T0102,2014-Q2,85241,,,F,1,A,6,AUD
OECD.SDD.NAD:DSD_NAMAIN1@DF_QNA(1.1),Q,Y,AUS,S1,S1,P7,_Z,_Z,_Z,XDC,V,N,T0102,2014-Q1,85737,,,F,1,A,6,AUD
OECD.SDD.NAD:DSD_NAMAIN1@DF_QNA(1.1),Q,Y,AUS,S1,S1,P7,_Z,_Z,_Z,XDC,V,N,T0102,2015-Q1,88666,,,F,1,A,6,AUD
OECD.SDD.NAD:DSD_NAMAIN1@DF_QNA(1.1),Q,Y,AUS,S1,S1,P7,_Z,_Z,_Z,XDC,V,N,T0102,2014-Q4,86485,,,F,1,A,6,AUD
OECD.SDD.NAD:DSD_NAMAIN1@DF_QNA(1.1),Q,Y,AUS,S1,S1,P7,_Z,_Z,_Z,XDC,V,N,T0102,2012-Q1,82253,,,F,1,A,6,AUD
OECD.SDD.NAD:DSD_NAMAIN1@DF_QNA(1.1),Q,Y,AUS,S1,S1,P7,_Z,_Z,_Z,XDC,V,N,T0102,2015-Q4,91784,,,F,1,A,6,AUD
OECD.SDD.NAD:DSD_NAMAIN1@DF_QNA(1.1),Q,Y,AUS,S1,S1,P7,_Z,_Z,_Z,XDC,V,N,T0102,2015-Q3,92150,,,F,1,A,6,AUD
OECD.SDD.NAD:DSD_NAMAIN1@DF_QNA(1.1),Q,Y,AUS,S1,S1,P7,_Z,_Z,_Z,XDC,V,N,T0102,2017-Q1,94698,,,F,1,A,6,AUD
OECD.SDD.NAD:DSD_NAMAIN1@DF_QNA(1.1),Q,Y,AUS,S1,S1,P7,_Z,_Z,_Z,XDC,V,N,T0102,2015-Q2,89897,,,F,1,A,6,AUD
OECD.SDD.NAD:DSD_NAMAIN1@DF_QNA(1.1),Q,Y,AUS,S1,S1,P7,_Z,_Z,_Z,XDC,V,N,T0102,2013-Q4,84941,,,F,1,A,6,AUD
OECD.SDD.NAD:DSD_NAMAIN1@DF_QNA(1.1),Q,Y,AUS,S1,S1,P7,_Z,_Z,_Z,XDC,V,N,T0102,2012-Q4,83034,,,F,1,A,6,AUD
OECD.SDD.NAD:DSD_NAMAIN1@DF_QNA(1.1),Q,Y,AUS,S1,S1,P7,_Z,_Z,_Z,XDC,V,N,T0102,2024-Q3,153736,,,F,1,A,6,AUD
OECD.SDD.NAD:DSD_NAMAIN1@DF_QNA(1.1),Q,Y,AUS,S1,S1,P7,_Z,_Z,_Z,XDC,V,N,T0102,2017-Q2,94618,,,F,1,A,6,AUD
OECD.SDD.NAD:DSD_NAMAIN1@DF_QNA(1.1),Q,Y,AUS,S1,S1,P7,_Z,_Z,_Z,XDC,V,N,T0102,2000-Q4,39798,,,F,1,A,6,AUD
OECD.SDD.NAD:DSD_NAMAIN1@DF_QNA(1.1),Q,Y,AUS,S1,S1,P7,_Z,_Z,_Z,XDC,V,N,T0102,2000-Q3,38636,,,F,1,A,6,AUD
OECD.SDD.NAD:DSD_NAMAIN1@DF_QNA(1.1),Q,Y,AUS,S1,S1,P7,_Z,_Z,_Z,XDC,V,N,T0102,2016-Q1,87643,,,F,1,A,6,AUD
OECD.SDD.NAD:DSD_NAMAIN1@DF_QNA(1.1),Q,Y,AUS,S1,S1,P7,_Z,_Z,_Z,XDC,V,N,T0102,2014-Q3,85784,,,F,1,A,6,AUD
OECD.SDD.NAD:DSD_NAMAIN1@DF_QNA(1.1),Q,Y,AUS,S1,S1,P7,_Z,_Z,_Z,XDC,V,N,T0102,2013-Q3,86238,,,F,1,A,6,AUD
OECD.SDD.NAD:DSD_NAMAIN1@DF_QNA(1.1),Q,Y,AUS,S1,S1,P7,_Z,_Z,_Z,XDC,V,N,T0102,2013-Q2,82654,,,F,1,A,6,AUD
OECD.SDD.NAD:DSD_NAMAIN1@DF_QNA(1.1),Q,Y,AUS,S1,S1,P7,_Z,_Z,_Z,XDC,V,N,T0102,2011-Q2,74701,,,F,1,A,6,AUD
OECD.SDD.NAD:DSD_NAMAIN1@DF_QNA(1.1),Q,Y,AUS,S1,S1,P7,_Z,_Z,_Z,XDC,V,N,T0102,1961-Q4,522,,,F,1,A,6,AUD
OECD.SDD.NAD:DSD_NAMAIN1@DF_QNA(1.1),Q,Y,AUS,S1,S1,P7,_Z,_Z,_Z,XDC,V,N,T0102,1961-Q3,532,,,F,1,A,6,AUD
OECD.SDD.NAD:DSD_NAMAIN1@DF_QNA(1.1),Q,Y,AUS,S1,S1,P6,_Z,_Z,_Z,XDC,V,N,T0102,1963-Q2,663,,,F,1,A,6,AUD
OECD.SDD.NAD:DSD_NAMAIN1@DF_QNA(1.1),Q,Y,AUS,S1,S1,P7,_Z,_Z,_Z,XDC,V,N,T0102,2026-Q2,179592,,,F,1,A,6,AUD
OECD.SDD.NAD:DSD_NAMAIN1@DF_QNA(1.1),Q,Y,AUS,S1,S1,P7,_Z,_Z,_Z,XDC,V,N,T0102,2007-Q2,61423,,,F,1,A,6,AUD
OECD.SDD.NAD:DSD_NAMAIN1@DF_QNA(1.1),Q,Y,AUS,S1,S1,P7,_Z,_Z,_Z,XDC,V,N,T0102,2011-Q1,72292,,,F,1,A,6,AUD
OECD.SDD.NAD:DSD_NAMAIN1@DF_QNA(1.1),Q,Y,AUS,S1,S1,P7,_Z,_Z,_Z,XDC,V,N,T0102,2010-Q1,68295,,,F,1,A,6,AUD
OECD.SDD.NAD:DSD_NAMAIN1@DF_QNA(1.1),Q,Y,AUS,S1,S1,P7,_Z,_Z,_Z,XDC,V,N,T0102,1998-Q2,31662,,,F,1,A,6,AUD
OECD.SDD.NAD:DSD_NAMAIN1@DF_QNA(1.1),Q,Y,AUS,S1,S1,P7,_Z,_Z,_Z,XDC,V,N,T0102,2023-Q4,147140,,,F,1,A,6,AUD
OECD.SDD.NAD:DSD_NAMAIN1@DF_QNA(1.1),Q,Y,AUS,S1,S1,P7,_Z,_Z,_Z,XDC,V,N,T0102,2023-Q3,150259,,,F,1,A,6,AUD
OECD.SDD.NAD:DSD_NAMAIN1@DF_QNA(1.1),Q,Y,AUS,S1,S1,P7,_Z,_Z,_Z,XDC,V,N,T0102,2003-Q3,41392,,,F,1,A,6,AUD
OECD.SDD.NAD:DSD_NAMAIN1@DF_QNA(1.1),Q,Y,AUS,S1,S1,P7,_Z,_Z,_Z,XDC,V,N,T0102,2002-Q4,44028,,,F,1,A,6,AUD
OECD.SDD.NAD:DSD_NAMAIN1@DF_QNA(1.1),Q,Y,AUS,S1,S1,P7,_Z,_Z,_Z,XDC,V,N,T0102,2002-Q3,41215,,,F,1,A,6,AUD
OECD.SDD.NAD:DSD_NAMAIN1@DF_QNA(1.1),Q,Y,AUS,S1,S1,P7,_Z,_Z,_Z,XDC,V,N,T0102,2001-Q3,38273,,,F,1,A,6,AUD
OECD.SDD.NAD:DSD_NAMAIN1@DF_QNA(1.1),Q,Y,AUS,S1,S1,P7,_Z,_Z,_Z,XDC,V,N,T0102,2000-Q2,38456,,,F,1,A,6,AUD
OECD.SDD.NAD:DSD_NAMAIN1@DF_QNA(1.1),Q,Y,AUS,S1,S1,P7,_Z,_Z,_Z,XDC,V,N,T0102,1999-Q3,33531,,,F,1,A,6,AUD
OECD.SDD.NAD:DSD_NAMAIN1@DF_QNA(1.1),Q,Y,AUS,S1,S1,P7,_Z,_Z,_Z,XDC,V,N,T0102,2005-Q3,51037,,,F,1,A,6,AUD
OECD.SDD.NAD:DSD_NAMAIN1@DF_QNA(1.1),Q,Y,AUS,S1,S1,P7,_Z,_Z,_Z,XDC,V,N,T0102,2005-Q2,50255,,,F,1,A,6,AUD
OECD.SDD.NAD:DSD_NAMAIN1@DF_QNA(1.1),Q,Y,AUS,S1,S1,P7,_Z,_Z,_Z,XDC,V,N,T0102,2003-Q2,41376,,,F,1,A,6,AUD
OECD.SDD.NAD:DSD_NAMAIN1@DF_QNA(1.1),Q,Y,AUS,S1,S1,P7,_Z,_Z,_Z,XDC,V,N,T0102,2003-Q1,43135,,,F,1,A,6,AUD
OECD.SDD.NAD:DSD_NAMAIN1@DF_QNA(1.1),Q,Y,AUS,S1,S1,P7,_Z,_Z,_Z,XDC,V,N,T0102,2002-Q1,39285,,,F,1,A,6,AUD
OECD.SDD.NAD:DSD_NAMAIN1@DF_QNA(1.1),Q,Y,AUS,S1,S1,P7,_Z,_Z,_Z,XDC,V,N,T0102,1996-Q4,26071,,,F,1,A,6,AUD
OECD.SDD.NAD:DSD_NAMAIN1@DF_QNA(1.1),Q,Y,AUS,S1,S1,P7,_Z,_Z,_Z,XDC,V,N,T0102,2001-Q4,38899,,,F,1,A,6,AUD
OECD.SDD.NAD:DSD_NAMAIN1@DF_QNA(1.1),Q,Y,AUS,S1,S1,P7,_Z,_Z,_Z,XDC,V,N,T0102,1998-Q1,30913,,,F,1,A,6,AUD
OECD.SDD.NAD:DSD_NAMAIN1@DF_QNA(1.1),Q,Y,AUS,S1,S1,P7,_Z,_Z,_Z,XDC,V,N,T0102,1997-Q4,29543,,,F,1,A,6,AUD
OECD.SDD.NAD:DSD_NAMAIN1@DF_QNA(1.1),Q,Y,AUS,S1,S1,P7,_Z,_Z,_Z,XDC,V,N,T0102,1997-Q3,28494,,,F,1,A,6,AUD
OECD.SDD.NAD:DSD_NAMAIN1@DF_QNA(1.1),Q,Y,AUS,S1,S1,P7,_Z,_Z,_Z,XDC,V,N,T0102,1997-Q2,27382,,,F,1,A,6,AUD
OECD.SDD.NAD:DSD_NAMAIN1@DF_QNA(1.1),Q,Y,AUS,S1,S1,P7,_Z,_Z,_Z,XDC,V,N,T0102,1997-Q1,26218,,,F,1,A,6,AUD
OECD.SDD.NAD:DSD_NAMAIN1@DF_QNA(1.1),Q,Y,AUS,S1,S1,P7,_Z,_Z,_Z,XDC,V,N,T0102,2008-Q3,75612,,,F,1,A,6,AUD
OECD.SDD.NAD:DSD_NAMAIN1@DF_QNA(1.1),Q,Y,AUS,S1,S1,P7,_Z,_Z,_Z,XDC,V,N,T0102,2007-Q1,60617,,,F,1,A,6,AUD
OECD.SDD.NAD:DSD_NAMAIN1@DF_QNA(1.1),Q,Y,AUS,S1,S1,P7,_Z,_Z,_Z,XDC,V,N,T0102,1996-Q3,25245,,,F,1,A,6,AUD
OECD.SDD.NAD:DSD_NAMAIN1@DF_QNA(1.1),Q,Y,AUS,S1,S1,P7,_Z,_Z,_Z,XDC,V,N,T0102,2010-Q3,71115,,,F,1,A,6,AUD
OECD.SDD.NAD:DSD_NAMAIN1@DF_QNA(1.1),Q,Y,AUS,S1,S1,P7,_Z,_Z,_Z,XDC,V,N,T0102,2011-Q4,80809,,,F,1,A,6,AUD
OECD.SDD.NAD:DSD_NAMAIN1@DF_QNA(1.1),Q,Y,AUS,S1,S1,P7,_Z,_Z,_Z,XDC,V,N,T0102,2008-Q2,72433,,,F,1,A,6,AUD
OECD.SDD.NAD:DSD_NAMAIN1@DF_QNA(1.1),Q,Y,AUS,S1,S1,P7,_Z,_Z,_Z,XDC,V,N,T0102,2019-Q4,109200,,,F,1,A,6,AUD
OECD.SDD.NAD:DSD_NAMAIN1@DF_QNA(1.1),Q,Y,AUS,S1,S1,P7,_Z,_Z,_Z,XDC,V,N,T0102,2019-Q1,107271,,,F,1,A,6,AUD
OECD.SDD.NAD:DSD_NAMAIN1@DF_QNA(1.1),Q,Y,AUS,S1,S1,P7,_Z,_Z,_Z,XDC,V,N,T0102,2018-Q1,103423,,,F,1,A,6,AUD
OECD.SDD.NAD:DSD_NAMAIN1@DF_QNA(1.1),Q,Y,AUS,S1,S1,P7,_Z,_Z,_Z,XDC,V,N,T0102,2010-Q4,71440,,,F,1,A,6,AUD
OECD.SDD.NAD:DSD_NAMAIN1@DF_QNA(1.1),Q,Y,AUS,S1,S1,P7,_Z,_Z,_Z,XDC,V,N,T0102,2024-Q2,153044,,,F,1,A,6,AUD
OECD.SDD.NAD:DSD_NAMAIN1@DF_QNA(1.1),Q,Y,AUS,S1,S1,P7,_Z,_Z,_Z,XDC,V,N,T0102,2024-Q1,153394,,,F,1,A,6,AUD
OECD.SDD.NAD:DSD_NAMAIN1@DF_QNA(1.1),Q,Y,AUS,S1,S1,P7,_Z,_Z,_Z,XDC,V,N,T0102,2002-Q2,40286,,,F,1,A,6,AUD
OECD.SDD.NAD:DSD_NAMAIN1@DF_QNA(1.1),Q,Y,AUS,S1,S1,P7,_Z,_Z,_Z,XDC,V,N,T0102,1994-Q4,24022,,,F,1,A,6,AUD
OECD.SDD.NAD:DSD_NAMAIN1@DF_QNA(1.1),Q,Y,AUS,S1,S1,P7,_Z,_Z,_Z,XDC,V,N,T0102,1994-Q3,23515,,,F,1,A,6,AUD
OECD.SDD.NAD:DSD_NAMAIN1@DF_QNA(1.1),Q,Y,AUS,S1,S1,P7,_Z,_Z,_Z,XDC,V,N,T0102,2006-Q4,58669,,,F,1,A,6,AUD
OECD.SDD.NAD:DSD_NAMAIN1@DF_QNA(1.1),Q,Y,AUS,S1,S1,P7,_Z,_Z,_Z,XDC,V,N,T0102,2006-Q3,57135,,,F,1,A,6,AUD
OECD.SDD.NAD:DSD_NAMAIN1@DF_QNA(1.1),Q,Y,AUS,S1,S1,P7,_Z,_Z,_Z,XDC,V,N,T0102,2004-Q1,42864,,,F,1,A,6,AUD
OECD.SDD.NAD:DSD_NAMAIN1@DF_QNA(1.1),Q,Y,AUS,S1,S1,P7,_Z,_Z,_Z,XDC,V,N,T0102,1995-Q2,25802,,,F,1,A,6,AUD
OECD.SDD.NAD:DSD_NAMAIN1@DF_QNA(1.1),Q,Y,AUS,S1,S1,P7,_Z,_Z,_Z,XDC,V,N,T0102,1995-Q1,25107,,,F,1,A,6,AUD
OECD.SDD.NAD:DSD_NAMAIN1@DF_QNA(1.1),Q,Y,AUS,S1,S1,P7,_Z,_Z,_Z,XDC,V,N,T0102,2023-Q2,144762,,,F,1,A,6,AUD
OECD.SDD.NAD:DSD_NAMAIN1@DF_QNA(1.1),Q,Y,AUS,S1,S1,P7,_Z,_Z,_Z,XDC,V,N,T0102,2022-Q3,143994,,,F,1,A,6,AUD
OECD.SDD.NAD:DSD_NAMAIN1@DF_QNA(1.1),Q,Y,AUS,S1,S1,P7,_Z,_Z,_Z,XDC,V,N,T0102,2022-Q2,133105,,,F,1,A,6,AUD
OECD.SDD.NAD:DSD_NAMAIN1@DF_QNA(1.1),Q,Y,AUS,S1,S1,P7,_Z,_Z,_Z,XDC,V,N,T0102,2022-Q4,144128,,,F,1,A,6,AUD
OECD.SDD.NAD:DSD_NAMAIN1@DF_QNA(1.1),Q,Y,AUS,S1,S1,P7,_Z,_Z,_Z,XDC,V,N,T0102,2022-Q1,126304,,,F,1,A,6,AUD
OECD.SDD.NAD:DSD_NAMAIN1@DF_QNA(1.1),Q,Y,AUS,S1,S1,P7,_Z,_Z,_Z,XDC,V,N,T0102,2021-Q4,111790,,,F,1,A,6,AUD
OECD.SDD.NAD:DSD_NAMAIN1@DF_QNA(1.1),Q,Y,AUS,S1,S1,P7,_Z,_Z,_Z,XDC,V,N,T0102,2021-Q3,102504,,,F,1,A,6,AUD
OECD.SDD.NAD:DSD_NAMAIN1@DF_QNA(1.1),Q,Y,AUS,S1,S1,P7,_Z,_Z,_Z,XDC,V,N,T0102,2021-Q2,100163,,,F,1,A,6,AUD
OECD.SDD.NAD:DSD_NAMAIN1@DF_QNA(1.1),Q,Y,AUS,S1,S1,P7,_Z,_Z,_Z,XDC,V,N,T0102,2021-Q1,96263,,,F,1,A,6,AUD
OECD.SDD.NAD:DSD_NAMAIN1@DF_QNA(1.1),Q,Y,AUS,S1,S1,P7,_Z,_Z,_Z,XDC,V,N,T0102,2020-Q4,94784,,,F,1,A,6,AUD
OECD.SDD.NAD:DSD_NAMAIN1@DF_QNA(1.1),Q,Y,AUS,S1,S1,P7,_Z,_Z,_Z,XDC,V,N,T0102,2020-Q3,89566,,,F,1,A,6,AUD
OECD.SDD.NAD:DSD_NAMAIN1@DF_QNA(1.1),Q,Y,AUS,S1,S1,P7,_Z,_Z,_Z,XDC,V,N,T0102,2023-Q1,143532,,,F,1,A,6,AUD
OECD.SDD.NAD:DSD_NAMAIN1@DF_QNA(1.1),Q,Y,AUS,S1,S1,P7,_Z,_Z,_Z,XDC,V,N,T0102,1989-Q1,15942,,,F,1,A,6,AUD
OECD.SDD.NAD:DSD_NAMAIN1@DF_QNA(1.1),Q,Y,AUS,S1,S1,P7,_Z,_Z,_Z,XDC,V,N,T0102,1988-Q4,15344,,,F,1,A,6,AUD
OECD.SDD.NAD:DSD_NAMAIN1@DF_QNA(1.1),Q,Y,AUS,S1,S1,P7,_Z,_Z,_Z,XDC,V,N,T0102,1988-Q3,14011,,,F,1,A,6,AUD
OECD.SDD.NAD:DSD_NAMAIN1@DF_QNA(1.1),Q,Y,AUS,S1,S1,P7,_Z,_Z,_Z,XDC,V,N,T0102,1988-Q2,13693,,,F,1,A,6,AUD
OECD.SDD.NAD:DSD_NAMAIN1@DF_QNA(1.1),Q,Y,AUS,S1,S1,P7,_Z,_Z,_Z,XDC,V,N,T0102,1988-Q1,14079,,,F,1,A,6,AUD
OECD.SDD.NAD:DSD_NAMAIN1@DF_QNA(1.1),Q,Y,AUS,S1,S1,P7,_Z,_Z,_Z,XDC,V,N,T0102,1987-Q4,13657,,,F,1,A,6,AUD
OECD.SDD.NAD:DSD_NAMAIN1@DF_QNA(1.1),Q,Y,AUS,S1,S1,P7,_Z,_Z,_Z,XDC,V,N,T0102,1987-Q3,12572,,,F,1,A,6,AUD
OECD.SDD.NAD:DSD_NAMAIN1@DF_QNA(1.1),Q,Y,AUS,S1,S1,P7,_Z,_Z,_Z,XDC,V,N,T0102,1987-Q2,12276,,,F,1,A,6,AUD
OECD.SDD.NAD:DSD_NAMAIN1@DF_QNA(1.1),Q,Y,AUS,S1,S1,P7,_Z,_Z,_Z,XDC,V,N,T0102,1987-Q1,12058,,,F,1,A,6,AUD
OECD.SDD.NAD:DSD_NAMAIN1@DF_QNA(1.1),Q,Y,AUS,S1,S1,P7,_Z,_Z,_Z,XDC,V,N,T0102,1986-Q4,12430,,,F,1,A,6,AUD
OECD.SDD.NAD:DSD_NAMAIN1@DF_QNA(1.1),Q,Y,AUS,S1,S1,P7,_Z,_Z,_Z,XDC,V,N,T0102,1986-Q3,12072,,,F,1,A,6,AUD
OECD.SDD.NAD:DSD_NAMAIN1@DF_QNA(1.1),Q,Y,AUS,S1,S1,P7,_Z,_Z,_Z,XDC,V,N,T0102,1986-Q2,11556,,,F,1,A,6,AUD
OECD.SDD.NAD:DSD_NAMAIN1@DF_QNA(1.1),Q,Y,AUS,S1,S1,P7,_Z,_Z,_Z,XDC,V,N,T0102,1986-Q1,11840,,,F,1,A,6,AUD
OECD.SDD.NAD:DSD_NAMAIN1@DF_QNA(1.1),Q,Y,AUS,S1,S1,P7,_Z,_Z,_Z,XDC,V,N,T0102,1985-Q4,11980,,,F,1,A,6,AUD
OECD.SDD.NAD:DSD_NAMAIN1@DF_QNA(1.1),Q,Y,AUS,S1,S1,P7,_Z,_Z,_Z,XDC,V,N,T0102,1985-Q3,11712,,,F,1,A,6,AUD
OECD.SDD.NAD:DSD_NAMAIN1@DF_QNA(1.1),Q,Y,AUS,S1,S1,P7,_Z,_Z,_Z,XDC,V,N,T0102,1985-Q2,11312,,,F,1,A,6,AUD
OECD.SDD.NAD:DSD_NAMAIN1@DF_QNA(1.1),Q,Y,AUS,S1,S1,P7,_Z,_Z,_Z,XDC,V,N,T0102,1985-Q1,9941,,,F,1,A,6,AUD
OECD.SDD.NAD:DSD_NAMAIN1@DF_QNA(1.1),Q,Y,AUS,S1,S1,P7,_Z,_Z,_Z,XDC,V,N,T0102,1984-Q4,9625,,,F,1,A,6,AUD
OECD.SDD.NAD:DSD_NAMAIN1@DF_QNA(1.1),Q,Y,AUS,S1,S1,P7,_Z,_Z,_Z,XDC,V,N,T0102,1984-Q3,9830,,,F,1,A,6,AUD
OECD.SDD.NAD:DSD_NAMAIN1@DF_QNA(1.1),Q,Y,AUS,S1,S1,P7,_Z,_Z,_Z,XDC,V,N,T0102,1984-Q2,8666,,,F,1,A,6,AUD
OECD.SDD.NAD:DSD_NAMAIN1@DF_QNA(1.1),Q,Y,AUS,S1,S1,P7,_Z,_Z,_Z,XDC,V,N,T0102,1984-Q1,8376,,,F,1,A,6,AUD
OECD.SDD.NAD:DSD_NAMAIN1@DF_QNA(1.1),Q,Y,AUS,S1,S1,P7,_Z,_Z,_Z,XDC,V,N,T0102,1983-Q4,7589,,,F,1,A,6,AUD
OECD.SDD.NAD:DSD_NAMAIN1@DF_QNA(1.1),Q,Y,AUS,S1,S1,P7,_Z,_Z,_Z,XDC,V,N,T0102,1983-Q3,7436,,,F,1,A,6,AUD
OECD.SDD.NAD:DSD_NAMAIN1@DF_QNA(1.1),Q,Y,AUS,S1,S1,P7,_Z,_Z,_Z,XDC,V,N,T0102,1983-Q2,7305,,,F,1,A,6,AUD
OECD.SDD.NAD:DSD_NAMAIN1@DF_QNA(1.1),Q,Y,AUS,S1,S1,P7,_Z,_Z,_Z,XDC,V,N,T0102,1983-Q1,7153,,,F,1,A,6,AUD
OECD.SDD.NAD:DSD_NAMAIN1@DF_QNA(1.1),Q,Y,AUS,S1,S1,P7,_Z,_Z,_Z,XDC,V,N,T0102,1982-Q4,7543,,,F,1,A,6,AUD
OECD.SDD.NAD:DSD_NAMAIN1@DF_QNA(1.1),Q,Y,AUS,S1,S1,P7,_Z,_Z,_Z,XDC,V,N,T0102,1982-Q3,7526,,,F,1,A,6,AUD
OECD.SDD.NAD:DSD_NAMAIN1@DF_QNA(1.1),Q,Y,AUS,S1,S1,P7,_Z,_Z,_Z,XDC,V,N,T0102,1982-Q2,7788,,,F,1,A,6,AUD
OECD.SDD.NAD:DSD_NAMAIN1@DF_QNA(1.1),Q,Y,AUS,S1,S1,P7,_Z,_Z,_Z,XDC,V,N,T0102,1982-Q1,7829,,,F,1,A,6,AUD
OECD.SDD.NAD:DSD_NAMAIN1@DF_QNA(1.1),Q,Y,AUS,S1,S1,P7,_Z,_Z,_Z,XDC,V,N,T0102,1981-Q4,7163,,,F,1,A,6,AUD
OECD.SDD.NAD:DSD_NAMAIN1@DF_QNA(1.1),Q,Y,AUS,S1,S1,P7,_Z,_Z,_Z,XDC,V,N,T0102,1981-Q3,6842,,,F,1,A,6,AUD
OECD.SDD.NAD:DSD_NAMAIN1@DF_QNA(1.1),Q,Y,AUS,S1,S1,P7,_Z,_Z,_Z,XDC,V,N,T0102,1981-Q2,6905,,,F,1,A,6,AUD
OECD.SDD.NAD:DSD_NAMAIN1@DF_QNA(1.1),Q,Y,AUS,S1,S1,P7,_Z,_Z,_Z,XDC,V,N,T0102,1981-Q1,6051,,,F,1,A,6,AUD
OECD.SDD.NAD:DSD_NAMAIN1@DF_QNA(1.1),Q,Y,AUS,S1,S1,P7,_Z,_Z,_Z,XDC,V,N,T0102,1980-Q4,6262,,,F,1,A,6,AUD
OECD.SDD.NAD:DSD_NAMAIN1@DF_QNA(1.1),Q,Y,AUS,S1,S1,P7,_Z,_Z,_Z,XDC,V,N,T0102,1980-Q3,6357,,,F,1,A,6,AUD
OECD.SDD.NAD:DSD_NAMAIN1@DF_QNA(1.1),Q,Y,AUS,S1,S1,P7,_Z,_Z,_Z,XDC,V,N,T0102,1980-Q2,5610,,,F,1,A,6,AUD
OECD.SDD.NAD:DSD_NAMAIN1@DF_QNA(1.1),Q,Y,AUS,S1,S1,P7,_Z,_Z,_Z,XDC,V,N,T0102,1980-Q1,5538,,,F,1,A,6,AUD
OECD.SDD.NAD:DSD_NAMAIN1@DF_QNA(1.1),Q,Y,AUS,S1,S1,P7,_Z,_Z,_Z,XDC,V,N,T0102,1979-Q4,5296,,,F,1,A,6,AUD
OECD.SDD.NAD:DSD_NAMAIN1@DF_QNA(1.1),Q,Y,AUS,S1,S1,P7,_Z,_Z,_Z,XDC,V,N,T0102,1990-Q2,16440,,,F,1,A,6,AUD
OECD.SDD.NAD:DSD_NAMAIN1@DF_QNA(1.1),Q,Y,AUS,S1,S1,P7,_Z,_Z,_Z,XDC,V,N,T0102,1990-Q1,17663,,,F,1,A,6,AUD
OECD.SDD.NAD:DSD_NAMAIN1@DF_QNA(1.1),Q,Y,AUS,S1,S1,P7,_Z,_Z,_Z,XDC,V,N,T0102,1989-Q4,17135,,,F,1,A,6,AUD
OECD.SDD.NAD:DSD_NAMAIN1@DF_QNA(1.1),Q,Y,AUS,S1,S1,P7,_Z,_Z,_Z,XDC,V,N,T0102,1989-Q3,17757,,,F,1,A,6,AUD
OECD.SDD.NAD:DSD_NAMAIN1@DF_QNA(1.1),Q,Y,AUS,S1,S1,P7,_Z,_Z,_Z,XDC,V,N,T0102,1989-Q2,17248,,,F,1,A,6,AUD
OECD.SDD.NAD:DSD_NAMAIN1@DF_QNA(1.1),Q,Y,AUS,S1,S1,P7,_Z,_Z,_Z,XDC,V,N,T0102,1960-Q2,633,,,F,1,A,6,AUD
OECD.SDD.NAD:DSD_NAMAIN1@DF_QNA(1.1),Q,Y,AUS,S1,S1,P7,_Z,_Z,_Z,XDC,V,N,T0102,1960-Q1,591,,,F,1,A,6,AUD
OECD.SDD.NAD:DSD_NAMAIN1@DF_QNA(1.1),Q,Y,AUS,S1,S1,P7,_Z,_Z,_Z,XDC,V,N,T0102,1959-Q4,577,,,F,1,A,6,AUD
OECD.SDD.NAD:DSD_NAMAIN1@DF_QNA(1.1),Q,Y,AUS,S1,S1,P7,_Z,_Z,_Z,XDC,V,N,T0102,1959-Q3,532,,,F,1,A,6,AUD
OECD.SDD.NAD:DSD_NAMAIN1@DF_QNA(1.1),Q,Y,AUS,S1,S1,P7,_Z,_Z,_Z,XDC,V,N,T0102,1992-Q2,17991,,,F,1,A,6,AUD
OECD.SDD.NAD:DSD_NAMAIN1@DF_QNA(1.1),Q,Y,AUS,S1,S1,P7,_Z,_Z,_Z,XDC,V,N,T0102,1992-Q1,17468,,,F,1,A,6,AUD
OECD.SDD.NAD:DSD_NAMAIN1@DF_QNA(1.1),Q,Y,AUS,S1,S1,P7,_Z,_Z,_Z,XDC,V,N,T0102,1991-Q4,17349,,,F,1,A,6,AUD
OECD.SDD.NAD:DSD_NAMAIN1@DF_QNA(1.1),Q,Y,AUS,S1,S1,P7,_Z,_Z,_Z,XDC,V,N,T0102,1991-Q3,16671,,,F,1,A,6,AUD
OECD.SDD.NAD:DSD_NAMAIN1@DF_QNA(1.1),Q,Y,AUS,S1,S1,P7,_Z,_Z,_Z,XDC,V,N,T0102,1991-Q2,16423,,,F,1,A,6,AUD
OECD.SDD.NAD:DSD_NAMAIN1@DF_QNA(1.1),Q,Y,AUS,S1,S1,P7,_Z,_Z,_Z,XDC,V,N,T0102,1991-Q1,16816,,,F,1,A,6,AUD
OECD.SDD.NAD:DSD_NAMAIN1@DF_QNA(1.1),Q,Y,AUS,S1,S1,P7,_Z,_Z,_Z,XDC,V,N,T0102,1990-Q4,17174,,,F,1,A,6,AUD
OECD.SDD.NAD:DSD_NAMAIN1@DF_QNA(1.1),Q,Y,AUS,S1,S1,P7,_Z,_Z,_Z,XDC,V,N,T0102,1990-Q3,16757,,,F,1,A,6,AUD
OECD.SDD.NAD:DSD_NAMAIN1@DF_QNA(1.1),Q,Y,AUS,S1,S1,P7,_Z,_Z,_Z,XDC,V,N,T0102,2007-Q3,62197,,,F,1,A,6,AUD
OECD.SDD.NAD:DSD_NAMAIN1@DF_QNA(1.1),Q,Y,AUS,S1,S1,P7,_Z,_Z,_Z,XDC,V,N,T0102,1972-Q4,1348,,,F,1,A,6,AUD
OECD.SDD.NAD:DSD_NAMAIN1@DF_QNA(1.1),Q,Y,AUS,S1,S1,P7,_Z,_Z,_Z,XDC,V,N,T0102,1972-Q3,1230,,,F,1,A,6,AUD
OECD.SDD.NAD:DSD_NAMAIN1@DF_QNA(1.1),Q,Y,AUS,S1,S1,P7,_Z,_Z,_Z,XDC,V,N,T0102,1972-Q2,1244,,,F,1,A,6,AUD
OECD.SDD.NAD:DSD_NAMAIN1@DF_QNA(1.1),Q,Y,AUS,S1,S1,P7,_Z,_Z,_Z,XDC,V,N,T0102,1972-Q1,1336,,,F,1,A,6,AUD
OECD.SDD.NAD:DSD_NAMAIN1@DF_QNA(1.1),Q,Y,AUS,S1,S1,P7,_Z,_Z,_Z,XDC,V,N,T0102,1971-Q4,1363,,,F,1,A,6,AUD
OECD.SDD.NAD:DSD_NAMAIN1@DF_QNA(1.1),Q,Y,AUS,S1,S1,P7,_Z,_Z,_Z,XDC,V,N,T0102,1971-Q3,1381,,,F,1,A,6,AUD
OECD.SDD.NAD:DSD_NAMAIN1@DF_QNA(1.1),Q,Y,AUS,S1,S1,P7,_Z,_Z,_Z,XDC,V,N,T0102,1971-Q2,1375,,,F,1,A,6,AUD
OECD.SDD.NAD:DSD_NAMAIN1@DF_QNA(1.1),Q,Y,AUS,S1,S1,P7,_Z,_Z,_Z,XDC,V,N,T0102,1971-Q1,1297,,,F,1,A,6,AUD
OECD.SDD.NAD:DSD_NAMAIN1@DF_QNA(1.1),Q,Y,AUS,S1,S1,P7,_Z,_Z,_Z,XDC,V,N,T0102,1970-Q4,1277,,,F,1,A,6,AUD
OECD.SDD.NAD:DSD_NAMAIN1@DF_QNA(1.1),Q,Y,AUS,S1,S1,P7,_Z,_Z,_Z,XDC,V,N,T0102,1970-Q3,1269,,,F,1,A,6,AUD
OECD.SDD.NAD:DSD_NAMAIN1@DF_QNA(1.1),Q,Y,AUS,S1,S1,P7,_Z,_Z,_Z,XDC,V,N,T0102,1970-Q2,1273,,,F,1,A,6,AUD
OECD.SDD.NAD:DSD_NAMAIN1@DF_QNA(1.1),Q,Y,AUS,S1,S1,P7,_Z,_Z,_Z,XDC,V,N,T0102,1970-Q1,1218,,,F,1,A,6,AUD
OECD.SDD.NAD:DSD_NAMAIN1@DF_QNA(1.1),Q,Y,AUS,S1,S1,P7,_Z,_Z,_Z,XDC,V,N,T0102,1969-Q4,1209,,,F,1,A,6,AUD
OECD.SDD.NAD:DSD_NAMAIN1@DF_QNA(1.1),Q,Y,AUS,S1,S1,P7,_Z,_Z,_Z,XDC,V,N,T0102,1969-Q3,1173,,,F,1,A,6,AUD
OECD.SDD.NAD:DSD_NAMAIN1@DF_QNA(1.1),Q,Y,AUS,S1,S1,P7,_Z,_Z,_Z,XDC,V,N,T0102,1969-Q2,1114,,,F,1,A,6,AUD
OECD.SDD.NAD:DSD_NAMAIN1@DF_QNA(1.1),Q,Y,AUS,S1,S1,P7,_Z,_Z,_Z,XDC,V,N,T0102,1969-Q1,1068,,,F,1,A,6,AUD
OECD.SDD.NAD:DSD_NAMAIN1@DF_QNA(1.1),Q,Y,AUS,S1,S1,P7,_Z,_Z,_Z,XDC,V,N,T0102,1968-Q4,1085,,,F,1,A,6,AUD
OECD.SDD.NAD:DSD_NAMAIN1@DF_QNA(1.1),Q,Y,AUS,S1,S1,P7,_Z,_Z,_Z,XDC,V,N,T0102,1968-Q3,1092,,,F,1,A,6,AUD
OECD.SDD.NAD:DSD_NAMAIN1@DF_QNA(1.1),Q,Y,AUS,S1,S1,P7,_Z,_Z,_Z,XDC,V,N,T0102,1968-Q2,1084,,,F,1,A,6,AUD
OECD.SDD.NAD:DSD_NAMAIN1@DF_QNA(1.1),Q,Y,AUS,S1,S1,P7,_Z,_Z,_Z,XDC,V,N,T0102,1968-Q1,1148,,,F,1,A,6,AUD
OECD.SDD.NAD:DSD_NAMAIN1@DF_QNA(1.1),Q,Y,AUS,S1,S1,P7,_Z,_Z,_Z,XDC,V,N,T0102,1967-Q4,1014,,,F,1,A,6,AUD
OECD.SDD.NAD:DSD_NAMAIN1@DF_QNA(1.1),Q,Y,AUS,S1,S1,P7,_Z,_Z,_Z,XDC,V,N,T0102,1967-Q3,984,,,F,1,A,6,AUD
OECD.SDD.NAD:DSD_NAMAIN1@DF_QNA(1.1),Q,Y,AUS,S1,S1,P7,_Z,_Z,_Z,XDC,V,N,T0102,1967-Q2,994,,,F,1,A,6,AUD
OECD.SDD.NAD:DSD_NAMAIN1@DF_QNA(1.1),Q,Y,AUS,S1,S1,P7,_Z,_Z,_Z,XDC,V,N,T0102,1967-Q1,989,,,F,1,A,6,AUD
OECD.SDD.NAD:DSD_NAMAIN1@DF_QNA(1.1),Q,Y,AUS,S1,S1,P7,_Z,_Z,_Z,XDC,V,N,T0102,1966-Q4,903,,,F,1,A,6,AUD
OECD.SDD.NAD:DSD_NAMAIN1@DF_QNA(1.1),Q,Y,AUS,S1,S1,P7,_Z,_Z,_Z,XDC,V,N,T0102,1966-Q3,888,,,F,1,A,6,AUD
OECD.SDD.NAD:DSD_NAMAIN1@DF_QNA(1.1),Q,Y,AUS,S1,S1,P7,_Z,_Z,_Z,XDC,V,N,T0102,1966-Q2,870,,,F,1,A,6,AUD
OECD.SDD.NAD:DSD_NAMAIN1@DF_QNA(1.1),Q,Y,AUS,S1,S1,P7,_Z,_Z,_Z,XDC,V,N,T0102,1966-Q1,878,,,F,1,A,6,AUD
OECD.SDD.NAD:DSD_NAMAIN1@DF_QNA(1.1),Q,Y,AUS,S1,S1,P7,_Z,_Z,_Z,XDC,V,N,T0102,1965-Q4,952,,,F,1,A,6,AUD
OECD.SDD.NAD:DSD_NAMAIN1@DF_QNA(1.1),Q,Y,AUS,S1,S1,P7,_Z,_Z,_Z,XDC,V,N,T0102,1965-Q3,983,,,F,1,A,6,AUD
OECD.SDD.NAD:DSD_NAMAIN1@DF_QNA(1.1),Q,Y,AUS,S1,S1,P7,_Z,_Z,_Z,XDC,V,N,T0102,1965-Q2,936,,,F,1,A,6,AUD
OECD.SDD.NAD:DSD_NAMAIN1@DF_QNA(1.1),Q,Y,AUS,S1,S1,P7,_Z,_Z,_Z,XDC,V,N,T0102,1965-Q1,896,,,F,1,A,6,AUD
OECD.SDD.NAD:DSD_NAMAIN1@DF_QNA(1.1),Q,Y,AUS,S1,S1,P7,_Z,_Z,_Z,XDC,V,N,T0102,1964-Q4,882,,,F,1,A,6,AUD
OECD.SDD.NAD:DSD_NAMAIN1@DF_QNA(1.1),Q,Y,AUS,S1,S1,P7,_Z,_Z,_Z,XDC,V,N,T0102,1964-Q3,826,,,F,1,A,6,AUD
OECD.SDD.NAD:DSD_NAMAIN1@DF_QNA(1.1),Q,Y,AUS,S1,S1,P7,_Z,_Z,_Z,XDC,V,N,T0102,1964-Q2,803,,,F,1,A,6,AUD
OECD.SDD.NAD:DSD_NAMAIN1@DF_QNA(1.1),Q,Y,AUS,S1,S1,P7,_Z,_Z,_Z,XDC,V,N,T0102,1964-Q1,743,,,F,1,A,6,AUD
OECD.SDD.NAD:DSD_NAMAIN1@DF_QNA(1.1),Q,Y,AUS,S1,S1,P7,_Z,_Z,_Z,XDC,V,N,T0102,1963-Q4,693,,,F,1,A,6,AUD
OECD.SDD.NAD:DSD_NAMAIN1@DF_QNA(1.1),Q,Y,AUS,S1,S1,P7,_Z,_Z,_Z,XDC,V,N,T0102,1963-Q3,684,,,F,1,A,6,AUD
OECD.SDD.NAD:DSD_NAMAIN1@DF_QNA(1.1),Q,Y,AUS,S1,S1,P7,_Z,_Z,_Z,XDC,V,N,T0102,1963-Q2,685,,,F,1,A,6,AUD
OECD.SDD.NAD:DSD_NAMAIN1@DF_QNA(1.1),Q,Y,AUS,S1,S1,P7,_Z,_Z,_Z,XDC,V,N,T0102,1963-Q1,659,,,F,1,A,6,AUD
OECD.SDD.NAD:DSD_NAMAIN1@DF_QNA(1.1),Q,Y,AUS,S1,S1,P7,_Z,_Z,_Z,XDC,V,N,T0102,1962-Q4,667,,,F,1,A,6,AUD
OECD.SDD.NAD:DSD_NAMAIN1@DF_QNA(1.1),Q,Y,AUS,S1,S1,P7,_Z,_Z,_Z,XDC,V,N,T0102,1962-Q3,648,,,F,1,A,6,AUD
OECD.SDD.NAD:DSD_NAMAIN1@DF_QNA(1.1),Q,Y,AUS,S1,S1,P7,_Z,_Z,_Z,XDC,V,N,T0102,1962-Q2,614,,,F,1,A,6,AUD
OECD.SDD.NAD:DSD_NAMAIN1@DF_QNA(1.1),Q,Y,AUS,S1,S1,P7,_Z,_Z,_Z,XDC,V,N,T0102,1962-Q1,577,,,F,1,A,6,AUD
OECD.SDD.NAD:DSD_NAMAIN1@DF_QNA(1.1),Q,Y,AUS,S1,S1,P7,_Z,_Z,_Z,XDC,V,N,T0102,1979-Q3,4916,,,F,1,A,6,AUD
OECD.SDD.NAD:DSD_NAMAIN1@DF_QNA(1.1),Q,Y,AUS,S1,S1,P7,_Z,_Z,_Z,XDC,V,N,T0102,1979-Q2,4863,,,F,1,A,6,AUD
OECD.SDD.NAD:DSD_NAMAIN1@DF_QNA(1.1),Q,Y,AUS,S1,S1,P7,_Z,_Z,_Z,XDC,V,N,T0102,1979-Q1,4463,,,F,1,A,6,AUD
OECD.SDD.NAD:DSD_NAMAIN1@DF_QNA(1.1),Q,Y,AUS,S1,S1,P7,_Z,_Z,_Z,XDC,V,N,T0102,1978-Q4,4555,,,F,1,A,6,AUD
OECD.SDD.NAD:DSD_NAMAIN1@DF_QNA(1.1),Q,Y,AUS,S1,S1,P7,_Z,_Z,_Z,XDC,V,N,T0102,1978-Q3,4299,,,F,1,A,6,AUD
OECD.SDD.NAD:DSD_NAMAIN1@DF_QNA(1.1),Q,Y,AUS,S1,S1,P7,_Z,_Z,_Z,XDC,V,N,T0102,1978-Q2,4042,,,F,1,A,6,AUD
OECD.SDD.NAD:DSD_NAMAIN1@DF_QNA(1.1),Q,Y,AUS,S1,S1,P7,_Z,_Z,_Z,XDC,V,N,T0102,1978-Q1,3826,,,F,1,A,6,AUD
OECD.SDD.NAD:DSD_NAMAIN1@DF_QNA(1.1),Q,Y,AUS,S1,S1,P7,_Z,_Z,_Z,XDC,V,N,T0102,1977-Q4,3634,,,F,1,A,6,AUD
OECD.SDD.NAD:DSD_NAMAIN1@DF_QNA(1.1),Q,Y,AUS,S1,S1,P7,_Z,_Z,_Z,XDC,V,N,T0102,1977-Q3,3783,,,F,1,A,6,AUD
OECD.SDD.NAD:DSD_NAMAIN1@DF_QNA(1.1),Q,Y,AUS,S1,S1,P7,_Z,_Z,_Z,XDC,V,N,T0102,1977-Q2,3793,,,F,1,A,6,AUD
OECD.SDD.NAD:DSD_NAMAIN1@DF_QNA(1.1),Q,Y,AUS,S1,S1,P7,_Z,_Z,_Z,XDC,V,N,T0102,1977-Q1,3724,,,F,1,A,6,AUD
OECD.SDD.NAD:DSD_NAMAIN1@DF_QNA(1.1),Q,Y,AUS,S1,S1,P7,_Z,_Z,_Z,XDC,V,N,T0102,1976-Q4,3336,,,F,1,A,6,AUD
OECD.SDD.NAD:DSD_NAMAIN1@DF_QNA(1.1),Q,Y,AUS,S1,S1,P7,_Z,_Z,_Z,XDC,V,N,T0102,1960-Q3,670,,,F,1,A,6,AUD
OECD.SDD.NAD:DSD_NAMAIN1@DF_QNA(1.1),Q,Y,AUS,S1,S1,P7,_Z,_Z,_Z,XDC,V,N,T0102,1992-Q3,19211,,,F,1,A,6,AUD
OECD.SDD.NAD:DSD_NAMAIN1@DF_QNA(1.1),Q,Y,AUS,S1,S1,P7,_Z,_Z,_Z,XDC,V,N,T0102,2005-Q1,48022,,,F,1,A,6,AUD
OECD.SDD.NAD:DSD_NAMAIN1@DF_QNA(1.1),Q,Y,AUS,S1,S1,P7,_Z,_Z,_Z,XDC,V,N,T0102,2004-Q4,48387,,,F,1,A,6,AUD
OECD.SDD.NAD:DSD_NAMAIN1@DF_QNA(1.1),Q,Y,AUS,S1,S1,P7,_Z,_Z,_Z,XDC,V,N,T0102,2004-Q3,47146,,,F,1,A,6,AUD
OECD.SDD.NAD:DSD_NAMAIN1@DF_QNA(1.1),Q,Y,AUS,S1,S1,P7,_Z,_Z,_Z,XDC,V,N,T0102,2004-Q2,45541,,,F,1,A,6,AUD
OECD.SDD.NAD:DSD_NAMAIN1@DF_QNA(1.1),Q,Y,AUS,S1,S1,P7,_Z,_Z,_Z,XDC,V,N,T0102,2001-Q2,39053,,,F,1,A,6,AUD
OECD.SDD.NAD:DSD_NAMAIN1@DF_QNA(1.1),Q,Y,AUS,S1,S1,P7,_Z,_Z,_Z,XDC,V,N,T0102,2000-Q1,36274,,,F,1,A,6,AUD
OECD.SDD.NAD:DSD_NAMAIN1@DF_QNA(1.1),Q,Y,AUS,S1,S1,P7,_Z,_Z,_Z,XDC,V,N,T0102,2001-Q1,38548,,,F,1,A,6,AUD
OECD.SDD.NAD:DSD_NAMAIN1@DF_QNA(1.1),Q,Y,AUS,S1,S1,P7,_Z,_Z,_Z,XDC,V,N,T0102,1999-Q4,34719,,,F,1,A,6,AUD
OECD.SDD.NAD:DSD_NAMAIN1@DF_QNA(1.1),Q,Y,AUS,S1,S1,P7,_Z,_Z,_Z,XDC,V,N,T0102,1999-Q2,31963,,,F,1,A,6,AUD
OECD.SDD.NAD:DSD_NAMAIN1@DF_QNA(1.1),Q,Y,AUS,S1,S1,P7,_Z,_Z,_Z,XDC,V,N,T0102,1999-Q1,32063,,,F,1,A,6,AUD
OECD.SDD.NAD:DSD_NAMAIN1@DF_QNA(1.1),Q,Y,AUS,S1,S1,P7,_Z,_Z,_Z,XDC,V,N,T0102,1998-Q4,32122,,,F,1,A,6,AUD
OECD.SDD.NAD:DSD_NAMAIN1@DF_QNA(1.1),Q,Y,AUS,S1,S1,P7,_Z,_Z,_Z,XDC,V,N,T0102,1998-Q3,32779,,,F,1,A,6,AUD
OECD.SDD.NAD:DSD_NAMAIN1@DF_QNA(1.1),Q,Y,AUS,S1,S1,P7,_Z,_Z,_Z,XDC,V,N,T0102,1994-Q2,22087,,,F,1,A,6,AUD
OECD.SDD.NAD:DSD_NAMAIN1@DF_QNA(1.1),Q,Y,AUS,S1,S1,P7,_Z,_Z,_Z,XDC,V,N,T0102,1994-Q1,21264,,,F,1,A,6,AUD
OECD.SDD.NAD:DSD_NAMAIN1@DF_QNA(1.1),Q,Y,AUS,S1,S1,P7,_Z,_Z,_Z,XDC,V,N,T0102,1993-Q2,20314,,,F,1,A,6,AUD
OECD.SDD.NAD:DSD_NAMAIN1@DF_QNA(1.1),Q,Y,AUS,S1,S1,P7,_Z,_Z,_Z,XDC,V,N,T0102,1993-Q1,19765,,,F,1,A,6,AUD
OECD.SDD.NAD:DSD_NAMAIN1@DF_QNA(1.1),Q,Y,AUS,S1,S1,P7,_Z,_Z,_Z,XDC,V,N,T0102,1992-Q4,20123,,,F,1,A,6,AUD
OECD.SDD.NAD:DSD_NAMAIN1@DF_QNA(1.1),Q,Y,AUS,S1,S1,P7,_Z,_Z,_Z,XDC,V,N,T0102,1993-Q4,21535,,,F,1,A,6,AUD
OECD.SDD.NAD:DSD_NAMAIN1@DF_QNA(1.1),Q,Y,AUS,S1,S1,P7,_Z,_Z,_Z,XDC,V,N,T0102,1993-Q3,21417,,,F,1,A,6,AUD
OECD.SDD.NAD:DSD_NAMAIN1@DF_QNA(1.1),Q,Y,AUS,S1,S1,P7,_Z,_Z,_Z,XDC,V,N,T0102,2012-Q3,81379,,,F,1,A,6,AUD
OECD.SDD.NAD:DSD_NAMAIN1@DF_QNA(1.1),Q,Y,AUS,S1,S1,P7,_Z,_Z,_Z,XDC,V,N,T0102,2012-Q2,83352,,,F,1,A,6,AUD
OECD.SDD.NAD:DSD_NAMAIN1@DF_QNA(1.1),Q,Y,AUS,S1,S1,P7,_Z,_Z,_Z,XDC,V,N,T0102,2011-Q3,79084,,,F,1,A,6,AUD
OECD.SDD.NAD:DSD_NAMAIN1@DF_QNA(1.1),Q,Y,AUS,S1,S1,P7,_Z,_Z,_Z,XDC,V,N,T0102,2007-Q4,64662,,,F,1,A,6,AUD
OECD.SDD.NAD:DSD_NAMAIN1@DF_QNA(1.1),Q,Y,AUS,S1,S1,P7,_Z,_Z,_Z,XDC,V,N,T0102,2006-Q2,58429,,,F,1,A,6,AUD
OECD.SDD.NAD:DSD_NAMAIN1@DF_QNA(1.1),Q,Y,AUS,S1,S1,P7,_Z,_Z,_Z,XDC,V,N,T0102,2024-Q4,155307,,,F,1,A,6,AUD
OECD.SDD.NAD:DSD_NAMAIN1@DF_QNA(1.1),Q,Y,AUS,S1,S1,P7,_Z,_Z,_Z,XDC,V,N,T0102,2003-Q4,41841,,,F,1,A,6,AUD
OECD.SDD.NAD:DSD_NAMAIN1@DF_QNA(1.1),Q,Y,AUS,S1,S1,B1GQ,_Z,_Z,_Z,XDC,V,N,T0102,2013-Q3,395816,,,F,1,A,6,AUD
OECD.SDD.NAD:DSD_NAMAIN1@DF_QNA(1.1),Q,Y,AUS,S1,S1,B1GQ,_Z,_Z,_Z,XDC,V,N,T0102,1964-Q1,5327,,,F,1,A,6,AUD
OECD.SDD.NAD:DSD_NAMAIN1@DF_QNA(1.1),Q,Y,AUS,S1,S1,B1GQ,_Z,_Z,_Z,XDC,V,N,T0102,1968-Q2,7543,,,F,1,A,6,AUD
OECD.SDD.NAD:DSD_NAMAIN1@DF_QNA(1.1),Q,Y,AUS,S1,S1,B1GQ,_Z,_Z,_Z,XDC,V,N,T0102,1968-Q3,7767,,,F,1,A,6,AUD
OECD.SDD.NAD:DSD_NAMAIN1@DF_QNA(1.1),Q,Y,AUS,S1,S1,B1GQ,_Z,_Z,_Z,XDC,V,N,T0102,1968-Q4,8181,,,F,1,A,6,AUD
OECD.SDD.NAD:DSD_NAMAIN1@DF_QNA(1.1),Q,Y,AUS,S1,S1,B1GQ,_Z,_Z,_Z,XDC,V,N,T0102,1964-Q2,5509,,,F,1,A,6,AUD
OECD.SDD.NAD:DSD_NAMAIN1@DF_QNA(1.1),Q,Y,AUS,S1,S1,B1GQ,_Z,_Z,_Z,XDC,V,N,T0102,1964-Q3,5593,,,F,1,A,6,AUD
OECD.SDD.NAD:DSD_NAMAIN1@DF_QNA(1.1),Q,Y,AUS,S1,S1,B1GQ,_Z,_Z,_Z,XDC,V,N,T0102,1964-Q4,5773,,,F,1,A,6,AUD
OECD.SDD.NAD:DSD_NAMAIN1@DF_QNA(1.1),Q,Y,AUS,S1,S1,B1GQ,_Z,_Z,_Z,XDC,V,N,T0102,1965-Q1,5860,,,F,1,A,6,AUD
OECD.SDD.NAD:DSD_NAMAIN1@DF_QNA(1.1),Q,Y,AUS,S1,S1,B1GQ,_Z,_Z,_Z,XDC,V,N,T0102,1965-Q2,5974,,,F,1,A,6,AUD
OECD.SDD.NAD:DSD_NAMAIN1@DF_QNA(1.1),Q,Y,AUS,S1,S1,B1GQ,_Z,_Z,_Z,XDC,V,N,T0102,1965-Q3,5994,,,F,1,A,6,AUD
OECD.SDD.NAD:DSD_NAMAIN1@DF_QNA(1.1),Q,Y,AUS,S1,S1,B1GQ,_Z,_Z,_Z,XDC,V,N,T0102,1965-Q4,6066,,,F,1,A,6,AUD
OECD.SDD.NAD:DSD_NAMAIN1@DF_QNA(1.1),Q,Y,AUS,S1,S1,B1GQ,_Z,_Z,_Z,XDC,V,N,T0102,1966-Q2,6260,,,F,1,A,6,AUD
OECD.SDD.NAD:DSD_NAMAIN1@DF_QNA(1.1),Q,Y,AUS,S1,S1,B1GQ,_Z,_Z,_Z,XDC,V,N,T0102,1966-Q3,6546,,,F,1,A,6,AUD
OECD.SDD.NAD:DSD_NAMAIN1@DF_QNA(1.1),Q,Y,AUS,S1,S1,B1GQ,_Z,_Z,_Z,XDC,V,N,T0102,1966-Q4,6711,,,F,1,A,6,AUD
OECD.SDD.NAD:DSD_NAMAIN1@DF_QNA(1.1),Q,Y,AUS,S1,S1,B1GQ,_Z,_Z,_Z,XDC,V,N,T0102,1967-Q1,6948,,,F,1,A,6,AUD
OECD.SDD.NAD:DSD_NAMAIN1@DF_QNA(1.1),Q,Y,AUS,S1,S1,B1GQ,_Z,_Z,_Z,XDC,V,N,T0102,1967-Q2,6998,,,F,1,A,6,AUD
OECD.SDD.NAD:DSD_NAMAIN1@DF_QNA(1.1),Q,Y,AUS,S1,S1,B1GQ,_Z,_Z,_Z,XDC,V,N,T0102,1967-Q3,7105,,,F,1,A,6,AUD
OECD.SDD.NAD:DSD_NAMAIN1@DF_QNA(1.1),Q,Y,AUS,S1,S1,B1GQ,_Z,_Z,_Z,XDC,V,N,T0102,1967-Q4,7246,,,F,1,A,6,AUD
OECD.SDD.NAD:DSD_NAMAIN1@DF_QNA(1.1),Q,Y,AUS,S1,S1,B1GQ,_Z,_Z,_Z,XDC,V,N,T0102,1987-Q1,72426,,,F,1,A,6,AUD
OECD.SDD.NAD:DSD_NAMAIN1@DF_QNA(1.1),Q,Y,AUS,S1,S1,B1GQ,_Z,_Z,_Z,XDC,V,N,T0102,1987-Q3,77563,,,F,1,A,6,AUD
OECD.SDD.NAD:DSD_NAMAIN1@DF_QNA(1.1),Q,Y,AUS,S1,S1,B1GQ,_Z,_Z,_Z,XDC,V,N,T0102,1992-Q1,106904,,,F,1,A,6,AUD
OECD.SDD.NAD:DSD_NAMAIN1@DF_QNA(1.1),Q,Y,AUS,S1,S1,B1GQ,_Z,_Z,_Z,XDC,V,N,T0102,1959-Q3,3978,,,F,1,A,6,AUD
OECD.SDD.NAD:DSD_NAMAIN1@DF_QNA(1.1),Q,Y,AUS,S1,S1,B1GQ,_Z,_Z,_Z,XDC,V,N,T0102,1959-Q4,4094,,,F,1,A,6,AUD
OECD.SDD.NAD:DSD_NAMAIN1@DF_QNA(1.1),Q,Y,AUS,S1,S1,B1GQ,_Z,_Z,_Z,XDC,V,N,T0102,1960-Q1,4173,,,F,1,A,6,AUD
OECD.SDD.NAD:DSD_NAMAIN1@DF_QNA(1.1),Q,Y,AUS,S1,S1,B1GQ,_Z,_Z,_Z,XDC,V,N,T0102,1960-Q2,4385,,,F,1,A,6,AUD
OECD.SDD.NAD:DSD_NAMAIN1@DF_QNA(1.1),Q,Y,AUS,S1,S1,B1GQ,_Z,_Z,_Z,XDC,V,N,T0102,1960-Q3,4407,,,F,1,A,6,AUD
OECD.SDD.NAD:DSD_NAMAIN1@DF_QNA(1.1),Q,Y,AUS,S1,S1,B1GQ,_Z,_Z,_Z,XDC,V,N,T0102,1960-Q4,4435,,,F,1,A,6,AUD
OECD.SDD.NAD:DSD_NAMAIN1@DF_QNA(1.1),Q,Y,AUS,S1,S1,B1GQ,_Z,_Z,_Z,XDC,V,N,T0102,1961-Q1,4427,,,F,1,A,6,AUD
OECD.SDD.NAD:DSD_NAMAIN1@DF_QNA(1.1),Q,Y,AUS,S1,S1,B1GQ,_Z,_Z,_Z,XDC,V,N,T0102,1961-Q2,4329,,,F,1,A,6,AUD
OECD.SDD.NAD:DSD_NAMAIN1@DF_QNA(1.1),Q,Y,AUS,S1,S1,B1GQ,_Z,_Z,_Z,XDC,V,N,T0102,1961-Q3,4337,,,F,1,A,6,AUD
OECD.SDD.NAD:DSD_NAMAIN1@DF_QNA(1.1),Q,Y,AUS,S1,S1,B1GQ,_Z,_Z,_Z,XDC,V,N,T0102,1961-Q4,4374,,,F,1,A,6,AUD
OECD.SDD.NAD:DSD_NAMAIN1@DF_QNA(1.1),Q,Y,AUS,S1,S1,B1GQ,_Z,_Z,_Z,XDC,V,N,T0102,1962-Q1,4505,,,F,1,A,6,AUD
OECD.SDD.NAD:DSD_NAMAIN1@DF_QNA(1.1),Q,Y,AUS,S1,S1,B1GQ,_Z,_Z,_Z,XDC,V,N,T0102,1962-Q2,4602,,,F,1,A,6,AUD
OECD.SDD.NAD:DSD_NAMAIN1@DF_QNA(1.1),Q,Y,AUS,S1,S1,B1GQ,_Z,_Z,_Z,XDC,V,N,T0102,1962-Q3,4659,,,F,1,A,6,AUD
OECD.SDD.NAD:DSD_NAMAIN1@DF_QNA(1.1),Q,Y,AUS,S1,S1,B1GQ,_Z,_Z,_Z,XDC,V,N,T0102,1962-Q4,4789,,,F,1,A,6,AUD
OECD.SDD.NAD:DSD_NAMAIN1@DF_QNA(1.1),Q,Y,AUS,S1,S1,B1GQ,_Z,_Z,_Z,XDC,V,N,T0102,1963-Q1,4933,,,F,1,A,6,AUD
OECD.SDD.NAD:DSD_NAMAIN1@DF_QNA(1.1),Q,Y,AUS,S1,S1,B1GQ,_Z,_Z,_Z,XDC,V,N,T0102,1963-Q2,4897,,,F,1,A,6,AUD
OECD.SDD.NAD:DSD_NAMAIN1@DF_QNA(1.1),Q,Y,AUS,S1,S1,B1GQ,_Z,_Z,_Z,XDC,V,N,T0102,1963-Q3,5158,,,F,1,A,6,AUD
OECD.SDD.NAD:DSD_NAMAIN1@DF_QNA(1.1),Q,Y,AUS,S1,S1,B1GQ,_Z,_Z,_Z,XDC,V,N,T0102,1963-Q4,5265,,,F,1,A,6,AUD
OECD.SDD.NAD:DSD_NAMAIN1@DF_QNA(1.1),Q,Y,AUS,S1,S1,B1GQ,_Z,_Z,_Z,XDC,V,N,T0102,1969-Q2,8558,,,F,1,A,6,AUD
OECD.SDD.NAD:DSD_NAMAIN1@DF_QNA(1.1),Q,Y,AUS,S1,S1,B1GQ,_Z,_Z,_Z,XDC,V,N,T0102,1969-Q4,9087,,,F,1,A,6,AUD
OECD.SDD.NAD:DSD_NAMAIN1@DF_QNA(1.1),Q,Y,AUS,S1,S1,B1GQ,_Z,_Z,_Z,XDC,V,N,T0102,1970-Q2,9670,,,F,1,A,6,AUD
OECD.SDD.NAD:DSD_NAMAIN1@DF_QNA(1.1),Q,Y,AUS,S1,S1,B1GQ,_Z,_Z,_Z,XDC,V,N,T0102,1970-Q3,9732,,,F,1,A,6,AUD
OECD.SDD.NAD:DSD_NAMAIN1@DF_QNA(1.1),Q,Y,AUS,S1,S1,B1GQ,_Z,_Z,_Z,XDC,V,N,T0102,1971-Q1,10276,,,F,1,A,6,AUD
OECD.SDD.NAD:DSD_NAMAIN1@DF_QNA(1.1),Q,Y,AUS,S1,S1,B1GQ,_Z,_Z,_Z,XDC,V,N,T0102,2020-Q4,512904,,,F,1,A,6,AUD
OECD.SDD.NAD:DSD_NAMAIN1@DF_QNA(1.1),Q,Y,AUS,S1,S1,B1GQ,_Z,_Z,_Z,XDC,V,N,T0102,2020-Q2,470136,,,F,1,A,6,AUD
OECD.SDD.NAD:DSD_NAMAIN1@DF_QNA(1.1),Q,Y,AUS,S1,S1,B1GQ,_Z,_Z,_Z,XDC,V,N,T0102,2020-Q3,490274,,,F,1,A,6,AUD
OECD.SDD.NAD:DSD_NAMAIN1@DF_QNA(1.1),Q,Y,AUS,S1,S1,B1GQ,_Z,_Z,_Z,XDC,V,N,T0102,1980-Q1,34271,,,F,1,A,6,AUD
OECD.SDD.NAD:DSD_NAMAIN1@DF_QNA(1.1),Q,Y,AUS,S1,S1,B1GQ,_Z,_Z,_Z,XDC,V,N,T0102,1980-Q4,37857,,,F,1,A,6,AUD
OECD.SDD.NAD:DSD_NAMAIN1@DF_QNA(1.1),Q,Y,AUS,S1,S1,B1GQ,_Z,_Z,_Z,XDC,V,N,T0102,1981-Q1,38613,,,F,1,A,6,AUD
OECD.SDD.NAD:DSD_NAMAIN1@DF_QNA(1.1),Q,Y,AUS,S1,S1,B1GQ,_Z,_Z,_Z,XDC,V,N,T0102,1981-Q4,43418,,,F,1,A,6,AUD
OECD.SDD.NAD:DSD_NAMAIN1@DF_QNA(1.1),Q,Y,AUS,S1,S1,B1GQ,_Z,_Z,_Z,XDC,V,N,T0102,1982-Q1,44350,,,F,1,A,6,AUD
OECD.SDD.NAD:DSD_NAMAIN1@DF_QNA(1.1),Q,Y,AUS,S1,S1,B1GQ,_Z,_Z,_Z,XDC,V,N,T0102,1982-Q2,46041,,,F,1,A,6,AUD
OECD.SDD.NAD:DSD_NAMAIN1@DF_QNA(1.1),Q,Y,AUS,S1,S1,B1GQ,_Z,_Z,_Z,XDC,V,N,T0102,1982-Q3,46625,,,F,1,A,6,AUD
OECD.SDD.NAD:DSD_NAMAIN1@DF_QNA(1.1),Q,Y,AUS,S1,S1,B1GQ,_Z,_Z,_Z,XDC,V,N,T0102,1982-Q4,47349,,,F,1,A,6,AUD
OECD.SDD.NAD:DSD_NAMAIN1@DF_QNA(1.1),Q,Y,AUS,S1,S1,B1GQ,_Z,_Z,_Z,XDC,V,N,T0102,1983-Q1,47764,,,F,1,A,6,AUD
OECD.SDD.NAD:DSD_NAMAIN1@DF_QNA(1.1),Q,Y,AUS,S1,S1,B1GQ,_Z,_Z,_Z,XDC,V,N,T0102,1983-Q2,48275,,,F,1,A,6,AUD
OECD.SDD.NAD:DSD_NAMAIN1@DF_QNA(1.1),Q,Y,AUS,S1,S1,B1GQ,_Z,_Z,_Z,XDC,V,N,T0102,1983-Q3,51060,,,F,1,A,6,AUD
OECD.SDD.NAD:DSD_NAMAIN1@DF_QNA(1.1),Q,Y,AUS,S1,S1,B1GQ,_Z,_Z,_Z,XDC,V,N,T0102,1983-Q4,52468,,,F,1,A,6,AUD
OECD.SDD.NAD:DSD_NAMAIN1@DF_QNA(1.1),Q,Y,AUS,S1,S1,B1GQ,_Z,_Z,_Z,XDC,V,N,T0102,1984-Q1,54635,,,F,1,A,6,AUD
OECD.SDD.NAD:DSD_NAMAIN1@DF_QNA(1.1),Q,Y,AUS,S1,S1,B1GQ,_Z,_Z,_Z,XDC,V,N,T0102,1984-Q2,55881,,,F,1,A,6,AUD
OECD.SDD.NAD:DSD_NAMAIN1@DF_QNA(1.1),Q,Y,AUS,S1,S1,B1GQ,_Z,_Z,_Z,XDC,V,N,T0102,1984-Q3,56554,,,F,1,A,6,AUD
OECD.SDD.NAD:DSD_NAMAIN1@DF_QNA(1.1),Q,Y,AUS,S1,S1,B1GQ,_Z,_Z,_Z,XDC,V,N,T0102,1984-Q4,57489,,,F,1,A,6,AUD
OECD.SDD.NAD:DSD_NAMAIN1@DF_QNA(1.1),Q,Y,AUS,S1,S1,B1GQ,_Z,_Z,_Z,XDC,V,N,T0102,1985-Q1,59696,,,F,1,A,6,AUD
OECD.SDD.NAD:DSD_NAMAIN1@DF_QNA(1.1),Q,Y,AUS,S1,S1,B1GQ,_Z,_Z,_Z,XDC,V,N,T0102,1985-Q2,62027,,,F,1,A,6,AUD
OECD.SDD.NAD:DSD_NAMAIN1@DF_QNA(1.1),Q,Y,AUS,S1,S1,B1GQ,_Z,_Z,_Z,XDC,V,N,T0102,1985-Q3,63470,,,F,1,A,6,AUD
OECD.SDD.NAD:DSD_NAMAIN1@DF_QNA(1.1),Q,Y,AUS,S1,S1,B1GQ,_Z,_Z,_Z,XDC,V,N,T0102,1985-Q4,64702,,,F,1,A,6,AUD
OECD.SDD.NAD:DSD_NAMAIN1@DF_QNA(1.1),Q,Y,AUS,S1,S1,B1GQ,_Z,_Z,_Z,XDC,V,N,T0102,1986-Q1,65930,,,F,1,A,6,AUD
OECD.SDD.NAD:DSD_NAMAIN1@DF_QNA(1.1),Q,Y,AUS,S1,S1,B1GQ,_Z,_Z,_Z,XDC,V,N,T0102,1986-Q2,67109,,,F,1,A,6,AUD
OECD.SDD.NAD:DSD_NAMAIN1@DF_QNA(1.1),Q,Y,AUS,S1,S1,B1GQ,_Z,_Z,_Z,XDC,V,N,T0102,1986-Q3,68344,,,F,1,A,6,AUD
OECD.SDD.NAD:DSD_NAMAIN1@DF_QNA(1.1),Q,Y,AUS,S1,S1,B1GQ,_Z,_Z,_Z,XDC,V,N,T0102,1986-Q4,70627,,,F,1,A,6,AUD
OECD.SDD.NAD:DSD_NAMAIN1@DF_QNA(1.1),Q,Y,AUS,S1,S1,B1GQ,_Z,_Z,_Z,XDC,V,N,T0102,1987-Q2,75158,,,F,1,A,6,AUD
OECD.SDD.NAD:DSD_NAMAIN1@DF_QNA(1.1),Q,Y,AUS,S1,S1,B1GQ,_Z,_Z,_Z,XDC,V,N,T0102,1987-Q4,79885,,,F,1,A,6,AUD
OECD.SDD.NAD:DSD_NAMAIN1@DF_QNA(1.1),Q,Y,AUS,S1,S1,B1GQ,_Z,_Z,_Z,XDC,V,N,T0102,1988-Q1,82781,,,F,1,A,6,AUD
OECD.SDD.NAD:DSD_NAMAIN1@DF_QNA(1.1),Q,Y,AUS,S1,S1,B1GQ,_Z,_Z,_Z,XDC,V,N,T0102,1988-Q2,84832,,,F,1,A,6,AUD
OECD.SDD.NAD:DSD_NAMAIN1@DF_QNA(1.1),Q,Y,AUS,S1,S1,B1GQ,_Z,_Z,_Z,XDC,V,N,T0102,1988-Q3,87858,,,F,1,A,6,AUD
OECD.SDD.NAD:DSD_NAMAIN1@DF_QNA(1.1),Q,Y,AUS,S1,S1,B1GQ,_Z,_Z,_Z,XDC,V,N,T0102,1988-Q4,90704,,,F,1,A,6,AUD
OECD.SDD.NAD:DSD_NAMAIN1@DF_QNA(1.1),Q,Y,AUS,S1,S1,B1GQ,_Z,_Z,_Z,XDC,V,N,T0102,1989-Q1,93346,,,F,1,A,6,AUD
OECD.SDD.NAD:DSD_NAMAIN1@DF_QNA(1.1),Q,Y,AUS,S1,S1,P7,_Z,_Z,_Z,XDC,V,N,T0102,2025-Q3,164997,,,F,1,A,6,AUD
OECD.SDD.NAD:DSD_NAMAIN1@DF_QNA(1.1),Q,Y,AUS,S1,S1,P7,_Z,_Z,_Z,XDC,V,N,T0102,2005-Q4,52905,,,F,1,A,6,AUD
OECD.SDD.NAD:DSD_NAMAIN1@DF_QNA(1.1),Q,Y,AUS,S1,S1,P7,_Z,_Z,_Z,XDC,V,N,T0102,2009-Q1,69498,,,F,1,A,6,AUD
OECD.SDD.NAD:DSD_NAMAIN1@DF_QNA(1.1),Q,Y,AUS,S1,S1,P7,_Z,_Z,_Z,XDC,V,N,T0102,2008-Q4,77982,,,F,1,A,6,AUD
OECD.SDD.NAD:DSD_NAMAIN1@DF_QNA(1.1),Q,Y,AUS,S1,S1,P7,_Z,_Z,_Z,XDC,V,N,T0102,1973-Q1,1431,,,F,1,A,6,AUD
OECD.SDD.NAD:DSD_NAMAIN1@DF_QNA(1.1),Q,Y,AUS,S1,S1,B1GQ,_Z,_Z,_Z,XDC,V,N,T0102,1975-Q4,20366,,,F,1,A,6,AUD
OECD.SDD.NAD:DSD_NAMAIN1@DF_QNA(1.1),Q,Y,AUS,S1,S1,B1GQ,_Z,_Z,_Z,XDC,V,N,T0102,1976-Q1,21334,,,F,1,A,6,AUD
OECD.SDD.NAD:DSD_NAMAIN1@DF_QNA(1.1),Q,Y,AUS,S1,S1,B1GQ,_Z,_Z,_Z,XDC,V,N,T0102,1976-Q3,23047,,,F,1,A,6,AUD
OECD.SDD.NAD:DSD_NAMAIN1@DF_QNA(1.1),Q,Y,AUS,S1,S1,B1GQ,_Z,_Z,_Z,XDC,V,N,T0102,1976-Q4,23781,,,F,1,A,6,AUD
OECD.SDD.NAD:DSD_NAMAIN1@DF_QNA(1.1),Q,Y,AUS,S1,S1,B1GQ,_Z,_Z,_Z,XDC,V,N,T0102,1977-Q1,24315,,,F,1,A,6,AUD
OECD.SDD.NAD:DSD_NAMAIN1@DF_QNA(1.1),Q,Y,AUS,S1,S1,B1GQ,_Z,_Z,_Z,XDC,V,N,T0102,1977-Q3,25477,,,F,1,A,6,AUD
OECD.SDD.NAD:DSD_NAMAIN1@DF_QNA(1.1),Q,Y,AUS,S1,S1,B1GQ,_Z,_Z,_Z,XDC,V,N,T0102,1977-Q4,25765,,,F,1,A,6,AUD
OECD.SDD.NAD:DSD_NAMAIN1@DF_QNA(1.1),Q,Y,AUS,S1,S1,B1GQ,_Z,_Z,_Z,XDC,V,N,T0102,1978-Q1,26616,,,F,1,A,6,AUD
OECD.SDD.NAD:DSD_NAMAIN1@DF_QNA(1.1),Q,Y,AUS,S1,S1,B1GQ,_Z,_Z,_Z,XDC,V,N,T0102,1978-Q2,27410,,,F,1,A,6,AUD
OECD.SDD.NAD:DSD_NAMAIN1@DF_QNA(1.1),Q,Y,AUS,S1,S1,B1GQ,_Z,_Z,_Z,XDC,V,N,T0102,1978-Q3,28330,,,F,1,A,6,AUD
OECD.SDD.NAD:DSD_NAMAIN1@DF_QNA(1.1),Q,Y,AUS,S1,S1,B1GQ,_Z,_Z,_Z,XDC,V,N,T0102,1978-Q4,29074,,,F,1,A,6,AUD
OECD.SDD.NAD:DSD_NAMAIN1@DF_QNA(1.1),Q,Y,AUS,S1,S1,B1GQ,_Z,_Z,_Z,XDC,V,N,T0102,1979-Q1,30538,,,F,1,A,6,AUD
OECD.SDD.NAD:DSD_NAMAIN1@DF_QNA(1.1),Q,Y,AUS,S1,S1,B1GQ,_Z,_Z,_Z,XDC,V,N,T0102,1979-Q4,33356,,,F,1,A,6,AUD
OECD.SDD.NAD:DSD_NAMAIN1@DF_QNA(1.1),Q,Y,AUS,S1,S1,B1GQ,_Z,_Z,_Z,XDC,V,N,T0102,1996-Q3,136195,,,F,1,A,6,AUD
OECD.SDD.NAD:DSD_NAMAIN1@DF_QNA(1.1),Q,Y,AUS,S1,S1,B1GQ,_Z,_Z,_Z,XDC,V,N,T0102,1996-Q4,138118,,,F,1,A,6,AUD
OECD.SDD.NAD:DSD_NAMAIN1@DF_QNA(1.1),Q,Y,AUS,S1,S1,B1GQ,_Z,_Z,_Z,XDC,V,N,T0102,1997-Q1,139428,,,F,1,A,6,AUD
OECD.SDD.NAD:DSD_NAMAIN1@DF_QNA(1.1),Q,Y,AUS,S1,S1,B1GQ,_Z,_Z,_Z,XDC,V,N,T0102,1997-Q2,142996,,,F,1,A,6,AUD
OECD.SDD.NAD:DSD_NAMAIN1@DF_QNA(1.1),Q,Y,AUS,S1,S1,B1GQ,_Z,_Z,_Z,XDC,V,N,T0102,2011-Q4,374540,,,F,1,A,6,AUD
OECD.SDD.NAD:DSD_NAMAIN1@DF_QNA(1.1),Q,Y,AUS,S1,S1,B1GQ,_Z,_Z,_Z,XDC,V,N,T0102,2012-Q2,380648,,,F,1,A,6,AUD
OECD.SDD.NAD:DSD_NAMAIN1@DF_QNA(1.1),Q,Y,AUS,S1,S1,B1GQ,_Z,_Z,_Z,XDC,V,N,T0102,2012-Q3,381897,,,F,1,A,6,AUD
OECD.SDD.NAD:DSD_NAMAIN1@DF_QNA(1.1),Q,Y,AUS,S1,S1,B1GQ,_Z,_Z,_Z,XDC,V,N,T0102,2012-Q4,383445,,,F,1,A,6,AUD
OECD.SDD.NAD:DSD_NAMAIN1@DF_QNA(1.1),Q,Y,AUS,S1,S1,B1GQ,_Z,_Z,_Z,XDC,V,N,T0102,2013-Q4,401760,,,F,1,A,6,AUD
OECD.SDD.NAD:DSD_NAMAIN1@DF_QNA(1.1),Q,Y,AUS,S1,S1,B1GQ,_Z,_Z,_Z,XDC,V,N,T0102,2006-Q2,255662,,,F,1,A,6,AUD
OECD.SDD.NAD:DSD_NAMAIN1@DF_QNA(1.1),Q,Y,AUS,S1,S1,B1GQ,_Z,_Z,_Z,XDC,V,N,T0102,2007-Q4,291134,,,F,1,A,6,AUD
OECD.SDD.NAD:DSD_NAMAIN1@DF_QNA(1.1),Q,Y,AUS,S1,S1,B1GQ,_Z,_Z,_Z,XDC,V,N,T0102,2011-Q3,373654,,,F,1,A,6,AUD
OECD.SDD.NAD:DSD_NAMAIN1@DF_QNA(1.1),Q,Y,AUS,S1,S1,B1GQ,_Z,_Z,_Z,XDC,V,N,T0102,2008-Q3,316454,,,F,1,A,6,AUD
OECD.SDD.NAD:DSD_NAMAIN1@DF_QNA(1.1),Q,Y,AUS,S1,S1,B1GQ,_Z,_Z,_Z,XDC,V,N,T0102,2009-Q2,313601,,,F,1,A,6,AUD
OECD.SDD.NAD:DSD_NAMAIN1@DF_QNA(1.1),Q,Y,AUS,S1,S1,B1GQ,_Z,_Z,_Z,XDC,V,N,T0102,2010-Q2,340846,,,F,1,A,6,AUD
OECD.SDD.NAD:DSD_NAMAIN1@DF_QNA(1.1),Q,Y,AUS,S1,S1,B1GQ,_Z,_Z,_Z,XDC,V,N,T0102,2004-Q2,222301,,,F,1,A,6,AUD
OECD.SDD.NAD:DSD_NAMAIN1@DF_QNA(1.1),Q,Y,AUS,S1,S1,B1GQ,_Z,_Z,_Z,XDC,V,N,T0102,2001-Q2,180944,,,F,1,A,6,AUD
OECD.SDD.NAD:DSD_NAMAIN1@DF_QNA(1.1),Q,Y,AUS,S1,S1,B1GQ,_Z,_Z,_Z,XDC,V,N,T0102,2004-Q3,225359,,,F,1,A,6,AUD
OECD.SDD.NAD:DSD_NAMAIN1@DF_QNA(1.1),Q,Y,AUS,S1,S1,B1GQ,_Z,_Z,_Z,XDC,V,N,T0102,2004-Q4,229282,,,F,1,A,6,AUD
OECD.SDD.NAD:DSD_NAMAIN1@DF_QNA(1.1),Q,Y,AUS,S1,S1,B1GQ,_Z,_Z,_Z,XDC,V,N,T0102,2005-Q1,233622,,,F,1,A,6,AUD
OECD.SDD.NAD:DSD_NAMAIN1@DF_QNA(1.1),Q,Y,AUS,S1,S1,B1GQ,_Z,_Z,_Z,XDC,V,N,T0102,2024-Q1,675490,,,F,1,A,6,AUD
OECD.SDD.NAD:DSD_NAMAIN1@DF_QNA(1.1),Q,Y,AUS,S1,S1,B1GQ,_Z,_Z,_Z,XDC,V,N,T0102,2024-Q2,678722,,,F,1,A,6,AUD
OECD.SDD.NAD:DSD_NAMAIN1@DF_QNA(1.1),Q,Y,AUS,S1,S1,B1GQ,_Z,_Z,_Z,XDC,V,N,T0102,2024-Q3,681462,,,F,1,A,6,AUD
OECD.SDD.NAD:DSD_NAMAIN1@DF_QNA(1.1),Q,Y,AUS,S1,S1,B1GQ,_Z,_Z,_Z,XDC,V,N,T0102,2024-Q4,689738,,,F,1,A,6,AUD
OECD.SDD.NAD:DSD_NAMAIN1@DF_QNA(1.1),Q,Y,AUS,S1,S1,B1GQ,_Z,_Z,_Z,XDC,V,N,T0102,2025-Q1,699150,,,F,1,A,6,AUD
OECD.SDD.NAD:DSD_NAMAIN1@DF_QNA(1.1),Q,Y,AUS,S1,S1,B1GQ,_Z,_Z,_Z,XDC,V,N,T0102,2026-Q2,742502,,,F,1,A,6,AUD
OECD.SDD.NAD:DSD_NAMAIN1@DF_QNA(1.1),Q,Y,AUS,S1,S1,B1GQ,_Z,_Z,_Z,XDC,V,N,T0102,2015-Q3,413563,,,F,1,A,6,AUD
OECD.SDD.NAD:DSD_NAMAIN1@DF_QNA(1.1),Q,Y,AUS,S1,S1,B1GQ,_Z,_Z,_Z,XDC,V,N,T0102,2015-Q4,413634,,,F,1,A,6,AUD
OECD.SDD.NAD:DSD_NAMAIN1@DF_QNA(1.1),Q,Y,AUS,S1,S1,B1GQ,_Z,_Z,_Z,XDC,V,N,T0102,2016-Q4,440557,,,F,1,A,6,AUD
OECD.SDD.NAD:DSD_NAMAIN1@DF_QNA(1.1),Q,Y,AUS,S1,S1,B1GQ,_Z,_Z,_Z,XDC,V,N,T0102,2025-Q3,718591,,,F,1,A,6,AUD
OECD.SDD.NAD:DSD_NAMAIN1@DF_QNA(1.1),Q,Y,AUS,S1,S1,B1GQ,_Z,_Z,_Z,XDC,V,N,T0102,2025-Q4,732456,,,F,1,A,6,AUD
OECD.SDD.NAD:DSD_NAMAIN1@DF_QNA(1.1),Q,Y,AUS,S1,S1,B1GQ,_Z,_Z,_Z,XDC,V,N,T0102,2026-Q1,736777,,,F,1,A,6,AUD
OECD.SDD.NAD:DSD_NAMAIN1@DF_QNA(1.1),Q,Y,AUS,S1,S1,B1GQ,_Z,_Z,_Z,XDC,V,N,T0102,2025-Q2,705456,,,F,1,A,6,AUD
OECD.SDD.NAD:DSD_NAMAIN1@DF_QNA(1.1),Q,Y,AUS,S1,S1,B1GQ,_Z,_Z,_Z,XDC,V,N,T0102,1991-Q2,103644,,,F,1,A,6,AUD
OECD.SDD.NAD:DSD_NAMAIN1@DF_QNA(1.1),Q,Y,AUS,S1,S1,B1GQ,_Z,_Z,_Z,XDC,V,N,T0102,1991-Q3,104412,,,F,1,A,6,AUD
OECD.SDD.NAD:DSD_NAMAIN1@DF_QNA(1.1),Q,Y,AUS,S1,S1,B1GQ,_Z,_Z,_Z,XDC,V,N,T0102,1991-Q4,105379,,,F,1,A,6,AUD
OECD.SDD.NAD:DSD_NAMAIN1@DF_QNA(1.1),Q,Y,AUS,S1,S1,B1GQ,_Z,_Z,_Z,XDC,V,N,T0102,1992-Q2,107308,,,F,1,A,6,AUD
OECD.SDD.NAD:DSD_NAMAIN1@DF_QNA(1.1),Q,Y,AUS,S1,S1,B1GQ,_Z,_Z,_Z,XDC,V,N,T0102,2014-Q3,404443,,,F,1,A,6,AUD
OECD.SDD.NAD:DSD_NAMAIN1@DF_QNA(1.1),Q,Y,AUS,S1,S1,B1GQ,_Z,_Z,_Z,XDC,V,N,T0102,2016-Q1,416026,,,F,1,A,6,AUD
OECD.SDD.NAD:DSD_NAMAIN1@DF_QNA(1.1),Q,Y,AUS,S1,S1,B1GQ,_Z,_Z,_Z,XDC,V,N,T0102,2002-Q3,197252,,,F,1,A,6,AUD
OECD.SDD.NAD:DSD_NAMAIN1@DF_QNA(1.1),Q,Y,AUS,S1,S1,B1GQ,_Z,_Z,_Z,XDC,V,N,T0102,2002-Q4,200513,,,F,1,A,6,AUD
OECD.SDD.NAD:DSD_NAMAIN1@DF_QNA(1.1),Q,Y,AUS,S1,S1,B1GQ,_Z,_Z,_Z,XDC,V,N,T0102,2000-Q2,170877,,,F,1,A,6,AUD
OECD.SDD.NAD:DSD_NAMAIN1@DF_QNA(1.1),Q,Y,AUS,S1,S1,B1GQ,_Z,_Z,_Z,XDC,V,N,T0102,2001-Q3,184644,,,F,1,A,6,AUD
OECD.SDD.NAD:DSD_NAMAIN1@DF_QNA(1.1),Q,Y,AUS,S1,S1,B1GQ,_Z,_Z,_Z,XDC,V,N,T0102,2005-Q4,249514,,,F,1,A,6,AUD
OECD.SDD.NAD:DSD_NAMAIN1@DF_QNA(1.1),Q,Y,AUS,S1,S1,B1GQ,_Z,_Z,_Z,XDC,V,N,T0102,2006-Q1,252541,,,F,1,A,6,AUD
OECD.SDD.NAD:DSD_NAMAIN1@DF_QNA(1.1),Q,Y,AUS,S1,S1,B1GQ,_Z,_Z,_Z,XDC,V,N,T0102,2007-Q2,281047,,,F,1,A,6,AUD
OECD.SDD.NAD:DSD_NAMAIN1@DF_QNA(1.1),Q,Y,AUS,S1,S1,B1GQ,_Z,_Z,_Z,XDC,V,N,T0102,2007-Q3,285756,,,F,1,A,6,AUD
OECD.SDD.NAD:DSD_NAMAIN1@DF_QNA(1.1),Q,Y,AUS,S1,S1,B1GQ,_Z,_Z,_Z,XDC,V,N,T0102,2008-Q4,316999,,,F,1,A,6,AUD
OECD.SDD.NAD:DSD_NAMAIN1@DF_QNA(1.1),Q,Y,AUS,S1,S1,B1GQ,_Z,_Z,_Z,XDC,V,N,T0102,2009-Q1,318486,,,F,1,A,6,AUD
OECD.SDD.NAD:DSD_NAMAIN1@DF_QNA(1.1),Q,Y,AUS,S1,S1,B1GQ,_Z,_Z,_Z,XDC,V,N,T0102,1999-Q3,160796,,,F,1,A,6,AUD
OECD.SDD.NAD:DSD_NAMAIN1@DF_QNA(1.1),Q,Y,AUS,S1,S1,B1GQ,_Z,_Z,_Z,XDC,V,N,T0102,2017-Q3,454310,,,F,1,A,6,AUD
OECD.SDD.NAD:DSD_NAMAIN1@DF_QNA(1.1),Q,Y,AUS,S1,S1,B1GQ,_Z,_Z,_Z,XDC,V,N,T0102,2018-Q3,479462,,,F,1,A,6,AUD
OECD.SDD.NAD:DSD_NAMAIN1@DF_QNA(1.1),Q,Y,AUS,S1,S1,B1GQ,_Z,_Z,_Z,XDC,V,N,T0102,1998-Q4,155604,,,F,1,A,6,AUD
OECD.SDD.NAD:DSD_NAMAIN1@DF_QNA(1.1),Q,Y,AUS,S1,S1,B1GQ,_Z,_Z,_Z,XDC,V,N,T0102,2001-Q1,179072,,,F,1,A,6,AUD
OECD.SDD.NAD:DSD_NAMAIN1@DF_QNA(1.1),Q,Y,AUS,S1,S1,B1GQ,_Z,_Z,_Z,XDC,V,N,T0102,1993-Q1,112418,,,F,1,A,6,AUD
OECD.SDD.NAD:DSD_NAMAIN1@DF_QNA(1.1),Q,Y,AUS,S1,S1,B1GQ,_Z,_Z,_Z,XDC,V,N,T0102,1993-Q4,115809,,,F,1,A,6,AUD
OECD.SDD.NAD:DSD_NAMAIN1@DF_QNA(1.1),Q,Y,AUS,S1,S1,B1GQ,_Z,_Z,_Z,XDC,V,N,T0102,2015-Q2,409034,,,F,1,A,6,AUD
OECD.SDD.NAD:DSD_NAMAIN1@DF_QNA(1.1),Q,Y,AUS,S1,S1,B1GQ,_Z,_Z,_Z,XDC,V,N,T0102,2017-Q1,448451,,,F,1,A,6,AUD
OECD.SDD.NAD:DSD_NAMAIN1@DF_QNA(1.1),Q,Y,AUS,S1,S1,B1GQ,_Z,_Z,_Z,XDC,V,N,T0102,2017-Q2,448548,,,F,1,A,6,AUD
OECD.SDD.NAD:DSD_NAMAIN1@DF_QNA(1.1),Q,Y,AUS,S1,S1,B1GQ,_Z,_Z,_Z,XDC,V,N,T0102,2018-Q2,472128,,,F,1,A,6,AUD
OECD.SDD.NAD:DSD_NAMAIN1@DF_QNA(1.1),Q,Y,AUS,S1,S1,B1GQ,_Z,_Z,_Z,XDC,V,N,T0102,1995-Q4,131805,,,F,1,A,6,AUD
OECD.SDD.NAD:DSD_NAMAIN1@DF_QNA(1.1),Q,Y,AUS,S1,S1,B1GQ,_Z,_Z,_Z,XDC,V,N,T0102,1996-Q1,133403,,,F,1,A,6,AUD
OECD.SDD.NAD:DSD_NAMAIN1@DF_QNA(1.1),Q,Y,AUS,S1,S1,B1GQ,_Z,_Z,_Z,XDC,V,N,T0102,1996-Q2,135520,,,F,1,A,6,AUD
OECD.SDD.NAD:DSD_NAMAIN1@DF_QNA(1.1),Q,Y,AUS,S1,S1,P7,_Z,_Z,_Z,XDC,V,N,T0102,2010-Q2,71933,,,F,1,A,6,AUD
OECD.SDD.NAD:DSD_NAMAIN1@DF_QNA(1.1),Q,Y,AUS,S1,S1,P7,_Z,_Z,_Z,XDC,V,N,T0102,2009-Q2,63268,,,F,1,A,6,AUD
OECD.SDD.NAD:DSD_NAMAIN1@DF_QNA(1.1),Q,Y,AUS,S1,S1,P7,_Z,_Z,_Z,XDC,V,N,T0102,2016-Q3,88789,,,F,1,A,6,AUD
OECD.SDD.NAD:DSD_NAMAIN1@DF_QNA(1.1),Q,Y,AUS,S1,S1,P7,_Z,_Z,_Z,XDC,V,N,T0102,2016-Q2,87702,,,F,1,A,6,AUD
OECD.SDD.NAD:DSD_NAMAIN1@DF_QNA(1.1),Q,Y,AUS,S1,S1,P7,_Z,_Z,_Z,XDC,V,N,T0102,2009-Q4,66060,,,F,1,A,6,AUD
OECD.SDD.NAD:DSD_NAMAIN1@DF_QNA(1.1),Q,Y,AUS,S1,S1,P7,_Z,_Z,_Z,XDC,V,N,T0102,2009-Q3,64355,,,F,1,A,6,AUD
OECD.SDD.NAD:DSD_NAMAIN1@DF_QNA(1.1),Q,Y,AUS,S1,S1,P7,_Z,_Z,_Z,XDC,V,N,T0102,2008-Q1,68947,,,F,1,A,6,AUD
OECD.SDD.NAD:DSD_NAMAIN1@DF_QNA(1.1),Q,Y,AUS,S1,S1,B1GQ,_Z,_Z,_Z,XDC,V,N,T0102,2013-Q2,391539,,,F,1,A,6,AUD
OECD.SDD.NAD:DSD_NAMAIN1@DF_QNA(1.1),Q,Y,AUS,S1,S1,B1GQ,_Z,_Z,_Z,XDC,V,N,T0102,2002-Q1,191283,,,F,1,A,6,AUD
OECD.SDD.NAD:DSD_NAMAIN1@DF_QNA(1.1),Q,Y,AUS,S1,S1,B1GQ,_Z,_Z,_Z,XDC,V,N,T0102,2003-Q1,202718,,,F,1,A,6,AUD
OECD.SDD.NAD:DSD_NAMAIN1@DF_QNA(1.1),Q,Y,AUS,S1,S1,B1GQ,_Z,_Z,_Z,XDC,V,N,T0102,2003-Q2,204723,,,F,1,A,6,AUD
OECD.SDD.NAD:DSD_NAMAIN1@DF_QNA(1.1),Q,Y,AUS,S1,S1,B1GQ,_Z,_Z,_Z,XDC,V,N,T0102,2005-Q2,238588,,,F,1,A,6,AUD
OECD.SDD.NAD:DSD_NAMAIN1@DF_QNA(1.1),Q,Y,AUS,S1,S1,B1GQ,_Z,_Z,_Z,XDC,V,N,T0102,2005-Q3,244070,,,F,1,A,6,AUD
OECD.SDD.NAD:DSD_NAMAIN1@DF_QNA(1.1),Q,Y,AUS,S1,S1,B1GQ,_Z,_Z,_Z,XDC,V,N,T0102,2007-Q1,277251,,,F,1,A,6,AUD
OECD.SDD.NAD:DSD_NAMAIN1@DF_QNA(1.1),Q,Y,AUS,S1,S1,B1GQ,_Z,_Z,_Z,XDC,V,N,T0102,2017-Q4,456789,,,F,1,A,6,AUD
OECD.SDD.NAD:DSD_NAMAIN1@DF_QNA(1.1),Q,Y,AUS,S1,S1,B1GQ,_Z,_Z,_Z,XDC,V,N,T0102,1994-Q4,122607,,,F,1,A,6,AUD
OECD.SDD.NAD:DSD_NAMAIN1@DF_QNA(1.1),Q,Y,AUS,S1,S1,B1GQ,_Z,_Z,_Z,XDC,V,N,T0102,1995-Q1,124759,,,F,1,A,6,AUD
OECD.SDD.NAD:DSD_NAMAIN1@DF_QNA(1.1),Q,Y,AUS,S1,S1,B1GQ,_Z,_Z,_Z,XDC,V,N,T0102,2016-Q2,421048,,,F,1,A,6,AUD
OECD.SDD.NAD:DSD_NAMAIN1@DF_QNA(1.1),Q,Y,AUS,S1,S1,B1GQ,_Z,_Z,_Z,XDC,V,N,T0102,2002-Q2,194628,,,F,1,A,6,AUD
OECD.SDD.NAD:DSD_NAMAIN1@DF_QNA(1.1),Q,Y,AUS,S1,S1,B1GQ,_Z,_Z,_Z,XDC,V,N,T0102,2003-Q4,214651,,,F,1,A,6,AUD
OECD.SDD.NAD:DSD_NAMAIN1@DF_QNA(1.1),Q,Y,AUS,S1,S1,B1GQ,_Z,_Z,_Z,XDC,V,N,T0102,2004-Q1,218830,,,F,1,A,6,AUD
OECD.SDD.NAD:DSD_NAMAIN1@DF_QNA(1.1),Q,Y,AUS,S1,S1,B1GQ,_Z,_Z,_Z,XDC,V,N,T0102,2011-Q1,358057,,,F,1,A,6,AUD
OECD.SDD.NAD:DSD_NAMAIN1@DF_QNA(1.1),Q,Y,AUS,S1,S1,B1GQ,_Z,_Z,_Z,XDC,V,N,T0102,2012-Q1,375450,,,F,1,A,6,AUD
OECD.SDD.NAD:DSD_NAMAIN1@DF_QNA(1.1),Q,Y,AUS,S1,S1,B1GQ,_Z,_Z,_Z,XDC,V,N,T0102,2014-Q4,406872,,,F,1,A,6,AUD
OECD.SDD.NAD:DSD_NAMAIN1@DF_QNA(1.1),Q,Y,AUS,S1,S1,B1GQ,_Z,_Z,_Z,XDC,V,N,T0102,2016-Q3,426451,,,F,1,A,6,AUD
OECD.SDD.NAD:DSD_NAMAIN1@DF_QNA(1.1),Q,Y,AUS,S1,S1,B1GQ,_Z,_Z,_Z,XDC,V,N,T0102,1995-Q2,126463,,,F,1,A,6,AUD
OECD.SDD.NAD:DSD_NAMAIN1@DF_QNA(1.1),Q,Y,AUS,S1,S1,B1GQ,_Z,_Z,_Z,XDC,V,N,T0102,1995-Q3,129151,,,F,1,A,6,AUD
OECD.SDD.NAD:DSD_NAMAIN1@DF_QNA(1.1),Q,Y,AUS,S1,S1,B1GQ,_Z,_Z,_Z,XDC,V,N,T0102,1972-Q1,11135,,,F,1,A,6,AUD
OECD.SDD.NAD:DSD_NAMAIN1@DF_QNA(1.1),Q,Y,AUS,S1,S1,B1GQ,_Z,_Z,_Z,XDC,V,N,T0102,1972-Q4,12108,,,F,1,A,6,AUD
OECD.SDD.NAD:DSD_NAMAIN1@DF_QNA(1.1),Q,Y,AUS,S1,S1,B1GQ,_Z,_Z,_Z,XDC,V,N,T0102,1973-Q3,14057,,,F,1,A,6,AUD
OECD.SDD.NAD:DSD_NAMAIN1@DF_QNA(1.1),Q,Y,AUS,S1,S1,B1GQ,_Z,_Z,_Z,XDC,V,N,T0102,1973-Q4,14990,,,F,1,A,6,AUD
OECD.SDD.NAD:DSD_NAMAIN1@DF_QNA(1.1),Q,Y,AUS,S1,S1,B1GQ,_Z,_Z,_Z,XDC,V,N,T0102,1974-Q3,16776,,,F,1,A,6,AUD
OECD.SDD.NAD:DSD_NAMAIN1@DF_QNA(1.1),Q,Y,AUS,S1,S1,B1GQ,_Z,_Z,_Z,XDC,V,N,T0102,1975-Q2,18857,,,F,1,A,6,AUD
OECD.SDD.NAD:DSD_NAMAIN1@DF_QNA(1.1),Q,Y,AUS,S1,S1,B1GQ,_Z,_Z,_Z,XDC,V,N,T0102,1975-Q3,19430,,,F,1,A,6,AUD
OECD.SDD.NAD:DSD_NAMAIN1@DF_QNA(1.1),Q,Y,AUS,S1,S1,B1GQ,_Z,_Z,_Z,XDC,V,N,T0102,1976-Q2,22271,,,F,1,A,6,AUD
OECD.SDD.NAD:DSD_NAMAIN1@DF_QNA(1.1),Q,Y,AUS,S1,S1,B1GQ,_Z,_Z,_Z,XDC,V,N,T0102,1977-Q2,25138,,,F,1,A,6,AUD
OECD.SDD.NAD:DSD_NAMAIN1@DF_QNA(1.1),Q,Y,AUS,S1,S1,B1GQ,_Z,_Z,_Z,XDC,V,N,T0102,1979-Q2,31004,,,F,1,A,6,AUD
OECD.SDD.NAD:DSD_NAMAIN1@DF_QNA(1.1),Q,Y,AUS,S1,S1,B1GQ,_Z,_Z,_Z,XDC,V,N,T0102,1979-Q3,32077,,,F,1,A,6,AUD
OECD.SDD.NAD:DSD_NAMAIN1@DF_QNA(1.1),Q,Y,AUS,S1,S1,B1GQ,_Z,_Z,_Z,XDC,V,N,T0102,1980-Q2,35041,,,F,1,A,6,AUD
OECD.SDD.NAD:DSD_NAMAIN1@DF_QNA(1.1),Q,Y,AUS,S1,S1,B1GQ,_Z,_Z,_Z,XDC,V,N,T0102,1980-Q3,36201,,,F,1,A,6,AUD
OECD.SDD.NAD:DSD_NAMAIN1@DF_QNA(1.1),Q,Y,AUS,S1,S1,B1GQ,_Z,_Z,_Z,XDC,V,N,T0102,1981-Q2,40046,,,F,1,A,6,AUD
OECD.SDD.NAD:DSD_NAMAIN1@DF_QNA(1.1),Q,Y,AUS,S1,S1,B1GQ,_Z,_Z,_Z,XDC,V,N,T0102,1981-Q3,42221,,,F,1,A,6,AUD
OECD.SDD.NAD:DSD_NAMAIN1@DF_QNA(1.1),Q,Y,AUS,S1,S1,B1GQ,_Z,_Z,_Z,XDC,V,N,T0102,2010-Q4,352167,,,F,1,A,6,AUD
OECD.SDD.NAD:DSD_NAMAIN1@DF_QNA(1.1),Q,Y,AUS,S1,S1,B1GQ,_Z,_Z,_Z,XDC,V,N,T0102,2022-Q3,632391,,,F,1,A,6,AUD
OECD.SDD.NAD:DSD_NAMAIN1@DF_QNA(1.1),Q,Y,AUS,S1,S1,B1GQ,_Z,_Z,_Z,XDC,V,N,T0102,2022-Q4,640409,,,F,1,A,6,AUD
OECD.SDD.NAD:DSD_NAMAIN1@DF_QNA(1.1),Q,Y,AUS,S1,S1,B1GQ,_Z,_Z,_Z,XDC,V,N,T0102,2023-Q1,652162,,,F,1,A,6,AUD
OECD.SDD.NAD:DSD_NAMAIN1@DF_QNA(1.1),Q,Y,AUS,S1,S1,P6,_Z,_Z,_Z,XDC,V,N,T0102,1996-Q1,25722,,,F,1,A,6,AUD
OECD.SDD.NAD:DSD_NAMAIN1@DF_QNA(1.1),Q,Y,AUS,S1,S1,P6,_Z,_Z,_Z,XDC,V,N,T0102,1996-Q2,25530,,,F,1,A,6,AUD
OECD.SDD.NAD:DSD_NAMAIN1@DF_QNA(1.1),Q,Y,AUS,S1,S1,P6,_Z,_Z,_Z,XDC,V,N,T0102,2002-Q2,38874,,,F,1,A,6,AUD
OECD.SDD.NAD:DSD_NAMAIN1@DF_QNA(1.1),Q,Y,AUS,S1,S1,P6,_Z,_Z,_Z,XDC,V,N,T0102,2008-Q1,60634,,,F,1,A,6,AUD
OECD.SDD.NAD:DSD_NAMAIN1@DF_QNA(1.1),Q,Y,AUS,S1,S1,P6,_Z,_Z,_Z,XDC,V,N,T0102,2008-Q2,66522,,,F,1,A,6,AUD
OECD.SDD.NAD:DSD_NAMAIN1@DF_QNA(1.1),Q,Y,AUS,S1,S1,P6,_Z,_Z,_Z,XDC,V,N,T0102,2009-Q3,59191,,,F,1,A,6,AUD
OECD.SDD.NAD:DSD_NAMAIN1@DF_QNA(1.1),Q,Y,AUS,S1,S1,P6,_Z,_Z,_Z,XDC,V,N,T0102,1994-Q3,21039,,,F,1,A,6,AUD
OECD.SDD.NAD:DSD_NAMAIN1@DF_QNA(1.1),Q,Y,AUS,S1,S1,P6,_Z,_Z,_Z,XDC,V,N,T0102,1994-Q4,21670,,,F,1,A,6,AUD
OECD.SDD.NAD:DSD_NAMAIN1@DF_QNA(1.1),Q,Y,AUS,S1,S1,P6,_Z,_Z,_Z,XDC,V,N,T0102,1995-Q1,22786,,,F,1,A,6,AUD
OECD.SDD.NAD:DSD_NAMAIN1@DF_QNA(1.1),Q,Y,AUS,S1,S1,P6,_Z,_Z,_Z,XDC,V,N,T0102,2019-Q3,127949,,,F,1,A,6,AUD
OECD.SDD.NAD:DSD_NAMAIN1@DF_QNA(1.1),Q,Y,AUS,S1,S1,P6,_Z,_Z,_Z,XDC,V,N,T0102,2018-Q3,112042,,,F,1,A,6,AUD
OECD.SDD.NAD:DSD_NAMAIN1@DF_QNA(1.1),Q,Y,AUS,S1,S1,P6,_Z,_Z,_Z,XDC,V,N,T0102,2018-Q4,115281,,,F,1,A,6,AUD
OECD.SDD.NAD:DSD_NAMAIN1@DF_QNA(1.1),Q,Y,AUS,S1,S1,P6,_Z,_Z,_Z,XDC,V,N,T0102,2019-Q2,124935,,,F,1,A,6,AUD
OECD.SDD.NAD:DSD_NAMAIN1@DF_QNA(1.1),Q,Y,AUS,S1,S1,P6,_Z,_Z,_Z,XDC,V,N,T0102,2002-Q3,38932,,,F,1,A,6,AUD
OECD.SDD.NAD:DSD_NAMAIN1@DF_QNA(1.1),Q,Y,AUS,S1,S1,P6,_Z,_Z,_Z,XDC,V,N,T0102,2002-Q4,39455,,,F,1,A,6,AUD
OECD.SDD.NAD:DSD_NAMAIN1@DF_QNA(1.1),Q,Y,AUS,S1,S1,P6,_Z,_Z,_Z,XDC,V,N,T0102,2005-Q4,49029,,,F,1,A,6,AUD
OECD.SDD.NAD:DSD_NAMAIN1@DF_QNA(1.1),Q,Y,AUS,S1,S1,P6,_Z,_Z,_Z,XDC,V,N,T0102,2006-Q1,50517,,,F,1,A,6,AUD
OECD.SDD.NAD:DSD_NAMAIN1@DF_QNA(1.1),Q,Y,AUS,S1,S1,P6,_Z,_Z,_Z,XDC,V,N,T0102,2007-Q2,55420,,,F,1,A,6,AUD
OECD.SDD.NAD:DSD_NAMAIN1@DF_QNA(1.1),Q,Y,AUS,S1,S1,P6,_Z,_Z,_Z,XDC,V,N,T0102,2007-Q3,55136,,,F,1,A,6,AUD
OECD.SDD.NAD:DSD_NAMAIN1@DF_QNA(1.1),Q,Y,AUS,S1,S1,P6,_Z,_Z,_Z,XDC,V,N,T0102,2008-Q4,79663,,,F,1,A,6,AUD
OECD.SDD.NAD:DSD_NAMAIN1@DF_QNA(1.1),Q,Y,AUS,S1,S1,P6,_Z,_Z,_Z,XDC,V,N,T0102,2017-Q3,96484,,,F,1,A,6,AUD
OECD.SDD.NAD:DSD_NAMAIN1@DF_QNA(1.1),Q,Y,AUS,S1,S1,P6,_Z,_Z,_Z,XDC,V,N,T0102,2003-Q3,35499,,,F,1,A,6,AUD
OECD.SDD.NAD:DSD_NAMAIN1@DF_QNA(1.1),Q,Y,AUS,S1,S1,P6,_Z,_Z,_Z,XDC,V,N,T0102,1998-Q2,29568,,,F,1,A,6,AUD
OECD.SDD.NAD:DSD_NAMAIN1@DF_QNA(1.1),Q,Y,AUS,S1,S1,P6,_Z,_Z,_Z,XDC,V,N,T0102,1999-Q3,28854,,,F,1,A,6,AUD
OECD.SDD.NAD:DSD_NAMAIN1@DF_QNA(1.1),Q,Y,AUS,S1,S1,P6,_Z,_Z,_Z,XDC,V,N,T0102,2000-Q2,35169,,,F,1,A,6,AUD
OECD.SDD.NAD:DSD_NAMAIN1@DF_QNA(1.1),Q,Y,AUS,S1,S1,P6,_Z,_Z,_Z,XDC,V,N,T0102,2001-Q3,40071,,,F,1,A,6,AUD
OECD.SDD.NAD:DSD_NAMAIN1@DF_QNA(1.1),Q,Y,AUS,S1,S1,P6,_Z,_Z,_Z,XDC,V,N,T0102,2010-Q1,64757,,,F,1,A,6,AUD
OECD.SDD.NAD:DSD_NAMAIN1@DF_QNA(1.1),Q,Y,AUS,S1,S1,P6,_Z,_Z,_Z,XDC,V,N,T0102,2011-Q2,78951,,,F,1,A,6,AUD
OECD.SDD.NAD:DSD_NAMAIN1@DF_QNA(1.1),Q,Y,AUS,S1,S1,P6,_Z,_Z,_Z,XDC,V,N,T0102,2013-Q2,79680,,,F,1,A,6,AUD
OECD.SDD.NAD:DSD_NAMAIN1@DF_QNA(1.1),Q,Y,AUS,S1,S1,P6,_Z,_Z,_Z,XDC,V,N,T0102,2013-Q3,82949,,,F,1,A,6,AUD
OECD.SDD.NAD:DSD_NAMAIN1@DF_QNA(1.1),Q,Y,AUS,S1,S1,P6,_Z,_Z,_Z,XDC,V,N,T0102,1995-Q2,23332,,,F,1,A,6,AUD
OECD.SDD.NAD:DSD_NAMAIN1@DF_QNA(1.1),Q,Y,AUS,S1,S1,P6,_Z,_Z,_Z,XDC,V,N,T0102,2014-Q3,81128,,,F,1,A,6,AUD
OECD.SDD.NAD:DSD_NAMAIN1@DF_QNA(1.1),Q,Y,AUS,S1,S1,P6,_Z,_Z,_Z,XDC,V,N,T0102,2016-Q1,77822,,,F,1,A,6,AUD
OECD.SDD.NAD:DSD_NAMAIN1@DF_QNA(1.1),Q,Y,AUS,S1,S1,P6,_Z,_Z,_Z,XDC,V,N,T0102,2009-Q1,75810,,,F,1,A,6,AUD
OECD.SDD.NAD:DSD_NAMAIN1@DF_QNA(1.1),Q,Y,AUS,S1,S1,B1GQ,_Z,_Z,_Z,XDC,V,N,T0102,1989-Q3,98843,,,F,1,A,6,AUD
OECD.SDD.NAD:DSD_NAMAIN1@DF_QNA(1.1),Q,Y,AUS,S1,S1,P7,_Z,_Z,_Z,XDC,V,N,T0102,1961-Q2,598,,,F,1,A,6,AUD
OECD.SDD.NAD:DSD_NAMAIN1@DF_QNA(1.1),Q,Y,AUS,S1,S1,P7,_Z,_Z,_Z,XDC,V,N,T0102,1961-Q1,683,,,F,1,A,6,AUD
OECD.SDD.NAD:DSD_NAMAIN1@DF_QNA(1.1),Q,Y,AUS,S1,S1,P7,_Z,_Z,_Z,XDC,V,N,T0102,2018-Q4,107555,,,F,1,A,6,AUD
OECD.SDD.NAD:DSD_NAMAIN1@DF_QNA(1.1),Q,Y,AUS,S1,S1,P7,_Z,_Z,_Z,XDC,V,N,T0102,2018-Q3,106275,,,F,1,A,6,AUD
OECD.SDD.NAD:DSD_NAMAIN1@DF_QNA(1.1),Q,Y,AUS,S1,S1,P7,_Z,_Z,_Z,XDC,V,N,T0102,2017-Q3,95173,,,F,1,A,6,AUD
OECD.SDD.NAD:DSD_NAMAIN1@DF_QNA(1.1),Q,Y,AUS,S1,S1,P7,_Z,_Z,_Z,XDC,V,N,T0102,2006-Q1,54851,,,F,1,A,6,AUD
OECD.SDD.NAD:DSD_NAMAIN1@DF_QNA(1.1),Q,Y,AUS,S1,S1,P7,_Z,_Z,_Z,XDC,V,N,T0102,1974-Q1,2073,,,F,1,A,6,AUD
OECD.SDD.NAD:DSD_NAMAIN1@DF_QNA(1.1),Q,Y,AUS,S1,S1,P7,_Z,_Z,_Z,XDC,V,N,T0102,1973-Q4,1819,,,F,1,A,6,AUD
OECD.SDD.NAD:DSD_NAMAIN1@DF_QNA(1.1),Q,Y,AUS,S1,S1,P7,_Z,_Z,_Z,XDC,V,N,T0102,1973-Q3,1651,,,F,1,A,6,AUD
OECD.SDD.NAD:DSD_NAMAIN1@DF_QNA(1.1),Q,Y,AUS,S1,S1,P7,_Z,_Z,_Z,XDC,V,N,T0102,1973-Q2,1482,,,F,1,A,6,AUD
OECD.SDD.NAD:DSD_NAMAIN1@DF_QNA(1.1),Q,Y,AUS,S1,S1,B1GQ,_Z,_Z,_Z,XDC,V,N,T0102,1975-Q1,18025,,,F,1,A,6,AUD
OECD.SDD.NAD:DSD_NAMAIN1@DF_QNA(1.1),Q,Y,AUS,S1,S1,P6,_Z,_Z,_Z,XDC,V,N,T0102,2011-Q1,75457,,,F,1,A,6,AUD
OECD.SDD.NAD:DSD_NAMAIN1@DF_QNA(1.1),Q,Y,AUS,S1,S1,P6,_Z,_Z,_Z,XDC,V,N,T0102,2012-Q1,76502,,,F,1,A,6,AUD
OECD.SDD.NAD:DSD_NAMAIN1@DF_QNA(1.1),Q,Y,AUS,S1,S1,P6,_Z,_Z,_Z,XDC,V,N,T0102,2014-Q4,82663,,,F,1,A,6,AUD
OECD.SDD.NAD:DSD_NAMAIN1@DF_QNA(1.1),Q,Y,AUS,S1,S1,P6,_Z,_Z,_Z,XDC,V,N,T0102,1995-Q4,24307,,,F,1,A,6,AUD
OECD.SDD.NAD:DSD_NAMAIN1@DF_QNA(1.1),Q,Y,AUS,S1,S1,P6,_Z,_Z,_Z,XDC,V,N,T0102,2020-Q1,117852,,,F,1,A,6,AUD
OECD.SDD.NAD:DSD_NAMAIN1@DF_QNA(1.1),Q,Y,AUS,S1,S1,P6,_Z,_Z,_Z,XDC,V,N,T0102,2015-Q1,83444,,,F,1,A,6,AUD
OECD.SDD.NAD:DSD_NAMAIN1@DF_QNA(1.1),Q,Y,AUS,S1,S1,P6,_Z,_Z,_Z,XDC,V,N,T0102,2024-Q3,156850,,,F,1,A,6,AUD
OECD.SDD.NAD:DSD_NAMAIN1@DF_QNA(1.1),Q,Y,AUS,S1,S1,P6,_Z,_Z,_Z,XDC,V,N,T0102,2024-Q4,160566,,,F,1,A,6,AUD
OECD.SDD.NAD:DSD_NAMAIN1@DF_QNA(1.1),Q,Y,AUS,S1,S1,P6,_Z,_Z,_Z,XDC,V,N,T0102,2025-Q1,164891,,,F,1,A,6,AUD
OECD.SDD.NAD:DSD_NAMAIN1@DF_QNA(1.1),Q,Y,AUS,S1,S1,P6,_Z,_Z,_Z,XDC,V,N,T0102,1960-Q3,461,,,F,1,A,6,AUD
OECD.SDD.NAD:DSD_NAMAIN1@DF_QNA(1.1),Q,Y,AUS,S1,S1,P6,_Z,_Z,_Z,XDC,V,N,T0102,1960-Q4,520,,,F,1,A,6,AUD
OECD.SDD.NAD:DSD_NAMAIN1@DF_QNA(1.1),Q,Y,AUS,S1,S1,P6,_Z,_Z,_Z,XDC,V,N,T0102,1962-Q1,628,,,F,1,A,6,AUD
OECD.SDD.NAD:DSD_NAMAIN1@DF_QNA(1.1),Q,Y,AUS,S1,S1,P6,_Z,_Z,_Z,XDC,V,N,T0102,1962-Q4,639,,,F,1,A,6,AUD
OECD.SDD.NAD:DSD_NAMAIN1@DF_QNA(1.1),Q,Y,AUS,S1,S1,P6,_Z,_Z,_Z,XDC,V,N,T0102,1963-Q1,651,,,F,1,A,6,AUD
OECD.SDD.NAD:DSD_NAMAIN1@DF_QNA(1.1),Q,Y,AUS,S1,S1,P6,_Z,_Z,_Z,XDC,V,N,T0102,1964-Q1,810,,,F,1,A,6,AUD
OECD.SDD.NAD:DSD_NAMAIN1@DF_QNA(1.1),Q,Y,AUS,S1,S1,P6,_Z,_Z,_Z,XDC,V,N,T0102,1964-Q4,788,,,F,1,A,6,AUD
OECD.SDD.NAD:DSD_NAMAIN1@DF_QNA(1.1),Q,Y,AUS,S1,S1,P6,_Z,_Z,_Z,XDC,V,N,T0102,1965-Q1,762,,,F,1,A,6,AUD
OECD.SDD.NAD:DSD_NAMAIN1@DF_QNA(1.1),Q,Y,AUS,S1,S1,P6,_Z,_Z,_Z,XDC,V,N,T0102,1966-Q1,766,,,F,1,A,6,AUD
OECD.SDD.NAD:DSD_NAMAIN1@DF_QNA(1.1),Q,Y,AUS,S1,S1,P6,_Z,_Z,_Z,XDC,V,N,T0102,1968-Q1,856,,,F,1,A,6,AUD
OECD.SDD.NAD:DSD_NAMAIN1@DF_QNA(1.1),Q,Y,AUS,S1,S1,P6,_Z,_Z,_Z,XDC,V,N,T0102,1968-Q3,908,,,F,1,A,6,AUD
OECD.SDD.NAD:DSD_NAMAIN1@DF_QNA(1.1),Q,Y,AUS,S1,S1,P6,_Z,_Z,_Z,XDC,V,N,T0102,1969-Q1,965,,,F,1,A,6,AUD
OECD.SDD.NAD:DSD_NAMAIN1@DF_QNA(1.1),Q,Y,AUS,S1,S1,P6,_Z,_Z,_Z,XDC,V,N,T0102,1969-Q2,1039,,,F,1,A,6,AUD
OECD.SDD.NAD:DSD_NAMAIN1@DF_QNA(1.1),Q,Y,AUS,S1,S1,P6,_Z,_Z,_Z,XDC,V,N,T0102,1970-Q1,1237,,,F,1,A,6,AUD
OECD.SDD.NAD:DSD_NAMAIN1@DF_QNA(1.1),Q,Y,AUS,S1,S1,P6,_Z,_Z,_Z,XDC,V,N,T0102,1970-Q3,1258,,,F,1,A,6,AUD
OECD.SDD.NAD:DSD_NAMAIN1@DF_QNA(1.1),Q,Y,AUS,S1,S1,P6,_Z,_Z,_Z,XDC,V,N,T0102,1970-Q4,1248,,,F,1,A,6,AUD
OECD.SDD.NAD:DSD_NAMAIN1@DF_QNA(1.1),Q,Y,AUS,S1,S1,P6,_Z,_Z,_Z,XDC,V,N,T0102,1971-Q3,1405,,,F,1,A,6,AUD
OECD.SDD.NAD:DSD_NAMAIN1@DF_QNA(1.1),Q,Y,AUS,S1,S1,P6,_Z,_Z,_Z,XDC,V,N,T0102,1971-Q4,1355,,,F,1,A,6,AUD
OECD.SDD.NAD:DSD_NAMAIN1@DF_QNA(1.1),Q,Y,AUS,S1,S1,P6,_Z,_Z,_Z,XDC,V,N,T0102,1972-Q1,1429,,,F,1,A,6,AUD
OECD.SDD.NAD:DSD_NAMAIN1@DF_QNA(1.1),Q,Y,AUS,S1,S1,P6,_Z,_Z,_Z,XDC,V,N,T0102,1972-Q2,1503,,,F,1,A,6,AUD
OECD.SDD.NAD:DSD_NAMAIN1@DF_QNA(1.1),Q,Y,AUS,S1,S1,P6,_Z,_Z,_Z,XDC,V,N,T0102,1972-Q3,1547,,,F,1,A,6,AUD
OECD.SDD.NAD:DSD_NAMAIN1@DF_QNA(1.1),Q,Y,AUS,S1,S1,P6,_Z,_Z,_Z,XDC,V,N,T0102,1972-Q4,1755,,,F,1,A,6,AUD
OECD.SDD.NAD:DSD_NAMAIN1@DF_QNA(1.1),Q,Y,AUS,S1,S1,P6,_Z,_Z,_Z,XDC,V,N,T0102,1973-Q1,1876,,,F,1,A,6,AUD
OECD.SDD.NAD:DSD_NAMAIN1@DF_QNA(1.1),Q,Y,AUS,S1,S1,P6,_Z,_Z,_Z,XDC,V,N,T0102,1973-Q2,1835,,,F,1,A,6,AUD
OECD.SDD.NAD:DSD_NAMAIN1@DF_QNA(1.1),Q,Y,AUS,S1,S1,P6,_Z,_Z,_Z,XDC,V,N,T0102,1973-Q4,2010,,,F,1,A,6,AUD
OECD.SDD.NAD:DSD_NAMAIN1@DF_QNA(1.1),Q,Y,AUS,S1,S1,P6,_Z,_Z,_Z,XDC,V,N,T0102,1974-Q1,1962,,,F,1,A,6,AUD
OECD.SDD.NAD:DSD_NAMAIN1@DF_QNA(1.1),Q,Y,AUS,S1,S1,P6,_Z,_Z,_Z,XDC,V,N,T0102,1974-Q2,2094,,,F,1,A,6,AUD
OECD.SDD.NAD:DSD_NAMAIN1@DF_QNA(1.1),Q,Y,AUS,S1,S1,P6,_Z,_Z,_Z,XDC,V,N,T0102,1974-Q4,2545,,,F,1,A,6,AUD
OECD.SDD.NAD:DSD_NAMAIN1@DF_QNA(1.1),Q,Y,AUS,S1,S1,P6,_Z,_Z,_Z,XDC,V,N,T0102,1975-Q1,2559,,,F,1,A,6,AUD
OECD.SDD.NAD:DSD_NAMAIN1@DF_QNA(1.1),Q,Y,AUS,S1,S1,P6,_Z,_Z,_Z,XDC,V,N,T0102,1975-Q2,2731,,,F,1,A,6,AUD
OECD.SDD.NAD:DSD_NAMAIN1@DF_QNA(1.1),Q,Y,AUS,S1,S1,P6,_Z,_Z,_Z,XDC,V,N,T0102,1975-Q3,2623,,,F,1,A,6,AUD
OECD.SDD.NAD:DSD_NAMAIN1@DF_QNA(1.1),Q,Y,AUS,S1,S1,P6,_Z,_Z,_Z,XDC,V,N,T0102,1975-Q4,2698,,,F,1,A,6,AUD
OECD.SDD.NAD:DSD_NAMAIN1@DF_QNA(1.1),Q,Y,AUS,S1,S1,P6,_Z,_Z,_Z,XDC,V,N,T0102,1976-Q1,2838,,,F,1,A,6,AUD
OECD.SDD.NAD:DSD_NAMAIN1@DF_QNA(1.1),Q,Y,AUS,S1,S1,P6,_Z,_Z,_Z,XDC,V,N,T0102,1976-Q2,3078,,,F,1,A,6,AUD
OECD.SDD.NAD:DSD_NAMAIN1@DF_QNA(1.1),Q,Y,AUS,S1,S1,P6,_Z,_Z,_Z,XDC,V,N,T0102,1976-Q3,3318,,,F,1,A,6,AUD
OECD.SDD.NAD:DSD_NAMAIN1@DF_QNA(1.1),Q,Y,AUS,S1,S1,P6,_Z,_Z,_Z,XDC,V,N,T0102,1976-Q4,3265,,,F,1,A,6,AUD
OECD.SDD.NAD:DSD_NAMAIN1@DF_QNA(1.1),Q,Y,AUS,S1,S1,P6,_Z,_Z,_Z,XDC,V,N,T0102,1977-Q1,3404,,,F,1,A,6,AUD
OECD.SDD.NAD:DSD_NAMAIN1@DF_QNA(1.1),Q,Y,AUS,S1,S1,P6,_Z,_Z,_Z,XDC,V,N,T0102,1977-Q2,3477,,,F,1,A,6,AUD
OECD.SDD.NAD:DSD_NAMAIN1@DF_QNA(1.1),Q,Y,AUS,S1,S1,P6,_Z,_Z,_Z,XDC,V,N,T0102,1977-Q3,3509,,,F,1,A,6,AUD
OECD.SDD.NAD:DSD_NAMAIN1@DF_QNA(1.1),Q,Y,AUS,S1,S1,P6,_Z,_Z,_Z,XDC,V,N,T0102,1977-Q4,3618,,,F,1,A,6,AUD
OECD.SDD.NAD:DSD_NAMAIN1@DF_QNA(1.1),Q,Y,AUS,S1,S1,P6,_Z,_Z,_Z,XDC,V,N,T0102,1978-Q1,3511,,,F,1,A,6,AUD
OECD.SDD.NAD:DSD_NAMAIN1@DF_QNA(1.1),Q,Y,AUS,S1,S1,P6,_Z,_Z,_Z,XDC,V,N,T0102,1978-Q2,3676,,,F,1,A,6,AUD
OECD.SDD.NAD:DSD_NAMAIN1@DF_QNA(1.1),Q,Y,AUS,S1,S1,P6,_Z,_Z,_Z,XDC,V,N,T0102,1978-Q3,3711,,,F,1,A,6,AUD
OECD.SDD.NAD:DSD_NAMAIN1@DF_QNA(1.1),Q,Y,AUS,S1,S1,P6,_Z,_Z,_Z,XDC,V,N,T0102,1978-Q4,4012,,,F,1,A,6,AUD
OECD.SDD.NAD:DSD_NAMAIN1@DF_QNA(1.1),Q,Y,AUS,S1,S1,P6,_Z,_Z,_Z,XDC,V,N,T0102,1979-Q1,4453,,,F,1,A,6,AUD
OECD.SDD.NAD:DSD_NAMAIN1@DF_QNA(1.1),Q,Y,AUS,S1,S1,P6,_Z,_Z,_Z,XDC,V,N,T0102,1979-Q3,4961,,,F,1,A,6,AUD
OECD.SDD.NAD:DSD_NAMAIN1@DF_QNA(1.1),Q,Y,AUS,S1,S1,P6,_Z,_Z,_Z,XDC,V,N,T0102,1979-Q4,5712,,,F,1,A,6,AUD
OECD.SDD.NAD:DSD_NAMAIN1@DF_QNA(1.1),Q,Y,AUS,S1,S1,P6,_Z,_Z,_Z,XDC,V,N,T0102,1980-Q1,5808,,,F,1,A,6,AUD
OECD.SDD.NAD:DSD_NAMAIN1@DF_QNA(1.1),Q,Y,AUS,S1,S1,P6,_Z,_Z,_Z,XDC,V,N,T0102,1980-Q4,5669,,,F,1,A,6,AUD
OECD.SDD.NAD:DSD_NAMAIN1@DF_QNA(1.1),Q,Y,AUS,S1,S1,P6,_Z,_Z,_Z,XDC,V,N,T0102,1981-Q1,5581,,,F,1,A,6,AUD
OECD.SDD.NAD:DSD_NAMAIN1@DF_QNA(1.1),Q,Y,AUS,S1,S1,P6,_Z,_Z,_Z,XDC,V,N,T0102,1981-Q2,5877,,,F,1,A,6,AUD
OECD.SDD.NAD:DSD_NAMAIN1@DF_QNA(1.1),Q,Y,AUS,S1,S1,P6,_Z,_Z,_Z,XDC,V,N,T0102,1981-Q4,5439,,,F,1,A,6,AUD
OECD.SDD.NAD:DSD_NAMAIN1@DF_QNA(1.1),Q,Y,AUS,S1,S1,P6,_Z,_Z,_Z,XDC,V,N,T0102,1982-Q1,6145,,,F,1,A,6,AUD
OECD.SDD.NAD:DSD_NAMAIN1@DF_QNA(1.1),Q,Y,AUS,S1,S1,P6,_Z,_Z,_Z,XDC,V,N,T0102,1982-Q2,6443,,,F,1,A,6,AUD
OECD.SDD.NAD:DSD_NAMAIN1@DF_QNA(1.1),Q,Y,AUS,S1,S1,P6,_Z,_Z,_Z,XDC,V,N,T0102,1982-Q3,6437,,,F,1,A,6,AUD
OECD.SDD.NAD:DSD_NAMAIN1@DF_QNA(1.1),Q,Y,AUS,S1,S1,P6,_Z,_Z,_Z,XDC,V,N,T0102,1982-Q4,6583,,,F,1,A,6,AUD
OECD.SDD.NAD:DSD_NAMAIN1@DF_QNA(1.1),Q,Y,AUS,S1,S1,P6,_Z,_Z,_Z,XDC,V,N,T0102,1983-Q1,6138,,,F,1,A,6,AUD
OECD.SDD.NAD:DSD_NAMAIN1@DF_QNA(1.1),Q,Y,AUS,S1,S1,P6,_Z,_Z,_Z,XDC,V,N,T0102,1983-Q2,6578,,,F,1,A,6,AUD
OECD.SDD.NAD:DSD_NAMAIN1@DF_QNA(1.1),Q,Y,AUS,S1,S1,P6,_Z,_Z,_Z,XDC,V,N,T0102,1983-Q4,7230,,,F,1,A,6,AUD
OECD.SDD.NAD:DSD_NAMAIN1@DF_QNA(1.1),Q,Y,AUS,S1,S1,B1GQ,_Z,_Z,_Z,XDC,V,N,T0102,2006-Q3,263291,,,F,1,A,6,AUD
OECD.SDD.NAD:DSD_NAMAIN1@DF_QNA(1.1),Q,Y,AUS,S1,S1,B1GQ,_Z,_Z,_Z,XDC,V,N,T0102,2006-Q4,270313,,,F,1,A,6,AUD
OECD.SDD.NAD:DSD_NAMAIN1@DF_QNA(1.1),Q,Y,AUS,S1,S1,B1GQ,_Z,_Z,_Z,XDC,V,N,T0102,1992-Q4,110532,,,F,1,A,6,AUD
OECD.SDD.NAD:DSD_NAMAIN1@DF_QNA(1.1),Q,Y,AUS,S1,S1,B1GQ,_Z,_Z,_Z,XDC,V,N,T0102,1993-Q2,113569,,,F,1,A,6,AUD
OECD.SDD.NAD:DSD_NAMAIN1@DF_QNA(1.1),Q,Y,AUS,S1,S1,P7,_Z,_Z,_Z,XDC,V,N,T0102,2020-Q2,87350,,,F,1,A,6,AUD
OECD.SDD.NAD:DSD_NAMAIN1@DF_QNA(1.1),Q,Y,AUS,S1,S1,P7,_Z,_Z,_Z,XDC,V,N,T0102,2020-Q1,103499,,,F,1,A,6,AUD
OECD.SDD.NAD:DSD_NAMAIN1@DF_QNA(1.1),Q,Y,AUS,S1,S1,P7,_Z,_Z,_Z,XDC,V,N,T0102,1996-Q2,25407,,,F,1,A,6,AUD
OECD.SDD.NAD:DSD_NAMAIN1@DF_QNA(1.1),Q,Y,AUS,S1,S1,P7,_Z,_Z,_Z,XDC,V,N,T0102,1996-Q1,26071,,,F,1,A,6,AUD
OECD.SDD.NAD:DSD_NAMAIN1@DF_QNA(1.1),Q,Y,AUS,S1,S1,P7,_Z,_Z,_Z,XDC,V,N,T0102,1995-Q4,25401,,,F,1,A,6,AUD
OECD.SDD.NAD:DSD_NAMAIN1@DF_QNA(1.1),Q,Y,AUS,S1,S1,P7,_Z,_Z,_Z,XDC,V,N,T0102,1995-Q3,25430,,,F,1,A,6,AUD
OECD.SDD.NAD:DSD_NAMAIN1@DF_QNA(1.1),Q,Y,AUS,S1,S1,P7,_Z,_Z,_Z,XDC,V,N,T0102,2017-Q4,97901,,,F,1,A,6,AUD
OECD.SDD.NAD:DSD_NAMAIN1@DF_QNA(1.1),Q,Y,AUS,S1,S1,B1GQ,_Z,_Z,_Z,XDC,V,N,T0102,2018-Q4,484356,,,F,1,A,6,AUD
OECD.SDD.NAD:DSD_NAMAIN1@DF_QNA(1.1),Q,Y,AUS,S1,S1,B1GQ,_Z,_Z,_Z,XDC,V,N,T0102,2019-Q2,499255,,,F,1,A,6,AUD
OECD.SDD.NAD:DSD_NAMAIN1@DF_QNA(1.1),Q,Y,AUS,S1,S1,B1GQ,_Z,_Z,_Z,XDC,V,N,T0102,2019-Q3,505943,,,F,1,A,6,AUD
OECD.SDD.NAD:DSD_NAMAIN1@DF_QNA(1.1),Q,Y,AUS,S1,S1,B1GQ,_Z,_Z,_Z,XDC,V,N,T0102,2010-Q1,329518,,,F,1,A,6,AUD
OECD.SDD.NAD:DSD_NAMAIN1@DF_QNA(1.1),Q,Y,AUS,S1,S1,B1GQ,_Z,_Z,_Z,XDC,V,N,T0102,2001-Q4,187128,,,F,1,A,6,AUD
OECD.SDD.NAD:DSD_NAMAIN1@DF_QNA(1.1),Q,Y,AUS,S1,S1,P6,_Z,_Z,_Z,XDC,V,N,T0102,2006-Q4,54823,,,F,1,A,6,AUD
OECD.SDD.NAD:DSD_NAMAIN1@DF_QNA(1.1),Q,Y,AUS,S1,S1,P6,_Z,_Z,_Z,XDC,V,N,T0102,2009-Q2,60859,,,F,1,A,6,AUD
OECD.SDD.NAD:DSD_NAMAIN1@DF_QNA(1.1),Q,Y,AUS,S1,S1,P6,_Z,_Z,_Z,XDC,V,N,T0102,2010-Q2,74456,,,F,1,A,6,AUD
OECD.SDD.NAD:DSD_NAMAIN1@DF_QNA(1.1),Q,Y,AUS,S1,S1,P6,_Z,_Z,_Z,XDC,V,N,T0102,2010-Q3,74966,,,F,1,A,6,AUD
OECD.SDD.NAD:DSD_NAMAIN1@DF_QNA(1.1),Q,Y,AUS,S1,S1,P6,_Z,_Z,_Z,XDC,V,N,T0102,2013-Q1,76595,,,F,1,A,6,AUD
OECD.SDD.NAD:DSD_NAMAIN1@DF_QNA(1.1),Q,Y,AUS,S1,S1,P6,_Z,_Z,_Z,XDC,V,N,T0102,2015-Q4,79761,,,F,1,A,6,AUD
OECD.SDD.NAD:DSD_NAMAIN1@DF_QNA(1.1),Q,Y,AUS,S1,S1,P6,_Z,_Z,_Z,XDC,V,N,T0102,2016-Q4,96039,,,F,1,A,6,AUD
OECD.SDD.NAD:DSD_NAMAIN1@DF_QNA(1.1),Q,Y,AUS,S1,S1,P6,_Z,_Z,_Z,XDC,V,N,T0102,2018-Q2,107233,,,F,1,A,6,AUD
OECD.SDD.NAD:DSD_NAMAIN1@DF_QNA(1.1),Q,Y,AUS,S1,S1,P6,_Z,_Z,_Z,XDC,V,N,T0102,2008-Q3,73830,,,F,1,A,6,AUD
OECD.SDD.NAD:DSD_NAMAIN1@DF_QNA(1.1),Q,Y,AUS,S1,S1,P6,_Z,_Z,_Z,XDC,V,N,T0102,2012-Q3,75289,,,F,1,A,6,AUD
OECD.SDD.NAD:DSD_NAMAIN1@DF_QNA(1.1),Q,Y,AUS,S1,S1,P6,_Z,_Z,_Z,XDC,V,N,T0102,1999-Q1,27921,,,F,1,A,6,AUD
OECD.SDD.NAD:DSD_NAMAIN1@DF_QNA(1.1),Q,Y,AUS,S1,S1,P6,_Z,_Z,_Z,XDC,V,N,T0102,1999-Q2,27483,,,F,1,A,6,AUD
OECD.SDD.NAD:DSD_NAMAIN1@DF_QNA(1.1),Q,Y,AUS,S1,S1,P6,_Z,_Z,_Z,XDC,V,N,T0102,1999-Q4,31456,,,F,1,A,6,AUD
OECD.SDD.NAD:DSD_NAMAIN1@DF_QNA(1.1),Q,Y,AUS,S1,S1,P6,_Z,_Z,_Z,XDC,V,N,T0102,2000-Q1,33093,,,F,1,A,6,AUD
OECD.SDD.NAD:DSD_NAMAIN1@DF_QNA(1.1),Q,Y,AUS,S1,S1,P6,_Z,_Z,_Z,XDC,V,N,T0102,2000-Q3,37969,,,F,1,A,6,AUD
OECD.SDD.NAD:DSD_NAMAIN1@DF_QNA(1.1),Q,Y,AUS,S1,S1,P6,_Z,_Z,_Z,XDC,V,N,T0102,2000-Q4,38892,,,F,1,A,6,AUD
OECD.SDD.NAD:DSD_NAMAIN1@DF_QNA(1.1),Q,Y,AUS,S1,S1,P6,_Z,_Z,_Z,XDC,V,N,T0102,2001-Q1,39141,,,F,1,A,6,AUD
OECD.SDD.NAD:DSD_NAMAIN1@DF_QNA(1.1),Q,Y,AUS,S1,S1,P6,_Z,_Z,_Z,XDC,V,N,T0102,1994-Q2,21104,,,F,1,A,6,AUD
OECD.SDD.NAD:DSD_NAMAIN1@DF_QNA(1.1),Q,Y,AUS,S1,S1,P6,_Z,_Z,_Z,XDC,V,N,T0102,1998-Q3,29437,,,F,1,A,6,AUD
OECD.SDD.NAD:DSD_NAMAIN1@DF_QNA(1.1),Q,Y,AUS,S1,S1,P6,_Z,_Z,_Z,XDC,V,N,T0102,1998-Q4,29021,,,F,1,A,6,AUD
OECD.SDD.NAD:DSD_NAMAIN1@DF_QNA(1.1),Q,Y,AUS,S1,S1,P6,_Z,_Z,_Z,XDC,V,N,T0102,2004-Q3,40624,,,F,1,A,6,AUD
OECD.SDD.NAD:DSD_NAMAIN1@DF_QNA(1.1),Q,Y,AUS,S1,S1,P6,_Z,_Z,_Z,XDC,V,N,T0102,1992-Q3,18856,,,F,1,A,6,AUD
OECD.SDD.NAD:DSD_NAMAIN1@DF_QNA(1.1),Q,Y,AUS,S1,S1,P6,_Z,_Z,_Z,XDC,V,N,T0102,1992-Q4,19629,,,F,1,A,6,AUD
OECD.SDD.NAD:DSD_NAMAIN1@DF_QNA(1.1),Q,Y,AUS,S1,S1,P6,_Z,_Z,_Z,XDC,V,N,T0102,1993-Q1,19728,,,F,1,A,6,AUD
OECD.SDD.NAD:DSD_NAMAIN1@DF_QNA(1.1),Q,Y,AUS,S1,S1,P6,_Z,_Z,_Z,XDC,V,N,T0102,2011-Q4,82800,,,F,1,A,6,AUD
OECD.SDD.NAD:DSD_NAMAIN1@DF_QNA(1.1),Q,Y,AUS,S1,S1,P6,_Z,_Z,_Z,XDC,V,N,T0102,2012-Q2,79773,,,F,1,A,6,AUD
OECD.SDD.NAD:DSD_NAMAIN1@DF_QNA(1.1),Q,Y,AUS,S1,S1,P6,_Z,_Z,_Z,XDC,V,N,T0102,2012-Q4,75390,,,F,1,A,6,AUD
OECD.SDD.NAD:DSD_NAMAIN1@DF_QNA(1.1),Q,Y,AUS,S1,S1,P6,_Z,_Z,_Z,XDC,V,N,T0102,2013-Q4,84699,,,F,1,A,6,AUD
OECD.SDD.NAD:DSD_NAMAIN1@DF_QNA(1.1),Q,Y,AUS,S1,S1,P6,_Z,_Z,_Z,XDC,V,N,T0102,2015-Q2,78452,,,F,1,A,6,AUD
OECD.SDD.NAD:DSD_NAMAIN1@DF_QNA(1.1),Q,Y,AUS,S1,S1,P6,_Z,_Z,_Z,XDC,V,N,T0102,2017-Q1,97909,,,F,1,A,6,AUD
OECD.SDD.NAD:DSD_NAMAIN1@DF_QNA(1.1),Q,Y,AUS,S1,S1,P6,_Z,_Z,_Z,XDC,V,N,T0102,2017-Q2,96319,,,F,1,A,6,AUD
OECD.SDD.NAD:DSD_NAMAIN1@DF_QNA(1.1),Q,Y,AUS,S1,S1,P6,_Z,_Z,_Z,XDC,V,N,T0102,2002-Q1,39259,,,F,1,A,6,AUD
OECD.SDD.NAD:DSD_NAMAIN1@DF_QNA(1.1),Q,Y,AUS,S1,S1,P6,_Z,_Z,_Z,XDC,V,N,T0102,2024-Q2,160902,,,F,1,A,6,AUD
OECD.SDD.NAD:DSD_NAMAIN1@DF_QNA(1.1),Q,Y,AUS,S1,S1,P6,_Z,_Z,_Z,XDC,V,N,T0102,2004-Q4,40839,,,F,1,A,6,AUD
OECD.SDD.NAD:DSD_NAMAIN1@DF_QNA(1.1),Q,Y,AUS,S1,S1,P6,_Z,_Z,_Z,XDC,V,N,T0102,2005-Q1,41778,,,F,1,A,6,AUD
OECD.SDD.NAD:DSD_NAMAIN1@DF_QNA(1.1),Q,Y,AUS,S1,S1,P6,_Z,_Z,_Z,XDC,V,N,T0102,2006-Q2,52977,,,F,1,A,6,AUD
OECD.SDD.NAD:DSD_NAMAIN1@DF_QNA(1.1),Q,Y,AUS,S1,S1,P6,_Z,_Z,_Z,XDC,V,N,T0102,2007-Q4,55880,,,F,1,A,6,AUD
OECD.SDD.NAD:DSD_NAMAIN1@DF_QNA(1.1),Q,Y,AUS,S1,S1,P6,_Z,_Z,_Z,XDC,V,N,T0102,2011-Q3,82645,,,F,1,A,6,AUD
OECD.SDD.NAD:DSD_NAMAIN1@DF_QNA(1.1),Q,Y,AUS,S1,S1,P6,_Z,_Z,_Z,XDC,V,N,T0102,2014-Q1,87812,,,F,1,A,6,AUD
OECD.SDD.NAD:DSD_NAMAIN1@DF_QNA(1.1),Q,Y,AUS,S1,S1,P6,_Z,_Z,_Z,XDC,V,N,T0102,2014-Q2,82170,,,F,1,A,6,AUD
OECD.SDD.NAD:DSD_NAMAIN1@DF_QNA(1.1),Q,Y,AUS,S1,S1,P6,_Z,_Z,_Z,XDC,V,N,T0102,2015-Q3,82473,,,F,1,A,6,AUD
OECD.SDD.NAD:DSD_NAMAIN1@DF_QNA(1.1),Q,Y,AUS,S1,S1,P6,_Z,_Z,_Z,XDC,V,N,T0102,1997-Q3,28639,,,F,1,A,6,AUD
OECD.SDD.NAD:DSD_NAMAIN1@DF_QNA(1.1),Q,Y,AUS,S1,S1,P6,_Z,_Z,_Z,XDC,V,N,T0102,1997-Q4,28938,,,F,1,A,6,AUD
OECD.SDD.NAD:DSD_NAMAIN1@DF_QNA(1.1),Q,Y,AUS,S1,S1,P6,_Z,_Z,_Z,XDC,V,N,T0102,1998-Q1,28148,,,F,1,A,6,AUD
OECD.SDD.NAD:DSD_NAMAIN1@DF_QNA(1.1),Q,Y,AUS,S1,S1,P6,_Z,_Z,_Z,XDC,V,N,T0102,2001-Q4,38652,,,F,1,A,6,AUD
OECD.SDD.NAD:DSD_NAMAIN1@DF_QNA(1.1),Q,Y,AUS,S1,S1,P6,_Z,_Z,_Z,XDC,V,N,T0102,2003-Q2,35614,,,F,1,A,6,AUD
OECD.SDD.NAD:DSD_NAMAIN1@DF_QNA(1.1),Q,Y,AUS,S1,S1,P6,_Z,_Z,_Z,XDC,V,N,T0102,2005-Q2,45492,,,F,1,A,6,AUD
OECD.SDD.NAD:DSD_NAMAIN1@DF_QNA(1.1),Q,Y,AUS,S1,S1,P6,_Z,_Z,_Z,XDC,V,N,T0102,2005-Q3,46019,,,F,1,A,6,AUD
OECD.SDD.NAD:DSD_NAMAIN1@DF_QNA(1.1),Q,Y,AUS,S1,S1,P6,_Z,_Z,_Z,XDC,V,N,T0102,2007-Q1,55806,,,F,1,A,6,AUD
OECD.SDD.NAD:DSD_NAMAIN1@DF_QNA(1.1),Q,Y,AUS,S1,S1,P6,_Z,_Z,_Z,XDC,V,N,T0102,1997-Q1,26386,,,F,1,A,6,AUD
OECD.SDD.NAD:DSD_NAMAIN1@DF_QNA(1.1),Q,Y,AUS,S1,S1,P6,_Z,_Z,_Z,XDC,V,N,T0102,1997-Q2,29465,,,F,1,A,6,AUD
OECD.SDD.NAD:DSD_NAMAIN1@DF_QNA(1.1),Q,Y,AUS,S1,S1,P6,_Z,_Z,_Z,XDC,V,N,T0102,2003-Q1,39019,,,F,1,A,6,AUD
OECD.SDD.NAD:DSD_NAMAIN1@DF_QNA(1.1),Q,Y,AUS,S1,S1,P6,_Z,_Z,_Z,XDC,V,N,T0102,1996-Q4,25547,,,F,1,A,6,AUD
OECD.SDD.NAD:DSD_NAMAIN1@DF_QNA(1.1),Q,Y,AUS,S1,S1,P6,_Z,_Z,_Z,XDC,V,N,T0102,1996-Q3,25064,,,F,1,A,6,AUD
OECD.SDD.NAD:DSD_NAMAIN1@DF_QNA(1.1),Q,Y,AUS,S1,S1,P6,_Z,_Z,_Z,XDC,V,N,T0102,1959-Q3,469,,,F,1,A,6,AUD
OECD.SDD.NAD:DSD_NAMAIN1@DF_QNA(1.1),Q,Y,AUS,S1,S1,P6,_Z,_Z,_Z,XDC,V,N,T0102,1959-Q4,611,,,F,1,A,6,AUD
OECD.SDD.NAD:DSD_NAMAIN1@DF_QNA(1.1),Q,Y,AUS,S1,S1,P6,_Z,_Z,_Z,XDC,V,N,T0102,1960-Q1,554,,,F,1,A,6,AUD
OECD.SDD.NAD:DSD_NAMAIN1@DF_QNA(1.1),Q,Y,AUS,S1,S1,P6,_Z,_Z,_Z,XDC,V,N,T0102,1960-Q2,520,,,F,1,A,6,AUD
OECD.SDD.NAD:DSD_NAMAIN1@DF_QNA(1.1),Q,Y,AUS,S1,S1,P6,_Z,_Z,_Z,XDC,V,N,T0102,1961-Q1,568,,,F,1,A,6,AUD
OECD.SDD.NAD:DSD_NAMAIN1@DF_QNA(1.1),Q,Y,AUS,S1,S1,P6,_Z,_Z,_Z,XDC,V,N,T0102,1961-Q2,627,,,F,1,A,6,AUD
OECD.SDD.NAD:DSD_NAMAIN1@DF_QNA(1.1),Q,Y,AUS,S1,S1,P6,_Z,_Z,_Z,XDC,V,N,T0102,1961-Q3,574,,,F,1,A,6,AUD
OECD.SDD.NAD:DSD_NAMAIN1@DF_QNA(1.1),Q,Y,AUS,S1,S1,P6,_Z,_Z,_Z,XDC,V,N,T0102,1961-Q4,641,,,F,1,A,6,AUD
OECD.SDD.NAD:DSD_NAMAIN1@DF_QNA(1.1),Q,Y,AUS,S1,S1,P6,_Z,_Z,_Z,XDC,V,N,T0102,1962-Q2,634,,,F,1,A,6,AUD
OECD.SDD.NAD:DSD_NAMAIN1@DF_QNA(1.1),Q,Y,AUS,S1,S1,P6,_Z,_Z,_Z,XDC,V,N,T0102,1962-Q3,544,,,F,1,A,6,AUD
OECD.SDD.NAD:DSD_NAMAIN1@DF_QNA(1.1),Q,Y,AUS,S1,S1,P6,_Z,_Z,_Z,XDC,V,N,T0102,2001-Q2,40860,,,F,1,A,6,AUD
OECD.SDD.NAD:DSD_NAMAIN1@DF_QNA(1.1),Q,Y,AUS,S1,S1,P6,_Z,_Z,_Z,XDC,V,N,T0102,2004-Q2,40027,,,F,1,A,6,AUD
OECD.SDD.NAD:DSD_NAMAIN1@DF_QNA(1.1),Q,Y,AUS,S1,S1,P6,_Z,_Z,_Z,XDC,V,N,T0102,1993-Q2,19713,,,F,1,A,6,AUD
OECD.SDD.NAD:DSD_NAMAIN1@DF_QNA(1.1),Q,Y,AUS,S1,S1,B1GQ,_Z,_Z,_Z,XDC,V,N,T0102,1989-Q2,96967,,,F,1,A,6,AUD
OECD.SDD.NAD:DSD_NAMAIN1@DF_QNA(1.1),Q,Y,AUS,S1,S1,P7,_Z,_Z,_Z,XDC,V,N,T0102,1960-Q4,684,,,F,1,A,6,AUD
OECD.SDD.NAD:DSD_NAMAIN1@DF_QNA(1.1),Q,Y,AUS,S1,S1,P7,_Z,_Z,_Z,XDC,V,N,T0102,1976-Q3,3215,,,F,1,A,6,AUD
OECD.SDD.NAD:DSD_NAMAIN1@DF_QNA(1.1),Q,Y,AUS,S1,S1,P7,_Z,_Z,_Z,XDC,V,N,T0102,1976-Q2,3000,,,F,1,A,6,AUD
OECD.SDD.NAD:DSD_NAMAIN1@DF_QNA(1.1),Q,Y,AUS,S1,S1,P7,_Z,_Z,_Z,XDC,V,N,T0102,1976-Q1,2903,,,F,1,A,6,AUD
OECD.SDD.NAD:DSD_NAMAIN1@DF_QNA(1.1),Q,Y,AUS,S1,S1,P7,_Z,_Z,_Z,XDC,V,N,T0102,1975-Q4,2697,,,F,1,A,6,AUD
OECD.SDD.NAD:DSD_NAMAIN1@DF_QNA(1.1),Q,Y,AUS,S1,S1,P7,_Z,_Z,_Z,XDC,V,N,T0102,1975-Q3,2536,,,F,1,A,6,AUD
OECD.SDD.NAD:DSD_NAMAIN1@DF_QNA(1.1),Q,Y,AUS,S1,S1,P7,_Z,_Z,_Z,XDC,V,N,T0102,1975-Q2,2477,,,F,1,A,6,AUD
OECD.SDD.NAD:DSD_NAMAIN1@DF_QNA(1.1),Q,Y,AUS,S1,S1,P7,_Z,_Z,_Z,XDC,V,N,T0102,1975-Q1,2486,,,F,1,A,6,AUD
OECD.SDD.NAD:DSD_NAMAIN1@DF_QNA(1.1),Q,Y,AUS,S1,S1,P7,_Z,_Z,_Z,XDC,V,N,T0102,1974-Q4,2800,,,F,1,A,6,AUD
OECD.SDD.NAD:DSD_NAMAIN1@DF_QNA(1.1),Q,Y,AUS,S1,S1,P7,_Z,_Z,_Z,XDC,V,N,T0102,1974-Q3,2702,,,F,1,A,6,AUD
OECD.SDD.NAD:DSD_NAMAIN1@DF_QNA(1.1),Q,Y,AUS,S1,S1,P7,_Z,_Z,_Z,XDC,V,N,T0102,1974-Q2,2446,,,F,1,A,6,AUD
OECD.SDD.NAD:DSD_NAMAIN1@DF_QNA(1.1),Q,Y,AUS,S1,S1,B1GQ,_Z,_Z,_Z,XDC,V,N,T0102,1973-Q2,13312,,,F,1,A,6,AUD
OECD.SDD.NAD:DSD_NAMAIN1@DF_QNA(1.1),Q,Y,AUS,S1,S1,B1GQ,_Z,_Z,_Z,XDC,V,N,T0102,1974-Q1,15520,,,F,1,A,6,AUD
OECD.SDD.NAD:DSD_NAMAIN1@DF_QNA(1.1),Q,Y,AUS,S1,S1,B1GQ,_Z,_Z,_Z,XDC,V,N,T0102,1974-Q2,15790,,,F,1,A,6,AUD
OECD.SDD.NAD:DSD_NAMAIN1@DF_QNA(1.1),Q,Y,AUS,S1,S1,B1GQ,_Z,_Z,_Z,XDC,V,N,T0102,1974-Q4,17671,,,F,1,A,6,AUD
OECD.SDD.NAD:DSD_NAMAIN1@DF_QNA(1.1),Q,Y,AUS,S1,S1,B1GQ,_Z,_Z,_Z,XDC,V,N,T0102,2013-Q1,387241,,,F,1,A,6,AUD
OECD.SDD.NAD:DSD_NAMAIN1@DF_QNA(1.1),Q,Y,AUS,S1,S1,P6,_Z,_Z,_Z,XDC,V,N,T0102,1992-Q2,18035,,,F,1,A,6,AUD
OECD.SDD.NAD:DSD_NAMAIN1@DF_QNA(1.1),Q,Y,AUS,S1,S1,P6,_Z,_Z,_Z,XDC,V,N,T0102,2024-Q1,167390,,,F,1,A,6,AUD
OECD.SDD.NAD:DSD_NAMAIN1@DF_QNA(1.1),Q,Y,AUS,S1,S1,P6,_Z,_Z,_Z,XDC,V,N,T0102,2003-Q4,36119,,,F,1,A,6,AUD
OECD.SDD.NAD:DSD_NAMAIN1@DF_QNA(1.1),Q,Y,AUS,S1,S1,P6,_Z,_Z,_Z,XDC,V,N,T0102,2004-Q1,36425,,,F,1,A,6,AUD
OECD.SDD.NAD:DSD_NAMAIN1@DF_QNA(1.1),Q,Y,AUS,S1,S1,P6,_Z,_Z,_Z,XDC,V,N,T0102,2006-Q3,53913,,,F,1,A,6,AUD
OECD.SDD.NAD:DSD_NAMAIN1@DF_QNA(1.1),Q,Y,AUS,S1,S1,B1GQ,_Z,_Z,_Z,XDC,V,N,T0102,1989-Q4,100572,,,F,1,A,6,AUD
OECD.SDD.NAD:DSD_NAMAIN1@DF_QNA(1.1),Q,Y,AUS,S1,S1,B1GQ,_Z,_Z,_Z,XDC,V,N,T0102,1990-Q1,102416,,,F,1,A,6,AUD
OECD.SDD.NAD:DSD_NAMAIN1@DF_QNA(1.1),Q,Y,AUS,S1,S1,B1GQ,_Z,_Z,_Z,XDC,V,N,T0102,1990-Q2,104350,,,F,1,A,6,AUD
OECD.SDD.NAD:DSD_NAMAIN1@DF_QNA(1.1),Q,Y,AUS,S1,S1,B1GQ,_Z,_Z,_Z,XDC,V,N,T0102,1990-Q3,103743,,,F,1,A,6,AUD
OECD.SDD.NAD:DSD_NAMAIN1@DF_QNA(1.1),Q,Y,AUS,S1,S1,B1GQ,_Z,_Z,_Z,XDC,V,N,T0102,1990-Q4,104978,,,F,1,A,6,AUD
OECD.SDD.NAD:DSD_NAMAIN1@DF_QNA(1.1),Q,Y,AUS,S1,S1,B1GQ,_Z,_Z,_Z,XDC,V,N,T0102,1991-Q1,103577,,,F,1,A,6,AUD
OECD.SDD.NAD:DSD_NAMAIN1@DF_QNA(1.1),Q,Y,AUS,S1,S1,B1GQ,_Z,_Z,_Z,XDC,V,N,T0102,1966-Q1,6102,,,F,1,A,6,AUD
OECD.SDD.NAD:DSD_NAMAIN1@DF_QNA(1.1),Q,Y,AUS,S1,S1,B1GQ,_Z,_Z,_Z,XDC,V,N,T0102,1968-Q1,7357,,,F,1,A,6,AUD
OECD.SDD.NAD:DSD_NAMAIN1@DF_QNA(1.1),Q,Y,AUS,S1,S1,B1GQ,_Z,_Z,_Z,XDC,V,N,T0102,1969-Q1,8296,,,F,1,A,6,AUD
OECD.SDD.NAD:DSD_NAMAIN1@DF_QNA(1.1),Q,Y,AUS,S1,S1,B1GQ,_Z,_Z,_Z,XDC,V,N,T0102,1969-Q3,8871,,,F,1,A,6,AUD
OECD.SDD.NAD:DSD_NAMAIN1@DF_QNA(1.1),Q,Y,AUS,S1,S1,B1GQ,_Z,_Z,_Z,XDC,V,N,T0102,1970-Q1,9312,,,F,1,A,6,AUD
OECD.SDD.NAD:DSD_NAMAIN1@DF_QNA(1.1),Q,Y,AUS,S1,S1,B1GQ,_Z,_Z,_Z,XDC,V,N,T0102,1970-Q4,9895,,,F,1,A,6,AUD
OECD.SDD.NAD:DSD_NAMAIN1@DF_QNA(1.1),Q,Y,AUS,S1,S1,B1GQ,_Z,_Z,_Z,XDC,V,N,T0102,1971-Q2,10508,,,F,1,A,6,AUD
OECD.SDD.NAD:DSD_NAMAIN1@DF_QNA(1.1),Q,Y,AUS,S1,S1,B1GQ,_Z,_Z,_Z,XDC,V,N,T0102,1971-Q3,10917,,,F,1,A,6,AUD
OECD.SDD.NAD:DSD_NAMAIN1@DF_QNA(1.1),Q,Y,AUS,S1,S1,B1GQ,_Z,_Z,_Z,XDC,V,N,T0102,1971-Q4,10933,,,F,1,A,6,AUD
OECD.SDD.NAD:DSD_NAMAIN1@DF_QNA(1.1),Q,Y,AUS,S1,S1,B1GQ,_Z,_Z,_Z,XDC,V,N,T0102,1972-Q2,11559,,,F,1,A,6,AUD
OECD.SDD.NAD:DSD_NAMAIN1@DF_QNA(1.1),Q,Y,AUS,S1,S1,B1GQ,_Z,_Z,_Z,XDC,V,N,T0102,1972-Q3,11718,,,F,1,A,6,AUD
OECD.SDD.NAD:DSD_NAMAIN1@DF_QNA(1.1),Q,Y,AUS,S1,S1,B1GQ,_Z,_Z,_Z,XDC,V,N,T0102,1973-Q1,12715,,,F,1,A,6,AUD
OECD.SDD.NAD:DSD_NAMAIN1@DF_QNA(1.1),Q,Y,AUS,S1,S1,P6,_Z,_Z,_Z,XDC,V,N,T0102,2016-Q3,83499,,,F,1,A,6,AUD
OECD.SDD.NAD:DSD_NAMAIN1@DF_QNA(1.1),Q,Y,AUS,S1,S1,P6,_Z,_Z,_Z,XDC,V,N,T0102,2017-Q4,96384,,,F,1,A,6,AUD
OECD.SDD.NAD:DSD_NAMAIN1@DF_QNA(1.1),Q,Y,AUS,S1,S1,P6,_Z,_Z,_Z,XDC,V,N,T0102,2018-Q1,103527,,,F,1,A,6,AUD
OECD.SDD.NAD:DSD_NAMAIN1@DF_QNA(1.1),Q,Y,AUS,S1,S1,P6,_Z,_Z,_Z,XDC,V,N,T0102,2019-Q1,117993,,,F,1,A,6,AUD
OECD.SDD.NAD:DSD_NAMAIN1@DF_QNA(1.1),Q,Y,AUS,S1,S1,P6,_Z,_Z,_Z,XDC,V,N,T0102,1995-Q3,24307,,,F,1,A,6,AUD
OECD.SDD.NAD:DSD_NAMAIN1@DF_QNA(1.1),Q,Y,AUS,S1,S1,P6,_Z,_Z,_Z,XDC,V,N,T0102,1963-Q4,828,,,F,1,A,6,AUD
OECD.SDD.NAD:DSD_NAMAIN1@DF_QNA(1.1),Q,Y,AUS,S1,S1,P6,_Z,_Z,_Z,XDC,V,N,T0102,1969-Q3,1151,,,F,1,A,6,AUD
OECD.SDD.NAD:DSD_NAMAIN1@DF_QNA(1.1),Q,Y,AUS,S1,S1,P6,_Z,_Z,_Z,XDC,V,N,T0102,1969-Q4,1174,,,F,1,A,6,AUD
OECD.SDD.NAD:DSD_NAMAIN1@DF_QNA(1.1),Q,Y,AUS,S1,S1,P6,_Z,_Z,_Z,XDC,V,N,T0102,1970-Q2,1213,,,F,1,A,6,AUD
OECD.SDD.NAD:DSD_NAMAIN1@DF_QNA(1.1),Q,Y,AUS,S1,S1,P6,_Z,_Z,_Z,XDC,V,N,T0102,1971-Q1,1223,,,F,1,A,6,AUD
OECD.SDD.NAD:DSD_NAMAIN1@DF_QNA(1.1),Q,Y,AUS,S1,S1,P6,_Z,_Z,_Z,XDC,V,N,T0102,1968-Q2,943,,,F,1,A,6,AUD
OECD.SDD.NAD:DSD_NAMAIN1@DF_QNA(1.1),Q,Y,AUS,S1,S1,P6,_Z,_Z,_Z,XDC,V,N,T0102,1968-Q4,998,,,F,1,A,6,AUD
OECD.SDD.NAD:DSD_NAMAIN1@DF_QNA(1.1),Q,Y,AUS,S1,S1,P6,_Z,_Z,_Z,XDC,V,N,T0102,1964-Q2,809,,,F,1,A,6,AUD
OECD.SDD.NAD:DSD_NAMAIN1@DF_QNA(1.1),Q,Y,AUS,S1,S1,P6,_Z,_Z,_Z,XDC,V,N,T0102,1964-Q3,716,,,F,1,A,6,AUD
OECD.SDD.NAD:DSD_NAMAIN1@DF_QNA(1.1),Q,Y,AUS,S1,S1,P6,_Z,_Z,_Z,XDC,V,N,T0102,1965-Q2,795,,,F,1,A,6,AUD
OECD.SDD.NAD:DSD_NAMAIN1@DF_QNA(1.1),Q,Y,AUS,S1,S1,P6,_Z,_Z,_Z,XDC,V,N,T0102,1965-Q3,768,,,F,1,A,6,AUD
OECD.SDD.NAD:DSD_NAMAIN1@DF_QNA(1.1),Q,Y,AUS,S1,S1,P6,_Z,_Z,_Z,XDC,V,N,T0102,1965-Q4,791,,,F,1,A,6,AUD
OECD.SDD.NAD:DSD_NAMAIN1@DF_QNA(1.1),Q,Y,AUS,S1,S1,P6,_Z,_Z,_Z,XDC,V,N,T0102,1966-Q2,823,,,F,1,A,6,AUD
OECD.SDD.NAD:DSD_NAMAIN1@DF_QNA(1.1),Q,Y,AUS,S1,S1,P6,_Z,_Z,_Z,XDC,V,N,T0102,1966-Q3,828,,,F,1,A,6,AUD
OECD.SDD.NAD:DSD_NAMAIN1@DF_QNA(1.1),Q,Y,AUS,S1,S1,P6,_Z,_Z,_Z,XDC,V,N,T0102,1966-Q4,839,,,F,1,A,6,AUD
OECD.SDD.NAD:DSD_NAMAIN1@DF_QNA(1.1),Q,Y,AUS,S1,S1,P6,_Z,_Z,_Z,XDC,V,N,T0102,1967-Q1,889,,,F,1,A,6,AUD
OECD.SDD.NAD:DSD_NAMAIN1@DF_QNA(1.1),Q,Y,AUS,S1,S1,P6,_Z,_Z,_Z,XDC,V,N,T0102,1967-Q2,940,,,F,1,A,6,AUD
OECD.SDD.NAD:DSD_NAMAIN1@DF_QNA(1.1),Q,Y,AUS,S1,S1,P6,_Z,_Z,_Z,XDC,V,N,T0102,1967-Q3,867,,,F,1,A,6,AUD
OECD.SDD.NAD:DSD_NAMAIN1@DF_QNA(1.1),Q,Y,AUS,S1,S1,P6,_Z,_Z,_Z,XDC,V,N,T0102,1967-Q4,920,,,F,1,A,6,AUD
OECD.SDD.NAD:DSD_NAMAIN1@DF_QNA(1.1),Q,Y,AUS,S1,S1,P6,_Z,_Z,_Z,XDC,V,N,T0102,1984-Q2,7677,,,F,1,A,6,AUD
OECD.SDD.NAD:DSD_NAMAIN1@DF_QNA(1.1),Q,Y,AUS,S1,S1,P6,_Z,_Z,_Z,XDC,V,N,T0102,1986-Q3,10558,,,F,1,A,6,AUD
OECD.SDD.NAD:DSD_NAMAIN1@DF_QNA(1.1),Q,Y,AUS,S1,S1,P6,_Z,_Z,_Z,XDC,V,N,T0102,2026-Q1,169757,,,F,1,A,6,AUD
OECD.SDD.NAD:DSD_NAMAIN1@DF_QNA(1.1),Q,Y,AUS,S1,S1,P6,_Z,_Z,_Z,XDC,V,N,T0102,2025-Q4,171119,,,F,1,A,6,AUD
OECD.SDD.NAD:DSD_NAMAIN1@DF_QNA(1.1),Q,Y,AUS,S1,S1,P6,_Z,_Z,_Z,XDC,V,N,T0102,2026-Q2,174488,,,F,1,A,6,AUD
OECD.SDD.NAD:DSD_NAMAIN1@DF_QNA(1.1),Q,Y,AUS,S1,S1,P6,_Z,_Z,_Z,XDC,V,N,T0102,2025-Q2,164143,,,F,1,A,6,AUD
OECD.SDD.NAD:DSD_NAMAIN1@DF_QNA(1.1),Q,Y,AUS,S1,S1,P6,_Z,_Z,_Z,XDC,V,N,T0102,2025-Q3,165626,,,F,1,A,6,AUD
OECD.SDD.NAD:DSD_NAMAIN1@DF_QNA(1.1),Q,Y,AUS,S1,S1,P6,_Z,_Z,_Z,XDC,V,N,T0102,2016-Q2,79428,,,F,1,A,6,AUD
OECD.SDD.NAD:DSD_NAMAIN1@DF_QNA(1.1),Q,Y,AUS,S1,S1,P6,_Z,_Z,_Z,XDC,V,N,T0102,2023-Q3,165040,,,F,1,A,6,AUD
OECD.SDD.NAD:DSD_NAMAIN1@DF_QNA(1.1),Q,Y,AUS,S1,S1,P6,_Z,_Z,_Z,XDC,V,N,T0102,2023-Q4,167064,,,F,1,A,6,AUD
OECD.SDD.NAD:DSD_NAMAIN1@DF_QNA(1.1),Q,Y,AUS,S1,S1,P6,_Z,_Z,_Z,XDC,V,N,T0102,2022-Q4,174344,,,F,1,A,6,AUD
OECD.SDD.NAD:DSD_NAMAIN1@DF_QNA(1.1),Q,Y,AUS,S1,S1,P6,_Z,_Z,_Z,XDC,V,N,T0102,2023-Q1,175151,,,F,1,A,6,AUD
OECD.SDD.NAD:DSD_NAMAIN1@DF_QNA(1.1),Q,Y,AUS,S1,S1,P6,_Z,_Z,_Z,XDC,V,N,T0102,2020-Q4,110585,,,F,1,A,6,AUD
OECD.SDD.NAD:DSD_NAMAIN1@DF_QNA(1.1),Q,Y,AUS,S1,S1,P6,_Z,_Z,_Z,XDC,V,N,T0102,1984-Q1,7260,,,F,1,A,6,AUD
OECD.SDD.NAD:DSD_NAMAIN1@DF_QNA(1.1),Q,Y,AUS,S1,S1,P6,_Z,_Z,_Z,XDC,V,N,T0102,1984-Q3,8533,,,F,1,A,6,AUD
OECD.SDD.NAD:DSD_NAMAIN1@DF_QNA(1.1),Q,Y,AUS,S1,S1,P6,_Z,_Z,_Z,XDC,V,N,T0102,1984-Q4,8212,,,F,1,A,6,AUD
OECD.SDD.NAD:DSD_NAMAIN1@DF_QNA(1.1),Q,Y,AUS,S1,S1,P6,_Z,_Z,_Z,XDC,V,N,T0102,1985-Q1,9016,,,F,1,A,6,AUD
OECD.SDD.NAD:DSD_NAMAIN1@DF_QNA(1.1),Q,Y,AUS,S1,S1,B1GQ,_Z,_Z,_Z,XDC,V,N,T0102,1993-Q3,113412,,,F,1,A,6,AUD
OECD.SDD.NAD:DSD_NAMAIN1@DF_QNA(1.1),Q,Y,AUS,S1,S1,B1GQ,_Z,_Z,_Z,XDC,V,N,T0102,1994-Q1,118168,,,F,1,A,6,AUD
OECD.SDD.NAD:DSD_NAMAIN1@DF_QNA(1.1),Q,Y,AUS,S1,S1,B1GQ,_Z,_Z,_Z,XDC,V,N,T0102,1994-Q2,119684,,,F,1,A,6,AUD
OECD.SDD.NAD:DSD_NAMAIN1@DF_QNA(1.1),Q,Y,AUS,S1,S1,B1GQ,_Z,_Z,_Z,XDC,V,N,T0102,1998-Q3,152693,,,F,1,A,6,AUD
OECD.SDD.NAD:DSD_NAMAIN1@DF_QNA(1.1),Q,Y,AUS,S1,S1,B1GQ,_Z,_Z,_Z,XDC,V,N,T0102,1999-Q1,157064,,,F,1,A,6,AUD
OECD.SDD.NAD:DSD_NAMAIN1@DF_QNA(1.1),Q,Y,AUS,S1,S1,B1GQ,_Z,_Z,_Z,XDC,V,N,T0102,1999-Q2,158008,,,F,1,A,6,AUD
OECD.SDD.NAD:DSD_NAMAIN1@DF_QNA(1.1),Q,Y,AUS,S1,S1,B1GQ,_Z,_Z,_Z,XDC,V,N,T0102,1999-Q4,163667,,,F,1,A,6,AUD
OECD.SDD.NAD:DSD_NAMAIN1@DF_QNA(1.1),Q,Y,AUS,S1,S1,B1GQ,_Z,_Z,_Z,XDC,V,N,T0102,2000-Q1,168609,,,F,1,A,6,AUD
OECD.SDD.NAD:DSD_NAMAIN1@DF_QNA(1.1),Q,Y,AUS,S1,S1,B1GQ,_Z,_Z,_Z,XDC,V,N,T0102,2000-Q4,174185,,,F,1,A,6,AUD
OECD.SDD.NAD:DSD_NAMAIN1@DF_QNA(1.1),Q,Y,AUS,S1,S1,B1GQ,_Z,_Z,_Z,XDC,V,N,T0102,2000-Q3,175087,,,F,1,A,6,AUD
OECD.SDD.NAD:DSD_NAMAIN1@DF_QNA(1.1),Q,Y,AUS,S1,S1,B1GQ,_Z,_Z,_Z,XDC,V,N,T0102,1992-Q3,108345,,,F,1,A,6,AUD
OECD.SDD.NAD:DSD_NAMAIN1@DF_QNA(1.1),Q,Y,AUS,S1,S1,B1GQ,_Z,_Z,_Z,XDC,V,N,T0102,1998-Q1,148837,,,F,1,A,6,AUD
OECD.SDD.NAD:DSD_NAMAIN1@DF_QNA(1.1),Q,Y,AUS,S1,S1,B1GQ,_Z,_Z,_Z,XDC,V,N,T0102,2011-Q2,366764,,,F,1,A,6,AUD
OECD.SDD.NAD:DSD_NAMAIN1@DF_QNA(1.1),Q,Y,AUS,S1,S1,B1GQ,_Z,_Z,_Z,XDC,V,N,T0102,1998-Q2,150058,,,F,1,A,6,AUD
OECD.SDD.NAD:DSD_NAMAIN1@DF_QNA(1.1),Q,Y,AUS,S1,S1,B1GQ,_Z,_Z,_Z,XDC,V,N,T0102,2003-Q3,209410,,,F,1,A,6,AUD
OECD.SDD.NAD:DSD_NAMAIN1@DF_QNA(1.1),Q,Y,AUS,S1,S1,B1GQ,_Z,_Z,_Z,XDC,V,N,T0102,2014-Q1,404936,,,F,1,A,6,AUD
OECD.SDD.NAD:DSD_NAMAIN1@DF_QNA(1.1),Q,Y,AUS,S1,S1,B1GQ,_Z,_Z,_Z,XDC,V,N,T0102,2014-Q2,404557,,,F,1,A,6,AUD
OECD.SDD.NAD:DSD_NAMAIN1@DF_QNA(1.1),Q,Y,AUS,S1,S1,B1GQ,_Z,_Z,_Z,XDC,V,N,T0102,1997-Q3,143905,,,F,1,A,6,AUD
OECD.SDD.NAD:DSD_NAMAIN1@DF_QNA(1.1),Q,Y,AUS,S1,S1,B1GQ,_Z,_Z,_Z,XDC,V,N,T0102,1997-Q4,147713,,,F,1,A,6,AUD
OECD.SDD.NAD:DSD_NAMAIN1@DF_QNA(1.1),Q,Y,AUS,S1,S1,P6,_Z,_Z,_Z,XDC,V,N,T0102,1963-Q3,722,,,F,1,A,6,AUD
OECD.SDD.NAD:DSD_NAMAIN1@DF_QNA(1.1),Q,Y,AUS,S1,S1,P6,_Z,_Z,_Z,XDC,V,N,T0102,1985-Q2,10149,,,F,1,A,6,AUD
OECD.SDD.NAD:DSD_NAMAIN1@DF_QNA(1.1),Q,Y,AUS,S1,S1,P6,_Z,_Z,_Z,XDC,V,N,T0102,1985-Q3,9801,,,F,1,A,6,AUD
OECD.SDD.NAD:DSD_NAMAIN1@DF_QNA(1.1),Q,Y,AUS,S1,S1,P6,_Z,_Z,_Z,XDC,V,N,T0102,1985-Q4,9946,,,F,1,A,6,AUD
OECD.SDD.NAD:DSD_NAMAIN1@DF_QNA(1.1),Q,Y,AUS,S1,S1,P6,_Z,_Z,_Z,XDC,V,N,T0102,1986-Q1,9668,,,F,1,A,6,AUD
OECD.SDD.NAD:DSD_NAMAIN1@DF_QNA(1.1),Q,Y,AUS,S1,S1,P6,_Z,_Z,_Z,XDC,V,N,T0102,1986-Q2,9585,,,F,1,A,6,AUD
OECD.SDD.NAD:DSD_NAMAIN1@DF_QNA(1.1),Q,Y,AUS,S1,S1,P6,_Z,_Z,_Z,XDC,V,N,T0102,1986-Q4,11152,,,F,1,A,6,AUD
OECD.SDD.NAD:DSD_NAMAIN1@DF_QNA(1.1),Q,Y,AUS,S1,S1,P6,_Z,_Z,_Z,XDC,V,N,T0102,1987-Q1,11019,,,F,1,A,6,AUD
OECD.SDD.NAD:DSD_NAMAIN1@DF_QNA(1.1),Q,Y,AUS,S1,S1,P6,_Z,_Z,_Z,XDC,V,N,T0102,1987-Q2,11598,,,F,1,A,6,AUD
OECD.SDD.NAD:DSD_NAMAIN1@DF_QNA(1.1),Q,Y,AUS,S1,S1,P6,_Z,_Z,_Z,XDC,V,N,T0102,1987-Q3,11997,,,F,1,A,6,AUD
OECD.SDD.NAD:DSD_NAMAIN1@DF_QNA(1.1),Q,Y,AUS,S1,S1,P6,_Z,_Z,_Z,XDC,V,N,T0102,1987-Q4,13052,,,F,1,A,6,AUD
OECD.SDD.NAD:DSD_NAMAIN1@DF_QNA(1.1),Q,Y,AUS,S1,S1,P6,_Z,_Z,_Z,XDC,V,N,T0102,1988-Q1,13904,,,F,1,A,6,AUD
OECD.SDD.NAD:DSD_NAMAIN1@DF_QNA(1.1),Q,Y,AUS,S1,S1,P6,_Z,_Z,_Z,XDC,V,N,T0102,1988-Q2,12836,,,F,1,A,6,AUD
OECD.SDD.NAD:DSD_NAMAIN1@DF_QNA(1.1),Q,Y,AUS,S1,S1,P6,_Z,_Z,_Z,XDC,V,N,T0102,1988-Q3,13272,,,F,1,A,6,AUD
OECD.SDD.NAD:DSD_NAMAIN1@DF_QNA(1.1),Q,Y,AUS,S1,S1,P6,_Z,_Z,_Z,XDC,V,N,T0102,1988-Q4,13553,,,F,1,A,6,AUD
OECD.SDD.NAD:DSD_NAMAIN1@DF_QNA(1.1),Q,Y,AUS,S1,S1,P6,_Z,_Z,_Z,XDC,V,N,T0102,1989-Q1,13729,,,F,1,A,6,AUD
OECD.SDD.NAD:DSD_NAMAIN1@DF_QNA(1.1),Q,Y,AUS,S1,S1,P6,_Z,_Z,_Z,XDC,V,N,T0102,1989-Q2,15089,,,F,1,A,6,AUD
OECD.SDD.NAD:DSD_NAMAIN1@DF_QNA(1.1),Q,Y,AUS,S1,S1,P6,_Z,_Z,_Z,XDC,V,N,T0102,1989-Q3,15031,,,F,1,A,6,AUD
OECD.SDD.NAD:DSD_NAMAIN1@DF_QNA(1.1),Q,Y,AUS,S1,S1,P6,_Z,_Z,_Z,XDC,V,N,T0102,1989-Q4,14749,,,F,1,A,6,AUD
OECD.SDD.NAD:DSD_NAMAIN1@DF_QNA(1.1),Q,Y,AUS,S1,S1,P6,_Z,_Z,_Z,XDC,V,N,T0102,1990-Q1,15677,,,F,1,A,6,AUD
OECD.SDD.NAD:DSD_NAMAIN1@DF_QNA(1.1),Q,Y,AUS,S1,S1,P6,_Z,_Z,_Z,XDC,V,N,T0102,1990-Q2,15775,,,F,1,A,6,AUD
OECD.SDD.NAD:DSD_NAMAIN1@DF_QNA(1.1),Q,Y,AUS,S1,S1,P6,_Z,_Z,_Z,XDC,V,N,T0102,1990-Q3,15994,,,F,1,A,6,AUD
OECD.SDD.NAD:DSD_NAMAIN1@DF_QNA(1.1),Q,Y,AUS,S1,S1,P6,_Z,_Z,_Z,XDC,V,N,T0102,1990-Q4,16584,,,F,1,A,6,AUD
OECD.SDD.NAD:DSD_NAMAIN1@DF_QNA(1.1),Q,Y,AUS,S1,S1,P6,_Z,_Z,_Z,XDC,V,N,T0102,1991-Q1,16932,,,F,1,A,6,AUD
OECD.SDD.NAD:DSD_NAMAIN1@DF_QNA(1.1),Q,Y,AUS,S1,S1,P6,_Z,_Z,_Z,XDC,V,N,T0102,1991-Q2,17092,,,F,1,A,6,AUD
OECD.SDD.NAD:DSD_NAMAIN1@DF_QNA(1.1),Q,Y,AUS,S1,S1,P6,_Z,_Z,_Z,XDC,V,N,T0102,1991-Q3,17329,,,F,1,A,6,AUD
OECD.SDD.NAD:DSD_NAMAIN1@DF_QNA(1.1),Q,Y,AUS,S1,S1,P6,_Z,_Z,_Z,XDC,V,N,T0102,1991-Q4,17399,,,F,1,A,6,AUD
OECD.SDD.NAD:DSD_NAMAIN1@DF_QNA(1.1),Q,Y,AUS,S1,S1,P6,_Z,_Z,_Z,XDC,V,N,T0102,1992-Q1,17726,,,F,1,A,6,AUD
OECD.SDD.NAD:DSD_NAMAIN1@DF_QNA(1.1),Q,Y,AUS,S1,S1,P6,_Z,_Z,_Z,XDC,V,N,T0102,1993-Q3,20719,,,F,1,A,6,AUD
OECD.SDD.NAD:DSD_NAMAIN1@DF_QNA(1.1),Q,Y,AUS,S1,S1,P6,_Z,_Z,_Z,XDC,V,N,T0102,1993-Q4,21127,,,F,1,A,6,AUD
OECD.SDD.NAD:DSD_NAMAIN1@DF_QNA(1.1),Q,Y,AUS,S1,S1,P6,_Z,_Z,_Z,XDC,V,N,T0102,1994-Q1,20889,,,F,1,A,6,AUD
OECD.SDD.NAD:DSD_NAMAIN1@DF_QNA(1.1),Q,Y,AUS,S1,S1,P6,_Z,_Z,_Z,XDC,V,N,T0102,1971-Q2,1369,,,F,1,A,6,AUD
OECD.SDD.NAD:DSD_NAMAIN1@DF_QNA(1.1),Q,Y,AUS,S1,S1,P6,_Z,_Z,_Z,XDC,V,N,T0102,1973-Q3,1855,,,F,1,A,6,AUD
OECD.SDD.NAD:DSD_NAMAIN1@DF_QNA(1.1),Q,Y,AUS,S1,S1,P6,_Z,_Z,_Z,XDC,V,N,T0102,1974-Q3,2321,,,F,1,A,6,AUD
OECD.SDD.NAD:DSD_NAMAIN1@DF_QNA(1.1),Q,Y,AUS,S1,S1,P6,_Z,_Z,_Z,XDC,V,N,T0102,1979-Q2,4773,,,F,1,A,6,AUD
OECD.SDD.NAD:DSD_NAMAIN1@DF_QNA(1.1),Q,Y,AUS,S1,S1,P6,_Z,_Z,_Z,XDC,V,N,T0102,1980-Q2,5623,,,F,1,A,6,AUD
OECD.SDD.NAD:DSD_NAMAIN1@DF_QNA(1.1),Q,Y,AUS,S1,S1,P6,_Z,_Z,_Z,XDC,V,N,T0102,1980-Q3,5579,,,F,1,A,6,AUD
OECD.SDD.NAD:DSD_NAMAIN1@DF_QNA(1.1),Q,Y,AUS,S1,S1,P6,_Z,_Z,_Z,XDC,V,N,T0102,1981-Q3,5711,,,F,1,A,6,AUD
OECD.SDD.NAD:DSD_NAMAIN1@DF_QNA(1.1),Q,Y,AUS,S1,S1,P6,_Z,_Z,_Z,XDC,V,N,T0102,1983-Q3,6697,,,F,1,A,6,AUD
OECD.SDD.NAD:DSD_NAMAIN1@DF_QNA(1.1),Q,Y,AUS,S1,S1,P6,_Z,_Z,_Z,XDC,V,N,T0102,2021-Q2,129036,,,F,1,A,6,AUD
OECD.SDD.NAD:DSD_NAMAIN1@DF_QNA(1.1),Q,Y,AUS,S1,S1,P6,_Z,_Z,_Z,XDC,V,N,T0102,2021-Q3,136665,,,F,1,A,6,AUD
OECD.SDD.NAD:DSD_NAMAIN1@DF_QNA(1.1),Q,Y,AUS,S1,S1,P6,_Z,_Z,_Z,XDC,V,N,T0102,2021-Q4,133740,,,F,1,A,6,AUD
OECD.SDD.NAD:DSD_NAMAIN1@DF_QNA(1.1),Q,Y,AUS,S1,S1,P6,_Z,_Z,_Z,XDC,V,N,T0102,2022-Q1,151083,,,F,1,A,6,AUD
OECD.SDD.NAD:DSD_NAMAIN1@DF_QNA(1.1),Q,Y,AUS,S1,S1,P6,_Z,_Z,_Z,XDC,V,N,T0102,2022-Q2,174609,,,F,1,A,6,AUD
OECD.SDD.NAD:DSD_NAMAIN1@DF_QNA(1.1),Q,Y,AUS,S1,S1,P6,_Z,_Z,_Z,XDC,V,N,T0102,2022-Q3,171867,,,F,1,A,6,AUD
OECD.SDD.NAD:DSD_NAMAIN1@DF_QNA(1.1),Q,Y,AUS,S1,S1,P6,_Z,_Z,_Z,XDC,V,N,T0102,2020-Q2,107807,,,F,1,A,6,AUD
OECD.SDD.NAD:DSD_NAMAIN1@DF_QNA(1.1),Q,Y,AUS,S1,S1,P6,_Z,_Z,_Z,XDC,V,N,T0102,2020-Q3,100527,,,F,1,A,6,AUD
OECD.SDD.NAD:DSD_NAMAIN1@DF_QNA(1.1),Q,Y,AUS,S1,S1,P6,_Z,_Z,_Z,XDC,V,N,T0102,2023-Q2,167273,,,F,1,A,6,AUD
OECD.SDD.NAD:DSD_NAMAIN1@DF_QNA(1.1),Q,Y,AUS,S1,S1,P6,_Z,_Z,_Z,XDC,V,N,T0102,2021-Q1,119536,,,F,1,A,6,AUD
OECD.SDD.NAD:DSD_NAMAIN1@DF_QNA(1.1),Q,Y,AUS,S1,S1,P6,_Z,_Z,_Z,XDC,V,N,T0102,2019-Q4,121593,,,F,1,A,6,AUD
OECD.SDD.NAD:DSD_NAMAIN1@DF_QNA(1.1),Q,Y,AUS,S1,S1,P6,_Z,_Z,_Z,XDC,V,N,T0102,2009-Q4,59781,,,F,1,A,6,AUD
OECD.SDD.NAD:DSD_NAMAIN1@DF_QNA(1.1),Q,Y,AUS,S1,S1,P6,_Z,_Z,_Z,XDC,V,N,T0102,2010-Q4,74548,,,F,1,A,6,AUD
OECD.SDD.NAD:DSD_NAMAIN1@DF_QNA(1.1),Q,Y,AUS,S1,S1,B1GQ,_Z,_Z,_Z,XDC,V,N,T0102,2008-Q1,298941,,,F,1,A,6,AUD
OECD.SDD.NAD:DSD_NAMAIN1@DF_QNA(1.1),Q,Y,AUS,S1,S1,B1GQ,_Z,_Z,_Z,XDC,V,N,T0102,1994-Q3,123211,,,F,1,A,6,AUD
OECD.SDD.NAD:DSD_NAMAIN1@DF_QNA(1.1),Q,Y,AUS,S1,S1,B1GQ,_Z,_Z,_Z,XDC,V,N,T0102,2015-Q1,409824,,,F,1,A,6,AUD
OECD.SDD.NAD:DSD_NAMAIN1@DF_QNA(1.1),Q,Y,AUS,S1,S1,B1GQ,_Z,_Z,_Z,XDC,V,N,T0102,2018-Q1,465636,,,F,1,A,6,AUD
OECD.SDD.NAD:DSD_NAMAIN1@DF_QNA(1.1),Q,Y,AUS,S1,S1,B1GQ,_Z,_Z,_Z,XDC,V,N,T0102,2019-Q1,491395,,,F,1,A,6,AUD
OECD.SDD.NAD:DSD_NAMAIN1@DF_QNA(1.1),Q,Y,AUS,S1,S1,B1GQ,_Z,_Z,_Z,XDC,V,N,T0102,2019-Q4,505061,,,F,1,A,6,AUD
OECD.SDD.NAD:DSD_NAMAIN1@DF_QNA(1.1),Q,Y,AUS,S1,S1,B1GQ,_Z,_Z,_Z,XDC,V,N,T0102,2020-Q1,506043,,,F,1,A,6,AUD
OECD.SDD.NAD:DSD_NAMAIN1@DF_QNA(1.1),Q,Y,AUS,S1,S1,B1GQ,_Z,_Z,_Z,XDC,V,N,T0102,2021-Q2,553526,,,F,1,A,6,AUD
OECD.SDD.NAD:DSD_NAMAIN1@DF_QNA(1.1),Q,Y,AUS,S1,S1,B1GQ,_Z,_Z,_Z,XDC,V,N,T0102,2021-Q1,533375,,,F,1,A,6,AUD
OECD.SDD.NAD:DSD_NAMAIN1@DF_QNA(1.1),Q,Y,AUS,S1,S1,B1GQ,_Z,_Z,_Z,XDC,V,N,T0102,2008-Q2,306405,,,F,1,A,6,AUD
OECD.SDD.NAD:DSD_NAMAIN1@DF_QNA(1.1),Q,Y,AUS,S1,S1,B1GQ,_Z,_Z,_Z,XDC,V,N,T0102,2009-Q3,314930,,,F,1,A,6,AUD
OECD.SDD.NAD:DSD_NAMAIN1@DF_QNA(1.1),Q,Y,AUS,S1,S1,B1GQ,_Z,_Z,_Z,XDC,V,N,T0102,2009-Q4,322034,,,F,1,A,6,AUD
OECD.SDD.NAD:DSD_NAMAIN1@DF_QNA(1.1),Q,Y,AUS,S1,S1,B1GQ,_Z,_Z,_Z,XDC,V,N,T0102,2021-Q3,551707,,,F,1,A,6,AUD
OECD.SDD.NAD:DSD_NAMAIN1@DF_QNA(1.1),Q,Y,AUS,S1,S1,B1GQ,_Z,_Z,_Z,XDC,V,N,T0102,2021-Q4,569630,,,F,1,A,6,AUD
OECD.SDD.NAD:DSD_NAMAIN1@DF_QNA(1.1),Q,Y,AUS,S1,S1,B1GQ,_Z,_Z,_Z,XDC,V,N,T0102,2022-Q1,594428,,,F,1,A,6,AUD
OECD.SDD.NAD:DSD_NAMAIN1@DF_QNA(1.1),Q,Y,AUS,S1,S1,B1GQ,_Z,_Z,_Z,XDC,V,N,T0102,2022-Q2,624002,,,F,1,A,6,AUD
OECD.SDD.NAD:DSD_NAMAIN1@DF_QNA(1.1),Q,Y,AUS,S1,S1,B1GQ,_Z,_Z,_Z,XDC,V,N,T0102,2023-Q2,651258,,,F,1,A,6,AUD
OECD.SDD.NAD:DSD_NAMAIN1@DF_QNA(1.1),Q,Y,AUS,S1,S1,B1GQ,_Z,_Z,_Z,XDC,V,N,T0102,2023-Q3,659064,,,F,1,A,6,AUD
OECD.SDD.NAD:DSD_NAMAIN1@DF_QNA(1.1),Q,Y,CAN,S1,S1,P6,_Z,_Z,_Z,XDC,V,N,T0102,1975-Q2,9685,,,F,1,A,6,CAD
OECD.SDD.NAD:DSD_NAMAIN1@DF_QNA(1.1),Q,Y,CAN,S1,S1,P7,_Z,_Z,_Z,XDC,V,N,T0102,2026-Q2,281917,,,F,1,A,6,CAD
OECD.SDD.NAD:DSD_NAMAIN1@DF_QNA(1.1),Q,Y,CAN,S1,S1,P7,_Z,_Z,_Z,XDC,V,N,T0102,2026-Q1,272546,,,F,1,A,6,CAD
OECD.SDD.NAD:DSD_NAMAIN1@DF_QNA(1.1),Q,Y,CAN,S1,S1,P6,_Z,_Z,_Z,XDC,V,N,T0102,2025-Q3,248366,,,F,1,A,6,CAD
OECD.SDD.NAD:DSD_NAMAIN1@DF_QNA(1.1),Q,Y,CAN,S1,S1,P7,_Z,_Z,_Z,XDC,V,N,T0102,2025-Q4,260335,,,F,1,A,6,CAD
OECD.SDD.NAD:DSD_NAMAIN1@DF_QNA(1.1),Q,Y,CAN,S1,S1,P7,_Z,_Z,_Z,XDC,V,N,T0102,2017-Q2,183476,,,F,1,A,6,CAD
OECD.SDD.NAD:DSD_NAMAIN1@DF_QNA(1.1),Q,Y,CAN,S1,S1,P7,_Z,_Z,_Z,XDC,V,N,T0102,2017-Q1,177761,,,F,1,A,6,CAD
OECD.SDD.NAD:DSD_NAMAIN1@DF_QNA(1.1),Q,Y,CAN,S1,S1,P7,_Z,_Z,_Z,XDC,V,N,T0102,2015-Q2,169325,,,F,1,A,6,CAD
OECD.SDD.NAD:DSD_NAMAIN1@DF_QNA(1.1),Q,Y,CAN,S1,S1,P7,_Z,_Z,_Z,XDC,V,N,T0102,2013-Q4,153686,,,F,1,A,6,CAD
OECD.SDD.NAD:DSD_NAMAIN1@DF_QNA(1.1),Q,Y,CAN,S1,S1,P7,_Z,_Z,_Z,XDC,V,N,T0102,2012-Q4,146612,,,F,1,A,6,CAD
OECD.SDD.NAD:DSD_NAMAIN1@DF_QNA(1.1),Q,Y,CAN,S1,S1,P7,_Z,_Z,_Z,XDC,V,N,T0102,2012-Q3,147379,,,F,1,A,6,CAD
OECD.SDD.NAD:DSD_NAMAIN1@DF_QNA(1.1),Q,Y,CAN,S1,S1,P7,_Z,_Z,_Z,XDC,V,N,T0102,2025-Q3,255921,,,F,1,A,6,CAD
OECD.SDD.NAD:DSD_NAMAIN1@DF_QNA(1.1),Q,Y,CAN,S1,S1,P7,_Z,_Z,_Z,XDC,V,N,T0102,2005-Q4,119495,,,F,1,A,6,CAD
OECD.SDD.NAD:DSD_NAMAIN1@DF_QNA(1.1),Q,Y,CAN,S1,S1,P7,_Z,_Z,_Z,XDC,V,N,T0102,2003-Q3,100736,,,F,1,A,6,CAD
OECD.SDD.NAD:DSD_NAMAIN1@DF_QNA(1.1),Q,Y,CAN,S1,S1,P7,_Z,_Z,_Z,XDC,V,N,T0102,2008-Q4,137092,,,F,1,A,6,CAD
OECD.SDD.NAD:DSD_NAMAIN1@DF_QNA(1.1),Q,Y,CAN,S1,S1,P7,_Z,_Z,_Z,XDC,V,N,T0102,2007-Q3,126543,,,F,1,A,6,CAD
OECD.SDD.NAD:DSD_NAMAIN1@DF_QNA(1.1),Q,Y,CAN,S1,S1,P7,_Z,_Z,_Z,XDC,V,N,T0102,2007-Q2,126624,,,F,1,A,6,CAD
OECD.SDD.NAD:DSD_NAMAIN1@DF_QNA(1.1),Q,Y,CAN,S1,S1,P7,_Z,_Z,_Z,XDC,V,N,T0102,2016-Q1,172435,,,F,1,A,6,CAD
OECD.SDD.NAD:DSD_NAMAIN1@DF_QNA(1.1),Q,Y,CAN,S1,S1,P7,_Z,_Z,_Z,XDC,V,N,T0102,2014-Q3,163474,,,F,1,A,6,CAD
OECD.SDD.NAD:DSD_NAMAIN1@DF_QNA(1.1),Q,Y,CAN,S1,S1,P7,_Z,_Z,_Z,XDC,V,N,T0102,2013-Q3,153051,,,F,1,A,6,CAD
OECD.SDD.NAD:DSD_NAMAIN1@DF_QNA(1.1),Q,Y,CAN,S1,S1,P7,_Z,_Z,_Z,XDC,V,N,T0102,1999-Q2,93662,,,F,1,A,6,CAD
OECD.SDD.NAD:DSD_NAMAIN1@DF_QNA(1.1),Q,Y,CAN,S1,S1,P7,_Z,_Z,_Z,XDC,V,N,T0102,2011-Q2,139573,,,F,1,A,6,CAD
OECD.SDD.NAD:DSD_NAMAIN1@DF_QNA(1.1),Q,Y,CAN,S1,S1,P7,_Z,_Z,_Z,XDC,V,N,T0102,2011-Q1,136124,,,F,1,A,6,CAD
OECD.SDD.NAD:DSD_NAMAIN1@DF_QNA(1.1),Q,Y,CAN,S1,S1,P7,_Z,_Z,_Z,XDC,V,N,T0102,2010-Q1,124394,,,F,1,A,6,CAD
OECD.SDD.NAD:DSD_NAMAIN1@DF_QNA(1.1),Q,Y,CAN,S1,S1,P7,_Z,_Z,_Z,XDC,V,N,T0102,2018-Q3,193978,,,F,1,A,6,CAD
OECD.SDD.NAD:DSD_NAMAIN1@DF_QNA(1.1),Q,Y,CAN,S1,S1,P7,_Z,_Z,_Z,XDC,V,N,T0102,1998-Q2,88173,,,F,1,A,6,CAD
OECD.SDD.NAD:DSD_NAMAIN1@DF_QNA(1.1),Q,Y,CAN,S1,S1,P7,_Z,_Z,_Z,XDC,V,N,T0102,2017-Q3,176331,,,F,1,A,6,CAD
OECD.SDD.NAD:DSD_NAMAIN1@DF_QNA(1.1),Q,Y,CAN,S1,S1,P7,_Z,_Z,_Z,XDC,V,N,T0102,2019-Q3,195251,,,F,1,A,6,CAD
OECD.SDD.NAD:DSD_NAMAIN1@DF_QNA(1.1),Q,Y,CAN,S1,S1,P7,_Z,_Z,_Z,XDC,V,N,T0102,2025-Q2,261569,,,F,1,A,6,CAD
OECD.SDD.NAD:DSD_NAMAIN1@DF_QNA(1.1),Q,Y,CAN,S1,S1,P7,_Z,_Z,_Z,XDC,V,N,T0102,2025-Q1,267233,,,F,1,A,6,CAD
OECD.SDD.NAD:DSD_NAMAIN1@DF_QNA(1.1),Q,Y,CAN,S1,S1,P7,_Z,_Z,_Z,XDC,V,N,T0102,1968-Q3,3804,,,F,1,A,6,CAD
OECD.SDD.NAD:DSD_NAMAIN1@DF_QNA(1.1),Q,Y,CAN,S1,S1,P7,_Z,_Z,_Z,XDC,V,N,T0102,1968-Q2,3661,,,F,1,A,6,CAD
OECD.SDD.NAD:DSD_NAMAIN1@DF_QNA(1.1),Q,Y,CAN,S1,S1,P7,_Z,_Z,_Z,XDC,V,N,T0102,1968-Q1,3754,,,F,1,A,6,CAD
OECD.SDD.NAD:DSD_NAMAIN1@DF_QNA(1.1),Q,Y,CAN,S1,S1,P7,_Z,_Z,_Z,XDC,V,N,T0102,1967-Q4,3394,,,F,1,A,6,CAD
OECD.SDD.NAD:DSD_NAMAIN1@DF_QNA(1.1),Q,Y,CAN,S1,S1,P7,_Z,_Z,_Z,XDC,V,N,T0102,1967-Q3,3430,,,F,1,A,6,CAD
OECD.SDD.NAD:DSD_NAMAIN1@DF_QNA(1.1),Q,Y,CAN,S1,S1,P7,_Z,_Z,_Z,XDC,V,N,T0102,1967-Q2,3435,,,F,1,A,6,CAD
OECD.SDD.NAD:DSD_NAMAIN1@DF_QNA(1.1),Q,Y,CAN,S1,S1,P7,_Z,_Z,_Z,XDC,V,N,T0102,1967-Q1,3370,,,F,1,A,6,CAD
OECD.SDD.NAD:DSD_NAMAIN1@DF_QNA(1.1),Q,Y,CAN,S1,S1,P7,_Z,_Z,_Z,XDC,V,N,T0102,1966-Q4,3353,,,F,1,A,6,CAD
OECD.SDD.NAD:DSD_NAMAIN1@DF_QNA(1.1),Q,Y,CAN,S1,S1,P7,_Z,_Z,_Z,XDC,V,N,T0102,1966-Q3,3219,,,F,1,A,6,CAD
OECD.SDD.NAD:DSD_NAMAIN1@DF_QNA(1.1),Q,Y,CAN,S1,S1,P7,_Z,_Z,_Z,XDC,V,N,T0102,1966-Q2,3102,,,F,1,A,6,CAD
OECD.SDD.NAD:DSD_NAMAIN1@DF_QNA(1.1),Q,Y,CAN,S1,S1,P7,_Z,_Z,_Z,XDC,V,N,T0102,1966-Q1,3025,,,F,1,A,6,CAD
OECD.SDD.NAD:DSD_NAMAIN1@DF_QNA(1.1),Q,Y,CAN,S1,S1,P7,_Z,_Z,_Z,XDC,V,N,T0102,1965-Q4,2962,,,F,1,A,6,CAD
OECD.SDD.NAD:DSD_NAMAIN1@DF_QNA(1.1),Q,Y,CAN,S1,S1,P7,_Z,_Z,_Z,XDC,V,N,T0102,1965-Q3,2758,,,F,1,A,6,CAD
OECD.SDD.NAD:DSD_NAMAIN1@DF_QNA(1.1),Q,Y,CAN,S1,S1,P7,_Z,_Z,_Z,XDC,V,N,T0102,1965-Q2,2654,,,F,1,A,6,CAD
OECD.SDD.NAD:DSD_NAMAIN1@DF_QNA(1.1),Q,Y,CAN,S1,S1,P7,_Z,_Z,_Z,XDC,V,N,T0102,1965-Q1,2585,,,F,1,A,6,CAD
OECD.SDD.NAD:DSD_NAMAIN1@DF_QNA(1.1),Q,Y,CAN,S1,S1,P7,_Z,_Z,_Z,XDC,V,N,T0102,1964-Q4,2450,,,F,1,A,6,CAD
OECD.SDD.NAD:DSD_NAMAIN1@DF_QNA(1.1),Q,Y,CAN,S1,S1,P7,_Z,_Z,_Z,XDC,V,N,T0102,1964-Q3,2385,,,F,1,A,6,CAD
OECD.SDD.NAD:DSD_NAMAIN1@DF_QNA(1.1),Q,Y,CAN,S1,S1,P7,_Z,_Z,_Z,XDC,V,N,T0102,1964-Q2,2431,,,F,1,A,6,CAD
OECD.SDD.NAD:DSD_NAMAIN1@DF_QNA(1.1),Q,Y,CAN,S1,S1,P7,_Z,_Z,_Z,XDC,V,N,T0102,1964-Q1,2354,,,F,1,A,6,CAD
OECD.SDD.NAD:DSD_NAMAIN1@DF_QNA(1.1),Q,Y,CAN,S1,S1,P7,_Z,_Z,_Z,XDC,V,N,T0102,1963-Q4,2237,,,F,1,A,6,CAD
OECD.SDD.NAD:DSD_NAMAIN1@DF_QNA(1.1),Q,Y,CAN,S1,S1,P7,_Z,_Z,_Z,XDC,V,N,T0102,1963-Q3,2174,,,F,1,A,6,CAD
OECD.SDD.NAD:DSD_NAMAIN1@DF_QNA(1.1),Q,Y,CAN,S1,S1,P7,_Z,_Z,_Z,XDC,V,N,T0102,1963-Q2,2061,,,F,1,A,6,CAD
OECD.SDD.NAD:DSD_NAMAIN1@DF_QNA(1.1),Q,Y,CAN,S1,S1,P7,_Z,_Z,_Z,XDC,V,N,T0102,1963-Q1,1999,,,F,1,A,6,CAD
OECD.SDD.NAD:DSD_NAMAIN1@DF_QNA(1.1),Q,Y,CAN,S1,S1,P7,_Z,_Z,_Z,XDC,V,N,T0102,1962-Q4,1971,,,F,1,A,6,CAD
OECD.SDD.NAD:DSD_NAMAIN1@DF_QNA(1.1),Q,Y,CAN,S1,S1,P7,_Z,_Z,_Z,XDC,V,N,T0102,1962-Q3,2039,,,F,1,A,6,CAD
OECD.SDD.NAD:DSD_NAMAIN1@DF_QNA(1.1),Q,Y,CAN,S1,S1,P7,_Z,_Z,_Z,XDC,V,N,T0102,1962-Q2,2048,,,F,1,A,6,CAD
OECD.SDD.NAD:DSD_NAMAIN1@DF_QNA(1.1),Q,Y,CAN,S1,S1,P7,_Z,_Z,_Z,XDC,V,N,T0102,1962-Q1,2059,,,F,1,A,6,CAD
OECD.SDD.NAD:DSD_NAMAIN1@DF_QNA(1.1),Q,Y,CAN,S1,S1,P7,_Z,_Z,_Z,XDC,V,N,T0102,1961-Q4,2033,,,F,1,A,6,CAD
OECD.SDD.NAD:DSD_NAMAIN1@DF_QNA(1.1),Q,Y,CAN,S1,S1,P7,_Z,_Z,_Z,XDC,V,N,T0102,1961-Q3,1892,,,F,1,A,6,CAD
OECD.SDD.NAD:DSD_NAMAIN1@DF_QNA(1.1),Q,Y,CAN,S1,S1,P7,_Z,_Z,_Z,XDC,V,N,T0102,1961-Q2,1829,,,F,1,A,6,CAD
OECD.SDD.NAD:DSD_NAMAIN1@DF_QNA(1.1),Q,Y,CAN,S1,S1,P7,_Z,_Z,_Z,XDC,V,N,T0102,1961-Q1,1824,,,F,1,A,6,CAD
OECD.SDD.NAD:DSD_NAMAIN1@DF_QNA(1.1),Q,Y,CAN,S1,S1,P7,_Z,_Z,_Z,XDC,V,N,T0102,1992-Q2,47066,,,F,1,A,6,CAD
OECD.SDD.NAD:DSD_NAMAIN1@DF_QNA(1.1),Q,Y,CAN,S1,S1,P7,_Z,_Z,_Z,XDC,V,N,T0102,2006-Q4,124197,,,F,1,A,6,CAD
OECD.SDD.NAD:DSD_NAMAIN1@DF_QNA(1.1),Q,Y,CAN,S1,S1,P7,_Z,_Z,_Z,XDC,V,N,T0102,2012-Q2,148232,,,F,1,A,6,CAD
OECD.SDD.NAD:DSD_NAMAIN1@DF_QNA(1.1),Q,Y,CAN,S1,S1,P7,_Z,_Z,_Z,XDC,V,N,T0102,2011-Q3,142210,,,F,1,A,6,CAD
OECD.SDD.NAD:DSD_NAMAIN1@DF_QNA(1.1),Q,Y,CAN,S1,S1,P7,_Z,_Z,_Z,XDC,V,N,T0102,2000-Q3,107440,,,F,1,A,6,CAD
OECD.SDD.NAD:DSD_NAMAIN1@DF_QNA(1.1),Q,Y,CAN,S1,S1,P7,_Z,_Z,_Z,XDC,V,N,T0102,2013-Q2,150818,,,F,1,A,6,CAD
OECD.SDD.NAD:DSD_NAMAIN1@DF_QNA(1.1),Q,Y,CAN,S1,S1,P7,_Z,_Z,_Z,XDC,V,N,T0102,2009-Q1,120415,,,F,1,A,6,CAD
OECD.SDD.NAD:DSD_NAMAIN1@DF_QNA(1.1),Q,Y,CAN,S1,S1,B1GQ,_Z,_Z,_Z,XDC,V,N,T0102,1999-Q3,255327,,,F,1,A,6,CAD
OECD.SDD.NAD:DSD_NAMAIN1@DF_QNA(1.1),Q,Y,CAN,S1,S1,B1GQ,_Z,_Z,_Z,XDC,V,N,T0102,2000-Q2,274862,,,F,1,A,6,CAD
OECD.SDD.NAD:DSD_NAMAIN1@DF_QNA(1.1),Q,Y,CAN,S1,S1,B1GQ,_Z,_Z,_Z,XDC,V,N,T0102,2010-Q3,416343,,,F,1,A,6,CAD
OECD.SDD.NAD:DSD_NAMAIN1@DF_QNA(1.1),Q,Y,CAN,S1,S1,B1GQ,_Z,_Z,_Z,XDC,V,N,T0102,2013-Q1,469211,,,F,1,A,6,CAD
OECD.SDD.NAD:DSD_NAMAIN1@DF_QNA(1.1),Q,Y,CAN,S1,S1,B1GQ,_Z,_Z,_Z,XDC,V,N,T0102,2014-Q1,490863,,,F,1,A,6,CAD
OECD.SDD.NAD:DSD_NAMAIN1@DF_QNA(1.1),Q,Y,CAN,S1,S1,B1GQ,_Z,_Z,_Z,XDC,V,N,T0102,2014-Q2,497101,,,F,1,A,6,CAD
OECD.SDD.NAD:DSD_NAMAIN1@DF_QNA(1.1),Q,Y,CAN,S1,S1,B1GQ,_Z,_Z,_Z,XDC,V,N,T0102,2015-Q3,500216,,,F,1,A,6,CAD
OECD.SDD.NAD:DSD_NAMAIN1@DF_QNA(1.1),Q,Y,CAN,S1,S1,B1GQ,_Z,_Z,_Z,XDC,V,N,T0102,2015-Q4,497920,,,F,1,A,6,CAD
OECD.SDD.NAD:DSD_NAMAIN1@DF_QNA(1.1),Q,Y,CAN,S1,S1,B1GQ,_Z,_Z,_Z,XDC,V,N,T0102,2016-Q4,516537,,,F,1,A,6,CAD
OECD.SDD.NAD:DSD_NAMAIN1@DF_QNA(1.1),Q,Y,CAN,S1,S1,P7,_Z,_Z,_Z,XDC,V,N,T0102,1995-Q3,67839,,,F,1,A,6,CAD
OECD.SDD.NAD:DSD_NAMAIN1@DF_QNA(1.1),Q,Y,CAN,S1,S1,P7,_Z,_Z,_Z,XDC,V,N,T0102,2009-Q4,119773,,,F,1,A,6,CAD
OECD.SDD.NAD:DSD_NAMAIN1@DF_QNA(1.1),Q,Y,CAN,S1,S1,P7,_Z,_Z,_Z,XDC,V,N,T0102,2009-Q3,116976,,,F,1,A,6,CAD
OECD.SDD.NAD:DSD_NAMAIN1@DF_QNA(1.1),Q,Y,CAN,S1,S1,P7,_Z,_Z,_Z,XDC,V,N,T0102,2008-Q2,136012,,,F,1,A,6,CAD
OECD.SDD.NAD:DSD_NAMAIN1@DF_QNA(1.1),Q,Y,CAN,S1,S1,P7,_Z,_Z,_Z,XDC,V,N,T0102,2008-Q1,128505,,,F,1,A,6,CAD
OECD.SDD.NAD:DSD_NAMAIN1@DF_QNA(1.1),Q,Y,CAN,S1,S1,P7,_Z,_Z,_Z,XDC,V,N,T0102,1980-Q2,20415,,,F,1,A,6,CAD
OECD.SDD.NAD:DSD_NAMAIN1@DF_QNA(1.1),Q,Y,CAN,S1,S1,P7,_Z,_Z,_Z,XDC,V,N,T0102,1980-Q1,20365,,,F,1,A,6,CAD
OECD.SDD.NAD:DSD_NAMAIN1@DF_QNA(1.1),Q,Y,CAN,S1,S1,P7,_Z,_Z,_Z,XDC,V,N,T0102,1979-Q4,19858,,,F,1,A,6,CAD
OECD.SDD.NAD:DSD_NAMAIN1@DF_QNA(1.1),Q,Y,CAN,S1,S1,P7,_Z,_Z,_Z,XDC,V,N,T0102,1979-Q3,18902,,,F,1,A,6,CAD
OECD.SDD.NAD:DSD_NAMAIN1@DF_QNA(1.1),Q,Y,CAN,S1,S1,P7,_Z,_Z,_Z,XDC,V,N,T0102,1979-Q2,17610,,,F,1,A,6,CAD
OECD.SDD.NAD:DSD_NAMAIN1@DF_QNA(1.1),Q,Y,CAN,S1,S1,P7,_Z,_Z,_Z,XDC,V,N,T0102,1979-Q1,17652,,,F,1,A,6,CAD
OECD.SDD.NAD:DSD_NAMAIN1@DF_QNA(1.1),Q,Y,CAN,S1,S1,P7,_Z,_Z,_Z,XDC,V,N,T0102,1978-Q4,16935,,,F,1,A,6,CAD
OECD.SDD.NAD:DSD_NAMAIN1@DF_QNA(1.1),Q,Y,CAN,S1,S1,P7,_Z,_Z,_Z,XDC,V,N,T0102,1978-Q3,15397,,,F,1,A,6,CAD
OECD.SDD.NAD:DSD_NAMAIN1@DF_QNA(1.1),Q,Y,CAN,S1,S1,P7,_Z,_Z,_Z,XDC,V,N,T0102,1978-Q2,14817,,,F,1,A,6,CAD
OECD.SDD.NAD:DSD_NAMAIN1@DF_QNA(1.1),Q,Y,CAN,S1,S1,P7,_Z,_Z,_Z,XDC,V,N,T0102,1978-Q1,13692,,,F,1,A,6,CAD
OECD.SDD.NAD:DSD_NAMAIN1@DF_QNA(1.1),Q,Y,CAN,S1,S1,P7,_Z,_Z,_Z,XDC,V,N,T0102,1977-Q4,13352,,,F,1,A,6,CAD
OECD.SDD.NAD:DSD_NAMAIN1@DF_QNA(1.1),Q,Y,CAN,S1,S1,P7,_Z,_Z,_Z,XDC,V,N,T0102,1977-Q3,13221,,,F,1,A,6,CAD
OECD.SDD.NAD:DSD_NAMAIN1@DF_QNA(1.1),Q,Y,CAN,S1,S1,P7,_Z,_Z,_Z,XDC,V,N,T0102,1977-Q2,13056,,,F,1,A,6,CAD
OECD.SDD.NAD:DSD_NAMAIN1@DF_QNA(1.1),Q,Y,CAN,S1,S1,P7,_Z,_Z,_Z,XDC,V,N,T0102,1977-Q1,12434,,,F,1,A,6,CAD
OECD.SDD.NAD:DSD_NAMAIN1@DF_QNA(1.1),Q,Y,CAN,S1,S1,P7,_Z,_Z,_Z,XDC,V,N,T0102,2006-Q1,118973,,,F,1,A,6,CAD
OECD.SDD.NAD:DSD_NAMAIN1@DF_QNA(1.1),Q,Y,CAN,S1,S1,P7,_Z,_Z,_Z,XDC,V,N,T0102,2005-Q1,114481,,,F,1,A,6,CAD
OECD.SDD.NAD:DSD_NAMAIN1@DF_QNA(1.1),Q,Y,CAN,S1,S1,P7,_Z,_Z,_Z,XDC,V,N,T0102,1976-Q4,11758,,,F,1,A,6,CAD
OECD.SDD.NAD:DSD_NAMAIN1@DF_QNA(1.1),Q,Y,CAN,S1,S1,P7,_Z,_Z,_Z,XDC,V,N,T0102,1976-Q3,11519,,,F,1,A,6,CAD
OECD.SDD.NAD:DSD_NAMAIN1@DF_QNA(1.1),Q,Y,CAN,S1,S1,P7,_Z,_Z,_Z,XDC,V,N,T0102,1976-Q2,11596,,,F,1,A,6,CAD
OECD.SDD.NAD:DSD_NAMAIN1@DF_QNA(1.1),Q,Y,CAN,S1,S1,P7,_Z,_Z,_Z,XDC,V,N,T0102,2007-Q4,124905,,,F,1,A,6,CAD
OECD.SDD.NAD:DSD_NAMAIN1@DF_QNA(1.1),Q,Y,CAN,S1,S1,P7,_Z,_Z,_Z,XDC,V,N,T0102,2006-Q2,121985,,,F,1,A,6,CAD
OECD.SDD.NAD:DSD_NAMAIN1@DF_QNA(1.1),Q,Y,CAN,S1,S1,P7,_Z,_Z,_Z,XDC,V,N,T0102,1976-Q1,11279,,,F,1,A,6,CAD
OECD.SDD.NAD:DSD_NAMAIN1@DF_QNA(1.1),Q,Y,CAN,S1,S1,P7,_Z,_Z,_Z,XDC,V,N,T0102,1975-Q4,10870,,,F,1,A,6,CAD
OECD.SDD.NAD:DSD_NAMAIN1@DF_QNA(1.1),Q,Y,CAN,S1,S1,P7,_Z,_Z,_Z,XDC,V,N,T0102,1975-Q3,10617,,,F,1,A,6,CAD
OECD.SDD.NAD:DSD_NAMAIN1@DF_QNA(1.1),Q,Y,CAN,S1,S1,P7,_Z,_Z,_Z,XDC,V,N,T0102,1975-Q2,10454,,,F,1,A,6,CAD
OECD.SDD.NAD:DSD_NAMAIN1@DF_QNA(1.1),Q,Y,CAN,S1,S1,P7,_Z,_Z,_Z,XDC,V,N,T0102,1975-Q1,10455,,,F,1,A,6,CAD
OECD.SDD.NAD:DSD_NAMAIN1@DF_QNA(1.1),Q,Y,CAN,S1,S1,P7,_Z,_Z,_Z,XDC,V,N,T0102,1974-Q4,10397,,,F,1,A,6,CAD
OECD.SDD.NAD:DSD_NAMAIN1@DF_QNA(1.1),Q,Y,CAN,S1,S1,P7,_Z,_Z,_Z,XDC,V,N,T0102,1974-Q3,9937,,,F,1,A,6,CAD
OECD.SDD.NAD:DSD_NAMAIN1@DF_QNA(1.1),Q,Y,CAN,S1,S1,P7,_Z,_Z,_Z,XDC,V,N,T0102,1974-Q2,9110,,,F,1,A,6,CAD
OECD.SDD.NAD:DSD_NAMAIN1@DF_QNA(1.1),Q,Y,CAN,S1,S1,P7,_Z,_Z,_Z,XDC,V,N,T0102,1974-Q1,8477,,,F,1,A,6,CAD
OECD.SDD.NAD:DSD_NAMAIN1@DF_QNA(1.1),Q,Y,CAN,S1,S1,P7,_Z,_Z,_Z,XDC,V,N,T0102,1973-Q4,7818,,,F,1,A,6,CAD
OECD.SDD.NAD:DSD_NAMAIN1@DF_QNA(1.1),Q,Y,CAN,S1,S1,P7,_Z,_Z,_Z,XDC,V,N,T0102,1973-Q3,7147,,,F,1,A,6,CAD
OECD.SDD.NAD:DSD_NAMAIN1@DF_QNA(1.1),Q,Y,CAN,S1,S1,P7,_Z,_Z,_Z,XDC,V,N,T0102,1973-Q2,6856,,,F,1,A,6,CAD
OECD.SDD.NAD:DSD_NAMAIN1@DF_QNA(1.1),Q,Y,CAN,S1,S1,P7,_Z,_Z,_Z,XDC,V,N,T0102,1973-Q1,6642,,,F,1,A,6,CAD
OECD.SDD.NAD:DSD_NAMAIN1@DF_QNA(1.1),Q,Y,CAN,S1,S1,P7,_Z,_Z,_Z,XDC,V,N,T0102,1972-Q4,6216,,,F,1,A,6,CAD
OECD.SDD.NAD:DSD_NAMAIN1@DF_QNA(1.1),Q,Y,CAN,S1,S1,P7,_Z,_Z,_Z,XDC,V,N,T0102,1972-Q3,5894,,,F,1,A,6,CAD
OECD.SDD.NAD:DSD_NAMAIN1@DF_QNA(1.1),Q,Y,CAN,S1,S1,P7,_Z,_Z,_Z,XDC,V,N,T0102,1972-Q2,5689,,,F,1,A,6,CAD
OECD.SDD.NAD:DSD_NAMAIN1@DF_QNA(1.1),Q,Y,CAN,S1,S1,P7,_Z,_Z,_Z,XDC,V,N,T0102,1972-Q1,5378,,,F,1,A,6,CAD
OECD.SDD.NAD:DSD_NAMAIN1@DF_QNA(1.1),Q,Y,CAN,S1,S1,P7,_Z,_Z,_Z,XDC,V,N,T0102,1971-Q4,5303,,,F,1,A,6,CAD
OECD.SDD.NAD:DSD_NAMAIN1@DF_QNA(1.1),Q,Y,CAN,S1,S1,P7,_Z,_Z,_Z,XDC,V,N,T0102,1971-Q3,5191,,,F,1,A,6,CAD
OECD.SDD.NAD:DSD_NAMAIN1@DF_QNA(1.1),Q,Y,CAN,S1,S1,P7,_Z,_Z,_Z,XDC,V,N,T0102,1971-Q2,4849,,,F,1,A,6,CAD
OECD.SDD.NAD:DSD_NAMAIN1@DF_QNA(1.1),Q,Y,CAN,S1,S1,P7,_Z,_Z,_Z,XDC,V,N,T0102,1971-Q1,4463,,,F,1,A,6,CAD
OECD.SDD.NAD:DSD_NAMAIN1@DF_QNA(1.1),Q,Y,CAN,S1,S1,P7,_Z,_Z,_Z,XDC,V,N,T0102,1970-Q4,4322,,,F,1,A,6,CAD
OECD.SDD.NAD:DSD_NAMAIN1@DF_QNA(1.1),Q,Y,CAN,S1,S1,P7,_Z,_Z,_Z,XDC,V,N,T0102,1970-Q3,4561,,,F,1,A,6,CAD
OECD.SDD.NAD:DSD_NAMAIN1@DF_QNA(1.1),Q,Y,CAN,S1,S1,P7,_Z,_Z,_Z,XDC,V,N,T0102,1970-Q2,4637,,,F,1,A,6,CAD
OECD.SDD.NAD:DSD_NAMAIN1@DF_QNA(1.1),Q,Y,CAN,S1,S1,P7,_Z,_Z,_Z,XDC,V,N,T0102,1970-Q1,4586,,,F,1,A,6,CAD
OECD.SDD.NAD:DSD_NAMAIN1@DF_QNA(1.1),Q,Y,CAN,S1,S1,P7,_Z,_Z,_Z,XDC,V,N,T0102,2001-Q1,106303,,,F,1,A,6,CAD
OECD.SDD.NAD:DSD_NAMAIN1@DF_QNA(1.1),Q,Y,CAN,S1,S1,P7,_Z,_Z,_Z,XDC,V,N,T0102,2000-Q1,103368,,,F,1,A,6,CAD
OECD.SDD.NAD:DSD_NAMAIN1@DF_QNA(1.1),Q,Y,CAN,S1,S1,P7,_Z,_Z,_Z,XDC,V,N,T0102,1999-Q4,101475,,,F,1,A,6,CAD
OECD.SDD.NAD:DSD_NAMAIN1@DF_QNA(1.1),Q,Y,CAN,S1,S1,P7,_Z,_Z,_Z,XDC,V,N,T0102,2000-Q4,109445,,,F,1,A,6,CAD
OECD.SDD.NAD:DSD_NAMAIN1@DF_QNA(1.1),Q,Y,CAN,S1,S1,P7,_Z,_Z,_Z,XDC,V,N,T0102,1999-Q1,93503,,,F,1,A,6,CAD
OECD.SDD.NAD:DSD_NAMAIN1@DF_QNA(1.1),Q,Y,CAN,S1,S1,P7,_Z,_Z,_Z,XDC,V,N,T0102,1998-Q4,93522,,,F,1,A,6,CAD
OECD.SDD.NAD:DSD_NAMAIN1@DF_QNA(1.1),Q,Y,CAN,S1,S1,P7,_Z,_Z,_Z,XDC,V,N,T0102,1998-Q3,89036,,,F,1,A,6,CAD
OECD.SDD.NAD:DSD_NAMAIN1@DF_QNA(1.1),Q,Y,CAN,S1,S1,P7,_Z,_Z,_Z,XDC,V,N,T0102,1994-Q2,62315,,,F,1,A,6,CAD
OECD.SDD.NAD:DSD_NAMAIN1@DF_QNA(1.1),Q,Y,CAN,S1,S1,P7,_Z,_Z,_Z,XDC,V,N,T0102,1994-Q1,57757,,,F,1,A,6,CAD
OECD.SDD.NAD:DSD_NAMAIN1@DF_QNA(1.1),Q,Y,CAN,S1,S1,P7,_Z,_Z,_Z,XDC,V,N,T0102,1993-Q2,53460,,,F,1,A,6,CAD
OECD.SDD.NAD:DSD_NAMAIN1@DF_QNA(1.1),Q,Y,CAN,S1,S1,P7,_Z,_Z,_Z,XDC,V,N,T0102,1993-Q1,51453,,,F,1,A,6,CAD
OECD.SDD.NAD:DSD_NAMAIN1@DF_QNA(1.1),Q,Y,CAN,S1,S1,P7,_Z,_Z,_Z,XDC,V,N,T0102,1992-Q4,49402,,,F,1,A,6,CAD
OECD.SDD.NAD:DSD_NAMAIN1@DF_QNA(1.1),Q,Y,CAN,S1,S1,P7,_Z,_Z,_Z,XDC,V,N,T0102,1993-Q4,57384,,,F,1,A,6,CAD
OECD.SDD.NAD:DSD_NAMAIN1@DF_QNA(1.1),Q,Y,CAN,S1,S1,P7,_Z,_Z,_Z,XDC,V,N,T0102,1993-Q3,55152,,,F,1,A,6,CAD
OECD.SDD.NAD:DSD_NAMAIN1@DF_QNA(1.1),Q,Y,CAN,S1,S1,P7,_Z,_Z,_Z,XDC,V,N,T0102,1969-Q2,4465,,,F,1,A,6,CAD
OECD.SDD.NAD:DSD_NAMAIN1@DF_QNA(1.1),Q,Y,CAN,S1,S1,P7,_Z,_Z,_Z,XDC,V,N,T0102,1969-Q1,4413,,,F,1,A,6,CAD
OECD.SDD.NAD:DSD_NAMAIN1@DF_QNA(1.1),Q,Y,CAN,S1,S1,P7,_Z,_Z,_Z,XDC,V,N,T0102,1968-Q4,4233,,,F,1,A,6,CAD
OECD.SDD.NAD:DSD_NAMAIN1@DF_QNA(1.1),Q,Y,CAN,S1,S1,P7,_Z,_Z,_Z,XDC,V,N,T0102,1981-Q3,23955,,,F,1,A,6,CAD
OECD.SDD.NAD:DSD_NAMAIN1@DF_QNA(1.1),Q,Y,CAN,S1,S1,P7,_Z,_Z,_Z,XDC,V,N,T0102,1981-Q2,24738,,,F,1,A,6,CAD
OECD.SDD.NAD:DSD_NAMAIN1@DF_QNA(1.1),Q,Y,CAN,S1,S1,P7,_Z,_Z,_Z,XDC,V,N,T0102,1981-Q1,22993,,,F,1,A,6,CAD
OECD.SDD.NAD:DSD_NAMAIN1@DF_QNA(1.1),Q,Y,CAN,S1,S1,P7,_Z,_Z,_Z,XDC,V,N,T0102,1980-Q4,21990,,,F,1,A,6,CAD
OECD.SDD.NAD:DSD_NAMAIN1@DF_QNA(1.1),Q,Y,CAN,S1,S1,P7,_Z,_Z,_Z,XDC,V,N,T0102,1980-Q3,20151,,,F,1,A,6,CAD
OECD.SDD.NAD:DSD_NAMAIN1@DF_QNA(1.1),Q,Y,CAN,S1,S1,B1GQ,_Z,_Z,_Z,XDC,V,N,T0102,1976-Q4,53249,,,F,1,A,6,CAD
OECD.SDD.NAD:DSD_NAMAIN1@DF_QNA(1.1),Q,Y,CAN,S1,S1,B1GQ,_Z,_Z,_Z,XDC,V,N,T0102,1977-Q1,54978,,,F,1,A,6,CAD
OECD.SDD.NAD:DSD_NAMAIN1@DF_QNA(1.1),Q,Y,CAN,S1,S1,B1GQ,_Z,_Z,_Z,XDC,V,N,T0102,1977-Q2,56202,,,F,1,A,6,CAD
OECD.SDD.NAD:DSD_NAMAIN1@DF_QNA(1.1),Q,Y,CAN,S1,S1,B1GQ,_Z,_Z,_Z,XDC,V,N,T0102,1977-Q3,57431,,,F,1,A,6,CAD
OECD.SDD.NAD:DSD_NAMAIN1@DF_QNA(1.1),Q,Y,CAN,S1,S1,B1GQ,_Z,_Z,_Z,XDC,V,N,T0102,1977-Q4,58990,,,F,1,A,6,CAD
OECD.SDD.NAD:DSD_NAMAIN1@DF_QNA(1.1),Q,Y,CAN,S1,S1,B1GQ,_Z,_Z,_Z,XDC,V,N,T0102,1978-Q1,60330,,,F,1,A,6,CAD
OECD.SDD.NAD:DSD_NAMAIN1@DF_QNA(1.1),Q,Y,CAN,S1,S1,B1GQ,_Z,_Z,_Z,XDC,V,N,T0102,1978-Q2,62171,,,F,1,A,6,CAD
OECD.SDD.NAD:DSD_NAMAIN1@DF_QNA(1.1),Q,Y,CAN,S1,S1,B1GQ,_Z,_Z,_Z,XDC,V,N,T0102,1978-Q3,63801,,,F,1,A,6,CAD
OECD.SDD.NAD:DSD_NAMAIN1@DF_QNA(1.1),Q,Y,CAN,S1,S1,B1GQ,_Z,_Z,_Z,XDC,V,N,T0102,1978-Q4,65773,,,F,1,A,6,CAD
OECD.SDD.NAD:DSD_NAMAIN1@DF_QNA(1.1),Q,Y,CAN,S1,S1,B1GQ,_Z,_Z,_Z,XDC,V,N,T0102,1979-Q1,67850,,,F,1,A,6,CAD
OECD.SDD.NAD:DSD_NAMAIN1@DF_QNA(1.1),Q,Y,CAN,S1,S1,B1GQ,_Z,_Z,_Z,XDC,V,N,T0102,1979-Q2,71043,,,F,1,A,6,CAD
OECD.SDD.NAD:DSD_NAMAIN1@DF_QNA(1.1),Q,Y,CAN,S1,S1,B1GQ,_Z,_Z,_Z,XDC,V,N,T0102,1979-Q3,73230,,,F,1,A,6,CAD
OECD.SDD.NAD:DSD_NAMAIN1@DF_QNA(1.1),Q,Y,CAN,S1,S1,B1GQ,_Z,_Z,_Z,XDC,V,N,T0102,1979-Q4,75485,,,F,1,A,6,CAD
OECD.SDD.NAD:DSD_NAMAIN1@DF_QNA(1.1),Q,Y,CAN,S1,S1,B1GQ,_Z,_Z,_Z,XDC,V,N,T0102,1980-Q1,77446,,,F,1,A,6,CAD
OECD.SDD.NAD:DSD_NAMAIN1@DF_QNA(1.1),Q,Y,CAN,S1,S1,B1GQ,_Z,_Z,_Z,XDC,V,N,T0102,1980-Q2,79307,,,F,1,A,6,CAD
OECD.SDD.NAD:DSD_NAMAIN1@DF_QNA(1.1),Q,Y,CAN,S1,S1,B1GQ,_Z,_Z,_Z,XDC,V,N,T0102,1980-Q3,81191,,,F,1,A,6,CAD
OECD.SDD.NAD:DSD_NAMAIN1@DF_QNA(1.1),Q,Y,CAN,S1,S1,B1GQ,_Z,_Z,_Z,XDC,V,N,T0102,1980-Q4,84838,,,F,1,A,6,CAD
OECD.SDD.NAD:DSD_NAMAIN1@DF_QNA(1.1),Q,Y,CAN,S1,S1,B1GQ,_Z,_Z,_Z,XDC,V,N,T0102,1981-Q1,88998,,,F,1,A,6,CAD
OECD.SDD.NAD:DSD_NAMAIN1@DF_QNA(1.1),Q,Y,CAN,S1,S1,B1GQ,_Z,_Z,_Z,XDC,V,N,T0102,1981-Q2,91998,,,F,1,A,6,CAD
OECD.SDD.NAD:DSD_NAMAIN1@DF_QNA(1.1),Q,Y,CAN,S1,S1,B1GQ,_Z,_Z,_Z,XDC,V,N,T0102,1981-Q3,93205,,,F,1,A,6,CAD
OECD.SDD.NAD:DSD_NAMAIN1@DF_QNA(1.1),Q,Y,CAN,S1,S1,B1GQ,_Z,_Z,_Z,XDC,V,N,T0102,1981-Q4,94157,,,F,1,A,6,CAD
OECD.SDD.NAD:DSD_NAMAIN1@DF_QNA(1.1),Q,Y,CAN,S1,S1,B1GQ,_Z,_Z,_Z,XDC,V,N,T0102,1982-Q1,95751,,,F,1,A,6,CAD
OECD.SDD.NAD:DSD_NAMAIN1@DF_QNA(1.1),Q,Y,CAN,S1,S1,B1GQ,_Z,_Z,_Z,XDC,V,N,T0102,1982-Q2,96629,,,F,1,A,6,CAD
OECD.SDD.NAD:DSD_NAMAIN1@DF_QNA(1.1),Q,Y,CAN,S1,S1,B1GQ,_Z,_Z,_Z,XDC,V,N,T0102,1982-Q3,97390,,,F,1,A,6,CAD
OECD.SDD.NAD:DSD_NAMAIN1@DF_QNA(1.1),Q,Y,CAN,S1,S1,B1GQ,_Z,_Z,_Z,XDC,V,N,T0102,1982-Q4,98411,,,F,1,A,6,CAD
OECD.SDD.NAD:DSD_NAMAIN1@DF_QNA(1.1),Q,Y,CAN,S1,S1,B1GQ,_Z,_Z,_Z,XDC,V,N,T0102,1983-Q1,100809,,,F,1,A,6,CAD
OECD.SDD.NAD:DSD_NAMAIN1@DF_QNA(1.1),Q,Y,CAN,S1,S1,B1GQ,_Z,_Z,_Z,XDC,V,N,T0102,1983-Q2,103951,,,F,1,A,6,CAD
OECD.SDD.NAD:DSD_NAMAIN1@DF_QNA(1.1),Q,Y,CAN,S1,S1,B1GQ,_Z,_Z,_Z,XDC,V,N,T0102,1983-Q3,107240,,,F,1,A,6,CAD
OECD.SDD.NAD:DSD_NAMAIN1@DF_QNA(1.1),Q,Y,CAN,S1,S1,B1GQ,_Z,_Z,_Z,XDC,V,N,T0102,1983-Q4,109316,,,F,1,A,6,CAD
OECD.SDD.NAD:DSD_NAMAIN1@DF_QNA(1.1),Q,Y,CAN,S1,S1,B1GQ,_Z,_Z,_Z,XDC,V,N,T0102,1984-Q1,111960,,,F,1,A,6,CAD
OECD.SDD.NAD:DSD_NAMAIN1@DF_QNA(1.1),Q,Y,CAN,S1,S1,B1GQ,_Z,_Z,_Z,XDC,V,N,T0102,1984-Q2,114888,,,F,1,A,6,CAD
OECD.SDD.NAD:DSD_NAMAIN1@DF_QNA(1.1),Q,Y,CAN,S1,S1,B1GQ,_Z,_Z,_Z,XDC,V,N,T0102,1984-Q3,116295,,,F,1,A,6,CAD
OECD.SDD.NAD:DSD_NAMAIN1@DF_QNA(1.1),Q,Y,CAN,S1,S1,B1GQ,_Z,_Z,_Z,XDC,V,N,T0102,1984-Q4,118843,,,F,1,A,6,CAD
OECD.SDD.NAD:DSD_NAMAIN1@DF_QNA(1.1),Q,Y,CAN,S1,S1,B1GQ,_Z,_Z,_Z,XDC,V,N,T0102,1985-Q1,121524,,,F,1,A,6,CAD
OECD.SDD.NAD:DSD_NAMAIN1@DF_QNA(1.1),Q,Y,CAN,S1,S1,B1GQ,_Z,_Z,_Z,XDC,V,N,T0102,1985-Q2,123838,,,F,1,A,6,CAD
OECD.SDD.NAD:DSD_NAMAIN1@DF_QNA(1.1),Q,Y,CAN,S1,S1,B1GQ,_Z,_Z,_Z,XDC,V,N,T0102,1985-Q3,125968,,,F,1,A,6,CAD
OECD.SDD.NAD:DSD_NAMAIN1@DF_QNA(1.1),Q,Y,CAN,S1,S1,B1GQ,_Z,_Z,_Z,XDC,V,N,T0102,1985-Q4,128697,,,F,1,A,6,CAD
OECD.SDD.NAD:DSD_NAMAIN1@DF_QNA(1.1),Q,Y,CAN,S1,S1,B1GQ,_Z,_Z,_Z,XDC,V,N,T0102,1986-Q1,129653,,,F,1,A,6,CAD
OECD.SDD.NAD:DSD_NAMAIN1@DF_QNA(1.1),Q,Y,CAN,S1,S1,B1GQ,_Z,_Z,_Z,XDC,V,N,T0102,1986-Q2,130961,,,F,1,A,6,CAD
OECD.SDD.NAD:DSD_NAMAIN1@DF_QNA(1.1),Q,Y,CAN,S1,S1,B1GQ,_Z,_Z,_Z,XDC,V,N,T0102,1986-Q3,132555,,,F,1,A,6,CAD
OECD.SDD.NAD:DSD_NAMAIN1@DF_QNA(1.1),Q,Y,CAN,S1,S1,P7,_Z,_Z,_Z,XDC,V,N,T0102,1995-Q1,69146,,,F,1,A,6,CAD
OECD.SDD.NAD:DSD_NAMAIN1@DF_QNA(1.1),Q,Y,CAN,S1,S1,P7,_Z,_Z,_Z,XDC,V,N,T0102,1992-Q3,48392,,,F,1,A,6,CAD
OECD.SDD.NAD:DSD_NAMAIN1@DF_QNA(1.1),Q,Y,CAN,S1,S1,P7,_Z,_Z,_Z,XDC,V,N,T0102,2004-Q4,111096,,,F,1,A,6,CAD
OECD.SDD.NAD:DSD_NAMAIN1@DF_QNA(1.1),Q,Y,CAN,S1,S1,P7,_Z,_Z,_Z,XDC,V,N,T0102,2004-Q3,112875,,,F,1,A,6,CAD
OECD.SDD.NAD:DSD_NAMAIN1@DF_QNA(1.1),Q,Y,CAN,S1,S1,P7,_Z,_Z,_Z,XDC,V,N,T0102,2004-Q2,110996,,,F,1,A,6,CAD
OECD.SDD.NAD:DSD_NAMAIN1@DF_QNA(1.1),Q,Y,CAN,S1,S1,B1GQ,_Z,_Z,_Z,XDC,V,N,T0102,2005-Q3,359248,,,F,1,A,6,CAD
OECD.SDD.NAD:DSD_NAMAIN1@DF_QNA(1.1),Q,Y,CAN,S1,S1,B1GQ,_Z,_Z,_Z,XDC,V,N,T0102,2007-Q1,386819,,,F,1,A,6,CAD
OECD.SDD.NAD:DSD_NAMAIN1@DF_QNA(1.1),Q,Y,CAN,S1,S1,B1GQ,_Z,_Z,_Z,XDC,V,N,T0102,2008-Q3,423628,,,F,1,A,6,CAD
OECD.SDD.NAD:DSD_NAMAIN1@DF_QNA(1.1),Q,Y,CAN,S1,S1,B1GQ,_Z,_Z,_Z,XDC,V,N,T0102,2009-Q2,387122,,,F,1,A,6,CAD
OECD.SDD.NAD:DSD_NAMAIN1@DF_QNA(1.1),Q,Y,CAN,S1,S1,B1GQ,_Z,_Z,_Z,XDC,V,N,T0102,2003-Q2,309430,,,F,1,A,6,CAD
OECD.SDD.NAD:DSD_NAMAIN1@DF_QNA(1.1),Q,Y,CAN,S1,S1,B1GQ,_Z,_Z,_Z,XDC,V,N,T0102,1996-Q3,216136,,,F,1,A,6,CAD
OECD.SDD.NAD:DSD_NAMAIN1@DF_QNA(1.1),Q,Y,CAN,S1,S1,B1GQ,_Z,_Z,_Z,XDC,V,N,T0102,1996-Q4,219420,,,F,1,A,6,CAD
OECD.SDD.NAD:DSD_NAMAIN1@DF_QNA(1.1),Q,Y,CAN,S1,S1,B1GQ,_Z,_Z,_Z,XDC,V,N,T0102,1997-Q1,222937,,,F,1,A,6,CAD
OECD.SDD.NAD:DSD_NAMAIN1@DF_QNA(1.1),Q,Y,CAN,S1,S1,B1GQ,_Z,_Z,_Z,XDC,V,N,T0102,1997-Q2,224853,,,F,1,A,6,CAD
OECD.SDD.NAD:DSD_NAMAIN1@DF_QNA(1.1),Q,Y,CAN,S1,S1,B1GQ,_Z,_Z,_Z,XDC,V,N,T0102,1997-Q3,228141,,,F,1,A,6,CAD
OECD.SDD.NAD:DSD_NAMAIN1@DF_QNA(1.1),Q,Y,CAN,S1,S1,B1GQ,_Z,_Z,_Z,XDC,V,N,T0102,1997-Q4,230995,,,F,1,A,6,CAD
OECD.SDD.NAD:DSD_NAMAIN1@DF_QNA(1.1),Q,Y,CAN,S1,S1,B1GQ,_Z,_Z,_Z,XDC,V,N,T0102,2007-Q2,394153,,,F,1,A,6,CAD
OECD.SDD.NAD:DSD_NAMAIN1@DF_QNA(1.1),Q,Y,CAN,S1,S1,B1GQ,_Z,_Z,_Z,XDC,V,N,T0102,2007-Q3,395562,,,F,1,A,6,CAD
OECD.SDD.NAD:DSD_NAMAIN1@DF_QNA(1.1),Q,Y,CAN,S1,S1,B1GQ,_Z,_Z,_Z,XDC,V,N,T0102,2008-Q4,404727,,,F,1,A,6,CAD
OECD.SDD.NAD:DSD_NAMAIN1@DF_QNA(1.1),Q,Y,CAN,S1,S1,B1GQ,_Z,_Z,_Z,XDC,V,N,T0102,2013-Q3,478107,,,F,1,A,6,CAD
OECD.SDD.NAD:DSD_NAMAIN1@DF_QNA(1.1),Q,Y,CAN,S1,S1,B1GQ,_Z,_Z,_Z,XDC,V,N,T0102,2014-Q3,503448,,,F,1,A,6,CAD
OECD.SDD.NAD:DSD_NAMAIN1@DF_QNA(1.1),Q,Y,CAN,S1,S1,B1GQ,_Z,_Z,_Z,XDC,V,N,T0102,2016-Q1,499605,,,F,1,A,6,CAD
OECD.SDD.NAD:DSD_NAMAIN1@DF_QNA(1.1),Q,Y,CAN,S1,S1,B1GQ,_Z,_Z,_Z,XDC,V,N,T0102,2017-Q3,535438,,,F,1,A,6,CAD
OECD.SDD.NAD:DSD_NAMAIN1@DF_QNA(1.1),Q,Y,CAN,S1,S1,B1GQ,_Z,_Z,_Z,XDC,V,N,T0102,2018-Q3,564738,,,F,1,A,6,CAD
OECD.SDD.NAD:DSD_NAMAIN1@DF_QNA(1.1),Q,Y,CAN,S1,S1,B1GQ,_Z,_Z,_Z,XDC,V,N,T0102,2018-Q4,559153,,,F,1,A,6,CAD
OECD.SDD.NAD:DSD_NAMAIN1@DF_QNA(1.1),Q,Y,CAN,S1,S1,B1GQ,_Z,_Z,_Z,XDC,V,N,T0102,2019-Q2,578170,,,F,1,A,6,CAD
OECD.SDD.NAD:DSD_NAMAIN1@DF_QNA(1.1),Q,Y,CAN,S1,S1,B1GQ,_Z,_Z,_Z,XDC,V,N,T0102,2001-Q3,284701,,,F,1,A,6,CAD
OECD.SDD.NAD:DSD_NAMAIN1@DF_QNA(1.1),Q,Y,CAN,S1,S1,B1GQ,_Z,_Z,_Z,XDC,V,N,T0102,2009-Q1,389308,,,F,1,A,6,CAD
OECD.SDD.NAD:DSD_NAMAIN1@DF_QNA(1.1),Q,Y,CAN,S1,S1,B1GQ,_Z,_Z,_Z,XDC,V,N,T0102,2010-Q1,411008,,,F,1,A,6,CAD
OECD.SDD.NAD:DSD_NAMAIN1@DF_QNA(1.1),Q,Y,CAN,S1,S1,B1GQ,_Z,_Z,_Z,XDC,V,N,T0102,2011-Q1,434488,,,F,1,A,6,CAD
OECD.SDD.NAD:DSD_NAMAIN1@DF_QNA(1.1),Q,Y,CAN,S1,S1,B1GQ,_Z,_Z,_Z,XDC,V,N,T0102,2011-Q2,439963,,,F,1,A,6,CAD
OECD.SDD.NAD:DSD_NAMAIN1@DF_QNA(1.1),Q,Y,CAN,S1,S1,B1GQ,_Z,_Z,_Z,XDC,V,N,T0102,2013-Q2,471648,,,F,1,A,6,CAD
OECD.SDD.NAD:DSD_NAMAIN1@DF_QNA(1.1),Q,Y,CAN,S1,S1,B1GQ,_Z,_Z,_Z,XDC,V,N,T0102,2019-Q3,580619,,,F,1,A,6,CAD
OECD.SDD.NAD:DSD_NAMAIN1@DF_QNA(1.1),Q,Y,CAN,S1,S1,B1GQ,_Z,_Z,_Z,XDC,V,N,T0102,2002-Q3,301036,,,F,1,A,6,CAD
OECD.SDD.NAD:DSD_NAMAIN1@DF_QNA(1.1),Q,Y,CAN,S1,S1,B1GQ,_Z,_Z,_Z,XDC,V,N,T0102,2002-Q4,306525,,,F,1,A,6,CAD
OECD.SDD.NAD:DSD_NAMAIN1@DF_QNA(1.1),Q,Y,CAN,S1,S1,B1GQ,_Z,_Z,_Z,XDC,V,N,T0102,2003-Q3,314574,,,F,1,A,6,CAD
OECD.SDD.NAD:DSD_NAMAIN1@DF_QNA(1.1),Q,Y,CAN,S1,S1,B1GQ,_Z,_Z,_Z,XDC,V,N,T0102,2005-Q4,367359,,,F,1,A,6,CAD
OECD.SDD.NAD:DSD_NAMAIN1@DF_QNA(1.1),Q,Y,CAN,S1,S1,B1GQ,_Z,_Z,_Z,XDC,V,N,T0102,1998-Q2,233803,,,F,1,A,6,CAD
OECD.SDD.NAD:DSD_NAMAIN1@DF_QNA(1.1),Q,Y,CAN,S1,S1,B1GQ,_Z,_Z,_Z,XDC,V,N,T0102,1999-Q2,248543,,,F,1,A,6,CAD
OECD.SDD.NAD:DSD_NAMAIN1@DF_QNA(1.1),Q,Y,CAN,S1,S1,B1GQ,_Z,_Z,_Z,XDC,V,N,T0102,1998-Q1,233653,,,F,1,A,6,CAD
OECD.SDD.NAD:DSD_NAMAIN1@DF_QNA(1.1),Q,Y,CAN,S1,S1,B1GQ,_Z,_Z,_Z,XDC,V,N,T0102,2001-Q4,284146,,,F,1,A,6,CAD
OECD.SDD.NAD:DSD_NAMAIN1@DF_QNA(1.1),Q,Y,CAN,S1,S1,B1GQ,_Z,_Z,_Z,XDC,V,N,T0102,2002-Q1,289660,,,F,1,A,6,CAD
OECD.SDD.NAD:DSD_NAMAIN1@DF_QNA(1.1),Q,Y,CAN,S1,S1,B1GQ,_Z,_Z,_Z,XDC,V,N,T0102,2003-Q1,312522,,,F,1,A,6,CAD
OECD.SDD.NAD:DSD_NAMAIN1@DF_QNA(1.1),Q,Y,CAN,S1,S1,B1GQ,_Z,_Z,_Z,XDC,V,N,T0102,2005-Q2,349902,,,F,1,A,6,CAD
OECD.SDD.NAD:DSD_NAMAIN1@DF_QNA(1.1),Q,Y,CAN,S1,S1,P6,_Z,_Z,_Z,XDC,V,N,T0102,2007-Q3,132688,,,F,1,A,6,CAD
OECD.SDD.NAD:DSD_NAMAIN1@DF_QNA(1.1),Q,Y,CAN,S1,S1,P6,_Z,_Z,_Z,XDC,V,N,T0102,2008-Q4,134890,,,F,1,A,6,CAD
OECD.SDD.NAD:DSD_NAMAIN1@DF_QNA(1.1),Q,Y,CAN,S1,S1,P6,_Z,_Z,_Z,XDC,V,N,T0102,2009-Q1,115104,,,F,1,A,6,CAD
OECD.SDD.NAD:DSD_NAMAIN1@DF_QNA(1.1),Q,Y,CAN,S1,S1,P6,_Z,_Z,_Z,XDC,V,N,T0102,2010-Q1,118369,,,F,1,A,6,CAD
OECD.SDD.NAD:DSD_NAMAIN1@DF_QNA(1.1),Q,Y,CAN,S1,S1,P6,_Z,_Z,_Z,XDC,V,N,T0102,2011-Q1,130499,,,F,1,A,6,CAD
OECD.SDD.NAD:DSD_NAMAIN1@DF_QNA(1.1),Q,Y,CAN,S1,S1,P6,_Z,_Z,_Z,XDC,V,N,T0102,2014-Q3,161219,,,F,1,A,6,CAD
OECD.SDD.NAD:DSD_NAMAIN1@DF_QNA(1.1),Q,Y,CAN,S1,S1,P6,_Z,_Z,_Z,XDC,V,N,T0102,2016-Q1,158831,,,F,1,A,6,CAD
OECD.SDD.NAD:DSD_NAMAIN1@DF_QNA(1.1),Q,Y,CAN,S1,S1,P6,_Z,_Z,_Z,XDC,V,N,T0102,2017-Q3,161832,,,F,1,A,6,CAD
OECD.SDD.NAD:DSD_NAMAIN1@DF_QNA(1.1),Q,Y,CAN,S1,S1,P6,_Z,_Z,_Z,XDC,V,N,T0102,2018-Q3,187168,,,F,1,A,6,CAD
OECD.SDD.NAD:DSD_NAMAIN1@DF_QNA(1.1),Q,Y,CAN,S1,S1,P6,_Z,_Z,_Z,XDC,V,N,T0102,2018-Q4,177579,,,F,1,A,6,CAD
OECD.SDD.NAD:DSD_NAMAIN1@DF_QNA(1.1),Q,Y,CAN,S1,S1,P6,_Z,_Z,_Z,XDC,V,N,T0102,2019-Q2,191345,,,F,1,A,6,CAD
OECD.SDD.NAD:DSD_NAMAIN1@DF_QNA(1.1),Q,Y,CAN,S1,S1,P6,_Z,_Z,_Z,XDC,V,N,T0102,2019-Q3,188486,,,F,1,A,6,CAD
OECD.SDD.NAD:DSD_NAMAIN1@DF_QNA(1.1),Q,Y,CAN,S1,S1,P6,_Z,_Z,_Z,XDC,V,N,T0102,1998-Q2,91966,,,F,1,A,6,CAD
OECD.SDD.NAD:DSD_NAMAIN1@DF_QNA(1.1),Q,Y,CAN,S1,S1,P6,_Z,_Z,_Z,XDC,V,N,T0102,1999-Q2,101748,,,F,1,A,6,CAD
OECD.SDD.NAD:DSD_NAMAIN1@DF_QNA(1.1),Q,Y,CAN,S1,S1,P6,_Z,_Z,_Z,XDC,V,N,T0102,1999-Q3,107675,,,F,1,A,6,CAD
OECD.SDD.NAD:DSD_NAMAIN1@DF_QNA(1.1),Q,Y,CAN,S1,S1,P6,_Z,_Z,_Z,XDC,V,N,T0102,2000-Q2,121054,,,F,1,A,6,CAD
OECD.SDD.NAD:DSD_NAMAIN1@DF_QNA(1.1),Q,Y,CAN,S1,S1,P6,_Z,_Z,_Z,XDC,V,N,T0102,2001-Q3,116571,,,F,1,A,6,CAD
OECD.SDD.NAD:DSD_NAMAIN1@DF_QNA(1.1),Q,Y,CAN,S1,S1,P6,_Z,_Z,_Z,XDC,V,N,T0102,2003-Q3,113558,,,F,1,A,6,CAD
OECD.SDD.NAD:DSD_NAMAIN1@DF_QNA(1.1),Q,Y,CAN,S1,S1,P6,_Z,_Z,_Z,XDC,V,N,T0102,2005-Q4,138588,,,F,1,A,6,CAD
OECD.SDD.NAD:DSD_NAMAIN1@DF_QNA(1.1),Q,Y,CAN,S1,S1,P6,_Z,_Z,_Z,XDC,V,N,T0102,2007-Q2,138819,,,F,1,A,6,CAD
OECD.SDD.NAD:DSD_NAMAIN1@DF_QNA(1.1),Q,Y,CAN,S1,S1,P6,_Z,_Z,_Z,XDC,V,N,T0102,2013-Q2,144023,,,F,1,A,6,CAD
OECD.SDD.NAD:DSD_NAMAIN1@DF_QNA(1.1),Q,Y,CAN,S1,S1,P6,_Z,_Z,_Z,XDC,V,N,T0102,2013-Q3,145224,,,F,1,A,6,CAD
OECD.SDD.NAD:DSD_NAMAIN1@DF_QNA(1.1),Q,Y,CAN,S1,S1,P6,_Z,_Z,_Z,XDC,V,N,T0102,2011-Q2,131560,,,F,1,A,6,CAD
OECD.SDD.NAD:DSD_NAMAIN1@DF_QNA(1.1),Q,Y,CAN,S1,S1,P6,_Z,_Z,_Z,XDC,V,N,T0102,2009-Q4,115218,,,F,1,A,6,CAD
OECD.SDD.NAD:DSD_NAMAIN1@DF_QNA(1.1),Q,Y,CAN,S1,S1,P6,_Z,_Z,_Z,XDC,V,N,T0102,2016-Q2,152098,,,F,1,A,6,CAD
OECD.SDD.NAD:DSD_NAMAIN1@DF_QNA(1.1),Q,Y,CAN,S1,S1,P6,_Z,_Z,_Z,XDC,V,N,T0102,2022-Q4,242792,,,F,1,A,6,CAD
OECD.SDD.NAD:DSD_NAMAIN1@DF_QNA(1.1),Q,Y,CAN,S1,S1,P6,_Z,_Z,_Z,XDC,V,N,T0102,2023-Q1,245113,,,F,1,A,6,CAD
OECD.SDD.NAD:DSD_NAMAIN1@DF_QNA(1.1),Q,Y,CAN,S1,S1,P6,_Z,_Z,_Z,XDC,V,N,T0102,2023-Q2,242284,,,F,1,A,6,CAD
OECD.SDD.NAD:DSD_NAMAIN1@DF_QNA(1.1),Q,Y,CAN,S1,S1,P6,_Z,_Z,_Z,XDC,V,N,T0102,2023-Q3,249046,,,F,1,A,6,CAD
OECD.SDD.NAD:DSD_NAMAIN1@DF_QNA(1.1),Q,Y,CAN,S1,S1,P6,_Z,_Z,_Z,XDC,V,N,T0102,2023-Q4,252204,,,F,1,A,6,CAD
OECD.SDD.NAD:DSD_NAMAIN1@DF_QNA(1.1),Q,Y,CAN,S1,S1,P6,_Z,_Z,_Z,XDC,V,N,T0102,2016-Q3,160458,,,F,1,A,6,CAD
OECD.SDD.NAD:DSD_NAMAIN1@DF_QNA(1.1),Q,Y,CAN,S1,S1,P6,_Z,_Z,_Z,XDC,V,N,T0102,2014-Q4,158707,,,F,1,A,6,CAD
OECD.SDD.NAD:DSD_NAMAIN1@DF_QNA(1.1),Q,Y,CAN,S1,S1,P6,_Z,_Z,_Z,XDC,V,N,T0102,2015-Q1,155084,,,F,1,A,6,CAD
OECD.SDD.NAD:DSD_NAMAIN1@DF_QNA(1.1),Q,Y,CAN,S1,S1,P6,_Z,_Z,_Z,XDC,V,N,T0102,2019-Q1,183356,,,F,1,A,6,CAD
OECD.SDD.NAD:DSD_NAMAIN1@DF_QNA(1.1),Q,Y,CAN,S1,S1,P6,_Z,_Z,_Z,XDC,V,N,T0102,2019-Q4,185313,,,F,1,A,6,CAD
OECD.SDD.NAD:DSD_NAMAIN1@DF_QNA(1.1),Q,Y,CAN,S1,S1,P6,_Z,_Z,_Z,XDC,V,N,T0102,2020-Q1,175096,,,F,1,A,6,CAD
OECD.SDD.NAD:DSD_NAMAIN1@DF_QNA(1.1),Q,Y,CAN,S1,S1,P6,_Z,_Z,_Z,XDC,V,N,T0102,2020-Q2,137861,,,F,1,A,6,CAD
OECD.SDD.NAD:DSD_NAMAIN1@DF_QNA(1.1),Q,Y,CAN,S1,S1,P7,_Z,_Z,_Z,XDC,V,N,T0102,1992-Q1,45805,,,F,1,A,6,CAD
OECD.SDD.NAD:DSD_NAMAIN1@DF_QNA(1.1),Q,Y,CAN,S1,S1,P7,_Z,_Z,_Z,XDC,V,N,T0102,1991-Q4,45009,,,F,1,A,6,CAD
OECD.SDD.NAD:DSD_NAMAIN1@DF_QNA(1.1),Q,Y,CAN,S1,S1,P7,_Z,_Z,_Z,XDC,V,N,T0102,1991-Q3,44562,,,F,1,A,6,CAD
OECD.SDD.NAD:DSD_NAMAIN1@DF_QNA(1.1),Q,Y,CAN,S1,S1,P7,_Z,_Z,_Z,XDC,V,N,T0102,2019-Q2,197425,,,F,1,A,6,CAD
OECD.SDD.NAD:DSD_NAMAIN1@DF_QNA(1.1),Q,Y,CAN,S1,S1,P7,_Z,_Z,_Z,XDC,V,N,T0102,2018-Q4,191782,,,F,1,A,6,CAD
OECD.SDD.NAD:DSD_NAMAIN1@DF_QNA(1.1),Q,Y,CAN,S1,S1,P7,_Z,_Z,_Z,XDC,V,N,T0102,2003-Q2,102279,,,F,1,A,6,CAD
OECD.SDD.NAD:DSD_NAMAIN1@DF_QNA(1.1),Q,Y,CAN,S1,S1,P7,_Z,_Z,_Z,XDC,V,N,T0102,2002-Q4,109152,,,F,1,A,6,CAD
OECD.SDD.NAD:DSD_NAMAIN1@DF_QNA(1.1),Q,Y,CAN,S1,S1,P7,_Z,_Z,_Z,XDC,V,N,T0102,2002-Q3,108597,,,F,1,A,6,CAD
OECD.SDD.NAD:DSD_NAMAIN1@DF_QNA(1.1),Q,Y,CAN,S1,S1,P7,_Z,_Z,_Z,XDC,V,N,T0102,2001-Q3,102672,,,F,1,A,6,CAD
OECD.SDD.NAD:DSD_NAMAIN1@DF_QNA(1.1),Q,Y,CAN,S1,S1,P7,_Z,_Z,_Z,XDC,V,N,T0102,2001-Q2,106055,,,F,1,A,6,CAD
OECD.SDD.NAD:DSD_NAMAIN1@DF_QNA(1.1),Q,Y,CAN,S1,S1,P7,_Z,_Z,_Z,XDC,V,N,T0102,2000-Q2,106202,,,F,1,A,6,CAD
OECD.SDD.NAD:DSD_NAMAIN1@DF_QNA(1.1),Q,Y,CAN,S1,S1,P7,_Z,_Z,_Z,XDC,V,N,T0102,1999-Q3,96927,,,F,1,A,6,CAD
OECD.SDD.NAD:DSD_NAMAIN1@DF_QNA(1.1),Q,Y,CAN,S1,S1,P7,_Z,_Z,_Z,XDC,V,N,T0102,2014-Q1,157718,,,F,1,A,6,CAD
OECD.SDD.NAD:DSD_NAMAIN1@DF_QNA(1.1),Q,Y,CAN,S1,S1,P7,_Z,_Z,_Z,XDC,V,N,T0102,2013-Q1,149246,,,F,1,A,6,CAD
OECD.SDD.NAD:DSD_NAMAIN1@DF_QNA(1.1),Q,Y,CAN,S1,S1,P7,_Z,_Z,_Z,XDC,V,N,T0102,2005-Q2,116497,,,F,1,A,6,CAD
OECD.SDD.NAD:DSD_NAMAIN1@DF_QNA(1.1),Q,Y,CAN,S1,S1,P7,_Z,_Z,_Z,XDC,V,N,T0102,2003-Q1,108076,,,F,1,A,6,CAD
OECD.SDD.NAD:DSD_NAMAIN1@DF_QNA(1.1),Q,Y,CAN,S1,S1,P7,_Z,_Z,_Z,XDC,V,N,T0102,2002-Q1,101960,,,F,1,A,6,CAD
OECD.SDD.NAD:DSD_NAMAIN1@DF_QNA(1.1),Q,Y,CAN,S1,S1,P7,_Z,_Z,_Z,XDC,V,N,T0102,2001-Q4,100485,,,F,1,A,6,CAD
OECD.SDD.NAD:DSD_NAMAIN1@DF_QNA(1.1),Q,Y,CAN,S1,S1,P7,_Z,_Z,_Z,XDC,V,N,T0102,1996-Q4,73221,,,F,1,A,6,CAD
OECD.SDD.NAD:DSD_NAMAIN1@DF_QNA(1.1),Q,Y,CAN,S1,S1,P7,_Z,_Z,_Z,XDC,V,N,T0102,1996-Q3,72590,,,F,1,A,6,CAD
OECD.SDD.NAD:DSD_NAMAIN1@DF_QNA(1.1),Q,Y,CAN,S1,S1,P7,_Z,_Z,_Z,XDC,V,N,T0102,1998-Q1,87163,,,F,1,A,6,CAD
OECD.SDD.NAD:DSD_NAMAIN1@DF_QNA(1.1),Q,Y,CAN,S1,S1,P7,_Z,_Z,_Z,XDC,V,N,T0102,1997-Q4,85947,,,F,1,A,6,CAD
OECD.SDD.NAD:DSD_NAMAIN1@DF_QNA(1.1),Q,Y,CAN,S1,S1,P7,_Z,_Z,_Z,XDC,V,N,T0102,1997-Q3,83718,,,F,1,A,6,CAD
OECD.SDD.NAD:DSD_NAMAIN1@DF_QNA(1.1),Q,Y,CAN,S1,S1,P7,_Z,_Z,_Z,XDC,V,N,T0102,1997-Q2,80787,,,F,1,A,6,CAD
OECD.SDD.NAD:DSD_NAMAIN1@DF_QNA(1.1),Q,Y,CAN,S1,S1,P7,_Z,_Z,_Z,XDC,V,N,T0102,1997-Q1,77877,,,F,1,A,6,CAD
OECD.SDD.NAD:DSD_NAMAIN1@DF_QNA(1.1),Q,Y,CAN,S1,S1,P7,_Z,_Z,_Z,XDC,V,N,T0102,2015-Q4,172345,,,F,1,A,6,CAD
OECD.SDD.NAD:DSD_NAMAIN1@DF_QNA(1.1),Q,Y,CAN,S1,S1,P7,_Z,_Z,_Z,XDC,V,N,T0102,2015-Q3,172623,,,F,1,A,6,CAD
OECD.SDD.NAD:DSD_NAMAIN1@DF_QNA(1.1),Q,Y,CAN,S1,S1,P7,_Z,_Z,_Z,XDC,V,N,T0102,2014-Q2,163151,,,F,1,A,6,CAD
OECD.SDD.NAD:DSD_NAMAIN1@DF_QNA(1.1),Q,Y,CAN,S1,S1,P7,_Z,_Z,_Z,XDC,V,N,T0102,2008-Q3,139060,,,F,1,A,6,CAD
OECD.SDD.NAD:DSD_NAMAIN1@DF_QNA(1.1),Q,Y,CAN,S1,S1,P7,_Z,_Z,_Z,XDC,V,N,T0102,2007-Q1,127629,,,F,1,A,6,CAD
OECD.SDD.NAD:DSD_NAMAIN1@DF_QNA(1.1),Q,Y,CAN,S1,S1,P7,_Z,_Z,_Z,XDC,V,N,T0102,2005-Q3,117259,,,F,1,A,6,CAD
OECD.SDD.NAD:DSD_NAMAIN1@DF_QNA(1.1),Q,Y,CAN,S1,S1,P7,_Z,_Z,_Z,XDC,V,N,T0102,2024-Q4,258251,,,F,1,A,6,CAD
OECD.SDD.NAD:DSD_NAMAIN1@DF_QNA(1.1),Q,Y,CAN,S1,S1,P7,_Z,_Z,_Z,XDC,V,N,T0102,2024-Q3,255024,,,F,1,A,6,CAD
OECD.SDD.NAD:DSD_NAMAIN1@DF_QNA(1.1),Q,Y,CAN,S1,S1,P7,_Z,_Z,_Z,XDC,V,N,T0102,2024-Q2,254456,,,F,1,A,6,CAD
OECD.SDD.NAD:DSD_NAMAIN1@DF_QNA(1.1),Q,Y,CAN,S1,S1,P7,_Z,_Z,_Z,XDC,V,N,T0102,2024-Q1,247285,,,F,1,A,6,CAD
OECD.SDD.NAD:DSD_NAMAIN1@DF_QNA(1.1),Q,Y,CAN,S1,S1,P7,_Z,_Z,_Z,XDC,V,N,T0102,2018-Q2,193445,,,F,1,A,6,CAD
OECD.SDD.NAD:DSD_NAMAIN1@DF_QNA(1.1),Q,Y,CAN,S1,S1,P7,_Z,_Z,_Z,XDC,V,N,T0102,2016-Q4,171993,,,F,1,A,6,CAD
OECD.SDD.NAD:DSD_NAMAIN1@DF_QNA(1.1),Q,Y,CAN,S1,S1,P7,_Z,_Z,_Z,XDC,V,N,T0102,2010-Q3,132306,,,F,1,A,6,CAD
OECD.SDD.NAD:DSD_NAMAIN1@DF_QNA(1.1),Q,Y,CAN,S1,S1,P7,_Z,_Z,_Z,XDC,V,N,T0102,2010-Q2,127866,,,F,1,A,6,CAD
OECD.SDD.NAD:DSD_NAMAIN1@DF_QNA(1.1),Q,Y,CAN,S1,S1,P7,_Z,_Z,_Z,XDC,V,N,T0102,2009-Q2,113585,,,F,1,A,6,CAD
OECD.SDD.NAD:DSD_NAMAIN1@DF_QNA(1.1),Q,Y,CAN,S1,S1,P7,_Z,_Z,_Z,XDC,V,N,T0102,1996-Q1,69877,,,F,1,A,6,CAD
OECD.SDD.NAD:DSD_NAMAIN1@DF_QNA(1.1),Q,Y,CAN,S1,S1,P7,_Z,_Z,_Z,XDC,V,N,T0102,1995-Q4,68340,,,F,1,A,6,CAD
OECD.SDD.NAD:DSD_NAMAIN1@DF_QNA(1.1),Q,Y,CAN,S1,S1,B1GQ,_Z,_Z,_Z,XDC,V,N,T0102,1975-Q3,45554,,,F,1,A,6,CAD
OECD.SDD.NAD:DSD_NAMAIN1@DF_QNA(1.1),Q,Y,CAN,S1,S1,B1GQ,_Z,_Z,_Z,XDC,V,N,T0102,1975-Q4,47107,,,F,1,A,6,CAD
OECD.SDD.NAD:DSD_NAMAIN1@DF_QNA(1.1),Q,Y,CAN,S1,S1,B1GQ,_Z,_Z,_Z,XDC,V,N,T0102,1976-Q1,49062,,,F,1,A,6,CAD
OECD.SDD.NAD:DSD_NAMAIN1@DF_QNA(1.1),Q,Y,CAN,S1,S1,B1GQ,_Z,_Z,_Z,XDC,V,N,T0102,1976-Q2,51563,,,F,1,A,6,CAD
OECD.SDD.NAD:DSD_NAMAIN1@DF_QNA(1.1),Q,Y,CAN,S1,S1,B1GQ,_Z,_Z,_Z,XDC,V,N,T0102,1976-Q3,52112,,,F,1,A,6,CAD
OECD.SDD.NAD:DSD_NAMAIN1@DF_QNA(1.1),Q,Y,CAN,S1,S1,P6,_Z,_Z,_Z,XDC,V,N,T0102,1979-Q4,20302,,,F,1,A,6,CAD
OECD.SDD.NAD:DSD_NAMAIN1@DF_QNA(1.1),Q,Y,CAN,S1,S1,P6,_Z,_Z,_Z,XDC,V,N,T0102,1980-Q1,21765,,,F,1,A,6,CAD
OECD.SDD.NAD:DSD_NAMAIN1@DF_QNA(1.1),Q,Y,CAN,S1,S1,P6,_Z,_Z,_Z,XDC,V,N,T0102,1980-Q2,21265,,,F,1,A,6,CAD
OECD.SDD.NAD:DSD_NAMAIN1@DF_QNA(1.1),Q,Y,CAN,S1,S1,P6,_Z,_Z,_Z,XDC,V,N,T0102,1980-Q3,21929,,,F,1,A,6,CAD
OECD.SDD.NAD:DSD_NAMAIN1@DF_QNA(1.1),Q,Y,CAN,S1,S1,P6,_Z,_Z,_Z,XDC,V,N,T0102,1980-Q4,23414,,,F,1,A,6,CAD
OECD.SDD.NAD:DSD_NAMAIN1@DF_QNA(1.1),Q,Y,CAN,S1,S1,P6,_Z,_Z,_Z,XDC,V,N,T0102,1981-Q1,23703,,,F,1,A,6,CAD
OECD.SDD.NAD:DSD_NAMAIN1@DF_QNA(1.1),Q,Y,CAN,S1,S1,P6,_Z,_Z,_Z,XDC,V,N,T0102,1981-Q2,24740,,,F,1,A,6,CAD
OECD.SDD.NAD:DSD_NAMAIN1@DF_QNA(1.1),Q,Y,CAN,S1,S1,P6,_Z,_Z,_Z,XDC,V,N,T0102,1981-Q3,24240,,,F,1,A,6,CAD
OECD.SDD.NAD:DSD_NAMAIN1@DF_QNA(1.1),Q,Y,CAN,S1,S1,P6,_Z,_Z,_Z,XDC,V,N,T0102,1981-Q4,24507,,,F,1,A,6,CAD
OECD.SDD.NAD:DSD_NAMAIN1@DF_QNA(1.1),Q,Y,CAN,S1,S1,P6,_Z,_Z,_Z,XDC,V,N,T0102,1982-Q1,23900,,,F,1,A,6,CAD
OECD.SDD.NAD:DSD_NAMAIN1@DF_QNA(1.1),Q,Y,CAN,S1,S1,P6,_Z,_Z,_Z,XDC,V,N,T0102,1982-Q2,24729,,,F,1,A,6,CAD
OECD.SDD.NAD:DSD_NAMAIN1@DF_QNA(1.1),Q,Y,CAN,S1,S1,P6,_Z,_Z,_Z,XDC,V,N,T0102,1982-Q3,25644,,,F,1,A,6,CAD
OECD.SDD.NAD:DSD_NAMAIN1@DF_QNA(1.1),Q,Y,CAN,S1,S1,P6,_Z,_Z,_Z,XDC,V,N,T0102,1982-Q4,23520,,,F,1,A,6,CAD
OECD.SDD.NAD:DSD_NAMAIN1@DF_QNA(1.1),Q,Y,CAN,S1,S1,P6,_Z,_Z,_Z,XDC,V,N,T0102,1983-Q1,24213,,,F,1,A,6,CAD
OECD.SDD.NAD:DSD_NAMAIN1@DF_QNA(1.1),Q,Y,CAN,S1,S1,P6,_Z,_Z,_Z,XDC,V,N,T0102,1983-Q2,25932,,,F,1,A,6,CAD
OECD.SDD.NAD:DSD_NAMAIN1@DF_QNA(1.1),Q,Y,CAN,S1,S1,P6,_Z,_Z,_Z,XDC,V,N,T0102,1983-Q3,26510,,,F,1,A,6,CAD
OECD.SDD.NAD:DSD_NAMAIN1@DF_QNA(1.1),Q,Y,CAN,S1,S1,P6,_Z,_Z,_Z,XDC,V,N,T0102,1983-Q4,28358,,,F,1,A,6,CAD
OECD.SDD.NAD:DSD_NAMAIN1@DF_QNA(1.1),Q,Y,CAN,S1,S1,P6,_Z,_Z,_Z,XDC,V,N,T0102,1984-Q1,30242,,,F,1,A,6,CAD
OECD.SDD.NAD:DSD_NAMAIN1@DF_QNA(1.1),Q,Y,CAN,S1,S1,P6,_Z,_Z,_Z,XDC,V,N,T0102,1984-Q2,31909,,,F,1,A,6,CAD
OECD.SDD.NAD:DSD_NAMAIN1@DF_QNA(1.1),Q,Y,CAN,S1,S1,P6,_Z,_Z,_Z,XDC,V,N,T0102,1984-Q3,33765,,,F,1,A,6,CAD
OECD.SDD.NAD:DSD_NAMAIN1@DF_QNA(1.1),Q,Y,CAN,S1,S1,P6,_Z,_Z,_Z,XDC,V,N,T0102,1984-Q4,33147,,,F,1,A,6,CAD
OECD.SDD.NAD:DSD_NAMAIN1@DF_QNA(1.1),Q,Y,CAN,S1,S1,P6,_Z,_Z,_Z,XDC,V,N,T0102,1985-Q1,33599,,,F,1,A,6,CAD
OECD.SDD.NAD:DSD_NAMAIN1@DF_QNA(1.1),Q,Y,CAN,S1,S1,P6,_Z,_Z,_Z,XDC,V,N,T0102,1985-Q2,34436,,,F,1,A,6,CAD
OECD.SDD.NAD:DSD_NAMAIN1@DF_QNA(1.1),Q,Y,CAN,S1,S1,P6,_Z,_Z,_Z,XDC,V,N,T0102,1961-Q1,1770,,,F,1,A,6,CAD
OECD.SDD.NAD:DSD_NAMAIN1@DF_QNA(1.1),Q,Y,CAN,S1,S1,P6,_Z,_Z,_Z,XDC,V,N,T0102,1961-Q2,1758,,,F,1,A,6,CAD
OECD.SDD.NAD:DSD_NAMAIN1@DF_QNA(1.1),Q,Y,CAN,S1,S1,P6,_Z,_Z,_Z,XDC,V,N,T0102,1961-Q3,1858,,,F,1,A,6,CAD
OECD.SDD.NAD:DSD_NAMAIN1@DF_QNA(1.1),Q,Y,CAN,S1,S1,P6,_Z,_Z,_Z,XDC,V,N,T0102,1961-Q4,1924,,,F,1,A,6,CAD
OECD.SDD.NAD:DSD_NAMAIN1@DF_QNA(1.1),Q,Y,CAN,S1,S1,P6,_Z,_Z,_Z,XDC,V,N,T0102,1962-Q1,1953,,,F,1,A,6,CAD
OECD.SDD.NAD:DSD_NAMAIN1@DF_QNA(1.1),Q,Y,CAN,S1,S1,P6,_Z,_Z,_Z,XDC,V,N,T0102,1962-Q2,1977,,,F,1,A,6,CAD
OECD.SDD.NAD:DSD_NAMAIN1@DF_QNA(1.1),Q,Y,CAN,S1,S1,P6,_Z,_Z,_Z,XDC,V,N,T0102,1962-Q3,1962,,,F,1,A,6,CAD
OECD.SDD.NAD:DSD_NAMAIN1@DF_QNA(1.1),Q,Y,CAN,S1,S1,P6,_Z,_Z,_Z,XDC,V,N,T0102,1962-Q4,2059,,,F,1,A,6,CAD
OECD.SDD.NAD:DSD_NAMAIN1@DF_QNA(1.1),Q,Y,CAN,S1,S1,P6,_Z,_Z,_Z,XDC,V,N,T0102,1963-Q1,2079,,,F,1,A,6,CAD
OECD.SDD.NAD:DSD_NAMAIN1@DF_QNA(1.1),Q,Y,CAN,S1,S1,P6,_Z,_Z,_Z,XDC,V,N,T0102,1963-Q2,2136,,,F,1,A,6,CAD
OECD.SDD.NAD:DSD_NAMAIN1@DF_QNA(1.1),Q,Y,CAN,S1,S1,P6,_Z,_Z,_Z,XDC,V,N,T0102,1963-Q3,2147,,,F,1,A,6,CAD
OECD.SDD.NAD:DSD_NAMAIN1@DF_QNA(1.1),Q,Y,CAN,S1,S1,P7,_Z,_Z,_Z,XDC,V,N,T0102,1969-Q4,4654,,,F,1,A,6,CAD
OECD.SDD.NAD:DSD_NAMAIN1@DF_QNA(1.1),Q,Y,CAN,S1,S1,P7,_Z,_Z,_Z,XDC,V,N,T0102,1969-Q3,4459,,,F,1,A,6,CAD
OECD.SDD.NAD:DSD_NAMAIN1@DF_QNA(1.1),Q,Y,CAN,S1,S1,B1GQ,_Z,_Z,_Z,XDC,V,N,T0102,1964-Q4,13831,,,F,1,A,6,CAD
OECD.SDD.NAD:DSD_NAMAIN1@DF_QNA(1.1),Q,Y,CAN,S1,S1,B1GQ,_Z,_Z,_Z,XDC,V,N,T0102,1965-Q1,14317,,,F,1,A,6,CAD
OECD.SDD.NAD:DSD_NAMAIN1@DF_QNA(1.1),Q,Y,CAN,S1,S1,B1GQ,_Z,_Z,_Z,XDC,V,N,T0102,1965-Q2,14664,,,F,1,A,6,CAD
OECD.SDD.NAD:DSD_NAMAIN1@DF_QNA(1.1),Q,Y,CAN,S1,S1,B1GQ,_Z,_Z,_Z,XDC,V,N,T0102,1965-Q3,15016,,,F,1,A,6,CAD
OECD.SDD.NAD:DSD_NAMAIN1@DF_QNA(1.1),Q,Y,CAN,S1,S1,B1GQ,_Z,_Z,_Z,XDC,V,N,T0102,1965-Q4,15554,,,F,1,A,6,CAD
OECD.SDD.NAD:DSD_NAMAIN1@DF_QNA(1.1),Q,Y,CAN,S1,S1,B1GQ,_Z,_Z,_Z,XDC,V,N,T0102,1966-Q1,16080,,,F,1,A,6,CAD
OECD.SDD.NAD:DSD_NAMAIN1@DF_QNA(1.1),Q,Y,CAN,S1,S1,B1GQ,_Z,_Z,_Z,XDC,V,N,T0102,1966-Q2,16622,,,F,1,A,6,CAD
OECD.SDD.NAD:DSD_NAMAIN1@DF_QNA(1.1),Q,Y,CAN,S1,S1,B1GQ,_Z,_Z,_Z,XDC,V,N,T0102,2021-Q4,665141,,,F,1,A,6,CAD
OECD.SDD.NAD:DSD_NAMAIN1@DF_QNA(1.1),Q,Y,CAN,S1,S1,P7,_Z,_Z,_Z,XDC,V,N,T0102,1996-Q2,69447,,,F,1,A,6,CAD
OECD.SDD.NAD:DSD_NAMAIN1@DF_QNA(1.1),Q,Y,CAN,S1,S1,P7,_Z,_Z,_Z,XDC,V,N,T0102,2021-Q1,188672,,,F,1,A,6,CAD
OECD.SDD.NAD:DSD_NAMAIN1@DF_QNA(1.1),Q,Y,CAN,S1,S1,P7,_Z,_Z,_Z,XDC,V,N,T0102,2020-Q4,183361,,,F,1,A,6,CAD
OECD.SDD.NAD:DSD_NAMAIN1@DF_QNA(1.1),Q,Y,CAN,S1,S1,P7,_Z,_Z,_Z,XDC,V,N,T0102,2022-Q1,219864,,,F,1,A,6,CAD
OECD.SDD.NAD:DSD_NAMAIN1@DF_QNA(1.1),Q,Y,CAN,S1,S1,P7,_Z,_Z,_Z,XDC,V,N,T0102,2021-Q4,212208,,,F,1,A,6,CAD
OECD.SDD.NAD:DSD_NAMAIN1@DF_QNA(1.1),Q,Y,CAN,S1,S1,P7,_Z,_Z,_Z,XDC,V,N,T0102,2021-Q3,197168,,,F,1,A,6,CAD
OECD.SDD.NAD:DSD_NAMAIN1@DF_QNA(1.1),Q,Y,CAN,S1,S1,P7,_Z,_Z,_Z,XDC,V,N,T0102,2021-Q2,189874,,,F,1,A,6,CAD
OECD.SDD.NAD:DSD_NAMAIN1@DF_QNA(1.1),Q,Y,CAN,S1,S1,P7,_Z,_Z,_Z,XDC,V,N,T0102,2003-Q4,102649,,,F,1,A,6,CAD
OECD.SDD.NAD:DSD_NAMAIN1@DF_QNA(1.1),Q,Y,CAN,S1,S1,P7,_Z,_Z,_Z,XDC,V,N,T0102,2002-Q2,105821,,,F,1,A,6,CAD
OECD.SDD.NAD:DSD_NAMAIN1@DF_QNA(1.1),Q,Y,CAN,S1,S1,P7,_Z,_Z,_Z,XDC,V,N,T0102,2018-Q1,187060,,,F,1,A,6,CAD
OECD.SDD.NAD:DSD_NAMAIN1@DF_QNA(1.1),Q,Y,CAN,S1,S1,P7,_Z,_Z,_Z,XDC,V,N,T0102,2017-Q4,182686,,,F,1,A,6,CAD
OECD.SDD.NAD:DSD_NAMAIN1@DF_QNA(1.1),Q,Y,CAN,S1,S1,P7,_Z,_Z,_Z,XDC,V,N,T0102,2016-Q3,173045,,,F,1,A,6,CAD
OECD.SDD.NAD:DSD_NAMAIN1@DF_QNA(1.1),Q,Y,CAN,S1,S1,P7,_Z,_Z,_Z,XDC,V,N,T0102,2016-Q2,168395,,,F,1,A,6,CAD
OECD.SDD.NAD:DSD_NAMAIN1@DF_QNA(1.1),Q,Y,CAN,S1,S1,P7,_Z,_Z,_Z,XDC,V,N,T0102,2015-Q1,168726,,,F,1,A,6,CAD
OECD.SDD.NAD:DSD_NAMAIN1@DF_QNA(1.1),Q,Y,CAN,S1,S1,P7,_Z,_Z,_Z,XDC,V,N,T0102,2014-Q4,166833,,,F,1,A,6,CAD
OECD.SDD.NAD:DSD_NAMAIN1@DF_QNA(1.1),Q,Y,CAN,S1,S1,P7,_Z,_Z,_Z,XDC,V,N,T0102,2012-Q1,146914,,,F,1,A,6,CAD
OECD.SDD.NAD:DSD_NAMAIN1@DF_QNA(1.1),Q,Y,CAN,S1,S1,P7,_Z,_Z,_Z,XDC,V,N,T0102,2022-Q2,242063,,,F,1,A,6,CAD
OECD.SDD.NAD:DSD_NAMAIN1@DF_QNA(1.1),Q,Y,CAN,S1,S1,P7,_Z,_Z,_Z,XDC,V,N,T0102,1994-Q4,67032,,,F,1,A,6,CAD
OECD.SDD.NAD:DSD_NAMAIN1@DF_QNA(1.1),Q,Y,CAN,S1,S1,P7,_Z,_Z,_Z,XDC,V,N,T0102,1994-Q3,63238,,,F,1,A,6,CAD
OECD.SDD.NAD:DSD_NAMAIN1@DF_QNA(1.1),Q,Y,CAN,S1,S1,P7,_Z,_Z,_Z,XDC,V,N,T0102,2010-Q4,132587,,,F,1,A,6,CAD
OECD.SDD.NAD:DSD_NAMAIN1@DF_QNA(1.1),Q,Y,CAN,S1,S1,P7,_Z,_Z,_Z,XDC,V,N,T0102,2011-Q4,146606,,,F,1,A,6,CAD
OECD.SDD.NAD:DSD_NAMAIN1@DF_QNA(1.1),Q,Y,CAN,S1,S1,P7,_Z,_Z,_Z,XDC,V,N,T0102,2023-Q4,249942,,,F,1,A,6,CAD
OECD.SDD.NAD:DSD_NAMAIN1@DF_QNA(1.1),Q,Y,CAN,S1,S1,P7,_Z,_Z,_Z,XDC,V,N,T0102,2023-Q3,246508,,,F,1,A,6,CAD
OECD.SDD.NAD:DSD_NAMAIN1@DF_QNA(1.1),Q,Y,CAN,S1,S1,P7,_Z,_Z,_Z,XDC,V,N,T0102,2023-Q2,246774,,,F,1,A,6,CAD
OECD.SDD.NAD:DSD_NAMAIN1@DF_QNA(1.1),Q,Y,CAN,S1,S1,P7,_Z,_Z,_Z,XDC,V,N,T0102,2023-Q1,242198,,,F,1,A,6,CAD
OECD.SDD.NAD:DSD_NAMAIN1@DF_QNA(1.1),Q,Y,CAN,S1,S1,P7,_Z,_Z,_Z,XDC,V,N,T0102,2022-Q4,244268,,,F,1,A,6,CAD
OECD.SDD.NAD:DSD_NAMAIN1@DF_QNA(1.1),Q,Y,CAN,S1,S1,P7,_Z,_Z,_Z,XDC,V,N,T0102,2022-Q3,245619,,,F,1,A,6,CAD
OECD.SDD.NAD:DSD_NAMAIN1@DF_QNA(1.1),Q,Y,CAN,S1,S1,P7,_Z,_Z,_Z,XDC,V,N,T0102,2006-Q3,123472,,,F,1,A,6,CAD
OECD.SDD.NAD:DSD_NAMAIN1@DF_QNA(1.1),Q,Y,CAN,S1,S1,P7,_Z,_Z,_Z,XDC,V,N,T0102,2004-Q1,104014,,,F,1,A,6,CAD
OECD.SDD.NAD:DSD_NAMAIN1@DF_QNA(1.1),Q,Y,CAN,S1,S1,P7,_Z,_Z,_Z,XDC,V,N,T0102,2020-Q3,178226,,,F,1,A,6,CAD
OECD.SDD.NAD:DSD_NAMAIN1@DF_QNA(1.1),Q,Y,CAN,S1,S1,P7,_Z,_Z,_Z,XDC,V,N,T0102,2020-Q2,148093,,,F,1,A,6,CAD
OECD.SDD.NAD:DSD_NAMAIN1@DF_QNA(1.1),Q,Y,CAN,S1,S1,P7,_Z,_Z,_Z,XDC,V,N,T0102,2020-Q1,193852,,,F,1,A,6,CAD
OECD.SDD.NAD:DSD_NAMAIN1@DF_QNA(1.1),Q,Y,CAN,S1,S1,P7,_Z,_Z,_Z,XDC,V,N,T0102,2019-Q4,192039,,,F,1,A,6,CAD
OECD.SDD.NAD:DSD_NAMAIN1@DF_QNA(1.1),Q,Y,CAN,S1,S1,P7,_Z,_Z,_Z,XDC,V,N,T0102,2019-Q1,197704,,,F,1,A,6,CAD
OECD.SDD.NAD:DSD_NAMAIN1@DF_QNA(1.1),Q,Y,CAN,S1,S1,P7,_Z,_Z,_Z,XDC,V,N,T0102,1995-Q2,68808,,,F,1,A,6,CAD
OECD.SDD.NAD:DSD_NAMAIN1@DF_QNA(1.1),Q,Y,CAN,S1,S1,B1GQ,_Z,_Z,_Z,XDC,V,N,T0102,1994-Q1,193164,,,F,1,A,6,CAD
OECD.SDD.NAD:DSD_NAMAIN1@DF_QNA(1.1),Q,Y,CAN,S1,S1,B1GQ,_Z,_Z,_Z,XDC,V,N,T0102,1994-Q2,195915,,,F,1,A,6,CAD
OECD.SDD.NAD:DSD_NAMAIN1@DF_QNA(1.1),Q,Y,CAN,S1,S1,B1GQ,_Z,_Z,_Z,XDC,V,N,T0102,2025-Q2,802815,,,F,1,A,6,CAD
OECD.SDD.NAD:DSD_NAMAIN1@DF_QNA(1.1),Q,Y,CAN,S1,S1,P6,_Z,_Z,_Z,XDC,V,N,T0102,2002-Q3,121266,,,F,1,A,6,CAD
OECD.SDD.NAD:DSD_NAMAIN1@DF_QNA(1.1),Q,Y,CAN,S1,S1,P6,_Z,_Z,_Z,XDC,V,N,T0102,2002-Q4,121994,,,F,1,A,6,CAD
OECD.SDD.NAD:DSD_NAMAIN1@DF_QNA(1.1),Q,Y,CAN,S1,S1,P6,_Z,_Z,_Z,XDC,V,N,T0102,1986-Q2,34895,,,F,1,A,6,CAD
OECD.SDD.NAD:DSD_NAMAIN1@DF_QNA(1.1),Q,Y,CAN,S1,S1,P6,_Z,_Z,_Z,XDC,V,N,T0102,1986-Q3,36077,,,F,1,A,6,CAD
OECD.SDD.NAD:DSD_NAMAIN1@DF_QNA(1.1),Q,Y,CAN,S1,S1,P6,_Z,_Z,_Z,XDC,V,N,T0102,1986-Q4,36129,,,F,1,A,6,CAD
OECD.SDD.NAD:DSD_NAMAIN1@DF_QNA(1.1),Q,Y,CAN,S1,S1,P6,_Z,_Z,_Z,XDC,V,N,T0102,1987-Q1,36366,,,F,1,A,6,CAD
OECD.SDD.NAD:DSD_NAMAIN1@DF_QNA(1.1),Q,Y,CAN,S1,S1,P6,_Z,_Z,_Z,XDC,V,N,T0102,1987-Q2,36477,,,F,1,A,6,CAD
OECD.SDD.NAD:DSD_NAMAIN1@DF_QNA(1.1),Q,Y,CAN,S1,S1,P6,_Z,_Z,_Z,XDC,V,N,T0102,1987-Q3,37573,,,F,1,A,6,CAD
OECD.SDD.NAD:DSD_NAMAIN1@DF_QNA(1.1),Q,Y,CAN,S1,S1,P6,_Z,_Z,_Z,XDC,V,N,T0102,1987-Q4,38931,,,F,1,A,6,CAD
OECD.SDD.NAD:DSD_NAMAIN1@DF_QNA(1.1),Q,Y,CAN,S1,S1,P6,_Z,_Z,_Z,XDC,V,N,T0102,1988-Q1,40348,,,F,1,A,6,CAD
OECD.SDD.NAD:DSD_NAMAIN1@DF_QNA(1.1),Q,Y,CAN,S1,S1,P6,_Z,_Z,_Z,XDC,V,N,T0102,1988-Q2,40752,,,F,1,A,6,CAD
OECD.SDD.NAD:DSD_NAMAIN1@DF_QNA(1.1),Q,Y,CAN,S1,S1,P6,_Z,_Z,_Z,XDC,V,N,T0102,1988-Q3,40560,,,F,1,A,6,CAD
OECD.SDD.NAD:DSD_NAMAIN1@DF_QNA(1.1),Q,Y,CAN,S1,S1,P6,_Z,_Z,_Z,XDC,V,N,T0102,1988-Q4,41664,,,F,1,A,6,CAD
OECD.SDD.NAD:DSD_NAMAIN1@DF_QNA(1.1),Q,Y,CAN,S1,S1,P6,_Z,_Z,_Z,XDC,V,N,T0102,1989-Q1,43021,,,F,1,A,6,CAD
OECD.SDD.NAD:DSD_NAMAIN1@DF_QNA(1.1),Q,Y,CAN,S1,S1,P6,_Z,_Z,_Z,XDC,V,N,T0102,1989-Q2,41696,,,F,1,A,6,CAD
OECD.SDD.NAD:DSD_NAMAIN1@DF_QNA(1.1),Q,Y,CAN,S1,S1,P6,_Z,_Z,_Z,XDC,V,N,T0102,1989-Q3,41406,,,F,1,A,6,CAD
OECD.SDD.NAD:DSD_NAMAIN1@DF_QNA(1.1),Q,Y,CAN,S1,S1,P6,_Z,_Z,_Z,XDC,V,N,T0102,1989-Q4,42083,,,F,1,A,6,CAD
OECD.SDD.NAD:DSD_NAMAIN1@DF_QNA(1.1),Q,Y,CAN,S1,S1,P6,_Z,_Z,_Z,XDC,V,N,T0102,1990-Q1,42780,,,F,1,A,6,CAD
OECD.SDD.NAD:DSD_NAMAIN1@DF_QNA(1.1),Q,Y,CAN,S1,S1,P6,_Z,_Z,_Z,XDC,V,N,T0102,1990-Q2,43821,,,F,1,A,6,CAD
OECD.SDD.NAD:DSD_NAMAIN1@DF_QNA(1.1),Q,Y,CAN,S1,S1,P6,_Z,_Z,_Z,XDC,V,N,T0102,1990-Q3,44196,,,F,1,A,6,CAD
OECD.SDD.NAD:DSD_NAMAIN1@DF_QNA(1.1),Q,Y,CAN,S1,S1,P6,_Z,_Z,_Z,XDC,V,N,T0102,1990-Q4,43595,,,F,1,A,6,CAD
OECD.SDD.NAD:DSD_NAMAIN1@DF_QNA(1.1),Q,Y,CAN,S1,S1,P6,_Z,_Z,_Z,XDC,V,N,T0102,1991-Q1,41559,,,F,1,A,6,CAD
OECD.SDD.NAD:DSD_NAMAIN1@DF_QNA(1.1),Q,Y,CAN,S1,S1,P6,_Z,_Z,_Z,XDC,V,N,T0102,1991-Q2,42375,,,F,1,A,6,CAD
OECD.SDD.NAD:DSD_NAMAIN1@DF_QNA(1.1),Q,Y,CAN,S1,S1,P6,_Z,_Z,_Z,XDC,V,N,T0102,1991-Q3,43618,,,F,1,A,6,CAD
OECD.SDD.NAD:DSD_NAMAIN1@DF_QNA(1.1),Q,Y,CAN,S1,S1,P6,_Z,_Z,_Z,XDC,V,N,T0102,1991-Q4,43353,,,F,1,A,6,CAD
OECD.SDD.NAD:DSD_NAMAIN1@DF_QNA(1.1),Q,Y,CAN,S1,S1,P6,_Z,_Z,_Z,XDC,V,N,T0102,1992-Q1,44472,,,F,1,A,6,CAD
OECD.SDD.NAD:DSD_NAMAIN1@DF_QNA(1.1),Q,Y,CAN,S1,S1,P6,_Z,_Z,_Z,XDC,V,N,T0102,1992-Q2,46266,,,F,1,A,6,CAD
OECD.SDD.NAD:DSD_NAMAIN1@DF_QNA(1.1),Q,Y,CAN,S1,S1,P6,_Z,_Z,_Z,XDC,V,N,T0102,1965-Q1,2558,,,F,1,A,6,CAD
OECD.SDD.NAD:DSD_NAMAIN1@DF_QNA(1.1),Q,Y,CAN,S1,S1,P6,_Z,_Z,_Z,XDC,V,N,T0102,1965-Q2,2606,,,F,1,A,6,CAD
OECD.SDD.NAD:DSD_NAMAIN1@DF_QNA(1.1),Q,Y,CAN,S1,S1,P6,_Z,_Z,_Z,XDC,V,N,T0102,1965-Q3,2730,,,F,1,A,6,CAD
OECD.SDD.NAD:DSD_NAMAIN1@DF_QNA(1.1),Q,Y,CAN,S1,S1,P6,_Z,_Z,_Z,XDC,V,N,T0102,1965-Q4,2882,,,F,1,A,6,CAD
OECD.SDD.NAD:DSD_NAMAIN1@DF_QNA(1.1),Q,Y,CAN,S1,S1,P6,_Z,_Z,_Z,XDC,V,N,T0102,1966-Q1,2958,,,F,1,A,6,CAD
OECD.SDD.NAD:DSD_NAMAIN1@DF_QNA(1.1),Q,Y,CAN,S1,S1,P6,_Z,_Z,_Z,XDC,V,N,T0102,1966-Q2,3042,,,F,1,A,6,CAD
OECD.SDD.NAD:DSD_NAMAIN1@DF_QNA(1.1),Q,Y,CAN,S1,S1,B1GQ,_Z,_Z,_Z,XDC,V,N,T0102,2018-Q2,560017,,,F,1,A,6,CAD
OECD.SDD.NAD:DSD_NAMAIN1@DF_QNA(1.1),Q,Y,CAN,S1,S1,B1GQ,_Z,_Z,_Z,XDC,V,N,T0102,2024-Q1,759077,,,F,1,A,6,CAD
OECD.SDD.NAD:DSD_NAMAIN1@DF_QNA(1.1),Q,Y,CAN,S1,S1,B1GQ,_Z,_Z,_Z,XDC,V,N,T0102,2024-Q2,772227,,,F,1,A,6,CAD
OECD.SDD.NAD:DSD_NAMAIN1@DF_QNA(1.1),Q,Y,CAN,S1,S1,B1GQ,_Z,_Z,_Z,XDC,V,N,T0102,2024-Q3,783013,,,F,1,A,6,CAD
OECD.SDD.NAD:DSD_NAMAIN1@DF_QNA(1.1),Q,Y,CAN,S1,S1,B1GQ,_Z,_Z,_Z,XDC,V,N,T0102,2024-Q4,794234,,,F,1,A,6,CAD
OECD.SDD.NAD:DSD_NAMAIN1@DF_QNA(1.1),Q,Y,CAN,S1,S1,B1GQ,_Z,_Z,_Z,XDC,V,N,T0102,2010-Q2,413310,,,F,1,A,6,CAD
OECD.SDD.NAD:DSD_NAMAIN1@DF_QNA(1.1),Q,Y,CAN,S1,S1,B1GQ,_Z,_Z,_Z,XDC,V,N,T0102,2025-Q1,806113,,,F,1,A,6,CAD
OECD.SDD.NAD:DSD_NAMAIN1@DF_QNA(1.1),Q,Y,CAN,S1,S1,B1GQ,_Z,_Z,_Z,XDC,V,N,T0102,2026-Q2,859430,,,F,1,A,6,CAD
OECD.SDD.NAD:DSD_NAMAIN1@DF_QNA(1.1),Q,Y,CAN,S1,S1,B1GQ,_Z,_Z,_Z,XDC,V,N,T0102,2026-Q1,832123,,,F,1,A,6,CAD
OECD.SDD.NAD:DSD_NAMAIN1@DF_QNA(1.1),Q,Y,CAN,S1,S1,P7,_Z,_Z,_Z,XDC,V,N,T0102,1991-Q2,42595,,,F,1,A,6,CAD
OECD.SDD.NAD:DSD_NAMAIN1@DF_QNA(1.1),Q,Y,CAN,S1,S1,P7,_Z,_Z,_Z,XDC,V,N,T0102,1991-Q1,42366,,,F,1,A,6,CAD
OECD.SDD.NAD:DSD_NAMAIN1@DF_QNA(1.1),Q,Y,CAN,S1,S1,P7,_Z,_Z,_Z,XDC,V,N,T0102,1990-Q4,43297,,,F,1,A,6,CAD
OECD.SDD.NAD:DSD_NAMAIN1@DF_QNA(1.1),Q,Y,CAN,S1,S1,P7,_Z,_Z,_Z,XDC,V,N,T0102,1990-Q3,42914,,,F,1,A,6,CAD
OECD.SDD.NAD:DSD_NAMAIN1@DF_QNA(1.1),Q,Y,CAN,S1,S1,P7,_Z,_Z,_Z,XDC,V,N,T0102,1990-Q2,43410,,,F,1,A,6,CAD
OECD.SDD.NAD:DSD_NAMAIN1@DF_QNA(1.1),Q,Y,CAN,S1,S1,P7,_Z,_Z,_Z,XDC,V,N,T0102,1990-Q1,43699,,,F,1,A,6,CAD
OECD.SDD.NAD:DSD_NAMAIN1@DF_QNA(1.1),Q,Y,CAN,S1,S1,P7,_Z,_Z,_Z,XDC,V,N,T0102,1989-Q4,42776,,,F,1,A,6,CAD
OECD.SDD.NAD:DSD_NAMAIN1@DF_QNA(1.1),Q,Y,CAN,S1,S1,P7,_Z,_Z,_Z,XDC,V,N,T0102,1989-Q3,41474,,,F,1,A,6,CAD
OECD.SDD.NAD:DSD_NAMAIN1@DF_QNA(1.1),Q,Y,CAN,S1,S1,P7,_Z,_Z,_Z,XDC,V,N,T0102,1989-Q2,42219,,,F,1,A,6,CAD
OECD.SDD.NAD:DSD_NAMAIN1@DF_QNA(1.1),Q,Y,CAN,S1,S1,P7,_Z,_Z,_Z,XDC,V,N,T0102,1989-Q1,41562,,,F,1,A,6,CAD
OECD.SDD.NAD:DSD_NAMAIN1@DF_QNA(1.1),Q,Y,CAN,S1,S1,P7,_Z,_Z,_Z,XDC,V,N,T0102,1988-Q4,40422,,,F,1,A,6,CAD
OECD.SDD.NAD:DSD_NAMAIN1@DF_QNA(1.1),Q,Y,CAN,S1,S1,P7,_Z,_Z,_Z,XDC,V,N,T0102,1988-Q3,39906,,,F,1,A,6,CAD
OECD.SDD.NAD:DSD_NAMAIN1@DF_QNA(1.1),Q,Y,CAN,S1,S1,P7,_Z,_Z,_Z,XDC,V,N,T0102,1988-Q2,39027,,,F,1,A,6,CAD
OECD.SDD.NAD:DSD_NAMAIN1@DF_QNA(1.1),Q,Y,CAN,S1,S1,P7,_Z,_Z,_Z,XDC,V,N,T0102,1988-Q1,39330,,,F,1,A,6,CAD
OECD.SDD.NAD:DSD_NAMAIN1@DF_QNA(1.1),Q,Y,CAN,S1,S1,P7,_Z,_Z,_Z,XDC,V,N,T0102,1987-Q4,38489,,,F,1,A,6,CAD
OECD.SDD.NAD:DSD_NAMAIN1@DF_QNA(1.1),Q,Y,CAN,S1,S1,P7,_Z,_Z,_Z,XDC,V,N,T0102,1987-Q3,35716,,,F,1,A,6,CAD
OECD.SDD.NAD:DSD_NAMAIN1@DF_QNA(1.1),Q,Y,CAN,S1,S1,P7,_Z,_Z,_Z,XDC,V,N,T0102,1987-Q2,34562,,,F,1,A,6,CAD
OECD.SDD.NAD:DSD_NAMAIN1@DF_QNA(1.1),Q,Y,CAN,S1,S1,P7,_Z,_Z,_Z,XDC,V,N,T0102,1987-Q1,34030,,,F,1,A,6,CAD
OECD.SDD.NAD:DSD_NAMAIN1@DF_QNA(1.1),Q,Y,CAN,S1,S1,P7,_Z,_Z,_Z,XDC,V,N,T0102,1986-Q4,34826,,,F,1,A,6,CAD
OECD.SDD.NAD:DSD_NAMAIN1@DF_QNA(1.1),Q,Y,CAN,S1,S1,P7,_Z,_Z,_Z,XDC,V,N,T0102,1986-Q3,34867,,,F,1,A,6,CAD
OECD.SDD.NAD:DSD_NAMAIN1@DF_QNA(1.1),Q,Y,CAN,S1,S1,P7,_Z,_Z,_Z,XDC,V,N,T0102,1986-Q2,33494,,,F,1,A,6,CAD
OECD.SDD.NAD:DSD_NAMAIN1@DF_QNA(1.1),Q,Y,CAN,S1,S1,P7,_Z,_Z,_Z,XDC,V,N,T0102,1986-Q1,34145,,,F,1,A,6,CAD
OECD.SDD.NAD:DSD_NAMAIN1@DF_QNA(1.1),Q,Y,CAN,S1,S1,P7,_Z,_Z,_Z,XDC,V,N,T0102,1985-Q4,32947,,,F,1,A,6,CAD
OECD.SDD.NAD:DSD_NAMAIN1@DF_QNA(1.1),Q,Y,CAN,S1,S1,P7,_Z,_Z,_Z,XDC,V,N,T0102,1985-Q3,32420,,,F,1,A,6,CAD
OECD.SDD.NAD:DSD_NAMAIN1@DF_QNA(1.1),Q,Y,CAN,S1,S1,P7,_Z,_Z,_Z,XDC,V,N,T0102,1985-Q2,31405,,,F,1,A,6,CAD
OECD.SDD.NAD:DSD_NAMAIN1@DF_QNA(1.1),Q,Y,CAN,S1,S1,P7,_Z,_Z,_Z,XDC,V,N,T0102,1985-Q1,29710,,,F,1,A,6,CAD
OECD.SDD.NAD:DSD_NAMAIN1@DF_QNA(1.1),Q,Y,CAN,S1,S1,P7,_Z,_Z,_Z,XDC,V,N,T0102,1984-Q4,28432,,,F,1,A,6,CAD
OECD.SDD.NAD:DSD_NAMAIN1@DF_QNA(1.1),Q,Y,CAN,S1,S1,P7,_Z,_Z,_Z,XDC,V,N,T0102,1984-Q3,29527,,,F,1,A,6,CAD
OECD.SDD.NAD:DSD_NAMAIN1@DF_QNA(1.1),Q,Y,CAN,S1,S1,P7,_Z,_Z,_Z,XDC,V,N,T0102,1984-Q2,28112,,,F,1,A,6,CAD
OECD.SDD.NAD:DSD_NAMAIN1@DF_QNA(1.1),Q,Y,CAN,S1,S1,P7,_Z,_Z,_Z,XDC,V,N,T0102,1984-Q1,27301,,,F,1,A,6,CAD
OECD.SDD.NAD:DSD_NAMAIN1@DF_QNA(1.1),Q,Y,CAN,S1,S1,P7,_Z,_Z,_Z,XDC,V,N,T0102,1983-Q4,25715,,,F,1,A,6,CAD
OECD.SDD.NAD:DSD_NAMAIN1@DF_QNA(1.1),Q,Y,CAN,S1,S1,P7,_Z,_Z,_Z,XDC,V,N,T0102,1983-Q3,23609,,,F,1,A,6,CAD
OECD.SDD.NAD:DSD_NAMAIN1@DF_QNA(1.1),Q,Y,CAN,S1,S1,P7,_Z,_Z,_Z,XDC,V,N,T0102,1983-Q2,21673,,,F,1,A,6,CAD
OECD.SDD.NAD:DSD_NAMAIN1@DF_QNA(1.1),Q,Y,CAN,S1,S1,P7,_Z,_Z,_Z,XDC,V,N,T0102,1983-Q1,20782,,,F,1,A,6,CAD
OECD.SDD.NAD:DSD_NAMAIN1@DF_QNA(1.1),Q,Y,CAN,S1,S1,P7,_Z,_Z,_Z,XDC,V,N,T0102,1982-Q4,19665,,,F,1,A,6,CAD
OECD.SDD.NAD:DSD_NAMAIN1@DF_QNA(1.1),Q,Y,CAN,S1,S1,P7,_Z,_Z,_Z,XDC,V,N,T0102,1982-Q3,20986,,,F,1,A,6,CAD
OECD.SDD.NAD:DSD_NAMAIN1@DF_QNA(1.1),Q,Y,CAN,S1,S1,P7,_Z,_Z,_Z,XDC,V,N,T0102,1982-Q2,20887,,,F,1,A,6,CAD
OECD.SDD.NAD:DSD_NAMAIN1@DF_QNA(1.1),Q,Y,CAN,S1,S1,P7,_Z,_Z,_Z,XDC,V,N,T0102,1982-Q1,21623,,,F,1,A,6,CAD
OECD.SDD.NAD:DSD_NAMAIN1@DF_QNA(1.1),Q,Y,CAN,S1,S1,P7,_Z,_Z,_Z,XDC,V,N,T0102,1981-Q4,23048,,,F,1,A,6,CAD
OECD.SDD.NAD:DSD_NAMAIN1@DF_QNA(1.1),Q,Y,CAN,S1,S1,B1GQ,_Z,_Z,_Z,XDC,V,N,T0102,1971-Q1,24072,,,F,1,A,6,CAD
OECD.SDD.NAD:DSD_NAMAIN1@DF_QNA(1.1),Q,Y,CAN,S1,S1,B1GQ,_Z,_Z,_Z,XDC,V,N,T0102,1971-Q2,25078,,,F,1,A,6,CAD
OECD.SDD.NAD:DSD_NAMAIN1@DF_QNA(1.1),Q,Y,CAN,S1,S1,B1GQ,_Z,_Z,_Z,XDC,V,N,T0102,1971-Q3,25906,,,F,1,A,6,CAD
OECD.SDD.NAD:DSD_NAMAIN1@DF_QNA(1.1),Q,Y,CAN,S1,S1,B1GQ,_Z,_Z,_Z,XDC,V,N,T0102,1971-Q4,26609,,,F,1,A,6,CAD
OECD.SDD.NAD:DSD_NAMAIN1@DF_QNA(1.1),Q,Y,CAN,S1,S1,B1GQ,_Z,_Z,_Z,XDC,V,N,T0102,1972-Q1,27037,,,F,1,A,6,CAD
OECD.SDD.NAD:DSD_NAMAIN1@DF_QNA(1.1),Q,Y,CAN,S1,S1,B1GQ,_Z,_Z,_Z,XDC,V,N,T0102,1972-Q2,28066,,,F,1,A,6,CAD
OECD.SDD.NAD:DSD_NAMAIN1@DF_QNA(1.1),Q,Y,CAN,S1,S1,B1GQ,_Z,_Z,_Z,XDC,V,N,T0102,1972-Q3,28596,,,F,1,A,6,CAD
OECD.SDD.NAD:DSD_NAMAIN1@DF_QNA(1.1),Q,Y,CAN,S1,S1,B1GQ,_Z,_Z,_Z,XDC,V,N,T0102,1972-Q4,29822,,,F,1,A,6,CAD
OECD.SDD.NAD:DSD_NAMAIN1@DF_QNA(1.1),Q,Y,CAN,S1,S1,B1GQ,_Z,_Z,_Z,XDC,V,N,T0102,1973-Q1,31189,,,F,1,A,6,CAD
OECD.SDD.NAD:DSD_NAMAIN1@DF_QNA(1.1),Q,Y,CAN,S1,S1,B1GQ,_Z,_Z,_Z,XDC,V,N,T0102,1973-Q2,32510,,,F,1,A,6,CAD
OECD.SDD.NAD:DSD_NAMAIN1@DF_QNA(1.1),Q,Y,CAN,S1,S1,B1GQ,_Z,_Z,_Z,XDC,V,N,T0102,1973-Q3,33631,,,F,1,A,6,CAD
OECD.SDD.NAD:DSD_NAMAIN1@DF_QNA(1.1),Q,Y,CAN,S1,S1,B1GQ,_Z,_Z,_Z,XDC,V,N,T0102,1973-Q4,35636,,,F,1,A,6,CAD
OECD.SDD.NAD:DSD_NAMAIN1@DF_QNA(1.1),Q,Y,CAN,S1,S1,B1GQ,_Z,_Z,_Z,XDC,V,N,T0102,1974-Q1,37325,,,F,1,A,6,CAD
OECD.SDD.NAD:DSD_NAMAIN1@DF_QNA(1.1),Q,Y,CAN,S1,S1,B1GQ,_Z,_Z,_Z,XDC,V,N,T0102,1974-Q2,38990,,,F,1,A,6,CAD
OECD.SDD.NAD:DSD_NAMAIN1@DF_QNA(1.1),Q,Y,CAN,S1,S1,B1GQ,_Z,_Z,_Z,XDC,V,N,T0102,1974-Q3,40561,,,F,1,A,6,CAD
OECD.SDD.NAD:DSD_NAMAIN1@DF_QNA(1.1),Q,Y,CAN,S1,S1,B1GQ,_Z,_Z,_Z,XDC,V,N,T0102,1974-Q4,41300,,,F,1,A,6,CAD
OECD.SDD.NAD:DSD_NAMAIN1@DF_QNA(1.1),Q,Y,CAN,S1,S1,B1GQ,_Z,_Z,_Z,XDC,V,N,T0102,1975-Q1,41861,,,F,1,A,6,CAD
OECD.SDD.NAD:DSD_NAMAIN1@DF_QNA(1.1),Q,Y,CAN,S1,S1,B1GQ,_Z,_Z,_Z,XDC,V,N,T0102,1975-Q2,43406,,,F,1,A,6,CAD
OECD.SDD.NAD:DSD_NAMAIN1@DF_QNA(1.1),Q,Y,CAN,S1,S1,P6,_Z,_Z,_Z,XDC,V,N,T0102,1978-Q3,15592,,,F,1,A,6,CAD
OECD.SDD.NAD:DSD_NAMAIN1@DF_QNA(1.1),Q,Y,CAN,S1,S1,P6,_Z,_Z,_Z,XDC,V,N,T0102,1978-Q4,16589,,,F,1,A,6,CAD
OECD.SDD.NAD:DSD_NAMAIN1@DF_QNA(1.1),Q,Y,CAN,S1,S1,P6,_Z,_Z,_Z,XDC,V,N,T0102,1979-Q1,17658,,,F,1,A,6,CAD
OECD.SDD.NAD:DSD_NAMAIN1@DF_QNA(1.1),Q,Y,CAN,S1,S1,P6,_Z,_Z,_Z,XDC,V,N,T0102,1979-Q2,17843,,,F,1,A,6,CAD
OECD.SDD.NAD:DSD_NAMAIN1@DF_QNA(1.1),Q,Y,CAN,S1,S1,P6,_Z,_Z,_Z,XDC,V,N,T0102,1979-Q3,19416,,,F,1,A,6,CAD
OECD.SDD.NAD:DSD_NAMAIN1@DF_QNA(1.1),Q,Y,CAN,S1,S1,P6,_Z,_Z,_Z,XDC,V,N,T0102,2018-Q1,174388,,,F,1,A,6,CAD
OECD.SDD.NAD:DSD_NAMAIN1@DF_QNA(1.1),Q,Y,CAN,S1,S1,P6,_Z,_Z,_Z,XDC,V,N,T0102,2021-Q2,189235,,,F,1,A,6,CAD
OECD.SDD.NAD:DSD_NAMAIN1@DF_QNA(1.1),Q,Y,CAN,S1,S1,P6,_Z,_Z,_Z,XDC,V,N,T0102,2021-Q3,198610,,,F,1,A,6,CAD
OECD.SDD.NAD:DSD_NAMAIN1@DF_QNA(1.1),Q,Y,CAN,S1,S1,P6,_Z,_Z,_Z,XDC,V,N,T0102,2021-Q4,214150,,,F,1,A,6,CAD
OECD.SDD.NAD:DSD_NAMAIN1@DF_QNA(1.1),Q,Y,CAN,S1,S1,P6,_Z,_Z,_Z,XDC,V,N,T0102,2022-Q1,226565,,,F,1,A,6,CAD
OECD.SDD.NAD:DSD_NAMAIN1@DF_QNA(1.1),Q,Y,CAN,S1,S1,P6,_Z,_Z,_Z,XDC,V,N,T0102,2022-Q2,251527,,,F,1,A,6,CAD
OECD.SDD.NAD:DSD_NAMAIN1@DF_QNA(1.1),Q,Y,CAN,S1,S1,P6,_Z,_Z,_Z,XDC,V,N,T0102,2022-Q3,244943,,,F,1,A,6,CAD
OECD.SDD.NAD:DSD_NAMAIN1@DF_QNA(1.1),Q,Y,CAN,S1,S1,P6,_Z,_Z,_Z,XDC,V,N,T0102,2006-Q3,132699,,,F,1,A,6,CAD
OECD.SDD.NAD:DSD_NAMAIN1@DF_QNA(1.1),Q,Y,CAN,S1,S1,P6,_Z,_Z,_Z,XDC,V,N,T0102,2006-Q4,134274,,,F,1,A,6,CAD
OECD.SDD.NAD:DSD_NAMAIN1@DF_QNA(1.1),Q,Y,CAN,S1,S1,P6,_Z,_Z,_Z,XDC,V,N,T0102,2004-Q1,117830,,,F,1,A,6,CAD
OECD.SDD.NAD:DSD_NAMAIN1@DF_QNA(1.1),Q,Y,CAN,S1,S1,B1GQ,_Z,_Z,_Z,XDC,V,N,T0102,1986-Q4,133461,,,F,1,A,6,CAD
OECD.SDD.NAD:DSD_NAMAIN1@DF_QNA(1.1),Q,Y,CAN,S1,S1,B1GQ,_Z,_Z,_Z,XDC,V,N,T0102,1987-Q1,138121,,,F,1,A,6,CAD
OECD.SDD.NAD:DSD_NAMAIN1@DF_QNA(1.1),Q,Y,CAN,S1,S1,B1GQ,_Z,_Z,_Z,XDC,V,N,T0102,1987-Q2,141855,,,F,1,A,6,CAD
OECD.SDD.NAD:DSD_NAMAIN1@DF_QNA(1.1),Q,Y,CAN,S1,S1,B1GQ,_Z,_Z,_Z,XDC,V,N,T0102,1987-Q3,145420,,,F,1,A,6,CAD
OECD.SDD.NAD:DSD_NAMAIN1@DF_QNA(1.1),Q,Y,CAN,S1,S1,B1GQ,_Z,_Z,_Z,XDC,V,N,T0102,1987-Q4,148940,,,F,1,A,6,CAD
OECD.SDD.NAD:DSD_NAMAIN1@DF_QNA(1.1),Q,Y,CAN,S1,S1,B1GQ,_Z,_Z,_Z,XDC,V,N,T0102,1988-Q1,152737,,,F,1,A,6,CAD
OECD.SDD.NAD:DSD_NAMAIN1@DF_QNA(1.1),Q,Y,CAN,S1,S1,B1GQ,_Z,_Z,_Z,XDC,V,N,T0102,1988-Q2,155292,,,F,1,A,6,CAD
OECD.SDD.NAD:DSD_NAMAIN1@DF_QNA(1.1),Q,Y,CAN,S1,S1,B1GQ,_Z,_Z,_Z,XDC,V,N,T0102,1988-Q3,157848,,,F,1,A,6,CAD
OECD.SDD.NAD:DSD_NAMAIN1@DF_QNA(1.1),Q,Y,CAN,S1,S1,B1GQ,_Z,_Z,_Z,XDC,V,N,T0102,2022-Q1,694460,,,F,1,A,6,CAD
OECD.SDD.NAD:DSD_NAMAIN1@DF_QNA(1.1),Q,Y,CAN,S1,S1,B1GQ,_Z,_Z,_Z,XDC,V,N,T0102,2022-Q2,724571,,,F,1,A,6,CAD
OECD.SDD.NAD:DSD_NAMAIN1@DF_QNA(1.1),Q,Y,CAN,S1,S1,B1GQ,_Z,_Z,_Z,XDC,V,N,T0102,2022-Q3,722188,,,F,1,A,6,CAD
OECD.SDD.NAD:DSD_NAMAIN1@DF_QNA(1.1),Q,Y,CAN,S1,S1,B1GQ,_Z,_Z,_Z,XDC,V,N,T0102,2022-Q4,722940,,,F,1,A,6,CAD
OECD.SDD.NAD:DSD_NAMAIN1@DF_QNA(1.1),Q,Y,CAN,S1,S1,B1GQ,_Z,_Z,_Z,XDC,V,N,T0102,2023-Q1,728107,,,F,1,A,6,CAD
OECD.SDD.NAD:DSD_NAMAIN1@DF_QNA(1.1),Q,Y,CAN,S1,S1,B1GQ,_Z,_Z,_Z,XDC,V,N,T0102,2023-Q2,733800,,,F,1,A,6,CAD
OECD.SDD.NAD:DSD_NAMAIN1@DF_QNA(1.1),Q,Y,CAN,S1,S1,B1GQ,_Z,_Z,_Z,XDC,V,N,T0102,2023-Q3,749416,,,F,1,A,6,CAD
OECD.SDD.NAD:DSD_NAMAIN1@DF_QNA(1.1),Q,Y,CAN,S1,S1,B1GQ,_Z,_Z,_Z,XDC,V,N,T0102,2023-Q4,753878,,,F,1,A,6,CAD
OECD.SDD.NAD:DSD_NAMAIN1@DF_QNA(1.1),Q,Y,CAN,S1,S1,B1GQ,_Z,_Z,_Z,XDC,V,N,T0102,2002-Q2,296473,,,F,1,A,6,CAD
OECD.SDD.NAD:DSD_NAMAIN1@DF_QNA(1.1),Q,Y,CAN,S1,S1,B1GQ,_Z,_Z,_Z,XDC,V,N,T0102,2008-Q1,409324,,,F,1,A,6,CAD
OECD.SDD.NAD:DSD_NAMAIN1@DF_QNA(1.1),Q,Y,CAN,S1,S1,B1GQ,_Z,_Z,_Z,XDC,V,N,T0102,2008-Q2,419362,,,F,1,A,6,CAD
OECD.SDD.NAD:DSD_NAMAIN1@DF_QNA(1.1),Q,Y,CAN,S1,S1,B1GQ,_Z,_Z,_Z,XDC,V,N,T0102,2009-Q3,391981,,,F,1,A,6,CAD
OECD.SDD.NAD:DSD_NAMAIN1@DF_QNA(1.1),Q,Y,CAN,S1,S1,B1GQ,_Z,_Z,_Z,XDC,V,N,T0102,2009-Q4,402923,,,F,1,A,6,CAD
OECD.SDD.NAD:DSD_NAMAIN1@DF_QNA(1.1),Q,Y,CAN,S1,S1,B1GQ,_Z,_Z,_Z,XDC,V,N,T0102,2010-Q4,425387,,,F,1,A,6,CAD
OECD.SDD.NAD:DSD_NAMAIN1@DF_QNA(1.1),Q,Y,CAN,S1,S1,B1GQ,_Z,_Z,_Z,XDC,V,N,T0102,2011-Q4,453175,,,F,1,A,6,CAD
OECD.SDD.NAD:DSD_NAMAIN1@DF_QNA(1.1),Q,Y,CAN,S1,S1,B1GQ,_Z,_Z,_Z,XDC,V,N,T0102,2012-Q1,453780,,,F,1,A,6,CAD
OECD.SDD.NAD:DSD_NAMAIN1@DF_QNA(1.1),Q,Y,CAN,S1,S1,B1GQ,_Z,_Z,_Z,XDC,V,N,T0102,2014-Q4,503486,,,F,1,A,6,CAD
OECD.SDD.NAD:DSD_NAMAIN1@DF_QNA(1.1),Q,Y,CAN,S1,S1,B1GQ,_Z,_Z,_Z,XDC,V,N,T0102,2015-Q1,496075,,,F,1,A,6,CAD
OECD.SDD.NAD:DSD_NAMAIN1@DF_QNA(1.1),Q,Y,CAN,S1,S1,B1GQ,_Z,_Z,_Z,XDC,V,N,T0102,2016-Q2,500538,,,F,1,A,6,CAD
OECD.SDD.NAD:DSD_NAMAIN1@DF_QNA(1.1),Q,Y,CAN,S1,S1,B1GQ,_Z,_Z,_Z,XDC,V,N,T0102,2020-Q4,582919,,,F,1,A,6,CAD
OECD.SDD.NAD:DSD_NAMAIN1@DF_QNA(1.1),Q,Y,CAN,S1,S1,B1GQ,_Z,_Z,_Z,XDC,V,N,T0102,2021-Q1,607847,,,F,1,A,6,CAD
OECD.SDD.NAD:DSD_NAMAIN1@DF_QNA(1.1),Q,Y,CAN,S1,S1,B1GQ,_Z,_Z,_Z,XDC,V,N,T0102,2021-Q2,622004,,,F,1,A,6,CAD
OECD.SDD.NAD:DSD_NAMAIN1@DF_QNA(1.1),Q,Y,CAN,S1,S1,B1GQ,_Z,_Z,_Z,XDC,V,N,T0102,2021-Q3,640826,,,F,1,A,6,CAD
OECD.SDD.NAD:DSD_NAMAIN1@DF_QNA(1.1),Q,Y,CAN,S1,S1,B1GQ,_Z,_Z,_Z,XDC,V,N,T0102,2016-Q3,508855,,,F,1,A,6,CAD
OECD.SDD.NAD:DSD_NAMAIN1@DF_QNA(1.1),Q,Y,CAN,S1,S1,B1GQ,_Z,_Z,_Z,XDC,V,N,T0102,2017-Q4,545711,,,F,1,A,6,CAD
OECD.SDD.NAD:DSD_NAMAIN1@DF_QNA(1.1),Q,Y,CAN,S1,S1,B1GQ,_Z,_Z,_Z,XDC,V,N,T0102,2018-Q1,551767,,,F,1,A,6,CAD
OECD.SDD.NAD:DSD_NAMAIN1@DF_QNA(1.1),Q,Y,CAN,S1,S1,B1GQ,_Z,_Z,_Z,XDC,V,N,T0102,2019-Q1,567228,,,F,1,A,6,CAD
OECD.SDD.NAD:DSD_NAMAIN1@DF_QNA(1.1),Q,Y,CAN,S1,S1,B1GQ,_Z,_Z,_Z,XDC,V,N,T0102,2019-Q4,587546,,,F,1,A,6,CAD
OECD.SDD.NAD:DSD_NAMAIN1@DF_QNA(1.1),Q,Y,CAN,S1,S1,B1GQ,_Z,_Z,_Z,XDC,V,N,T0102,2020-Q1,572004,,,F,1,A,6,CAD
OECD.SDD.NAD:DSD_NAMAIN1@DF_QNA(1.1),Q,Y,CAN,S1,S1,B1GQ,_Z,_Z,_Z,XDC,V,N,T0102,2020-Q2,503983,,,F,1,A,6,CAD
OECD.SDD.NAD:DSD_NAMAIN1@DF_QNA(1.1),Q,Y,CAN,S1,S1,B1GQ,_Z,_Z,_Z,XDC,V,N,T0102,2020-Q3,561621,,,F,1,A,6,CAD
OECD.SDD.NAD:DSD_NAMAIN1@DF_QNA(1.1),Q,Y,CAN,S1,S1,B1GQ,_Z,_Z,_Z,XDC,V,N,T0102,1994-Q3,200196,,,F,1,A,6,CAD
OECD.SDD.NAD:DSD_NAMAIN1@DF_QNA(1.1),Q,Y,CAN,S1,S1,B1GQ,_Z,_Z,_Z,XDC,V,N,T0102,1994-Q4,202697,,,F,1,A,6,CAD
OECD.SDD.NAD:DSD_NAMAIN1@DF_QNA(1.1),Q,Y,CAN,S1,S1,B1GQ,_Z,_Z,_Z,XDC,V,N,T0102,1995-Q1,205993,,,F,1,A,6,CAD
OECD.SDD.NAD:DSD_NAMAIN1@DF_QNA(1.1),Q,Y,CAN,S1,S1,B1GQ,_Z,_Z,_Z,XDC,V,N,T0102,1995-Q2,207214,,,F,1,A,6,CAD
OECD.SDD.NAD:DSD_NAMAIN1@DF_QNA(1.1),Q,Y,CAN,S1,S1,B1GQ,_Z,_Z,_Z,XDC,V,N,T0102,1995-Q3,208244,,,F,1,A,6,CAD
OECD.SDD.NAD:DSD_NAMAIN1@DF_QNA(1.1),Q,Y,CAN,S1,S1,B1GQ,_Z,_Z,_Z,XDC,V,N,T0102,1995-Q4,210170,,,F,1,A,6,CAD
OECD.SDD.NAD:DSD_NAMAIN1@DF_QNA(1.1),Q,Y,CAN,S1,S1,B1GQ,_Z,_Z,_Z,XDC,V,N,T0102,1996-Q1,211052,,,F,1,A,6,CAD
OECD.SDD.NAD:DSD_NAMAIN1@DF_QNA(1.1),Q,Y,CAN,S1,S1,B1GQ,_Z,_Z,_Z,XDC,V,N,T0102,1996-Q2,213226,,,F,1,A,6,CAD
OECD.SDD.NAD:DSD_NAMAIN1@DF_QNA(1.1),Q,Y,CAN,S1,S1,B1GQ,_Z,_Z,_Z,XDC,V,N,T0102,2003-Q4,318221,,,F,1,A,6,CAD
OECD.SDD.NAD:DSD_NAMAIN1@DF_QNA(1.1),Q,Y,CAN,S1,S1,B1GQ,_Z,_Z,_Z,XDC,V,N,T0102,2004-Q1,324054,,,F,1,A,6,CAD
OECD.SDD.NAD:DSD_NAMAIN1@DF_QNA(1.1),Q,Y,CAN,S1,S1,B1GQ,_Z,_Z,_Z,XDC,V,N,T0102,2006-Q3,376234,,,F,1,A,6,CAD
OECD.SDD.NAD:DSD_NAMAIN1@DF_QNA(1.1),Q,Y,CAN,S1,S1,B1GQ,_Z,_Z,_Z,XDC,V,N,T0102,2006-Q4,378691,,,F,1,A,6,CAD
OECD.SDD.NAD:DSD_NAMAIN1@DF_QNA(1.1),Q,Y,CAN,S1,S1,B1GQ,_Z,_Z,_Z,XDC,V,N,T0102,1990-Q4,174192,,,F,1,A,6,CAD
OECD.SDD.NAD:DSD_NAMAIN1@DF_QNA(1.1),Q,Y,CAN,S1,S1,B1GQ,_Z,_Z,_Z,XDC,V,N,T0102,1991-Q1,173502,,,F,1,A,6,CAD
OECD.SDD.NAD:DSD_NAMAIN1@DF_QNA(1.1),Q,Y,CAN,S1,S1,B1GQ,_Z,_Z,_Z,XDC,V,N,T0102,1991-Q2,175393,,,F,1,A,6,CAD
OECD.SDD.NAD:DSD_NAMAIN1@DF_QNA(1.1),Q,Y,CAN,S1,S1,B1GQ,_Z,_Z,_Z,XDC,V,N,T0102,1991-Q3,176199,,,F,1,A,6,CAD
OECD.SDD.NAD:DSD_NAMAIN1@DF_QNA(1.1),Q,Y,CAN,S1,S1,B1GQ,_Z,_Z,_Z,XDC,V,N,T0102,1991-Q4,176679,,,F,1,A,6,CAD
OECD.SDD.NAD:DSD_NAMAIN1@DF_QNA(1.1),Q,Y,CAN,S1,S1,B1GQ,_Z,_Z,_Z,XDC,V,N,T0102,1992-Q1,177502,,,F,1,A,6,CAD
OECD.SDD.NAD:DSD_NAMAIN1@DF_QNA(1.1),Q,Y,CAN,S1,S1,B1GQ,_Z,_Z,_Z,XDC,V,N,T0102,1992-Q2,178686,,,F,1,A,6,CAD
OECD.SDD.NAD:DSD_NAMAIN1@DF_QNA(1.1),Q,Y,CAN,S1,S1,B1GQ,_Z,_Z,_Z,XDC,V,N,T0102,1963-Q2,12139,,,F,1,A,6,CAD
OECD.SDD.NAD:DSD_NAMAIN1@DF_QNA(1.1),Q,Y,CAN,S1,S1,B1GQ,_Z,_Z,_Z,XDC,V,N,T0102,1963-Q3,12338,,,F,1,A,6,CAD
OECD.SDD.NAD:DSD_NAMAIN1@DF_QNA(1.1),Q,Y,CAN,S1,S1,B1GQ,_Z,_Z,_Z,XDC,V,N,T0102,1963-Q4,12840,,,F,1,A,6,CAD
OECD.SDD.NAD:DSD_NAMAIN1@DF_QNA(1.1),Q,Y,CAN,S1,S1,B1GQ,_Z,_Z,_Z,XDC,V,N,T0102,1964-Q1,13144,,,F,1,A,6,CAD
OECD.SDD.NAD:DSD_NAMAIN1@DF_QNA(1.1),Q,Y,CAN,S1,S1,B1GQ,_Z,_Z,_Z,XDC,V,N,T0102,1964-Q2,13355,,,F,1,A,6,CAD
OECD.SDD.NAD:DSD_NAMAIN1@DF_QNA(1.1),Q,Y,CAN,S1,S1,B1GQ,_Z,_Z,_Z,XDC,V,N,T0102,1964-Q3,13645,,,F,1,A,6,CAD
OECD.SDD.NAD:DSD_NAMAIN1@DF_QNA(1.1),Q,Y,CAN,S1,S1,B1GQ,_Z,_Z,_Z,XDC,V,N,T0102,2006-Q2,372679,,,F,1,A,6,CAD
OECD.SDD.NAD:DSD_NAMAIN1@DF_QNA(1.1),Q,Y,CAN,S1,S1,B1GQ,_Z,_Z,_Z,XDC,V,N,T0102,2012-Q3,457659,,,F,1,A,6,CAD
OECD.SDD.NAD:DSD_NAMAIN1@DF_QNA(1.1),Q,Y,CAN,S1,S1,B1GQ,_Z,_Z,_Z,XDC,V,N,T0102,2012-Q4,461016,,,F,1,A,6,CAD
OECD.SDD.NAD:DSD_NAMAIN1@DF_QNA(1.1),Q,Y,CAN,S1,S1,B1GQ,_Z,_Z,_Z,XDC,V,N,T0102,2013-Q4,483281,,,F,1,A,6,CAD
OECD.SDD.NAD:DSD_NAMAIN1@DF_QNA(1.1),Q,Y,CAN,S1,S1,B1GQ,_Z,_Z,_Z,XDC,V,N,T0102,2015-Q2,496230,,,F,1,A,6,CAD
OECD.SDD.NAD:DSD_NAMAIN1@DF_QNA(1.1),Q,Y,CAN,S1,S1,B1GQ,_Z,_Z,_Z,XDC,V,N,T0102,2017-Q1,526987,,,F,1,A,6,CAD
OECD.SDD.NAD:DSD_NAMAIN1@DF_QNA(1.1),Q,Y,CAN,S1,S1,B1GQ,_Z,_Z,_Z,XDC,V,N,T0102,2017-Q2,532505,,,F,1,A,6,CAD
OECD.SDD.NAD:DSD_NAMAIN1@DF_QNA(1.1),Q,Y,CAN,S1,S1,B1GQ,_Z,_Z,_Z,XDC,V,N,T0102,1998-Q3,234718,,,F,1,A,6,CAD
OECD.SDD.NAD:DSD_NAMAIN1@DF_QNA(1.1),Q,Y,CAN,S1,S1,B1GQ,_Z,_Z,_Z,XDC,V,N,T0102,1998-Q4,238374,,,F,1,A,6,CAD
OECD.SDD.NAD:DSD_NAMAIN1@DF_QNA(1.1),Q,Y,CAN,S1,S1,B1GQ,_Z,_Z,_Z,XDC,V,N,T0102,1999-Q1,243810,,,F,1,A,6,CAD
OECD.SDD.NAD:DSD_NAMAIN1@DF_QNA(1.1),Q,Y,CAN,S1,S1,B1GQ,_Z,_Z,_Z,XDC,V,N,T0102,2005-Q1,345081,,,F,1,A,6,CAD
OECD.SDD.NAD:DSD_NAMAIN1@DF_QNA(1.1),Q,Y,CAN,S1,S1,B1GQ,_Z,_Z,_Z,XDC,V,N,T0102,2006-Q1,369000,,,F,1,A,6,CAD
OECD.SDD.NAD:DSD_NAMAIN1@DF_QNA(1.1),Q,Y,CAN,S1,S1,B1GQ,_Z,_Z,_Z,XDC,V,N,T0102,1999-Q4,260247,,,F,1,A,6,CAD
OECD.SDD.NAD:DSD_NAMAIN1@DF_QNA(1.1),Q,Y,CAN,S1,S1,B1GQ,_Z,_Z,_Z,XDC,V,N,T0102,2000-Q1,267547,,,F,1,A,6,CAD
OECD.SDD.NAD:DSD_NAMAIN1@DF_QNA(1.1),Q,Y,CAN,S1,S1,B1GQ,_Z,_Z,_Z,XDC,V,N,T0102,2000-Q3,280442,,,F,1,A,6,CAD
OECD.SDD.NAD:DSD_NAMAIN1@DF_QNA(1.1),Q,Y,CAN,S1,S1,B1GQ,_Z,_Z,_Z,XDC,V,N,T0102,2000-Q4,283220,,,F,1,A,6,CAD
OECD.SDD.NAD:DSD_NAMAIN1@DF_QNA(1.1),Q,Y,CAN,S1,S1,B1GQ,_Z,_Z,_Z,XDC,V,N,T0102,2001-Q1,287481,,,F,1,A,6,CAD
OECD.SDD.NAD:DSD_NAMAIN1@DF_QNA(1.1),Q,Y,CAN,S1,S1,B1GQ,_Z,_Z,_Z,XDC,V,N,T0102,2001-Q2,288215,,,F,1,A,6,CAD
OECD.SDD.NAD:DSD_NAMAIN1@DF_QNA(1.1),Q,Y,CAN,S1,S1,B1GQ,_Z,_Z,_Z,XDC,V,N,T0102,2004-Q2,332037,,,F,1,A,6,CAD
OECD.SDD.NAD:DSD_NAMAIN1@DF_QNA(1.1),Q,Y,CAN,S1,S1,B1GQ,_Z,_Z,_Z,XDC,V,N,T0102,2004-Q3,337870,,,F,1,A,6,CAD
OECD.SDD.NAD:DSD_NAMAIN1@DF_QNA(1.1),Q,Y,CAN,S1,S1,B1GQ,_Z,_Z,_Z,XDC,V,N,T0102,2004-Q4,341770,,,F,1,A,6,CAD
OECD.SDD.NAD:DSD_NAMAIN1@DF_QNA(1.1),Q,Y,CAN,S1,S1,B1GQ,_Z,_Z,_Z,XDC,V,N,T0102,2007-Q4,401127,,,F,1,A,6,CAD
OECD.SDD.NAD:DSD_NAMAIN1@DF_QNA(1.1),Q,Y,CAN,S1,S1,B1GQ,_Z,_Z,_Z,XDC,V,N,T0102,2011-Q3,446437,,,F,1,A,6,CAD
OECD.SDD.NAD:DSD_NAMAIN1@DF_QNA(1.1),Q,Y,CAN,S1,S1,B1GQ,_Z,_Z,_Z,XDC,V,N,T0102,2012-Q2,454746,,,F,1,A,6,CAD
OECD.SDD.NAD:DSD_NAMAIN1@DF_QNA(1.1),Q,Y,CAN,S1,S1,B1GQ,_Z,_Z,_Z,XDC,V,N,T0102,1992-Q3,180415,,,F,1,A,6,CAD
OECD.SDD.NAD:DSD_NAMAIN1@DF_QNA(1.1),Q,Y,CAN,S1,S1,B1GQ,_Z,_Z,_Z,XDC,V,N,T0102,1992-Q4,181833,,,F,1,A,6,CAD
OECD.SDD.NAD:DSD_NAMAIN1@DF_QNA(1.1),Q,Y,CAN,S1,S1,B1GQ,_Z,_Z,_Z,XDC,V,N,T0102,1993-Q1,183488,,,F,1,A,6,CAD
OECD.SDD.NAD:DSD_NAMAIN1@DF_QNA(1.1),Q,Y,CAN,S1,S1,B1GQ,_Z,_Z,_Z,XDC,V,N,T0102,1993-Q2,186340,,,F,1,A,6,CAD
OECD.SDD.NAD:DSD_NAMAIN1@DF_QNA(1.1),Q,Y,CAN,S1,S1,B1GQ,_Z,_Z,_Z,XDC,V,N,T0102,1993-Q3,187517,,,F,1,A,6,CAD
OECD.SDD.NAD:DSD_NAMAIN1@DF_QNA(1.1),Q,Y,CAN,S1,S1,B1GQ,_Z,_Z,_Z,XDC,V,N,T0102,1993-Q4,189692,,,F,1,A,6,CAD
OECD.SDD.NAD:DSD_NAMAIN1@DF_QNA(1.1),Q,Y,CAN,S1,S1,P6,_Z,_Z,_Z,XDC,V,N,T0102,1978-Q1,14222,,,F,1,A,6,CAD
OECD.SDD.NAD:DSD_NAMAIN1@DF_QNA(1.1),Q,Y,CAN,S1,S1,P6,_Z,_Z,_Z,XDC,V,N,T0102,1978-Q2,14982,,,F,1,A,6,CAD
OECD.SDD.NAD:DSD_NAMAIN1@DF_QNA(1.1),Q,Y,CAN,S1,S1,P6,_Z,_Z,_Z,XDC,V,N,T0102,1985-Q3,34489,,,F,1,A,6,CAD
OECD.SDD.NAD:DSD_NAMAIN1@DF_QNA(1.1),Q,Y,CAN,S1,S1,P6,_Z,_Z,_Z,XDC,V,N,T0102,1985-Q4,35218,,,F,1,A,6,CAD
OECD.SDD.NAD:DSD_NAMAIN1@DF_QNA(1.1),Q,Y,CAN,S1,S1,P6,_Z,_Z,_Z,XDC,V,N,T0102,1986-Q1,35024,,,F,1,A,6,CAD
OECD.SDD.NAD:DSD_NAMAIN1@DF_QNA(1.1),Q,Y,CAN,S1,S1,P6,_Z,_Z,_Z,XDC,V,N,T0102,2020-Q3,167708,,,F,1,A,6,CAD
OECD.SDD.NAD:DSD_NAMAIN1@DF_QNA(1.1),Q,Y,CAN,S1,S1,P6,_Z,_Z,_Z,XDC,V,N,T0102,2020-Q4,173805,,,F,1,A,6,CAD
OECD.SDD.NAD:DSD_NAMAIN1@DF_QNA(1.1),Q,Y,CAN,S1,S1,P6,_Z,_Z,_Z,XDC,V,N,T0102,2021-Q1,188547,,,F,1,A,6,CAD
OECD.SDD.NAD:DSD_NAMAIN1@DF_QNA(1.1),Q,Y,CAN,S1,S1,P6,_Z,_Z,_Z,XDC,V,N,T0102,1996-Q1,77207,,,F,1,A,6,CAD
OECD.SDD.NAD:DSD_NAMAIN1@DF_QNA(1.1),Q,Y,CAN,S1,S1,P6,_Z,_Z,_Z,XDC,V,N,T0102,1996-Q2,79650,,,F,1,A,6,CAD
OECD.SDD.NAD:DSD_NAMAIN1@DF_QNA(1.1),Q,Y,CAN,S1,S1,P6,_Z,_Z,_Z,XDC,V,N,T0102,2002-Q2,118159,,,F,1,A,6,CAD
OECD.SDD.NAD:DSD_NAMAIN1@DF_QNA(1.1),Q,Y,CAN,S1,S1,P6,_Z,_Z,_Z,XDC,V,N,T0102,2003-Q4,115173,,,F,1,A,6,CAD
OECD.SDD.NAD:DSD_NAMAIN1@DF_QNA(1.1),Q,Y,CAN,S1,S1,B1GQ,_Z,_Z,_Z,XDC,V,N,T0102,2025-Q3,815184,,,F,1,A,6,CAD
OECD.SDD.NAD:DSD_NAMAIN1@DF_QNA(1.1),Q,Y,CAN,S1,S1,B1GQ,_Z,_Z,_Z,XDC,V,N,T0102,2025-Q4,821145,,,F,1,A,6,CAD
OECD.SDD.NAD:DSD_NAMAIN1@DF_QNA(1.1),Q,Y,CAN,S1,S1,B1GQ,_Z,_Z,_Z,XDC,V,N,T0102,1961-Q1,10150,,,F,1,A,6,CAD
OECD.SDD.NAD:DSD_NAMAIN1@DF_QNA(1.1),Q,Y,CAN,S1,S1,B1GQ,_Z,_Z,_Z,XDC,V,N,T0102,1961-Q2,10374,,,F,1,A,6,CAD
OECD.SDD.NAD:DSD_NAMAIN1@DF_QNA(1.1),Q,Y,CAN,S1,S1,B1GQ,_Z,_Z,_Z,XDC,V,N,T0102,1961-Q3,10651,,,F,1,A,6,CAD
OECD.SDD.NAD:DSD_NAMAIN1@DF_QNA(1.1),Q,Y,CAN,S1,S1,B1GQ,_Z,_Z,_Z,XDC,V,N,T0102,1961-Q4,10851,,,F,1,A,6,CAD
OECD.SDD.NAD:DSD_NAMAIN1@DF_QNA(1.1),Q,Y,CAN,S1,S1,B1GQ,_Z,_Z,_Z,XDC,V,N,T0102,1962-Q1,11156,,,F,1,A,6,CAD
OECD.SDD.NAD:DSD_NAMAIN1@DF_QNA(1.1),Q,Y,CAN,S1,S1,B1GQ,_Z,_Z,_Z,XDC,V,N,T0102,1962-Q2,11283,,,F,1,A,6,CAD
OECD.SDD.NAD:DSD_NAMAIN1@DF_QNA(1.1),Q,Y,CAN,S1,S1,B1GQ,_Z,_Z,_Z,XDC,V,N,T0102,1962-Q3,11517,,,F,1,A,6,CAD
OECD.SDD.NAD:DSD_NAMAIN1@DF_QNA(1.1),Q,Y,CAN,S1,S1,B1GQ,_Z,_Z,_Z,XDC,V,N,T0102,1962-Q4,11783,,,F,1,A,6,CAD
OECD.SDD.NAD:DSD_NAMAIN1@DF_QNA(1.1),Q,Y,CAN,S1,S1,B1GQ,_Z,_Z,_Z,XDC,V,N,T0102,1963-Q1,11896,,,F,1,A,6,CAD
OECD.SDD.NAD:DSD_NAMAIN1@DF_QNA(1.1),Q,Y,CAN,S1,S1,B1GQ,_Z,_Z,_Z,XDC,V,N,T0102,1966-Q3,16841,,,F,1,A,6,CAD
OECD.SDD.NAD:DSD_NAMAIN1@DF_QNA(1.1),Q,Y,CAN,S1,S1,B1GQ,_Z,_Z,_Z,XDC,V,N,T0102,1966-Q4,17162,,,F,1,A,6,CAD
OECD.SDD.NAD:DSD_NAMAIN1@DF_QNA(1.1),Q,Y,CAN,S1,S1,B1GQ,_Z,_Z,_Z,XDC,V,N,T0102,1967-Q1,17371,,,F,1,A,6,CAD
OECD.SDD.NAD:DSD_NAMAIN1@DF_QNA(1.1),Q,Y,CAN,S1,S1,B1GQ,_Z,_Z,_Z,XDC,V,N,T0102,1967-Q2,17936,,,F,1,A,6,CAD
OECD.SDD.NAD:DSD_NAMAIN1@DF_QNA(1.1),Q,Y,CAN,S1,S1,B1GQ,_Z,_Z,_Z,XDC,V,N,T0102,1967-Q3,18095,,,F,1,A,6,CAD
OECD.SDD.NAD:DSD_NAMAIN1@DF_QNA(1.1),Q,Y,CAN,S1,S1,B1GQ,_Z,_Z,_Z,XDC,V,N,T0102,1967-Q4,18410,,,F,1,A,6,CAD
OECD.SDD.NAD:DSD_NAMAIN1@DF_QNA(1.1),Q,Y,CAN,S1,S1,B1GQ,_Z,_Z,_Z,XDC,V,N,T0102,1968-Q1,18829,,,F,1,A,6,CAD
OECD.SDD.NAD:DSD_NAMAIN1@DF_QNA(1.1),Q,Y,CAN,S1,S1,B1GQ,_Z,_Z,_Z,XDC,V,N,T0102,1968-Q2,19413,,,F,1,A,6,CAD
OECD.SDD.NAD:DSD_NAMAIN1@DF_QNA(1.1),Q,Y,CAN,S1,S1,B1GQ,_Z,_Z,_Z,XDC,V,N,T0102,1968-Q3,19862,,,F,1,A,6,CAD
OECD.SDD.NAD:DSD_NAMAIN1@DF_QNA(1.1),Q,Y,CAN,S1,S1,B1GQ,_Z,_Z,_Z,XDC,V,N,T0102,1968-Q4,20370,,,F,1,A,6,CAD
OECD.SDD.NAD:DSD_NAMAIN1@DF_QNA(1.1),Q,Y,CAN,S1,S1,B1GQ,_Z,_Z,_Z,XDC,V,N,T0102,1969-Q1,20949,,,F,1,A,6,CAD
OECD.SDD.NAD:DSD_NAMAIN1@DF_QNA(1.1),Q,Y,CAN,S1,S1,B1GQ,_Z,_Z,_Z,XDC,V,N,T0102,1969-Q2,21369,,,F,1,A,6,CAD
OECD.SDD.NAD:DSD_NAMAIN1@DF_QNA(1.1),Q,Y,CAN,S1,S1,B1GQ,_Z,_Z,_Z,XDC,V,N,T0102,1969-Q3,21785,,,F,1,A,6,CAD
OECD.SDD.NAD:DSD_NAMAIN1@DF_QNA(1.1),Q,Y,CAN,S1,S1,B1GQ,_Z,_Z,_Z,XDC,V,N,T0102,1969-Q4,22327,,,F,1,A,6,CAD
OECD.SDD.NAD:DSD_NAMAIN1@DF_QNA(1.1),Q,Y,CAN,S1,S1,B1GQ,_Z,_Z,_Z,XDC,V,N,T0102,1970-Q1,22844,,,F,1,A,6,CAD
OECD.SDD.NAD:DSD_NAMAIN1@DF_QNA(1.1),Q,Y,CAN,S1,S1,B1GQ,_Z,_Z,_Z,XDC,V,N,T0102,1970-Q2,23056,,,F,1,A,6,CAD
OECD.SDD.NAD:DSD_NAMAIN1@DF_QNA(1.1),Q,Y,CAN,S1,S1,B1GQ,_Z,_Z,_Z,XDC,V,N,T0102,1970-Q3,23524,,,F,1,A,6,CAD
OECD.SDD.NAD:DSD_NAMAIN1@DF_QNA(1.1),Q,Y,CAN,S1,S1,B1GQ,_Z,_Z,_Z,XDC,V,N,T0102,1970-Q4,23729,,,F,1,A,6,CAD
OECD.SDD.NAD:DSD_NAMAIN1@DF_QNA(1.1),Q,Y,CAN,S1,S1,P6,_Z,_Z,_Z,XDC,V,N,T0102,1975-Q3,9817,,,F,1,A,6,CAD
OECD.SDD.NAD:DSD_NAMAIN1@DF_QNA(1.1),Q,Y,CAN,S1,S1,P6,_Z,_Z,_Z,XDC,V,N,T0102,1975-Q4,10022,,,F,1,A,6,CAD
OECD.SDD.NAD:DSD_NAMAIN1@DF_QNA(1.1),Q,Y,CAN,S1,S1,P6,_Z,_Z,_Z,XDC,V,N,T0102,1976-Q1,10454,,,F,1,A,6,CAD
OECD.SDD.NAD:DSD_NAMAIN1@DF_QNA(1.1),Q,Y,CAN,S1,S1,P6,_Z,_Z,_Z,XDC,V,N,T0102,1976-Q2,11090,,,F,1,A,6,CAD
OECD.SDD.NAD:DSD_NAMAIN1@DF_QNA(1.1),Q,Y,CAN,S1,S1,P6,_Z,_Z,_Z,XDC,V,N,T0102,1976-Q3,11498,,,F,1,A,6,CAD
OECD.SDD.NAD:DSD_NAMAIN1@DF_QNA(1.1),Q,Y,CAN,S1,S1,P6,_Z,_Z,_Z,XDC,V,N,T0102,1976-Q4,11271,,,F,1,A,6,CAD
OECD.SDD.NAD:DSD_NAMAIN1@DF_QNA(1.1),Q,Y,CAN,S1,S1,P6,_Z,_Z,_Z,XDC,V,N,T0102,1977-Q1,12136,,,F,1,A,6,CAD
OECD.SDD.NAD:DSD_NAMAIN1@DF_QNA(1.1),Q,Y,CAN,S1,S1,P6,_Z,_Z,_Z,XDC,V,N,T0102,1977-Q2,12735,,,F,1,A,6,CAD
OECD.SDD.NAD:DSD_NAMAIN1@DF_QNA(1.1),Q,Y,CAN,S1,S1,P6,_Z,_Z,_Z,XDC,V,N,T0102,1977-Q3,12969,,,F,1,A,6,CAD
OECD.SDD.NAD:DSD_NAMAIN1@DF_QNA(1.1),Q,Y,CAN,S1,S1,P6,_Z,_Z,_Z,XDC,V,N,T0102,1977-Q4,13423,,,F,1,A,6,CAD
OECD.SDD.NAD:DSD_NAMAIN1@DF_QNA(1.1),Q,Y,CAN,S1,S1,P6,_Z,_Z,_Z,XDC,V,N,T0102,1966-Q3,3279,,,F,1,A,6,CAD
OECD.SDD.NAD:DSD_NAMAIN1@DF_QNA(1.1),Q,Y,CAN,S1,S1,P6,_Z,_Z,_Z,XDC,V,N,T0102,2025-Q4,256451,,,F,1,A,6,CAD
OECD.SDD.NAD:DSD_NAMAIN1@DF_QNA(1.1),Q,Y,CAN,S1,S1,P6,_Z,_Z,_Z,XDC,V,N,T0102,2026-Q1,266622,,,F,1,A,6,CAD
OECD.SDD.NAD:DSD_NAMAIN1@DF_QNA(1.1),Q,Y,CAN,S1,S1,P6,_Z,_Z,_Z,XDC,V,N,T0102,2026-Q2,294147,,,F,1,A,6,CAD
OECD.SDD.NAD:DSD_NAMAIN1@DF_QNA(1.1),Q,Y,CAN,S1,S1,P6,_Z,_Z,_Z,XDC,V,N,T0102,2025-Q2,242859,,,F,1,A,6,CAD
OECD.SDD.NAD:DSD_NAMAIN1@DF_QNA(1.1),Q,Y,CAN,S1,S1,P6,_Z,_Z,_Z,XDC,V,N,T0102,1995-Q3,74040,,,F,1,A,6,CAD
OECD.SDD.NAD:DSD_NAMAIN1@DF_QNA(1.1),Q,Y,CAN,S1,S1,P6,_Z,_Z,_Z,XDC,V,N,T0102,1995-Q4,76881,,,F,1,A,6,CAD
OECD.SDD.NAD:DSD_NAMAIN1@DF_QNA(1.1),Q,Y,CAN,S1,S1,P6,_Z,_Z,_Z,XDC,V,N,T0102,1994-Q4,70905,,,F,1,A,6,CAD
OECD.SDD.NAD:DSD_NAMAIN1@DF_QNA(1.1),Q,Y,CAN,S1,S1,P6,_Z,_Z,_Z,XDC,V,N,T0102,1995-Q1,75478,,,F,1,A,6,CAD
OECD.SDD.NAD:DSD_NAMAIN1@DF_QNA(1.1),Q,Y,CAN,S1,S1,P6,_Z,_Z,_Z,XDC,V,N,T0102,1995-Q2,73800,,,F,1,A,6,CAD
OECD.SDD.NAD:DSD_NAMAIN1@DF_QNA(1.1),Q,Y,CAN,S1,S1,P6,_Z,_Z,_Z,XDC,V,N,T0102,2012-Q1,140599,,,F,1,A,6,CAD
OECD.SDD.NAD:DSD_NAMAIN1@DF_QNA(1.1),Q,Y,CAN,S1,S1,P6,_Z,_Z,_Z,XDC,V,N,T0102,2003-Q2,111890,,,F,1,A,6,CAD
OECD.SDD.NAD:DSD_NAMAIN1@DF_QNA(1.1),Q,Y,CAN,S1,S1,P6,_Z,_Z,_Z,XDC,V,N,T0102,2005-Q2,127798,,,F,1,A,6,CAD
OECD.SDD.NAD:DSD_NAMAIN1@DF_QNA(1.1),Q,Y,CAN,S1,S1,P6,_Z,_Z,_Z,XDC,V,N,T0102,2005-Q3,132271,,,F,1,A,6,CAD
OECD.SDD.NAD:DSD_NAMAIN1@DF_QNA(1.1),Q,Y,CAN,S1,S1,P6,_Z,_Z,_Z,XDC,V,N,T0102,2007-Q1,138510,,,F,1,A,6,CAD
OECD.SDD.NAD:DSD_NAMAIN1@DF_QNA(1.1),Q,Y,CAN,S1,S1,P6,_Z,_Z,_Z,XDC,V,N,T0102,1997-Q4,89234,,,F,1,A,6,CAD
OECD.SDD.NAD:DSD_NAMAIN1@DF_QNA(1.1),Q,Y,CAN,S1,S1,P6,_Z,_Z,_Z,XDC,V,N,T0102,1996-Q3,82087,,,F,1,A,6,CAD
OECD.SDD.NAD:DSD_NAMAIN1@DF_QNA(1.1),Q,Y,CAN,S1,S1,P6,_Z,_Z,_Z,XDC,V,N,T0102,1996-Q4,80041,,,F,1,A,6,CAD
OECD.SDD.NAD:DSD_NAMAIN1@DF_QNA(1.1),Q,Y,CAN,S1,S1,P6,_Z,_Z,_Z,XDC,V,N,T0102,1997-Q1,84424,,,F,1,A,6,CAD
OECD.SDD.NAD:DSD_NAMAIN1@DF_QNA(1.1),Q,Y,CAN,S1,S1,P6,_Z,_Z,_Z,XDC,V,N,T0102,1997-Q2,85076,,,F,1,A,6,CAD
OECD.SDD.NAD:DSD_NAMAIN1@DF_QNA(1.1),Q,Y,CAN,S1,S1,P6,_Z,_Z,_Z,XDC,V,N,T0102,1998-Q1,90699,,,F,1,A,6,CAD
OECD.SDD.NAD:DSD_NAMAIN1@DF_QNA(1.1),Q,Y,CAN,S1,S1,P6,_Z,_Z,_Z,XDC,V,N,T0102,2001-Q4,113772,,,F,1,A,6,CAD
OECD.SDD.NAD:DSD_NAMAIN1@DF_QNA(1.1),Q,Y,CAN,S1,S1,P6,_Z,_Z,_Z,XDC,V,N,T0102,2002-Q1,116756,,,F,1,A,6,CAD
OECD.SDD.NAD:DSD_NAMAIN1@DF_QNA(1.1),Q,Y,CAN,S1,S1,P6,_Z,_Z,_Z,XDC,V,N,T0102,2003-Q1,121952,,,F,1,A,6,CAD
OECD.SDD.NAD:DSD_NAMAIN1@DF_QNA(1.1),Q,Y,CAN,S1,S1,P6,_Z,_Z,_Z,XDC,V,N,T0102,1997-Q3,87092,,,F,1,A,6,CAD
OECD.SDD.NAD:DSD_NAMAIN1@DF_QNA(1.1),Q,Y,CAN,S1,S1,P6,_Z,_Z,_Z,XDC,V,N,T0102,2010-Q4,126527,,,F,1,A,6,CAD
OECD.SDD.NAD:DSD_NAMAIN1@DF_QNA(1.1),Q,Y,CAN,S1,S1,P6,_Z,_Z,_Z,XDC,V,N,T0102,2011-Q4,143685,,,F,1,A,6,CAD
OECD.SDD.NAD:DSD_NAMAIN1@DF_QNA(1.1),Q,Y,CAN,S1,S1,P6,_Z,_Z,_Z,XDC,V,N,T0102,2012-Q4,138733,,,F,1,A,6,CAD
OECD.SDD.NAD:DSD_NAMAIN1@DF_QNA(1.1),Q,Y,CAN,S1,S1,P6,_Z,_Z,_Z,XDC,V,N,T0102,2013-Q4,145867,,,F,1,A,6,CAD
OECD.SDD.NAD:DSD_NAMAIN1@DF_QNA(1.1),Q,Y,CAN,S1,S1,P6,_Z,_Z,_Z,XDC,V,N,T0102,2015-Q2,157661,,,F,1,A,6,CAD
OECD.SDD.NAD:DSD_NAMAIN1@DF_QNA(1.1),Q,Y,CAN,S1,S1,P6,_Z,_Z,_Z,XDC,V,N,T0102,1994-Q1,58327,,,F,1,A,6,CAD
OECD.SDD.NAD:DSD_NAMAIN1@DF_QNA(1.1),Q,Y,CAN,S1,S1,P6,_Z,_Z,_Z,XDC,V,N,T0102,1994-Q2,63398,,,F,1,A,6,CAD
OECD.SDD.NAD:DSD_NAMAIN1@DF_QNA(1.1),Q,Y,CAN,S1,S1,P6,_Z,_Z,_Z,XDC,V,N,T0102,2017-Q1,170068,,,F,1,A,6,CAD
OECD.SDD.NAD:DSD_NAMAIN1@DF_QNA(1.1),Q,Y,CAN,S1,S1,P6,_Z,_Z,_Z,XDC,V,N,T0102,2017-Q2,171651,,,F,1,A,6,CAD
OECD.SDD.NAD:DSD_NAMAIN1@DF_QNA(1.1),Q,Y,CAN,S1,S1,P6,_Z,_Z,_Z,XDC,V,N,T0102,2004-Q2,128566,,,F,1,A,6,CAD
OECD.SDD.NAD:DSD_NAMAIN1@DF_QNA(1.1),Q,Y,CAN,S1,S1,P6,_Z,_Z,_Z,XDC,V,N,T0102,2004-Q3,128083,,,F,1,A,6,CAD
OECD.SDD.NAD:DSD_NAMAIN1@DF_QNA(1.1),Q,Y,CAN,S1,S1,P6,_Z,_Z,_Z,XDC,V,N,T0102,1998-Q4,99093,,,F,1,A,6,CAD
OECD.SDD.NAD:DSD_NAMAIN1@DF_QNA(1.1),Q,Y,CAN,S1,S1,P6,_Z,_Z,_Z,XDC,V,N,T0102,2004-Q4,124117,,,F,1,A,6,CAD
OECD.SDD.NAD:DSD_NAMAIN1@DF_QNA(1.1),Q,Y,CAN,S1,S1,P6,_Z,_Z,_Z,XDC,V,N,T0102,2005-Q1,125288,,,F,1,A,6,CAD
OECD.SDD.NAD:DSD_NAMAIN1@DF_QNA(1.1),Q,Y,CAN,S1,S1,P6,_Z,_Z,_Z,XDC,V,N,T0102,2006-Q1,131718,,,F,1,A,6,CAD
OECD.SDD.NAD:DSD_NAMAIN1@DF_QNA(1.1),Q,Y,CAN,S1,S1,P6,_Z,_Z,_Z,XDC,V,N,T0102,2006-Q2,131133,,,F,1,A,6,CAD
OECD.SDD.NAD:DSD_NAMAIN1@DF_QNA(1.1),Q,Y,CAN,S1,S1,P6,_Z,_Z,_Z,XDC,V,N,T0102,2007-Q4,130009,,,F,1,A,6,CAD
OECD.SDD.NAD:DSD_NAMAIN1@DF_QNA(1.1),Q,Y,CAN,S1,S1,P6,_Z,_Z,_Z,XDC,V,N,T0102,2011-Q3,138510,,,F,1,A,6,CAD
OECD.SDD.NAD:DSD_NAMAIN1@DF_QNA(1.1),Q,Y,CAN,S1,S1,P6,_Z,_Z,_Z,XDC,V,N,T0102,2012-Q2,138619,,,F,1,A,6,CAD
OECD.SDD.NAD:DSD_NAMAIN1@DF_QNA(1.1),Q,Y,CAN,S1,S1,P6,_Z,_Z,_Z,XDC,V,N,T0102,2012-Q3,136661,,,F,1,A,6,CAD
OECD.SDD.NAD:DSD_NAMAIN1@DF_QNA(1.1),Q,Y,CAN,S1,S1,P6,_Z,_Z,_Z,XDC,V,N,T0102,2000-Q1,116391,,,F,1,A,6,CAD
OECD.SDD.NAD:DSD_NAMAIN1@DF_QNA(1.1),Q,Y,CAN,S1,S1,P6,_Z,_Z,_Z,XDC,V,N,T0102,2000-Q3,123696,,,F,1,A,6,CAD
OECD.SDD.NAD:DSD_NAMAIN1@DF_QNA(1.1),Q,Y,CAN,S1,S1,P6,_Z,_Z,_Z,XDC,V,N,T0102,2000-Q4,127841,,,F,1,A,6,CAD
OECD.SDD.NAD:DSD_NAMAIN1@DF_QNA(1.1),Q,Y,CAN,S1,S1,P6,_Z,_Z,_Z,XDC,V,N,T0102,1998-Q3,94732,,,F,1,A,6,CAD
OECD.SDD.NAD:DSD_NAMAIN1@DF_QNA(1.1),Q,Y,CAN,S1,S1,P6,_Z,_Z,_Z,XDC,V,N,T0102,1993-Q3,54608,,,F,1,A,6,CAD
OECD.SDD.NAD:DSD_NAMAIN1@DF_QNA(1.1),Q,Y,CAN,S1,S1,P6,_Z,_Z,_Z,XDC,V,N,T0102,1993-Q4,56998,,,F,1,A,6,CAD
OECD.SDD.NAD:DSD_NAMAIN1@DF_QNA(1.1),Q,Y,CAN,S1,S1,P6,_Z,_Z,_Z,XDC,V,N,T0102,2001-Q1,127383,,,F,1,A,6,CAD
OECD.SDD.NAD:DSD_NAMAIN1@DF_QNA(1.1),Q,Y,CAN,S1,S1,P6,_Z,_Z,_Z,XDC,V,N,T0102,2001-Q2,123436,,,F,1,A,6,CAD
OECD.SDD.NAD:DSD_NAMAIN1@DF_QNA(1.1),Q,Y,CAN,S1,S1,P6,_Z,_Z,_Z,XDC,V,N,T0102,1992-Q3,47429,,,F,1,A,6,CAD
OECD.SDD.NAD:DSD_NAMAIN1@DF_QNA(1.1),Q,Y,CAN,S1,S1,P6,_Z,_Z,_Z,XDC,V,N,T0102,1992-Q4,50057,,,F,1,A,6,CAD
OECD.SDD.NAD:DSD_NAMAIN1@DF_QNA(1.1),Q,Y,CAN,S1,S1,P6,_Z,_Z,_Z,XDC,V,N,T0102,1993-Q1,52173,,,F,1,A,6,CAD
OECD.SDD.NAD:DSD_NAMAIN1@DF_QNA(1.1),Q,Y,CAN,S1,S1,P6,_Z,_Z,_Z,XDC,V,N,T0102,1993-Q2,53927,,,F,1,A,6,CAD
OECD.SDD.NAD:DSD_NAMAIN1@DF_QNA(1.1),Q,Y,CAN,S1,S1,P6,_Z,_Z,_Z,XDC,V,N,T0102,1999-Q1,101297,,,F,1,A,6,CAD
OECD.SDD.NAD:DSD_NAMAIN1@DF_QNA(1.1),Q,Y,CAN,S1,S1,P6,_Z,_Z,_Z,XDC,V,N,T0102,1999-Q4,111206,,,F,1,A,6,CAD
OECD.SDD.NAD:DSD_NAMAIN1@DF_QNA(1.1),Q,Y,CAN,S1,S1,P6,_Z,_Z,_Z,XDC,V,N,T0102,2025-Q1,268586,,,F,1,A,6,CAD
OECD.SDD.NAD:DSD_NAMAIN1@DF_QNA(1.1),Q,Y,CAN,S1,S1,P6,_Z,_Z,_Z,XDC,V,N,T0102,1963-Q4,2368,,,F,1,A,6,CAD
OECD.SDD.NAD:DSD_NAMAIN1@DF_QNA(1.1),Q,Y,CAN,S1,S1,P6,_Z,_Z,_Z,XDC,V,N,T0102,1964-Q1,2425,,,F,1,A,6,CAD
OECD.SDD.NAD:DSD_NAMAIN1@DF_QNA(1.1),Q,Y,CAN,S1,S1,P6,_Z,_Z,_Z,XDC,V,N,T0102,1964-Q2,2591,,,F,1,A,6,CAD
OECD.SDD.NAD:DSD_NAMAIN1@DF_QNA(1.1),Q,Y,CAN,S1,S1,P6,_Z,_Z,_Z,XDC,V,N,T0102,1964-Q3,2583,,,F,1,A,6,CAD
OECD.SDD.NAD:DSD_NAMAIN1@DF_QNA(1.1),Q,Y,CAN,S1,S1,P6,_Z,_Z,_Z,XDC,V,N,T0102,1964-Q4,2538,,,F,1,A,6,CAD
OECD.SDD.NAD:DSD_NAMAIN1@DF_QNA(1.1),Q,Y,CAN,S1,S1,P6,_Z,_Z,_Z,XDC,V,N,T0102,2013-Q1,141875,,,F,1,A,6,CAD
OECD.SDD.NAD:DSD_NAMAIN1@DF_QNA(1.1),Q,Y,CAN,S1,S1,B1GQ,_Z,_Z,_Z,XDC,V,N,T0102,1988-Q4,161017,,,F,1,A,6,CAD
OECD.SDD.NAD:DSD_NAMAIN1@DF_QNA(1.1),Q,Y,CAN,S1,S1,B1GQ,_Z,_Z,_Z,XDC,V,N,T0102,1989-Q1,164040,,,F,1,A,6,CAD
OECD.SDD.NAD:DSD_NAMAIN1@DF_QNA(1.1),Q,Y,CAN,S1,S1,B1GQ,_Z,_Z,_Z,XDC,V,N,T0102,1989-Q2,167448,,,F,1,A,6,CAD
OECD.SDD.NAD:DSD_NAMAIN1@DF_QNA(1.1),Q,Y,CAN,S1,S1,B1GQ,_Z,_Z,_Z,XDC,V,N,T0102,1989-Q3,169783,,,F,1,A,6,CAD
OECD.SDD.NAD:DSD_NAMAIN1@DF_QNA(1.1),Q,Y,CAN,S1,S1,B1GQ,_Z,_Z,_Z,XDC,V,N,T0102,1989-Q4,170308,,,F,1,A,6,CAD
OECD.SDD.NAD:DSD_NAMAIN1@DF_QNA(1.1),Q,Y,CAN,S1,S1,B1GQ,_Z,_Z,_Z,XDC,V,N,T0102,1990-Q1,172982,,,F,1,A,6,CAD
OECD.SDD.NAD:DSD_NAMAIN1@DF_QNA(1.1),Q,Y,CAN,S1,S1,B1GQ,_Z,_Z,_Z,XDC,V,N,T0102,1990-Q2,173906,,,F,1,A,6,CAD
OECD.SDD.NAD:DSD_NAMAIN1@DF_QNA(1.1),Q,Y,CAN,S1,S1,B1GQ,_Z,_Z,_Z,XDC,V,N,T0102,1990-Q3,174421,,,F,1,A,6,CAD
OECD.SDD.NAD:DSD_NAMAIN1@DF_QNA(1.1),Q,Y,CAN,S1,S1,P6,_Z,_Z,_Z,XDC,V,N,T0102,2017-Q4,169775,,,F,1,A,6,CAD
OECD.SDD.NAD:DSD_NAMAIN1@DF_QNA(1.1),Q,Y,CAN,S1,S1,P6,_Z,_Z,_Z,XDC,V,N,T0102,1994-Q3,66991,,,F,1,A,6,CAD
OECD.SDD.NAD:DSD_NAMAIN1@DF_QNA(1.1),Q,Y,CAN,S1,S1,P6,_Z,_Z,_Z,XDC,V,N,T0102,2008-Q1,136747,,,F,1,A,6,CAD
OECD.SDD.NAD:DSD_NAMAIN1@DF_QNA(1.1),Q,Y,CAN,S1,S1,P6,_Z,_Z,_Z,XDC,V,N,T0102,2008-Q2,148090,,,F,1,A,6,CAD
OECD.SDD.NAD:DSD_NAMAIN1@DF_QNA(1.1),Q,Y,CAN,S1,S1,P6,_Z,_Z,_Z,XDC,V,N,T0102,2009-Q3,110141,,,F,1,A,6,CAD
OECD.SDD.NAD:DSD_NAMAIN1@DF_QNA(1.1),Q,Y,CAN,S1,S1,P6,_Z,_Z,_Z,XDC,V,N,T0102,2014-Q1,153091,,,F,1,A,6,CAD
OECD.SDD.NAD:DSD_NAMAIN1@DF_QNA(1.1),Q,Y,CAN,S1,S1,P6,_Z,_Z,_Z,XDC,V,N,T0102,2014-Q2,160095,,,F,1,A,6,CAD
OECD.SDD.NAD:DSD_NAMAIN1@DF_QNA(1.1),Q,Y,CAN,S1,S1,P6,_Z,_Z,_Z,XDC,V,N,T0102,2015-Q3,162441,,,F,1,A,6,CAD
OECD.SDD.NAD:DSD_NAMAIN1@DF_QNA(1.1),Q,Y,CAN,S1,S1,P6,_Z,_Z,_Z,XDC,V,N,T0102,2015-Q4,158769,,,F,1,A,6,CAD
OECD.SDD.NAD:DSD_NAMAIN1@DF_QNA(1.1),Q,Y,CAN,S1,S1,P6,_Z,_Z,_Z,XDC,V,N,T0102,2016-Q4,166708,,,F,1,A,6,CAD
OECD.SDD.NAD:DSD_NAMAIN1@DF_QNA(1.1),Q,Y,CAN,S1,S1,P6,_Z,_Z,_Z,XDC,V,N,T0102,2008-Q3,150212,,,F,1,A,6,CAD
OECD.SDD.NAD:DSD_NAMAIN1@DF_QNA(1.1),Q,Y,CAN,S1,S1,P6,_Z,_Z,_Z,XDC,V,N,T0102,2009-Q2,107616,,,F,1,A,6,CAD
OECD.SDD.NAD:DSD_NAMAIN1@DF_QNA(1.1),Q,Y,CAN,S1,S1,P6,_Z,_Z,_Z,XDC,V,N,T0102,2018-Q2,183555,,,F,1,A,6,CAD
OECD.SDD.NAD:DSD_NAMAIN1@DF_QNA(1.1),Q,Y,CAN,S1,S1,P6,_Z,_Z,_Z,XDC,V,N,T0102,2024-Q1,246498,,,F,1,A,6,CAD
OECD.SDD.NAD:DSD_NAMAIN1@DF_QNA(1.1),Q,Y,CAN,S1,S1,P6,_Z,_Z,_Z,XDC,V,N,T0102,2024-Q2,252218,,,F,1,A,6,CAD
OECD.SDD.NAD:DSD_NAMAIN1@DF_QNA(1.1),Q,Y,CAN,S1,S1,P6,_Z,_Z,_Z,XDC,V,N,T0102,2024-Q3,250814,,,F,1,A,6,CAD
OECD.SDD.NAD:DSD_NAMAIN1@DF_QNA(1.1),Q,Y,CAN,S1,S1,P6,_Z,_Z,_Z,XDC,V,N,T0102,2024-Q4,259789,,,F,1,A,6,CAD
OECD.SDD.NAD:DSD_NAMAIN1@DF_QNA(1.1),Q,Y,CAN,S1,S1,P6,_Z,_Z,_Z,XDC,V,N,T0102,2010-Q2,120230,,,F,1,A,6,CAD
OECD.SDD.NAD:DSD_NAMAIN1@DF_QNA(1.1),Q,Y,CAN,S1,S1,P6,_Z,_Z,_Z,XDC,V,N,T0102,2010-Q3,120816,,,F,1,A,6,CAD
OECD.SDD.NAD:DSD_NAMAIN1@DF_QNA(1.1),Q,Y,CAN,S1,S1,P6,_Z,_Z,_Z,XDC,V,N,T0102,1966-Q4,3299,,,F,1,A,6,CAD
OECD.SDD.NAD:DSD_NAMAIN1@DF_QNA(1.1),Q,Y,CAN,S1,S1,P6,_Z,_Z,_Z,XDC,V,N,T0102,1967-Q1,3400,,,F,1,A,6,CAD
OECD.SDD.NAD:DSD_NAMAIN1@DF_QNA(1.1),Q,Y,CAN,S1,S1,P6,_Z,_Z,_Z,XDC,V,N,T0102,1967-Q2,3592,,,F,1,A,6,CAD
OECD.SDD.NAD:DSD_NAMAIN1@DF_QNA(1.1),Q,Y,CAN,S1,S1,P6,_Z,_Z,_Z,XDC,V,N,T0102,1967-Q3,3573,,,F,1,A,6,CAD
OECD.SDD.NAD:DSD_NAMAIN1@DF_QNA(1.1),Q,Y,CAN,S1,S1,P6,_Z,_Z,_Z,XDC,V,N,T0102,1967-Q4,3600,,,F,1,A,6,CAD
OECD.SDD.NAD:DSD_NAMAIN1@DF_QNA(1.1),Q,Y,CAN,S1,S1,P6,_Z,_Z,_Z,XDC,V,N,T0102,1968-Q1,3852,,,F,1,A,6,CAD
OECD.SDD.NAD:DSD_NAMAIN1@DF_QNA(1.1),Q,Y,CAN,S1,S1,P6,_Z,_Z,_Z,XDC,V,N,T0102,1968-Q2,3981,,,F,1,A,6,CAD
OECD.SDD.NAD:DSD_NAMAIN1@DF_QNA(1.1),Q,Y,CAN,S1,S1,P6,_Z,_Z,_Z,XDC,V,N,T0102,1968-Q3,4082,,,F,1,A,6,CAD
OECD.SDD.NAD:DSD_NAMAIN1@DF_QNA(1.1),Q,Y,CAN,S1,S1,P6,_Z,_Z,_Z,XDC,V,N,T0102,1968-Q4,4250,,,F,1,A,6,CAD
OECD.SDD.NAD:DSD_NAMAIN1@DF_QNA(1.1),Q,Y,CAN,S1,S1,P6,_Z,_Z,_Z,XDC,V,N,T0102,1969-Q1,4370,,,F,1,A,6,CAD
OECD.SDD.NAD:DSD_NAMAIN1@DF_QNA(1.1),Q,Y,CAN,S1,S1,P6,_Z,_Z,_Z,XDC,V,N,T0102,1969-Q2,4367,,,F,1,A,6,CAD
OECD.SDD.NAD:DSD_NAMAIN1@DF_QNA(1.1),Q,Y,CAN,S1,S1,P6,_Z,_Z,_Z,XDC,V,N,T0102,1969-Q3,4401,,,F,1,A,6,CAD
OECD.SDD.NAD:DSD_NAMAIN1@DF_QNA(1.1),Q,Y,CAN,S1,S1,P6,_Z,_Z,_Z,XDC,V,N,T0102,1969-Q4,4684,,,F,1,A,6,CAD
OECD.SDD.NAD:DSD_NAMAIN1@DF_QNA(1.1),Q,Y,CAN,S1,S1,P6,_Z,_Z,_Z,XDC,V,N,T0102,1970-Q1,4999,,,F,1,A,6,CAD
OECD.SDD.NAD:DSD_NAMAIN1@DF_QNA(1.1),Q,Y,CAN,S1,S1,P6,_Z,_Z,_Z,XDC,V,N,T0102,1970-Q2,5057,,,F,1,A,6,CAD
OECD.SDD.NAD:DSD_NAMAIN1@DF_QNA(1.1),Q,Y,CAN,S1,S1,P6,_Z,_Z,_Z,XDC,V,N,T0102,1970-Q3,5036,,,F,1,A,6,CAD
OECD.SDD.NAD:DSD_NAMAIN1@DF_QNA(1.1),Q,Y,CAN,S1,S1,P6,_Z,_Z,_Z,XDC,V,N,T0102,1970-Q4,5038,,,F,1,A,6,CAD
OECD.SDD.NAD:DSD_NAMAIN1@DF_QNA(1.1),Q,Y,CAN,S1,S1,P6,_Z,_Z,_Z,XDC,V,N,T0102,1971-Q1,5040,,,F,1,A,6,CAD
OECD.SDD.NAD:DSD_NAMAIN1@DF_QNA(1.1),Q,Y,CAN,S1,S1,P6,_Z,_Z,_Z,XDC,V,N,T0102,1971-Q2,5184,,,F,1,A,6,CAD
OECD.SDD.NAD:DSD_NAMAIN1@DF_QNA(1.1),Q,Y,CAN,S1,S1,P6,_Z,_Z,_Z,XDC,V,N,T0102,1971-Q3,5532,,,F,1,A,6,CAD
OECD.SDD.NAD:DSD_NAMAIN1@DF_QNA(1.1),Q,Y,CAN,S1,S1,P6,_Z,_Z,_Z,XDC,V,N,T0102,1971-Q4,5362,,,F,1,A,6,CAD
OECD.SDD.NAD:DSD_NAMAIN1@DF_QNA(1.1),Q,Y,CAN,S1,S1,P6,_Z,_Z,_Z,XDC,V,N,T0102,1972-Q1,5459,,,F,1,A,6,CAD
OECD.SDD.NAD:DSD_NAMAIN1@DF_QNA(1.1),Q,Y,CAN,S1,S1,P6,_Z,_Z,_Z,XDC,V,N,T0102,1972-Q2,5953,,,F,1,A,6,CAD
OECD.SDD.NAD:DSD_NAMAIN1@DF_QNA(1.1),Q,Y,CAN,S1,S1,P6,_Z,_Z,_Z,XDC,V,N,T0102,1972-Q3,5874,,,F,1,A,6,CAD
OECD.SDD.NAD:DSD_NAMAIN1@DF_QNA(1.1),Q,Y,CAN,S1,S1,P6,_Z,_Z,_Z,XDC,V,N,T0102,1972-Q4,6541,,,F,1,A,6,CAD
OECD.SDD.NAD:DSD_NAMAIN1@DF_QNA(1.1),Q,Y,CAN,S1,S1,P6,_Z,_Z,_Z,XDC,V,N,T0102,1973-Q1,7021,,,F,1,A,6,CAD
OECD.SDD.NAD:DSD_NAMAIN1@DF_QNA(1.1),Q,Y,CAN,S1,S1,P6,_Z,_Z,_Z,XDC,V,N,T0102,1973-Q2,7368,,,F,1,A,6,CAD
OECD.SDD.NAD:DSD_NAMAIN1@DF_QNA(1.1),Q,Y,CAN,S1,S1,P6,_Z,_Z,_Z,XDC,V,N,T0102,1973-Q3,7353,,,F,1,A,6,CAD
OECD.SDD.NAD:DSD_NAMAIN1@DF_QNA(1.1),Q,Y,CAN,S1,S1,P6,_Z,_Z,_Z,XDC,V,N,T0102,1973-Q4,8157,,,F,1,A,6,CAD
OECD.SDD.NAD:DSD_NAMAIN1@DF_QNA(1.1),Q,Y,CAN,S1,S1,P6,_Z,_Z,_Z,XDC,V,N,T0102,1974-Q1,8768,,,F,1,A,6,CAD
OECD.SDD.NAD:DSD_NAMAIN1@DF_QNA(1.1),Q,Y,CAN,S1,S1,P6,_Z,_Z,_Z,XDC,V,N,T0102,1974-Q2,9256,,,F,1,A,6,CAD
OECD.SDD.NAD:DSD_NAMAIN1@DF_QNA(1.1),Q,Y,CAN,S1,S1,P6,_Z,_Z,_Z,XDC,V,N,T0102,1974-Q3,9880,,,F,1,A,6,CAD
OECD.SDD.NAD:DSD_NAMAIN1@DF_QNA(1.1),Q,Y,CAN,S1,S1,P6,_Z,_Z,_Z,XDC,V,N,T0102,1974-Q4,9864,,,F,1,A,6,CAD
OECD.SDD.NAD:DSD_NAMAIN1@DF_QNA(1.1),Q,Y,CHE,S1,S1,P6,_Z,_Z,_Z,XDC,V,N,T0102,2002-Q2,59531.6,,,F,1,A,6,CHF
OECD.SDD.NAD:DSD_NAMAIN1@DF_QNA(1.1),Q,Y,CHE,S1,S1,P7,_Z,_Z,_Z,XDC,V,N,T0102,1996-Q3,39218.1,,,F,1,A,6,CHF
OECD.SDD.NAD:DSD_NAMAIN1@DF_QNA(1.1),Q,Y,CHE,S1,S1,P7,_Z,_Z,_Z,XDC,V,N,T0102,2024-Q4,129686,,,F,1,A,6,CHF
OECD.SDD.NAD:DSD_NAMAIN1@DF_QNA(1.1),Q,Y,CHE,S1,S1,P6,_Z,_Z,_Z,XDC,V,N,T0102,1989-Q2,38421.4,,,F,1,A,6,CHF
OECD.SDD.NAD:DSD_NAMAIN1@DF_QNA(1.1),Q,Y,CHE,S1,S1,P7,_Z,_Z,_Z,XDC,V,N,T0102,2025-Q3,147593.9,,,F,1,A,6,CHF
OECD.SDD.NAD:DSD_NAMAIN1@DF_QNA(1.1),Q,Y,CHE,S1,S1,P7,_Z,_Z,_Z,XDC,V,N,T0102,2025-Q2,145038.8,,,F,1,A,6,CHF
OECD.SDD.NAD:DSD_NAMAIN1@DF_QNA(1.1),Q,Y,CHE,S1,S1,P7,_Z,_Z,_Z,XDC,V,N,T0102,2025-Q1,156260.8,,,F,1,A,6,CHF
OECD.SDD.NAD:DSD_NAMAIN1@DF_QNA(1.1),Q,Y,CHE,S1,S1,P7,_Z,_Z,_Z,XDC,V,N,T0102,2005-Q3,63864.2,,,F,1,A,6,CHF
OECD.SDD.NAD:DSD_NAMAIN1@DF_QNA(1.1),Q,Y,CHE,S1,S1,P7,_Z,_Z,_Z,XDC,V,N,T0102,2005-Q2,64725.1,,,F,1,A,6,CHF
OECD.SDD.NAD:DSD_NAMAIN1@DF_QNA(1.1),Q,Y,CHE,S1,S1,P7,_Z,_Z,_Z,XDC,V,N,T0102,2003-Q2,50629.7,,,F,1,A,6,CHF
OECD.SDD.NAD:DSD_NAMAIN1@DF_QNA(1.1),Q,Y,CHE,S1,S1,P7,_Z,_Z,_Z,XDC,V,N,T0102,2002-Q1,54485.5,,,F,1,A,6,CHF
OECD.SDD.NAD:DSD_NAMAIN1@DF_QNA(1.1),Q,Y,CHE,S1,S1,P7,_Z,_Z,_Z,XDC,V,N,T0102,2010-Q3,86770.5,,,F,1,A,6,CHF
OECD.SDD.NAD:DSD_NAMAIN1@DF_QNA(1.1),Q,Y,CHE,S1,S1,P7,_Z,_Z,_Z,XDC,V,N,T0102,1984-Q2,27973,,,F,1,A,6,CHF
OECD.SDD.NAD:DSD_NAMAIN1@DF_QNA(1.1),Q,Y,CHE,S1,S1,P7,_Z,_Z,_Z,XDC,V,N,T0102,1991-Q4,36720.9,,,F,1,A,6,CHF
OECD.SDD.NAD:DSD_NAMAIN1@DF_QNA(1.1),Q,Y,CHE,S1,S1,P7,_Z,_Z,_Z,XDC,V,N,T0102,1991-Q3,36619,,,F,1,A,6,CHF
OECD.SDD.NAD:DSD_NAMAIN1@DF_QNA(1.1),Q,Y,CHE,S1,S1,P7,_Z,_Z,_Z,XDC,V,N,T0102,1991-Q2,37417.5,,,F,1,A,6,CHF
OECD.SDD.NAD:DSD_NAMAIN1@DF_QNA(1.1),Q,Y,CHE,S1,S1,P7,_Z,_Z,_Z,XDC,V,N,T0102,1991-Q1,37215.8,,,F,1,A,6,CHF
OECD.SDD.NAD:DSD_NAMAIN1@DF_QNA(1.1),Q,Y,CHE,S1,S1,P7,_Z,_Z,_Z,XDC,V,N,T0102,1990-Q4,36942.1,,,F,1,A,6,CHF
OECD.SDD.NAD:DSD_NAMAIN1@DF_QNA(1.1),Q,Y,CHE,S1,S1,P7,_Z,_Z,_Z,XDC,V,N,T0102,1990-Q3,36280,,,F,1,A,6,CHF
OECD.SDD.NAD:DSD_NAMAIN1@DF_QNA(1.1),Q,Y,CHE,S1,S1,P7,_Z,_Z,_Z,XDC,V,N,T0102,2008-Q4,83164.1,,,F,1,A,6,CHF
OECD.SDD.NAD:DSD_NAMAIN1@DF_QNA(1.1),Q,Y,CHE,S1,S1,P7,_Z,_Z,_Z,XDC,V,N,T0102,2007-Q2,76464.1,,,F,1,A,6,CHF
OECD.SDD.NAD:DSD_NAMAIN1@DF_QNA(1.1),Q,Y,CHE,S1,S1,P7,_Z,_Z,_Z,XDC,V,N,T0102,2006-Q1,67443,,,F,1,A,6,CHF
OECD.SDD.NAD:DSD_NAMAIN1@DF_QNA(1.1),Q,Y,CHE,S1,S1,P7,_Z,_Z,_Z,XDC,V,N,T0102,2005-Q4,66148.5,,,F,1,A,6,CHF
OECD.SDD.NAD:DSD_NAMAIN1@DF_QNA(1.1),Q,Y,CHE,S1,S1,P7,_Z,_Z,_Z,XDC,V,N,T0102,2003-Q3,53177.3,,,F,1,A,6,CHF
OECD.SDD.NAD:DSD_NAMAIN1@DF_QNA(1.1),Q,Y,CHE,S1,S1,P7,_Z,_Z,_Z,XDC,V,N,T0102,2002-Q4,51099,,,F,1,A,6,CHF
OECD.SDD.NAD:DSD_NAMAIN1@DF_QNA(1.1),Q,Y,CHE,S1,S1,P7,_Z,_Z,_Z,XDC,V,N,T0102,2002-Q3,51565.2,,,F,1,A,6,CHF
OECD.SDD.NAD:DSD_NAMAIN1@DF_QNA(1.1),Q,Y,CHE,S1,S1,P7,_Z,_Z,_Z,XDC,V,N,T0102,2016-Q1,95749.6,,,F,1,A,6,CHF
OECD.SDD.NAD:DSD_NAMAIN1@DF_QNA(1.1),Q,Y,CHE,S1,S1,P7,_Z,_Z,_Z,XDC,V,N,T0102,2014-Q3,91907.8,,,F,1,A,6,CHF
OECD.SDD.NAD:DSD_NAMAIN1@DF_QNA(1.1),Q,Y,CHE,S1,S1,P7,_Z,_Z,_Z,XDC,V,N,T0102,2013-Q3,102276.1,,,F,1,A,6,CHF
OECD.SDD.NAD:DSD_NAMAIN1@DF_QNA(1.1),Q,Y,CHE,S1,S1,P7,_Z,_Z,_Z,XDC,V,N,T0102,2026-Q2,153643.5,,,F,1,A,6,CHF
OECD.SDD.NAD:DSD_NAMAIN1@DF_QNA(1.1),Q,Y,CHE,S1,S1,P7,_Z,_Z,_Z,XDC,V,N,T0102,2003-Q1,52148.1,,,F,1,A,6,CHF
OECD.SDD.NAD:DSD_NAMAIN1@DF_QNA(1.1),Q,Y,CHE,S1,S1,P7,_Z,_Z,_Z,XDC,V,N,T0102,2016-Q4,101709.1,,,F,1,A,6,CHF
OECD.SDD.NAD:DSD_NAMAIN1@DF_QNA(1.1),Q,Y,CHE,S1,S1,P7,_Z,_Z,_Z,XDC,V,N,T0102,2015-Q4,93160.1,,,F,1,A,6,CHF
OECD.SDD.NAD:DSD_NAMAIN1@DF_QNA(1.1),Q,Y,CHE,S1,S1,P7,_Z,_Z,_Z,XDC,V,N,T0102,2015-Q3,89466.1,,,F,1,A,6,CHF
OECD.SDD.NAD:DSD_NAMAIN1@DF_QNA(1.1),Q,Y,CHE,S1,S1,P7,_Z,_Z,_Z,XDC,V,N,T0102,2017-Q1,98225.3,,,F,1,A,6,CHF
OECD.SDD.NAD:DSD_NAMAIN1@DF_QNA(1.1),Q,Y,CHE,S1,S1,P7,_Z,_Z,_Z,XDC,V,N,T0102,2015-Q2,85396.7,,,F,1,A,6,CHF
OECD.SDD.NAD:DSD_NAMAIN1@DF_QNA(1.1),Q,Y,CHE,S1,S1,P7,_Z,_Z,_Z,XDC,V,N,T0102,2013-Q4,95352.1,,,F,1,A,6,CHF
OECD.SDD.NAD:DSD_NAMAIN1@DF_QNA(1.1),Q,Y,CHE,S1,S1,P7,_Z,_Z,_Z,XDC,V,N,T0102,2012-Q4,94046.1,,,F,1,A,6,CHF
OECD.SDD.NAD:DSD_NAMAIN1@DF_QNA(1.1),Q,Y,CHE,S1,S1,P7,_Z,_Z,_Z,XDC,V,N,T0102,2018-Q2,103390.1,,,F,1,A,6,CHF
OECD.SDD.NAD:DSD_NAMAIN1@DF_QNA(1.1),Q,Y,CHE,S1,S1,B1GQ,_Z,_Z,_Z,XDC,V,N,T0102,2022-Q2,204090.6,,,F,1,A,6,CHF
OECD.SDD.NAD:DSD_NAMAIN1@DF_QNA(1.1),Q,Y,CHE,S1,S1,B1GQ,_Z,_Z,_Z,XDC,V,N,T0102,2022-Q3,206411.6,,,F,1,A,6,CHF
OECD.SDD.NAD:DSD_NAMAIN1@DF_QNA(1.1),Q,Y,CHE,S1,S1,B1GQ,_Z,_Z,_Z,XDC,V,N,T0102,2022-Q4,207692.6,,,F,1,A,6,CHF
OECD.SDD.NAD:DSD_NAMAIN1@DF_QNA(1.1),Q,Y,CHE,S1,S1,B1GQ,_Z,_Z,_Z,XDC,V,N,T0102,2023-Q1,209241.6,,,F,1,A,6,CHF
OECD.SDD.NAD:DSD_NAMAIN1@DF_QNA(1.1),Q,Y,CHE,S1,S1,B1GQ,_Z,_Z,_Z,XDC,V,N,T0102,2023-Q2,208427.5,,,F,1,A,6,CHF
OECD.SDD.NAD:DSD_NAMAIN1@DF_QNA(1.1),Q,Y,CHE,S1,S1,B1GQ,_Z,_Z,_Z,XDC,V,N,T0102,2023-Q3,209097.4,,,F,1,A,6,CHF
OECD.SDD.NAD:DSD_NAMAIN1@DF_QNA(1.1),Q,Y,CHE,S1,S1,B1GQ,_Z,_Z,_Z,XDC,V,N,T0102,2023-Q4,210598.8,,,F,1,A,6,CHF
OECD.SDD.NAD:DSD_NAMAIN1@DF_QNA(1.1),Q,Y,CHE,S1,S1,B1GQ,_Z,_Z,_Z,XDC,V,N,T0102,2011-Q3,160991.4,,,F,1,A,6,CHF
OECD.SDD.NAD:DSD_NAMAIN1@DF_QNA(1.1),Q,Y,CHE,S1,S1,B1GQ,_Z,_Z,_Z,XDC,V,N,T0102,2012-Q2,162950.2,,,F,1,A,6,CHF
OECD.SDD.NAD:DSD_NAMAIN1@DF_QNA(1.1),Q,Y,CHE,S1,S1,B1GQ,_Z,_Z,_Z,XDC,V,N,T0102,2012-Q3,164430.8,,,F,1,A,6,CHF
OECD.SDD.NAD:DSD_NAMAIN1@DF_QNA(1.1),Q,Y,CHE,S1,S1,B1GQ,_Z,_Z,_Z,XDC,V,N,T0102,2012-Q4,164624.2,,,F,1,A,6,CHF
OECD.SDD.NAD:DSD_NAMAIN1@DF_QNA(1.1),Q,Y,CHE,S1,S1,B1GQ,_Z,_Z,_Z,XDC,V,N,T0102,2013-Q4,167744.8,,,F,1,A,6,CHF
OECD.SDD.NAD:DSD_NAMAIN1@DF_QNA(1.1),Q,Y,CHE,S1,S1,B1GQ,_Z,_Z,_Z,XDC,V,N,T0102,2006-Q1,137618.3,,,F,1,A,6,CHF
OECD.SDD.NAD:DSD_NAMAIN1@DF_QNA(1.1),Q,Y,CHE,S1,S1,P7,_Z,_Z,_Z,XDC,V,N,T0102,2014-Q4,94899.9,,,F,1,A,6,CHF
OECD.SDD.NAD:DSD_NAMAIN1@DF_QNA(1.1),Q,Y,CHE,S1,S1,P7,_Z,_Z,_Z,XDC,V,N,T0102,2012-Q1,95275.1,,,F,1,A,6,CHF
OECD.SDD.NAD:DSD_NAMAIN1@DF_QNA(1.1),Q,Y,CHE,S1,S1,P7,_Z,_Z,_Z,XDC,V,N,T0102,2020-Q2,100037.3,,,F,1,A,6,CHF
OECD.SDD.NAD:DSD_NAMAIN1@DF_QNA(1.1),Q,Y,CHE,S1,S1,P7,_Z,_Z,_Z,XDC,V,N,T0102,2020-Q1,102201.7,,,F,1,A,6,CHF
OECD.SDD.NAD:DSD_NAMAIN1@DF_QNA(1.1),Q,Y,CHE,S1,S1,P7,_Z,_Z,_Z,XDC,V,N,T0102,2017-Q4,100838.5,,,F,1,A,6,CHF
OECD.SDD.NAD:DSD_NAMAIN1@DF_QNA(1.1),Q,Y,CHE,S1,S1,P7,_Z,_Z,_Z,XDC,V,N,T0102,2016-Q3,96429.6,,,F,1,A,6,CHF
OECD.SDD.NAD:DSD_NAMAIN1@DF_QNA(1.1),Q,Y,CHE,S1,S1,P7,_Z,_Z,_Z,XDC,V,N,T0102,2016-Q2,95761.5,,,F,1,A,6,CHF
OECD.SDD.NAD:DSD_NAMAIN1@DF_QNA(1.1),Q,Y,CHE,S1,S1,P7,_Z,_Z,_Z,XDC,V,N,T0102,1986-Q3,29763.2,,,F,1,A,6,CHF
OECD.SDD.NAD:DSD_NAMAIN1@DF_QNA(1.1),Q,Y,CHE,S1,S1,P7,_Z,_Z,_Z,XDC,V,N,T0102,1986-Q2,31962.1,,,F,1,A,6,CHF
OECD.SDD.NAD:DSD_NAMAIN1@DF_QNA(1.1),Q,Y,CHE,S1,S1,P7,_Z,_Z,_Z,XDC,V,N,T0102,1986-Q1,30584.3,,,F,1,A,6,CHF
OECD.SDD.NAD:DSD_NAMAIN1@DF_QNA(1.1),Q,Y,CHE,S1,S1,P7,_Z,_Z,_Z,XDC,V,N,T0102,1985-Q4,31691.8,,,F,1,A,6,CHF
OECD.SDD.NAD:DSD_NAMAIN1@DF_QNA(1.1),Q,Y,CHE,S1,S1,P7,_Z,_Z,_Z,XDC,V,N,T0102,1985-Q3,30285.8,,,F,1,A,6,CHF
OECD.SDD.NAD:DSD_NAMAIN1@DF_QNA(1.1),Q,Y,CHE,S1,S1,P7,_Z,_Z,_Z,XDC,V,N,T0102,1985-Q2,30593.1,,,F,1,A,6,CHF
OECD.SDD.NAD:DSD_NAMAIN1@DF_QNA(1.1),Q,Y,CHE,S1,S1,P7,_Z,_Z,_Z,XDC,V,N,T0102,1985-Q1,30619.2,,,F,1,A,6,CHF
OECD.SDD.NAD:DSD_NAMAIN1@DF_QNA(1.1),Q,Y,CHE,S1,S1,P7,_Z,_Z,_Z,XDC,V,N,T0102,1984-Q4,29234.2,,,F,1,A,6,CHF
OECD.SDD.NAD:DSD_NAMAIN1@DF_QNA(1.1),Q,Y,CHE,S1,S1,P7,_Z,_Z,_Z,XDC,V,N,T0102,1984-Q3,29721.7,,,F,1,A,6,CHF
OECD.SDD.NAD:DSD_NAMAIN1@DF_QNA(1.1),Q,Y,CHE,S1,S1,P7,_Z,_Z,_Z,XDC,V,N,T0102,1987-Q1,28383.7,,,F,1,A,6,CHF
OECD.SDD.NAD:DSD_NAMAIN1@DF_QNA(1.1),Q,Y,CHE,S1,S1,P7,_Z,_Z,_Z,XDC,V,N,T0102,1986-Q4,31084,,,F,1,A,6,CHF
OECD.SDD.NAD:DSD_NAMAIN1@DF_QNA(1.1),Q,Y,CHE,S1,S1,B1GQ,_Z,_Z,_Z,XDC,V,N,T0102,1986-Q2,71503.7,,,F,1,A,6,CHF
OECD.SDD.NAD:DSD_NAMAIN1@DF_QNA(1.1),Q,Y,CHE,S1,S1,B1GQ,_Z,_Z,_Z,XDC,V,N,T0102,2014-Q3,170208.7,,,F,1,A,6,CHF
OECD.SDD.NAD:DSD_NAMAIN1@DF_QNA(1.1),Q,Y,CHE,S1,S1,B1GQ,_Z,_Z,_Z,XDC,V,N,T0102,2016-Q1,171273,,,F,1,A,6,CHF
OECD.SDD.NAD:DSD_NAMAIN1@DF_QNA(1.1),Q,Y,CHE,S1,S1,B1GQ,_Z,_Z,_Z,XDC,V,N,T0102,2001-Q3,122579.8,,,F,1,A,6,CHF
OECD.SDD.NAD:DSD_NAMAIN1@DF_QNA(1.1),Q,Y,CHE,S1,S1,B1GQ,_Z,_Z,_Z,XDC,V,N,T0102,2002-Q3,122818.2,,,F,1,A,6,CHF
OECD.SDD.NAD:DSD_NAMAIN1@DF_QNA(1.1),Q,Y,CHE,S1,S1,B1GQ,_Z,_Z,_Z,XDC,V,N,T0102,2002-Q4,122217.4,,,F,1,A,6,CHF
OECD.SDD.NAD:DSD_NAMAIN1@DF_QNA(1.1),Q,Y,CHE,S1,S1,B1GQ,_Z,_Z,_Z,XDC,V,N,T0102,2000-Q2,118181.4,,,F,1,A,6,CHF
OECD.SDD.NAD:DSD_NAMAIN1@DF_QNA(1.1),Q,Y,CHE,S1,S1,B1GQ,_Z,_Z,_Z,XDC,V,N,T0102,2003-Q3,123869.6,,,F,1,A,6,CHF
OECD.SDD.NAD:DSD_NAMAIN1@DF_QNA(1.1),Q,Y,CHE,S1,S1,B1GQ,_Z,_Z,_Z,XDC,V,N,T0102,2005-Q4,135094.9,,,F,1,A,6,CHF
OECD.SDD.NAD:DSD_NAMAIN1@DF_QNA(1.1),Q,Y,CHE,S1,S1,B1GQ,_Z,_Z,_Z,XDC,V,N,T0102,2007-Q2,149139.3,,,F,1,A,6,CHF
OECD.SDD.NAD:DSD_NAMAIN1@DF_QNA(1.1),Q,Y,CHE,S1,S1,P7,_Z,_Z,_Z,XDC,V,N,T0102,1990-Q2,40316,,,F,1,A,6,CHF
OECD.SDD.NAD:DSD_NAMAIN1@DF_QNA(1.1),Q,Y,CHE,S1,S1,P7,_Z,_Z,_Z,XDC,V,N,T0102,1990-Q1,38507,,,F,1,A,6,CHF
OECD.SDD.NAD:DSD_NAMAIN1@DF_QNA(1.1),Q,Y,CHE,S1,S1,P7,_Z,_Z,_Z,XDC,V,N,T0102,1989-Q4,38206.5,,,F,1,A,6,CHF
OECD.SDD.NAD:DSD_NAMAIN1@DF_QNA(1.1),Q,Y,CHE,S1,S1,P7,_Z,_Z,_Z,XDC,V,N,T0102,1989-Q3,37847.9,,,F,1,A,6,CHF
OECD.SDD.NAD:DSD_NAMAIN1@DF_QNA(1.1),Q,Y,CHE,S1,S1,P7,_Z,_Z,_Z,XDC,V,N,T0102,1989-Q2,37863.2,,,F,1,A,6,CHF
OECD.SDD.NAD:DSD_NAMAIN1@DF_QNA(1.1),Q,Y,CHE,S1,S1,P7,_Z,_Z,_Z,XDC,V,N,T0102,1989-Q1,34571.4,,,F,1,A,6,CHF
OECD.SDD.NAD:DSD_NAMAIN1@DF_QNA(1.1),Q,Y,CHE,S1,S1,P7,_Z,_Z,_Z,XDC,V,N,T0102,1988-Q4,35255.9,,,F,1,A,6,CHF
OECD.SDD.NAD:DSD_NAMAIN1@DF_QNA(1.1),Q,Y,CHE,S1,S1,P7,_Z,_Z,_Z,XDC,V,N,T0102,1988-Q3,33735.7,,,F,1,A,6,CHF
OECD.SDD.NAD:DSD_NAMAIN1@DF_QNA(1.1),Q,Y,CHE,S1,S1,P7,_Z,_Z,_Z,XDC,V,N,T0102,1988-Q2,30360.4,,,F,1,A,6,CHF
OECD.SDD.NAD:DSD_NAMAIN1@DF_QNA(1.1),Q,Y,CHE,S1,S1,P7,_Z,_Z,_Z,XDC,V,N,T0102,1988-Q1,30397.2,,,F,1,A,6,CHF
OECD.SDD.NAD:DSD_NAMAIN1@DF_QNA(1.1),Q,Y,CHE,S1,S1,P7,_Z,_Z,_Z,XDC,V,N,T0102,1987-Q4,31499.8,,,F,1,A,6,CHF
OECD.SDD.NAD:DSD_NAMAIN1@DF_QNA(1.1),Q,Y,CHE,S1,S1,P7,_Z,_Z,_Z,XDC,V,N,T0102,1987-Q3,28587.4,,,F,1,A,6,CHF
OECD.SDD.NAD:DSD_NAMAIN1@DF_QNA(1.1),Q,Y,CHE,S1,S1,P7,_Z,_Z,_Z,XDC,V,N,T0102,1984-Q1,27435.3,,,F,1,A,6,CHF
OECD.SDD.NAD:DSD_NAMAIN1@DF_QNA(1.1),Q,Y,CHE,S1,S1,P7,_Z,_Z,_Z,XDC,V,N,T0102,2024-Q3,122767,,,F,1,A,6,CHF
OECD.SDD.NAD:DSD_NAMAIN1@DF_QNA(1.1),Q,Y,CHE,S1,S1,P7,_Z,_Z,_Z,XDC,V,N,T0102,2007-Q4,80084.6,,,F,1,A,6,CHF
OECD.SDD.NAD:DSD_NAMAIN1@DF_QNA(1.1),Q,Y,CHE,S1,S1,P7,_Z,_Z,_Z,XDC,V,N,T0102,2006-Q2,68709.8,,,F,1,A,6,CHF
OECD.SDD.NAD:DSD_NAMAIN1@DF_QNA(1.1),Q,Y,CHE,S1,S1,P7,_Z,_Z,_Z,XDC,V,N,T0102,2005-Q1,60501.4,,,F,1,A,6,CHF
OECD.SDD.NAD:DSD_NAMAIN1@DF_QNA(1.1),Q,Y,CHE,S1,S1,P7,_Z,_Z,_Z,XDC,V,N,T0102,2004-Q4,58470.6,,,F,1,A,6,CHF
OECD.SDD.NAD:DSD_NAMAIN1@DF_QNA(1.1),Q,Y,CHE,S1,S1,P7,_Z,_Z,_Z,XDC,V,N,T0102,2004-Q3,56986.7,,,F,1,A,6,CHF
OECD.SDD.NAD:DSD_NAMAIN1@DF_QNA(1.1),Q,Y,CHE,S1,S1,P7,_Z,_Z,_Z,XDC,V,N,T0102,2017-Q2,97230.8,,,F,1,A,6,CHF
OECD.SDD.NAD:DSD_NAMAIN1@DF_QNA(1.1),Q,Y,CHE,S1,S1,P7,_Z,_Z,_Z,XDC,V,N,T0102,1998-Q4,47616.5,,,F,1,A,6,CHF
OECD.SDD.NAD:DSD_NAMAIN1@DF_QNA(1.1),Q,Y,CHE,S1,S1,P7,_Z,_Z,_Z,XDC,V,N,T0102,1998-Q3,45128.4,,,F,1,A,6,CHF
OECD.SDD.NAD:DSD_NAMAIN1@DF_QNA(1.1),Q,Y,CHE,S1,S1,P7,_Z,_Z,_Z,XDC,V,N,T0102,2001-Q2,58602.6,,,F,1,A,6,CHF
OECD.SDD.NAD:DSD_NAMAIN1@DF_QNA(1.1),Q,Y,CHE,S1,S1,P7,_Z,_Z,_Z,XDC,V,N,T0102,2004-Q2,54952.2,,,F,1,A,6,CHF
OECD.SDD.NAD:DSD_NAMAIN1@DF_QNA(1.1),Q,Y,CHE,S1,S1,P7,_Z,_Z,_Z,XDC,V,N,T0102,2001-Q1,59289.3,,,F,1,A,6,CHF
OECD.SDD.NAD:DSD_NAMAIN1@DF_QNA(1.1),Q,Y,CHE,S1,S1,P7,_Z,_Z,_Z,XDC,V,N,T0102,2000-Q4,58555.2,,,F,1,A,6,CHF
OECD.SDD.NAD:DSD_NAMAIN1@DF_QNA(1.1),Q,Y,CHE,S1,S1,P7,_Z,_Z,_Z,XDC,V,N,T0102,2000-Q3,55521.8,,,F,1,A,6,CHF
OECD.SDD.NAD:DSD_NAMAIN1@DF_QNA(1.1),Q,Y,CHE,S1,S1,P7,_Z,_Z,_Z,XDC,V,N,T0102,2000-Q1,54546,,,F,1,A,6,CHF
OECD.SDD.NAD:DSD_NAMAIN1@DF_QNA(1.1),Q,Y,CHE,S1,S1,P7,_Z,_Z,_Z,XDC,V,N,T0102,1999-Q4,52893.8,,,F,1,A,6,CHF
OECD.SDD.NAD:DSD_NAMAIN1@DF_QNA(1.1),Q,Y,CHE,S1,S1,P7,_Z,_Z,_Z,XDC,V,N,T0102,1999-Q2,47592.9,,,F,1,A,6,CHF
OECD.SDD.NAD:DSD_NAMAIN1@DF_QNA(1.1),Q,Y,CHE,S1,S1,P7,_Z,_Z,_Z,XDC,V,N,T0102,1999-Q1,45807.3,,,F,1,A,6,CHF
OECD.SDD.NAD:DSD_NAMAIN1@DF_QNA(1.1),Q,Y,CHE,S1,S1,P7,_Z,_Z,_Z,XDC,V,N,T0102,2001-Q3,53791.3,,,F,1,A,6,CHF
OECD.SDD.NAD:DSD_NAMAIN1@DF_QNA(1.1),Q,Y,CHE,S1,S1,P7,_Z,_Z,_Z,XDC,V,N,T0102,2000-Q2,53018.3,,,F,1,A,6,CHF
OECD.SDD.NAD:DSD_NAMAIN1@DF_QNA(1.1),Q,Y,CHE,S1,S1,P7,_Z,_Z,_Z,XDC,V,N,T0102,1998-Q2,47489.6,,,F,1,A,6,CHF
OECD.SDD.NAD:DSD_NAMAIN1@DF_QNA(1.1),Q,Y,CHE,S1,S1,P7,_Z,_Z,_Z,XDC,V,N,T0102,2007-Q3,79407.2,,,F,1,A,6,CHF
OECD.SDD.NAD:DSD_NAMAIN1@DF_QNA(1.1),Q,Y,CHE,S1,S1,P7,_Z,_Z,_Z,XDC,V,N,T0102,1999-Q3,48243.5,,,F,1,A,6,CHF
OECD.SDD.NAD:DSD_NAMAIN1@DF_QNA(1.1),Q,Y,CHE,S1,S1,P7,_Z,_Z,_Z,XDC,V,N,T0102,2019-Q3,110073,,,F,1,A,6,CHF
OECD.SDD.NAD:DSD_NAMAIN1@DF_QNA(1.1),Q,Y,CHE,S1,S1,P7,_Z,_Z,_Z,XDC,V,N,T0102,2009-Q1,85984.7,,,F,1,A,6,CHF
OECD.SDD.NAD:DSD_NAMAIN1@DF_QNA(1.1),Q,Y,CHE,S1,S1,B1GQ,_Z,_Z,_Z,XDC,V,N,T0102,1994-Q4,103741.2,,,F,1,A,6,CHF
OECD.SDD.NAD:DSD_NAMAIN1@DF_QNA(1.1),Q,Y,CHE,S1,S1,B1GQ,_Z,_Z,_Z,XDC,V,N,T0102,1998-Q2,111995.6,,,F,1,A,6,CHF
OECD.SDD.NAD:DSD_NAMAIN1@DF_QNA(1.1),Q,Y,CHE,S1,S1,B1GQ,_Z,_Z,_Z,XDC,V,N,T0102,2018-Q4,182017.9,,,F,1,A,6,CHF
OECD.SDD.NAD:DSD_NAMAIN1@DF_QNA(1.1),Q,Y,CHE,S1,S1,B1GQ,_Z,_Z,_Z,XDC,V,N,T0102,2019-Q2,183154.1,,,F,1,A,6,CHF
OECD.SDD.NAD:DSD_NAMAIN1@DF_QNA(1.1),Q,Y,CHE,S1,S1,P7,_Z,_Z,_Z,XDC,V,N,T0102,2013-Q2,109559,,,F,1,A,6,CHF
OECD.SDD.NAD:DSD_NAMAIN1@DF_QNA(1.1),Q,Y,CHE,S1,S1,P7,_Z,_Z,_Z,XDC,V,N,T0102,2011-Q2,90185.1,,,F,1,A,6,CHF
OECD.SDD.NAD:DSD_NAMAIN1@DF_QNA(1.1),Q,Y,CHE,S1,S1,P7,_Z,_Z,_Z,XDC,V,N,T0102,2010-Q1,82446.3,,,F,1,A,6,CHF
OECD.SDD.NAD:DSD_NAMAIN1@DF_QNA(1.1),Q,Y,CHE,S1,S1,P7,_Z,_Z,_Z,XDC,V,N,T0102,2019-Q2,104985.2,,,F,1,A,6,CHF
OECD.SDD.NAD:DSD_NAMAIN1@DF_QNA(1.1),Q,Y,CHE,S1,S1,P7,_Z,_Z,_Z,XDC,V,N,T0102,2018-Q4,101035.2,,,F,1,A,6,CHF
OECD.SDD.NAD:DSD_NAMAIN1@DF_QNA(1.1),Q,Y,CHE,S1,S1,P7,_Z,_Z,_Z,XDC,V,N,T0102,2018-Q3,105352.2,,,F,1,A,6,CHF
OECD.SDD.NAD:DSD_NAMAIN1@DF_QNA(1.1),Q,Y,CHE,S1,S1,P7,_Z,_Z,_Z,XDC,V,N,T0102,2017-Q3,102962.2,,,F,1,A,6,CHF
OECD.SDD.NAD:DSD_NAMAIN1@DF_QNA(1.1),Q,Y,CHE,S1,S1,P7,_Z,_Z,_Z,XDC,V,N,T0102,2023-Q4,123511.3,,,F,1,A,6,CHF
OECD.SDD.NAD:DSD_NAMAIN1@DF_QNA(1.1),Q,Y,CHE,S1,S1,P7,_Z,_Z,_Z,XDC,V,N,T0102,2023-Q3,118317.2,,,F,1,A,6,CHF
OECD.SDD.NAD:DSD_NAMAIN1@DF_QNA(1.1),Q,Y,CHE,S1,S1,P7,_Z,_Z,_Z,XDC,V,N,T0102,1996-Q4,41630.3,,,F,1,A,6,CHF
OECD.SDD.NAD:DSD_NAMAIN1@DF_QNA(1.1),Q,Y,CHE,S1,S1,P7,_Z,_Z,_Z,XDC,V,N,T0102,2001-Q4,52595.9,,,F,1,A,6,CHF
OECD.SDD.NAD:DSD_NAMAIN1@DF_QNA(1.1),Q,Y,CHE,S1,S1,P7,_Z,_Z,_Z,XDC,V,N,T0102,1998-Q1,47467.6,,,F,1,A,6,CHF
OECD.SDD.NAD:DSD_NAMAIN1@DF_QNA(1.1),Q,Y,CHE,S1,S1,P7,_Z,_Z,_Z,XDC,V,N,T0102,2026-Q1,160490.3,,,F,1,A,6,CHF
OECD.SDD.NAD:DSD_NAMAIN1@DF_QNA(1.1),Q,Y,CHE,S1,S1,P7,_Z,_Z,_Z,XDC,V,N,T0102,2025-Q4,162905.7,,,F,1,A,6,CHF
OECD.SDD.NAD:DSD_NAMAIN1@DF_QNA(1.1),Q,Y,CHE,S1,S1,P7,_Z,_Z,_Z,XDC,V,N,T0102,2014-Q2,87251.4,,,F,1,A,6,CHF
OECD.SDD.NAD:DSD_NAMAIN1@DF_QNA(1.1),Q,Y,CHE,S1,S1,P7,_Z,_Z,_Z,XDC,V,N,T0102,2014-Q1,96345,,,F,1,A,6,CHF
OECD.SDD.NAD:DSD_NAMAIN1@DF_QNA(1.1),Q,Y,CHE,S1,S1,P7,_Z,_Z,_Z,XDC,V,N,T0102,2013-Q1,101278.8,,,F,1,A,6,CHF
OECD.SDD.NAD:DSD_NAMAIN1@DF_QNA(1.1),Q,Y,CHE,S1,S1,P7,_Z,_Z,_Z,XDC,V,N,T0102,2010-Q2,89251.1,,,F,1,A,6,CHF
OECD.SDD.NAD:DSD_NAMAIN1@DF_QNA(1.1),Q,Y,CHE,S1,S1,P7,_Z,_Z,_Z,XDC,V,N,T0102,2009-Q2,73849.6,,,F,1,A,6,CHF
OECD.SDD.NAD:DSD_NAMAIN1@DF_QNA(1.1),Q,Y,CHE,S1,S1,P7,_Z,_Z,_Z,XDC,V,N,T0102,2008-Q3,84058.2,,,F,1,A,6,CHF
OECD.SDD.NAD:DSD_NAMAIN1@DF_QNA(1.1),Q,Y,CHE,S1,S1,P7,_Z,_Z,_Z,XDC,V,N,T0102,2007-Q1,73490.6,,,F,1,A,6,CHF
OECD.SDD.NAD:DSD_NAMAIN1@DF_QNA(1.1),Q,Y,CHE,S1,S1,P7,_Z,_Z,_Z,XDC,V,N,T0102,2024-Q2,123952.3,,,F,1,A,6,CHF
OECD.SDD.NAD:DSD_NAMAIN1@DF_QNA(1.1),Q,Y,CHE,S1,S1,P7,_Z,_Z,_Z,XDC,V,N,T0102,2024-Q1,130188.2,,,F,1,A,6,CHF
OECD.SDD.NAD:DSD_NAMAIN1@DF_QNA(1.1),Q,Y,CHE,S1,S1,B1GQ,_Z,_Z,_Z,XDC,V,N,T0102,2017-Q4,177020.1,,,F,1,A,6,CHF
OECD.SDD.NAD:DSD_NAMAIN1@DF_QNA(1.1),Q,Y,CHE,S1,S1,B1GQ,_Z,_Z,_Z,XDC,V,N,T0102,2021-Q1,183680.1,,,F,1,A,6,CHF
OECD.SDD.NAD:DSD_NAMAIN1@DF_QNA(1.1),Q,Y,CHE,S1,S1,P6,_Z,_Z,_Z,XDC,V,N,T0102,1983-Q1,25541.2,,,F,1,A,6,CHF
OECD.SDD.NAD:DSD_NAMAIN1@DF_QNA(1.1),Q,Y,CHE,S1,S1,P6,_Z,_Z,_Z,XDC,V,N,T0102,1983-Q2,25755.5,,,F,1,A,6,CHF
OECD.SDD.NAD:DSD_NAMAIN1@DF_QNA(1.1),Q,Y,CHE,S1,S1,P6,_Z,_Z,_Z,XDC,V,N,T0102,1983-Q3,25784.7,,,F,1,A,6,CHF
OECD.SDD.NAD:DSD_NAMAIN1@DF_QNA(1.1),Q,Y,CHE,S1,S1,P6,_Z,_Z,_Z,XDC,V,N,T0102,1983-Q4,26597.8,,,F,1,A,6,CHF
OECD.SDD.NAD:DSD_NAMAIN1@DF_QNA(1.1),Q,Y,CHE,S1,S1,P6,_Z,_Z,_Z,XDC,V,N,T0102,1984-Q1,28235.1,,,F,1,A,6,CHF
OECD.SDD.NAD:DSD_NAMAIN1@DF_QNA(1.1),Q,Y,CHE,S1,S1,P6,_Z,_Z,_Z,XDC,V,N,T0102,1984-Q2,30455.4,,,F,1,A,6,CHF
OECD.SDD.NAD:DSD_NAMAIN1@DF_QNA(1.1),Q,Y,CHE,S1,S1,P6,_Z,_Z,_Z,XDC,V,N,T0102,1984-Q3,31515.2,,,F,1,A,6,CHF
OECD.SDD.NAD:DSD_NAMAIN1@DF_QNA(1.1),Q,Y,CHE,S1,S1,B1GQ,_Z,_Z,_Z,XDC,V,N,T0102,2006-Q2,139492.3,,,F,1,A,6,CHF
OECD.SDD.NAD:DSD_NAMAIN1@DF_QNA(1.1),Q,Y,CHE,S1,S1,B1GQ,_Z,_Z,_Z,XDC,V,N,T0102,2007-Q4,152787.7,,,F,1,A,6,CHF
OECD.SDD.NAD:DSD_NAMAIN1@DF_QNA(1.1),Q,Y,CHE,S1,S1,B1GQ,_Z,_Z,_Z,XDC,V,N,T0102,2004-Q2,126988.4,,,F,1,A,6,CHF
OECD.SDD.NAD:DSD_NAMAIN1@DF_QNA(1.1),Q,Y,CHE,S1,S1,B1GQ,_Z,_Z,_Z,XDC,V,N,T0102,2001-Q2,122705.1,,,F,1,A,6,CHF
OECD.SDD.NAD:DSD_NAMAIN1@DF_QNA(1.1),Q,Y,CHE,S1,S1,B1GQ,_Z,_Z,_Z,XDC,V,N,T0102,2004-Q3,127151.5,,,F,1,A,6,CHF
OECD.SDD.NAD:DSD_NAMAIN1@DF_QNA(1.1),Q,Y,CHE,S1,S1,B1GQ,_Z,_Z,_Z,XDC,V,N,T0102,2004-Q4,127976.6,,,F,1,A,6,CHF
OECD.SDD.NAD:DSD_NAMAIN1@DF_QNA(1.1),Q,Y,CHE,S1,S1,B1GQ,_Z,_Z,_Z,XDC,V,N,T0102,2005-Q1,129310.2,,,F,1,A,6,CHF
OECD.SDD.NAD:DSD_NAMAIN1@DF_QNA(1.1),Q,Y,CHE,S1,S1,B1GQ,_Z,_Z,_Z,XDC,V,N,T0102,2007-Q1,146307.3,,,F,1,A,6,CHF
OECD.SDD.NAD:DSD_NAMAIN1@DF_QNA(1.1),Q,Y,CHE,S1,S1,B1GQ,_Z,_Z,_Z,XDC,V,N,T0102,2008-Q3,157281.5,,,F,1,A,6,CHF
OECD.SDD.NAD:DSD_NAMAIN1@DF_QNA(1.1),Q,Y,CHE,S1,S1,B1GQ,_Z,_Z,_Z,XDC,V,N,T0102,2009-Q2,152233.2,,,F,1,A,6,CHF
OECD.SDD.NAD:DSD_NAMAIN1@DF_QNA(1.1),Q,Y,CHE,S1,S1,B1GQ,_Z,_Z,_Z,XDC,V,N,T0102,1996-Q3,106315.4,,,F,1,A,6,CHF
OECD.SDD.NAD:DSD_NAMAIN1@DF_QNA(1.1),Q,Y,CHE,S1,S1,B1GQ,_Z,_Z,_Z,XDC,V,N,T0102,1996-Q4,106512.4,,,F,1,A,6,CHF
OECD.SDD.NAD:DSD_NAMAIN1@DF_QNA(1.1),Q,Y,CHE,S1,S1,B1GQ,_Z,_Z,_Z,XDC,V,N,T0102,1997-Q1,106871.8,,,F,1,A,6,CHF
OECD.SDD.NAD:DSD_NAMAIN1@DF_QNA(1.1),Q,Y,CHE,S1,S1,B1GQ,_Z,_Z,_Z,XDC,V,N,T0102,1997-Q2,107873.8,,,F,1,A,6,CHF
OECD.SDD.NAD:DSD_NAMAIN1@DF_QNA(1.1),Q,Y,CHE,S1,S1,B1GQ,_Z,_Z,_Z,XDC,V,N,T0102,1997-Q3,109346.4,,,F,1,A,6,CHF
OECD.SDD.NAD:DSD_NAMAIN1@DF_QNA(1.1),Q,Y,CHE,S1,S1,B1GQ,_Z,_Z,_Z,XDC,V,N,T0102,1997-Q4,109774.4,,,F,1,A,6,CHF
OECD.SDD.NAD:DSD_NAMAIN1@DF_QNA(1.1),Q,Y,CHE,S1,S1,B1GQ,_Z,_Z,_Z,XDC,V,N,T0102,1998-Q1,110633.6,,,F,1,A,6,CHF
OECD.SDD.NAD:DSD_NAMAIN1@DF_QNA(1.1),Q,Y,CHE,S1,S1,B1GQ,_Z,_Z,_Z,XDC,V,N,T0102,2001-Q4,122465.9,,,F,1,A,6,CHF
OECD.SDD.NAD:DSD_NAMAIN1@DF_QNA(1.1),Q,Y,CHE,S1,S1,B1GQ,_Z,_Z,_Z,XDC,V,N,T0102,2002-Q1,121984.5,,,F,1,A,6,CHF
OECD.SDD.NAD:DSD_NAMAIN1@DF_QNA(1.1),Q,Y,CHE,S1,S1,B1GQ,_Z,_Z,_Z,XDC,V,N,T0102,2003-Q1,122001.8,,,F,1,A,6,CHF
OECD.SDD.NAD:DSD_NAMAIN1@DF_QNA(1.1),Q,Y,CHE,S1,S1,P7,_Z,_Z,_Z,XDC,V,N,T0102,1995-Q4,37729.7,,,F,1,A,6,CHF
OECD.SDD.NAD:DSD_NAMAIN1@DF_QNA(1.1),Q,Y,CHE,S1,S1,P7,_Z,_Z,_Z,XDC,V,N,T0102,1995-Q3,37443.6,,,F,1,A,6,CHF
OECD.SDD.NAD:DSD_NAMAIN1@DF_QNA(1.1),Q,Y,CHE,S1,S1,P7,_Z,_Z,_Z,XDC,V,N,T0102,1995-Q2,38975.6,,,F,1,A,6,CHF
OECD.SDD.NAD:DSD_NAMAIN1@DF_QNA(1.1),Q,Y,CHE,S1,S1,P7,_Z,_Z,_Z,XDC,V,N,T0102,1995-Q1,38133.2,,,F,1,A,6,CHF
OECD.SDD.NAD:DSD_NAMAIN1@DF_QNA(1.1),Q,Y,CHE,S1,S1,P7,_Z,_Z,_Z,XDC,V,N,T0102,2011-Q1,93688.3,,,F,1,A,6,CHF
OECD.SDD.NAD:DSD_NAMAIN1@DF_QNA(1.1),Q,Y,CHE,S1,S1,P7,_Z,_Z,_Z,XDC,V,N,T0102,2006-Q3,68509.5,,,F,1,A,6,CHF
OECD.SDD.NAD:DSD_NAMAIN1@DF_QNA(1.1),Q,Y,CHE,S1,S1,P7,_Z,_Z,_Z,XDC,V,N,T0102,2004-Q1,54051.1,,,F,1,A,6,CHF
OECD.SDD.NAD:DSD_NAMAIN1@DF_QNA(1.1),Q,Y,CHE,S1,S1,P7,_Z,_Z,_Z,XDC,V,N,T0102,2003-Q4,54361.9,,,F,1,A,6,CHF
OECD.SDD.NAD:DSD_NAMAIN1@DF_QNA(1.1),Q,Y,CHE,S1,S1,P7,_Z,_Z,_Z,XDC,V,N,T0102,2002-Q2,53851.9,,,F,1,A,6,CHF
OECD.SDD.NAD:DSD_NAMAIN1@DF_QNA(1.1),Q,Y,CHE,S1,S1,P7,_Z,_Z,_Z,XDC,V,N,T0102,1996-Q2,39839.6,,,F,1,A,6,CHF
OECD.SDD.NAD:DSD_NAMAIN1@DF_QNA(1.1),Q,Y,CHE,S1,S1,P7,_Z,_Z,_Z,XDC,V,N,T0102,2009-Q3,75894.4,,,F,1,A,6,CHF
OECD.SDD.NAD:DSD_NAMAIN1@DF_QNA(1.1),Q,Y,CHE,S1,S1,P7,_Z,_Z,_Z,XDC,V,N,T0102,2008-Q2,80571.7,,,F,1,A,6,CHF
OECD.SDD.NAD:DSD_NAMAIN1@DF_QNA(1.1),Q,Y,CHE,S1,S1,P7,_Z,_Z,_Z,XDC,V,N,T0102,2008-Q1,85499.6,,,F,1,A,6,CHF
OECD.SDD.NAD:DSD_NAMAIN1@DF_QNA(1.1),Q,Y,CHE,S1,S1,P7,_Z,_Z,_Z,XDC,V,N,T0102,2006-Q4,74158.2,,,F,1,A,6,CHF
OECD.SDD.NAD:DSD_NAMAIN1@DF_QNA(1.1),Q,Y,CHE,S1,S1,P7,_Z,_Z,_Z,XDC,V,N,T0102,1996-Q1,39400.2,,,F,1,A,6,CHF
OECD.SDD.NAD:DSD_NAMAIN1@DF_QNA(1.1),Q,Y,CHE,S1,S1,P7,_Z,_Z,_Z,XDC,V,N,T0102,2019-Q4,103732.8,,,F,1,A,6,CHF
OECD.SDD.NAD:DSD_NAMAIN1@DF_QNA(1.1),Q,Y,CHE,S1,S1,P7,_Z,_Z,_Z,XDC,V,N,T0102,2019-Q1,97740.9,,,F,1,A,6,CHF
OECD.SDD.NAD:DSD_NAMAIN1@DF_QNA(1.1),Q,Y,CHE,S1,S1,P7,_Z,_Z,_Z,XDC,V,N,T0102,2018-Q1,101424.5,,,F,1,A,6,CHF
OECD.SDD.NAD:DSD_NAMAIN1@DF_QNA(1.1),Q,Y,CHE,S1,S1,P7,_Z,_Z,_Z,XDC,V,N,T0102,2010-Q4,90245.3,,,F,1,A,6,CHF
OECD.SDD.NAD:DSD_NAMAIN1@DF_QNA(1.1),Q,Y,CHE,S1,S1,P7,_Z,_Z,_Z,XDC,V,N,T0102,2009-Q4,79745.1,,,F,1,A,6,CHF
OECD.SDD.NAD:DSD_NAMAIN1@DF_QNA(1.1),Q,Y,CHE,S1,S1,P7,_Z,_Z,_Z,XDC,V,N,T0102,2015-Q1,92693.2,,,F,1,A,6,CHF
OECD.SDD.NAD:DSD_NAMAIN1@DF_QNA(1.1),Q,Y,CHE,S1,S1,B1GQ,_Z,_Z,_Z,XDC,V,N,T0102,1988-Q2,77692,,,F,1,A,6,CHF
OECD.SDD.NAD:DSD_NAMAIN1@DF_QNA(1.1),Q,Y,CHE,S1,S1,P7,_Z,_Z,_Z,XDC,V,N,T0102,1994-Q4,38464,,,F,1,A,6,CHF
OECD.SDD.NAD:DSD_NAMAIN1@DF_QNA(1.1),Q,Y,CHE,S1,S1,P7,_Z,_Z,_Z,XDC,V,N,T0102,1994-Q3,36312.7,,,F,1,A,6,CHF
OECD.SDD.NAD:DSD_NAMAIN1@DF_QNA(1.1),Q,Y,CHE,S1,S1,P7,_Z,_Z,_Z,XDC,V,N,T0102,2023-Q2,123717.6,,,F,1,A,6,CHF
OECD.SDD.NAD:DSD_NAMAIN1@DF_QNA(1.1),Q,Y,CHE,S1,S1,P7,_Z,_Z,_Z,XDC,V,N,T0102,2022-Q3,128242.7,,,F,1,A,6,CHF
OECD.SDD.NAD:DSD_NAMAIN1@DF_QNA(1.1),Q,Y,CHE,S1,S1,P7,_Z,_Z,_Z,XDC,V,N,T0102,2022-Q2,120333.8,,,F,1,A,6,CHF
OECD.SDD.NAD:DSD_NAMAIN1@DF_QNA(1.1),Q,Y,CHE,S1,S1,P7,_Z,_Z,_Z,XDC,V,N,T0102,2023-Q1,132334.4,,,F,1,A,6,CHF
OECD.SDD.NAD:DSD_NAMAIN1@DF_QNA(1.1),Q,Y,CHE,S1,S1,P7,_Z,_Z,_Z,XDC,V,N,T0102,2022-Q4,128572.8,,,F,1,A,6,CHF
OECD.SDD.NAD:DSD_NAMAIN1@DF_QNA(1.1),Q,Y,CHE,S1,S1,P7,_Z,_Z,_Z,XDC,V,N,T0102,2022-Q1,124621,,,F,1,A,6,CHF
OECD.SDD.NAD:DSD_NAMAIN1@DF_QNA(1.1),Q,Y,CHE,S1,S1,P7,_Z,_Z,_Z,XDC,V,N,T0102,2021-Q4,121011.7,,,F,1,A,6,CHF
OECD.SDD.NAD:DSD_NAMAIN1@DF_QNA(1.1),Q,Y,CHE,S1,S1,P7,_Z,_Z,_Z,XDC,V,N,T0102,2021-Q3,108097.8,,,F,1,A,6,CHF
OECD.SDD.NAD:DSD_NAMAIN1@DF_QNA(1.1),Q,Y,CHE,S1,S1,P7,_Z,_Z,_Z,XDC,V,N,T0102,2021-Q2,109376.2,,,F,1,A,6,CHF
OECD.SDD.NAD:DSD_NAMAIN1@DF_QNA(1.1),Q,Y,CHE,S1,S1,P7,_Z,_Z,_Z,XDC,V,N,T0102,2021-Q1,107152,,,F,1,A,6,CHF
OECD.SDD.NAD:DSD_NAMAIN1@DF_QNA(1.1),Q,Y,CHE,S1,S1,P7,_Z,_Z,_Z,XDC,V,N,T0102,2020-Q4,100162.9,,,F,1,A,6,CHF
OECD.SDD.NAD:DSD_NAMAIN1@DF_QNA(1.1),Q,Y,CHE,S1,S1,P7,_Z,_Z,_Z,XDC,V,N,T0102,2020-Q3,107345.9,,,F,1,A,6,CHF
OECD.SDD.NAD:DSD_NAMAIN1@DF_QNA(1.1),Q,Y,CHE,S1,S1,P7,_Z,_Z,_Z,XDC,V,N,T0102,1997-Q2,46300.4,,,F,1,A,6,CHF
OECD.SDD.NAD:DSD_NAMAIN1@DF_QNA(1.1),Q,Y,CHE,S1,S1,P7,_Z,_Z,_Z,XDC,V,N,T0102,1997-Q1,43930,,,F,1,A,6,CHF
OECD.SDD.NAD:DSD_NAMAIN1@DF_QNA(1.1),Q,Y,CHE,S1,S1,P7,_Z,_Z,_Z,XDC,V,N,T0102,1997-Q4,45823.2,,,F,1,A,6,CHF
OECD.SDD.NAD:DSD_NAMAIN1@DF_QNA(1.1),Q,Y,CHE,S1,S1,P7,_Z,_Z,_Z,XDC,V,N,T0102,1997-Q3,45594.3,,,F,1,A,6,CHF
OECD.SDD.NAD:DSD_NAMAIN1@DF_QNA(1.1),Q,Y,CHE,S1,S1,P7,_Z,_Z,_Z,XDC,V,N,T0102,1992-Q3,36667.5,,,F,1,A,6,CHF
OECD.SDD.NAD:DSD_NAMAIN1@DF_QNA(1.1),Q,Y,CHE,S1,S1,P7,_Z,_Z,_Z,XDC,V,N,T0102,1994-Q2,38068.6,,,F,1,A,6,CHF
OECD.SDD.NAD:DSD_NAMAIN1@DF_QNA(1.1),Q,Y,CHE,S1,S1,P7,_Z,_Z,_Z,XDC,V,N,T0102,1994-Q1,35827.4,,,F,1,A,6,CHF
OECD.SDD.NAD:DSD_NAMAIN1@DF_QNA(1.1),Q,Y,CHE,S1,S1,P7,_Z,_Z,_Z,XDC,V,N,T0102,1993-Q3,36120.2,,,F,1,A,6,CHF
OECD.SDD.NAD:DSD_NAMAIN1@DF_QNA(1.1),Q,Y,CHE,S1,S1,P7,_Z,_Z,_Z,XDC,V,N,T0102,1993-Q2,37942.9,,,F,1,A,6,CHF
OECD.SDD.NAD:DSD_NAMAIN1@DF_QNA(1.1),Q,Y,CHE,S1,S1,P7,_Z,_Z,_Z,XDC,V,N,T0102,1993-Q1,37163.3,,,F,1,A,6,CHF
OECD.SDD.NAD:DSD_NAMAIN1@DF_QNA(1.1),Q,Y,CHE,S1,S1,P7,_Z,_Z,_Z,XDC,V,N,T0102,1992-Q4,36739.5,,,F,1,A,6,CHF
OECD.SDD.NAD:DSD_NAMAIN1@DF_QNA(1.1),Q,Y,CHE,S1,S1,P7,_Z,_Z,_Z,XDC,V,N,T0102,1993-Q4,36687.4,,,F,1,A,6,CHF
OECD.SDD.NAD:DSD_NAMAIN1@DF_QNA(1.1),Q,Y,CHE,S1,S1,P7,_Z,_Z,_Z,XDC,V,N,T0102,2011-Q3,94695,,,F,1,A,6,CHF
OECD.SDD.NAD:DSD_NAMAIN1@DF_QNA(1.1),Q,Y,CHE,S1,S1,P7,_Z,_Z,_Z,XDC,V,N,T0102,2012-Q3,101136.6,,,F,1,A,6,CHF
OECD.SDD.NAD:DSD_NAMAIN1@DF_QNA(1.1),Q,Y,CHE,S1,S1,P7,_Z,_Z,_Z,XDC,V,N,T0102,2012-Q2,91976.6,,,F,1,A,6,CHF
OECD.SDD.NAD:DSD_NAMAIN1@DF_QNA(1.1),Q,Y,CHE,S1,S1,P7,_Z,_Z,_Z,XDC,V,N,T0102,2011-Q4,101383.7,,,F,1,A,6,CHF
OECD.SDD.NAD:DSD_NAMAIN1@DF_QNA(1.1),Q,Y,CHE,S1,S1,P7,_Z,_Z,_Z,XDC,V,N,T0102,1992-Q2,38877.8,,,F,1,A,6,CHF
OECD.SDD.NAD:DSD_NAMAIN1@DF_QNA(1.1),Q,Y,CHE,S1,S1,P7,_Z,_Z,_Z,XDC,V,N,T0102,1992-Q1,37592.8,,,F,1,A,6,CHF
OECD.SDD.NAD:DSD_NAMAIN1@DF_QNA(1.1),Q,Y,CHE,S1,S1,P7,_Z,_Z,_Z,XDC,V,N,T0102,1987-Q2,30020.1,,,F,1,A,6,CHF
OECD.SDD.NAD:DSD_NAMAIN1@DF_QNA(1.1),Q,Y,CHE,S1,S1,B1GQ,_Z,_Z,_Z,XDC,V,N,T0102,1985-Q4,69636.2,,,F,1,A,6,CHF
OECD.SDD.NAD:DSD_NAMAIN1@DF_QNA(1.1),Q,Y,CHE,S1,S1,B1GQ,_Z,_Z,_Z,XDC,V,N,T0102,1986-Q1,70598.9,,,F,1,A,6,CHF
OECD.SDD.NAD:DSD_NAMAIN1@DF_QNA(1.1),Q,Y,CHE,S1,S1,P6,_Z,_Z,_Z,XDC,V,N,T0102,1995-Q3,41269.2,,,F,1,A,6,CHF
OECD.SDD.NAD:DSD_NAMAIN1@DF_QNA(1.1),Q,Y,CHE,S1,S1,P6,_Z,_Z,_Z,XDC,V,N,T0102,1995-Q4,41342,,,F,1,A,6,CHF
OECD.SDD.NAD:DSD_NAMAIN1@DF_QNA(1.1),Q,Y,CHE,S1,S1,P6,_Z,_Z,_Z,XDC,V,N,T0102,2019-Q1,116577.2,,,F,1,A,6,CHF
OECD.SDD.NAD:DSD_NAMAIN1@DF_QNA(1.1),Q,Y,CHE,S1,S1,P6,_Z,_Z,_Z,XDC,V,N,T0102,2019-Q4,119694.4,,,F,1,A,6,CHF
OECD.SDD.NAD:DSD_NAMAIN1@DF_QNA(1.1),Q,Y,CHE,S1,S1,B1GQ,_Z,_Z,_Z,XDC,V,N,T0102,2007-Q3,151003.6,,,F,1,A,6,CHF
OECD.SDD.NAD:DSD_NAMAIN1@DF_QNA(1.1),Q,Y,CHE,S1,S1,B1GQ,_Z,_Z,_Z,XDC,V,N,T0102,2008-Q4,154309.3,,,F,1,A,6,CHF
OECD.SDD.NAD:DSD_NAMAIN1@DF_QNA(1.1),Q,Y,CHE,S1,S1,B1GQ,_Z,_Z,_Z,XDC,V,N,T0102,1999-Q2,112207.5,,,F,1,A,6,CHF
OECD.SDD.NAD:DSD_NAMAIN1@DF_QNA(1.1),Q,Y,CHE,S1,S1,B1GQ,_Z,_Z,_Z,XDC,V,N,T0102,1999-Q3,113424.7,,,F,1,A,6,CHF
OECD.SDD.NAD:DSD_NAMAIN1@DF_QNA(1.1),Q,Y,CHE,S1,S1,B1GQ,_Z,_Z,_Z,XDC,V,N,T0102,2017-Q3,174602.4,,,F,1,A,6,CHF
OECD.SDD.NAD:DSD_NAMAIN1@DF_QNA(1.1),Q,Y,CHE,S1,S1,B1GQ,_Z,_Z,_Z,XDC,V,N,T0102,2018-Q3,181634.9,,,F,1,A,6,CHF
OECD.SDD.NAD:DSD_NAMAIN1@DF_QNA(1.1),Q,Y,CHE,S1,S1,B1GQ,_Z,_Z,_Z,XDC,V,N,T0102,1992-Q3,98027.1,,,F,1,A,6,CHF
OECD.SDD.NAD:DSD_NAMAIN1@DF_QNA(1.1),Q,Y,CHE,S1,S1,B1GQ,_Z,_Z,_Z,XDC,V,N,T0102,1992-Q4,97900.9,,,F,1,A,6,CHF
OECD.SDD.NAD:DSD_NAMAIN1@DF_QNA(1.1),Q,Y,CHE,S1,S1,B1GQ,_Z,_Z,_Z,XDC,V,N,T0102,1993-Q1,98330.3,,,F,1,A,6,CHF
OECD.SDD.NAD:DSD_NAMAIN1@DF_QNA(1.1),Q,Y,CHE,S1,S1,B1GQ,_Z,_Z,_Z,XDC,V,N,T0102,1993-Q2,100232.8,,,F,1,A,6,CHF
OECD.SDD.NAD:DSD_NAMAIN1@DF_QNA(1.1),Q,Y,CHE,S1,S1,B1GQ,_Z,_Z,_Z,XDC,V,N,T0102,1993-Q3,101265,,,F,1,A,6,CHF
OECD.SDD.NAD:DSD_NAMAIN1@DF_QNA(1.1),Q,Y,CHE,S1,S1,B1GQ,_Z,_Z,_Z,XDC,V,N,T0102,1993-Q4,102092.5,,,F,1,A,6,CHF
OECD.SDD.NAD:DSD_NAMAIN1@DF_QNA(1.1),Q,Y,CHE,S1,S1,B1GQ,_Z,_Z,_Z,XDC,V,N,T0102,1994-Q1,102953.8,,,F,1,A,6,CHF
OECD.SDD.NAD:DSD_NAMAIN1@DF_QNA(1.1),Q,Y,CHE,S1,S1,B1GQ,_Z,_Z,_Z,XDC,V,N,T0102,1994-Q2,102163.8,,,F,1,A,6,CHF
OECD.SDD.NAD:DSD_NAMAIN1@DF_QNA(1.1),Q,Y,CHE,S1,S1,B1GQ,_Z,_Z,_Z,XDC,V,N,T0102,2015-Q2,169256.9,,,F,1,A,6,CHF
OECD.SDD.NAD:DSD_NAMAIN1@DF_QNA(1.1),Q,Y,CHE,S1,S1,B1GQ,_Z,_Z,_Z,XDC,V,N,T0102,2017-Q1,171683.5,,,F,1,A,6,CHF
OECD.SDD.NAD:DSD_NAMAIN1@DF_QNA(1.1),Q,Y,CHE,S1,S1,B1GQ,_Z,_Z,_Z,XDC,V,N,T0102,2017-Q2,172732.9,,,F,1,A,6,CHF
OECD.SDD.NAD:DSD_NAMAIN1@DF_QNA(1.1),Q,Y,CHE,S1,S1,B1GQ,_Z,_Z,_Z,XDC,V,N,T0102,2021-Q2,190269.9,,,F,1,A,6,CHF
OECD.SDD.NAD:DSD_NAMAIN1@DF_QNA(1.1),Q,Y,CHE,S1,S1,B1GQ,_Z,_Z,_Z,XDC,V,N,T0102,2021-Q3,195502.6,,,F,1,A,6,CHF
OECD.SDD.NAD:DSD_NAMAIN1@DF_QNA(1.1),Q,Y,CHE,S1,S1,P7,_Z,_Z,_Z,XDC,V,N,T0102,1983-Q4,27240.8,,,F,1,A,6,CHF
OECD.SDD.NAD:DSD_NAMAIN1@DF_QNA(1.1),Q,Y,CHE,S1,S1,P7,_Z,_Z,_Z,XDC,V,N,T0102,1983-Q3,26420.5,,,F,1,A,6,CHF
OECD.SDD.NAD:DSD_NAMAIN1@DF_QNA(1.1),Q,Y,CHE,S1,S1,P7,_Z,_Z,_Z,XDC,V,N,T0102,1983-Q2,26168.8,,,F,1,A,6,CHF
OECD.SDD.NAD:DSD_NAMAIN1@DF_QNA(1.1),Q,Y,CHE,S1,S1,P7,_Z,_Z,_Z,XDC,V,N,T0102,1983-Q1,26414.2,,,F,1,A,6,CHF
OECD.SDD.NAD:DSD_NAMAIN1@DF_QNA(1.1),Q,Y,CHE,S1,S1,P7,_Z,_Z,_Z,XDC,V,N,T0102,1982-Q4,25970.2,,,F,1,A,6,CHF
OECD.SDD.NAD:DSD_NAMAIN1@DF_QNA(1.1),Q,Y,CHE,S1,S1,P7,_Z,_Z,_Z,XDC,V,N,T0102,1982-Q3,25905.3,,,F,1,A,6,CHF
OECD.SDD.NAD:DSD_NAMAIN1@DF_QNA(1.1),Q,Y,CHE,S1,S1,P7,_Z,_Z,_Z,XDC,V,N,T0102,1982-Q2,25293.9,,,F,1,A,6,CHF
OECD.SDD.NAD:DSD_NAMAIN1@DF_QNA(1.1),Q,Y,CHE,S1,S1,P7,_Z,_Z,_Z,XDC,V,N,T0102,1982-Q1,25163,,,F,1,A,6,CHF
OECD.SDD.NAD:DSD_NAMAIN1@DF_QNA(1.1),Q,Y,CHE,S1,S1,P7,_Z,_Z,_Z,XDC,V,N,T0102,1981-Q4,26402.5,,,F,1,A,6,CHF
OECD.SDD.NAD:DSD_NAMAIN1@DF_QNA(1.1),Q,Y,CHE,S1,S1,P7,_Z,_Z,_Z,XDC,V,N,T0102,1981-Q3,28273,,,F,1,A,6,CHF
OECD.SDD.NAD:DSD_NAMAIN1@DF_QNA(1.1),Q,Y,CHE,S1,S1,P7,_Z,_Z,_Z,XDC,V,N,T0102,1981-Q2,25174.7,,,F,1,A,6,CHF
OECD.SDD.NAD:DSD_NAMAIN1@DF_QNA(1.1),Q,Y,CHE,S1,S1,P7,_Z,_Z,_Z,XDC,V,N,T0102,1981-Q1,25397,,,F,1,A,6,CHF
OECD.SDD.NAD:DSD_NAMAIN1@DF_QNA(1.1),Q,Y,CHE,S1,S1,P7,_Z,_Z,_Z,XDC,V,N,T0102,1980-Q4,24919.1,,,F,1,A,6,CHF
OECD.SDD.NAD:DSD_NAMAIN1@DF_QNA(1.1),Q,Y,CHE,S1,S1,P7,_Z,_Z,_Z,XDC,V,N,T0102,1980-Q3,24303.8,,,F,1,A,6,CHF
OECD.SDD.NAD:DSD_NAMAIN1@DF_QNA(1.1),Q,Y,CHE,S1,S1,P7,_Z,_Z,_Z,XDC,V,N,T0102,1980-Q2,23992.8,,,F,1,A,6,CHF
OECD.SDD.NAD:DSD_NAMAIN1@DF_QNA(1.1),Q,Y,CHE,S1,S1,P7,_Z,_Z,_Z,XDC,V,N,T0102,1980-Q1,26544,,,F,1,A,6,CHF
OECD.SDD.NAD:DSD_NAMAIN1@DF_QNA(1.1),Q,Y,CHE,S1,S1,B1GQ,_Z,_Z,_Z,XDC,V,N,T0102,2001-Q1,122113.4,,,F,1,A,6,CHF
OECD.SDD.NAD:DSD_NAMAIN1@DF_QNA(1.1),Q,Y,CHE,S1,S1,B1GQ,_Z,_Z,_Z,XDC,V,N,T0102,1998-Q3,111596.2,,,F,1,A,6,CHF
OECD.SDD.NAD:DSD_NAMAIN1@DF_QNA(1.1),Q,Y,CHE,S1,S1,B1GQ,_Z,_Z,_Z,XDC,V,N,T0102,1998-Q4,110635.4,,,F,1,A,6,CHF
OECD.SDD.NAD:DSD_NAMAIN1@DF_QNA(1.1),Q,Y,CHE,S1,S1,B1GQ,_Z,_Z,_Z,XDC,V,N,T0102,1999-Q1,111296.5,,,F,1,A,6,CHF
OECD.SDD.NAD:DSD_NAMAIN1@DF_QNA(1.1),Q,Y,CHE,S1,S1,B1GQ,_Z,_Z,_Z,XDC,V,N,T0102,1999-Q4,116293.4,,,F,1,A,6,CHF
OECD.SDD.NAD:DSD_NAMAIN1@DF_QNA(1.1),Q,Y,CHE,S1,S1,B1GQ,_Z,_Z,_Z,XDC,V,N,T0102,2000-Q1,117355.7,,,F,1,A,6,CHF
OECD.SDD.NAD:DSD_NAMAIN1@DF_QNA(1.1),Q,Y,CHE,S1,S1,B1GQ,_Z,_Z,_Z,XDC,V,N,T0102,2000-Q4,121697.7,,,F,1,A,6,CHF
OECD.SDD.NAD:DSD_NAMAIN1@DF_QNA(1.1),Q,Y,CHE,S1,S1,B1GQ,_Z,_Z,_Z,XDC,V,N,T0102,2000-Q3,119652.2,,,F,1,A,6,CHF
OECD.SDD.NAD:DSD_NAMAIN1@DF_QNA(1.1),Q,Y,CHE,S1,S1,B1GQ,_Z,_Z,_Z,XDC,V,N,T0102,1994-Q3,103152.8,,,F,1,A,6,CHF
OECD.SDD.NAD:DSD_NAMAIN1@DF_QNA(1.1),Q,Y,CHE,S1,S1,B1GQ,_Z,_Z,_Z,XDC,V,N,T0102,2011-Q1,161168.7,,,F,1,A,6,CHF
OECD.SDD.NAD:DSD_NAMAIN1@DF_QNA(1.1),Q,Y,CHE,S1,S1,B1GQ,_Z,_Z,_Z,XDC,V,N,T0102,2009-Q1,151717.9,,,F,1,A,6,CHF
OECD.SDD.NAD:DSD_NAMAIN1@DF_QNA(1.1),Q,Y,CHE,S1,S1,B1GQ,_Z,_Z,_Z,XDC,V,N,T0102,2011-Q2,161917.2,,,F,1,A,6,CHF
OECD.SDD.NAD:DSD_NAMAIN1@DF_QNA(1.1),Q,Y,CHE,S1,S1,B1GQ,_Z,_Z,_Z,XDC,V,N,T0102,2013-Q2,166251.5,,,F,1,A,6,CHF
OECD.SDD.NAD:DSD_NAMAIN1@DF_QNA(1.1),Q,Y,CHE,S1,S1,B1GQ,_Z,_Z,_Z,XDC,V,N,T0102,2013-Q3,167424.4,,,F,1,A,6,CHF
OECD.SDD.NAD:DSD_NAMAIN1@DF_QNA(1.1),Q,Y,CHE,S1,S1,B1GQ,_Z,_Z,_Z,XDC,V,N,T0102,2018-Q1,178871.4,,,F,1,A,6,CHF
OECD.SDD.NAD:DSD_NAMAIN1@DF_QNA(1.1),Q,Y,CHE,S1,S1,B1GQ,_Z,_Z,_Z,XDC,V,N,T0102,2019-Q1,182228.3,,,F,1,A,6,CHF
OECD.SDD.NAD:DSD_NAMAIN1@DF_QNA(1.1),Q,Y,CHE,S1,S1,B1GQ,_Z,_Z,_Z,XDC,V,N,T0102,2019-Q4,183277.5,,,F,1,A,6,CHF
OECD.SDD.NAD:DSD_NAMAIN1@DF_QNA(1.1),Q,Y,CHE,S1,S1,B1GQ,_Z,_Z,_Z,XDC,V,N,T0102,2020-Q1,180260,,,F,1,A,6,CHF
OECD.SDD.NAD:DSD_NAMAIN1@DF_QNA(1.1),Q,Y,CHE,S1,S1,B1GQ,_Z,_Z,_Z,XDC,V,N,T0102,2020-Q2,168479.8,,,F,1,A,6,CHF
OECD.SDD.NAD:DSD_NAMAIN1@DF_QNA(1.1),Q,Y,CHE,S1,S1,B1GQ,_Z,_Z,_Z,XDC,V,N,T0102,2020-Q3,179200.9,,,F,1,A,6,CHF
OECD.SDD.NAD:DSD_NAMAIN1@DF_QNA(1.1),Q,Y,CHE,S1,S1,B1GQ,_Z,_Z,_Z,XDC,V,N,T0102,2020-Q4,181634.9,,,F,1,A,6,CHF
OECD.SDD.NAD:DSD_NAMAIN1@DF_QNA(1.1),Q,Y,CHE,S1,S1,B1GQ,_Z,_Z,_Z,XDC,V,N,T0102,1995-Q1,104961.1,,,F,1,A,6,CHF
OECD.SDD.NAD:DSD_NAMAIN1@DF_QNA(1.1),Q,Y,CHE,S1,S1,B1GQ,_Z,_Z,_Z,XDC,V,N,T0102,1995-Q2,105736.2,,,F,1,A,6,CHF
OECD.SDD.NAD:DSD_NAMAIN1@DF_QNA(1.1),Q,Y,CHE,S1,S1,B1GQ,_Z,_Z,_Z,XDC,V,N,T0102,1995-Q3,106535.7,,,F,1,A,6,CHF
OECD.SDD.NAD:DSD_NAMAIN1@DF_QNA(1.1),Q,Y,CHE,S1,S1,B1GQ,_Z,_Z,_Z,XDC,V,N,T0102,1995-Q4,106376.4,,,F,1,A,6,CHF
OECD.SDD.NAD:DSD_NAMAIN1@DF_QNA(1.1),Q,Y,CHE,S1,S1,B1GQ,_Z,_Z,_Z,XDC,V,N,T0102,1996-Q1,107106.6,,,F,1,A,6,CHF
OECD.SDD.NAD:DSD_NAMAIN1@DF_QNA(1.1),Q,Y,CHE,S1,S1,B1GQ,_Z,_Z,_Z,XDC,V,N,T0102,1996-Q2,107069.6,,,F,1,A,6,CHF
OECD.SDD.NAD:DSD_NAMAIN1@DF_QNA(1.1),Q,Y,CHE,S1,S1,B1GQ,_Z,_Z,_Z,XDC,V,N,T0102,2002-Q2,122501.6,,,F,1,A,6,CHF
OECD.SDD.NAD:DSD_NAMAIN1@DF_QNA(1.1),Q,Y,CHE,S1,S1,B1GQ,_Z,_Z,_Z,XDC,V,N,T0102,2003-Q4,125385.2,,,F,1,A,6,CHF
OECD.SDD.NAD:DSD_NAMAIN1@DF_QNA(1.1),Q,Y,CHE,S1,S1,B1GQ,_Z,_Z,_Z,XDC,V,N,T0102,2004-Q1,126116.5,,,F,1,A,6,CHF
OECD.SDD.NAD:DSD_NAMAIN1@DF_QNA(1.1),Q,Y,CHE,S1,S1,B1GQ,_Z,_Z,_Z,XDC,V,N,T0102,2006-Q3,141110.2,,,F,1,A,6,CHF
OECD.SDD.NAD:DSD_NAMAIN1@DF_QNA(1.1),Q,Y,CHE,S1,S1,B1GQ,_Z,_Z,_Z,XDC,V,N,T0102,2006-Q4,144098.7,,,F,1,A,6,CHF
OECD.SDD.NAD:DSD_NAMAIN1@DF_QNA(1.1),Q,Y,CHE,S1,S1,B1GQ,_Z,_Z,_Z,XDC,V,N,T0102,2008-Q1,154339.1,,,F,1,A,6,CHF
OECD.SDD.NAD:DSD_NAMAIN1@DF_QNA(1.1),Q,Y,CHE,S1,S1,B1GQ,_Z,_Z,_Z,XDC,V,N,T0102,2008-Q2,156502.8,,,F,1,A,6,CHF
OECD.SDD.NAD:DSD_NAMAIN1@DF_QNA(1.1),Q,Y,CHE,S1,S1,B1GQ,_Z,_Z,_Z,XDC,V,N,T0102,2009-Q3,154037.2,,,F,1,A,6,CHF
OECD.SDD.NAD:DSD_NAMAIN1@DF_QNA(1.1),Q,Y,CHE,S1,S1,B1GQ,_Z,_Z,_Z,XDC,V,N,T0102,2009-Q4,155176,,,F,1,A,6,CHF
OECD.SDD.NAD:DSD_NAMAIN1@DF_QNA(1.1),Q,Y,CHE,S1,S1,B1GQ,_Z,_Z,_Z,XDC,V,N,T0102,2010-Q4,160756.6,,,F,1,A,6,CHF
OECD.SDD.NAD:DSD_NAMAIN1@DF_QNA(1.1),Q,Y,CHE,S1,S1,B1GQ,_Z,_Z,_Z,XDC,V,N,T0102,2011-Q4,161538.7,,,F,1,A,6,CHF
OECD.SDD.NAD:DSD_NAMAIN1@DF_QNA(1.1),Q,Y,CHE,S1,S1,B1GQ,_Z,_Z,_Z,XDC,V,N,T0102,2012-Q1,162537.4,,,F,1,A,6,CHF
OECD.SDD.NAD:DSD_NAMAIN1@DF_QNA(1.1),Q,Y,CHE,S1,S1,B1GQ,_Z,_Z,_Z,XDC,V,N,T0102,2014-Q4,170528.6,,,F,1,A,6,CHF
OECD.SDD.NAD:DSD_NAMAIN1@DF_QNA(1.1),Q,Y,CHE,S1,S1,B1GQ,_Z,_Z,_Z,XDC,V,N,T0102,2015-Q1,169570.5,,,F,1,A,6,CHF
OECD.SDD.NAD:DSD_NAMAIN1@DF_QNA(1.1),Q,Y,CHE,S1,S1,B1GQ,_Z,_Z,_Z,XDC,V,N,T0102,2016-Q2,172129.7,,,F,1,A,6,CHF
OECD.SDD.NAD:DSD_NAMAIN1@DF_QNA(1.1),Q,Y,CHE,S1,S1,B1GQ,_Z,_Z,_Z,XDC,V,N,T0102,2016-Q3,172739.5,,,F,1,A,6,CHF
OECD.SDD.NAD:DSD_NAMAIN1@DF_QNA(1.1),Q,Y,CHE,S1,S1,P6,_Z,_Z,_Z,XDC,V,N,T0102,1992-Q1,40535,,,F,1,A,6,CHF
OECD.SDD.NAD:DSD_NAMAIN1@DF_QNA(1.1),Q,Y,CHE,S1,S1,P6,_Z,_Z,_Z,XDC,V,N,T0102,1982-Q3,26048.4,,,F,1,A,6,CHF
OECD.SDD.NAD:DSD_NAMAIN1@DF_QNA(1.1),Q,Y,CHE,S1,S1,P6,_Z,_Z,_Z,XDC,V,N,T0102,1982-Q4,26862.1,,,F,1,A,6,CHF
OECD.SDD.NAD:DSD_NAMAIN1@DF_QNA(1.1),Q,Y,CHE,S1,S1,P6,_Z,_Z,_Z,XDC,V,N,T0102,1984-Q4,31422.3,,,F,1,A,6,CHF
OECD.SDD.NAD:DSD_NAMAIN1@DF_QNA(1.1),Q,Y,CHE,S1,S1,P6,_Z,_Z,_Z,XDC,V,N,T0102,1985-Q1,32795.7,,,F,1,A,6,CHF
OECD.SDD.NAD:DSD_NAMAIN1@DF_QNA(1.1),Q,Y,CHE,S1,S1,P6,_Z,_Z,_Z,XDC,V,N,T0102,1985-Q2,32479.1,,,F,1,A,6,CHF
OECD.SDD.NAD:DSD_NAMAIN1@DF_QNA(1.1),Q,Y,CHE,S1,S1,P6,_Z,_Z,_Z,XDC,V,N,T0102,1985-Q3,31708.5,,,F,1,A,6,CHF
OECD.SDD.NAD:DSD_NAMAIN1@DF_QNA(1.1),Q,Y,CHE,S1,S1,P6,_Z,_Z,_Z,XDC,V,N,T0102,1985-Q4,33275.8,,,F,1,A,6,CHF
OECD.SDD.NAD:DSD_NAMAIN1@DF_QNA(1.1),Q,Y,CHE,S1,S1,P6,_Z,_Z,_Z,XDC,V,N,T0102,1986-Q1,32824.6,,,F,1,A,6,CHF
OECD.SDD.NAD:DSD_NAMAIN1@DF_QNA(1.1),Q,Y,CHE,S1,S1,P6,_Z,_Z,_Z,XDC,V,N,T0102,1986-Q2,33275.2,,,F,1,A,6,CHF
OECD.SDD.NAD:DSD_NAMAIN1@DF_QNA(1.1),Q,Y,CHE,S1,S1,P6,_Z,_Z,_Z,XDC,V,N,T0102,1986-Q3,30275.3,,,F,1,A,6,CHF
OECD.SDD.NAD:DSD_NAMAIN1@DF_QNA(1.1),Q,Y,CHE,S1,S1,P6,_Z,_Z,_Z,XDC,V,N,T0102,1986-Q4,29334,,,F,1,A,6,CHF
OECD.SDD.NAD:DSD_NAMAIN1@DF_QNA(1.1),Q,Y,CHE,S1,S1,P6,_Z,_Z,_Z,XDC,V,N,T0102,1987-Q1,29699.6,,,F,1,A,6,CHF
OECD.SDD.NAD:DSD_NAMAIN1@DF_QNA(1.1),Q,Y,CHE,S1,S1,P6,_Z,_Z,_Z,XDC,V,N,T0102,1987-Q2,29777.4,,,F,1,A,6,CHF
OECD.SDD.NAD:DSD_NAMAIN1@DF_QNA(1.1),Q,Y,CHE,S1,S1,P6,_Z,_Z,_Z,XDC,V,N,T0102,1987-Q3,30533.3,,,F,1,A,6,CHF
OECD.SDD.NAD:DSD_NAMAIN1@DF_QNA(1.1),Q,Y,CHE,S1,S1,P6,_Z,_Z,_Z,XDC,V,N,T0102,1987-Q4,32205.5,,,F,1,A,6,CHF
OECD.SDD.NAD:DSD_NAMAIN1@DF_QNA(1.1),Q,Y,CHE,S1,S1,P6,_Z,_Z,_Z,XDC,V,N,T0102,1988-Q1,32387.9,,,F,1,A,6,CHF
OECD.SDD.NAD:DSD_NAMAIN1@DF_QNA(1.1),Q,Y,CHE,S1,S1,P6,_Z,_Z,_Z,XDC,V,N,T0102,1988-Q2,31761.3,,,F,1,A,6,CHF
OECD.SDD.NAD:DSD_NAMAIN1@DF_QNA(1.1),Q,Y,CHE,S1,S1,P6,_Z,_Z,_Z,XDC,V,N,T0102,1988-Q3,33840,,,F,1,A,6,CHF
OECD.SDD.NAD:DSD_NAMAIN1@DF_QNA(1.1),Q,Y,CHE,S1,S1,P6,_Z,_Z,_Z,XDC,V,N,T0102,1988-Q4,35550.9,,,F,1,A,6,CHF
OECD.SDD.NAD:DSD_NAMAIN1@DF_QNA(1.1),Q,Y,CHE,S1,S1,P6,_Z,_Z,_Z,XDC,V,N,T0102,1989-Q1,37066.3,,,F,1,A,6,CHF
OECD.SDD.NAD:DSD_NAMAIN1@DF_QNA(1.1),Q,Y,CHE,S1,S1,B1GQ,_Z,_Z,_Z,XDC,V,N,T0102,2003-Q2,122539,,,F,1,A,6,CHF
OECD.SDD.NAD:DSD_NAMAIN1@DF_QNA(1.1),Q,Y,CHE,S1,S1,B1GQ,_Z,_Z,_Z,XDC,V,N,T0102,2005-Q2,131014.8,,,F,1,A,6,CHF
OECD.SDD.NAD:DSD_NAMAIN1@DF_QNA(1.1),Q,Y,CHE,S1,S1,B1GQ,_Z,_Z,_Z,XDC,V,N,T0102,2005-Q3,133011.9,,,F,1,A,6,CHF
OECD.SDD.NAD:DSD_NAMAIN1@DF_QNA(1.1),Q,Y,CHE,S1,S1,B1GQ,_Z,_Z,_Z,XDC,V,N,T0102,2010-Q2,158541.3,,,F,1,A,6,CHF
OECD.SDD.NAD:DSD_NAMAIN1@DF_QNA(1.1),Q,Y,CHE,S1,S1,B1GQ,_Z,_Z,_Z,XDC,V,N,T0102,2010-Q3,159269.5,,,F,1,A,6,CHF
OECD.SDD.NAD:DSD_NAMAIN1@DF_QNA(1.1),Q,Y,CHE,S1,S1,B1GQ,_Z,_Z,_Z,XDC,V,N,T0102,2013-Q1,165085.7,,,F,1,A,6,CHF
OECD.SDD.NAD:DSD_NAMAIN1@DF_QNA(1.1),Q,Y,CHE,S1,S1,B1GQ,_Z,_Z,_Z,XDC,V,N,T0102,2014-Q1,168617.9,,,F,1,A,6,CHF
OECD.SDD.NAD:DSD_NAMAIN1@DF_QNA(1.1),Q,Y,CHE,S1,S1,B1GQ,_Z,_Z,_Z,XDC,V,N,T0102,2014-Q2,169882,,,F,1,A,6,CHF
OECD.SDD.NAD:DSD_NAMAIN1@DF_QNA(1.1),Q,Y,CHE,S1,S1,B1GQ,_Z,_Z,_Z,XDC,V,N,T0102,2015-Q3,170003.3,,,F,1,A,6,CHF
OECD.SDD.NAD:DSD_NAMAIN1@DF_QNA(1.1),Q,Y,CHE,S1,S1,B1GQ,_Z,_Z,_Z,XDC,V,N,T0102,2015-Q4,170645.1,,,F,1,A,6,CHF
OECD.SDD.NAD:DSD_NAMAIN1@DF_QNA(1.1),Q,Y,CHE,S1,S1,B1GQ,_Z,_Z,_Z,XDC,V,N,T0102,2016-Q4,172132.7,,,F,1,A,6,CHF
OECD.SDD.NAD:DSD_NAMAIN1@DF_QNA(1.1),Q,Y,CHE,S1,S1,B1GQ,_Z,_Z,_Z,XDC,V,N,T0102,2018-Q2,182119.7,,,F,1,A,6,CHF
OECD.SDD.NAD:DSD_NAMAIN1@DF_QNA(1.1),Q,Y,CHE,S1,S1,B1GQ,_Z,_Z,_Z,XDC,V,N,T0102,2024-Q1,211856.8,,,F,1,A,6,CHF
OECD.SDD.NAD:DSD_NAMAIN1@DF_QNA(1.1),Q,Y,CHE,S1,S1,B1GQ,_Z,_Z,_Z,XDC,V,N,T0102,2024-Q2,214356.6,,,F,1,A,6,CHF
OECD.SDD.NAD:DSD_NAMAIN1@DF_QNA(1.1),Q,Y,CHE,S1,S1,B1GQ,_Z,_Z,_Z,XDC,V,N,T0102,2024-Q3,216655.3,,,F,1,A,6,CHF
OECD.SDD.NAD:DSD_NAMAIN1@DF_QNA(1.1),Q,Y,CHE,S1,S1,B1GQ,_Z,_Z,_Z,XDC,V,N,T0102,2024-Q4,218239.3,,,F,1,A,6,CHF
OECD.SDD.NAD:DSD_NAMAIN1@DF_QNA(1.1),Q,Y,CHE,S1,S1,B1GQ,_Z,_Z,_Z,XDC,V,N,T0102,2025-Q1,221220.8,,,F,1,A,6,CHF
OECD.SDD.NAD:DSD_NAMAIN1@DF_QNA(1.1),Q,Y,CHE,S1,S1,B1GQ,_Z,_Z,_Z,XDC,V,N,T0102,2025-Q2,221192.5,,,F,1,A,6,CHF
OECD.SDD.NAD:DSD_NAMAIN1@DF_QNA(1.1),Q,Y,CHE,S1,S1,B1GQ,_Z,_Z,_Z,XDC,V,N,T0102,2025-Q3,219576.3,,,F,1,A,6,CHF
OECD.SDD.NAD:DSD_NAMAIN1@DF_QNA(1.1),Q,Y,CHE,S1,S1,B1GQ,_Z,_Z,_Z,XDC,V,N,T0102,2025-Q4,219826,,,F,1,A,6,CHF
OECD.SDD.NAD:DSD_NAMAIN1@DF_QNA(1.1),Q,Y,CHE,S1,S1,B1GQ,_Z,_Z,_Z,XDC,V,N,T0102,2026-Q1,222214.3,,,F,1,A,6,CHF
OECD.SDD.NAD:DSD_NAMAIN1@DF_QNA(1.1),Q,Y,CHE,S1,S1,B1GQ,_Z,_Z,_Z,XDC,V,N,T0102,2026-Q2,226290.7,,,F,1,A,6,CHF
OECD.SDD.NAD:DSD_NAMAIN1@DF_QNA(1.1),Q,Y,CHE,S1,S1,B1GQ,_Z,_Z,_Z,XDC,V,N,T0102,1986-Q3,71944.2,,,F,1,A,6,CHF
OECD.SDD.NAD:DSD_NAMAIN1@DF_QNA(1.1),Q,Y,CHE,S1,S1,B1GQ,_Z,_Z,_Z,XDC,V,N,T0102,1986-Q4,72114.5,,,F,1,A,6,CHF
OECD.SDD.NAD:DSD_NAMAIN1@DF_QNA(1.1),Q,Y,CHE,S1,S1,B1GQ,_Z,_Z,_Z,XDC,V,N,T0102,1987-Q1,72523.1,,,F,1,A,6,CHF
OECD.SDD.NAD:DSD_NAMAIN1@DF_QNA(1.1),Q,Y,CHE,S1,S1,B1GQ,_Z,_Z,_Z,XDC,V,N,T0102,1987-Q2,73444.5,,,F,1,A,6,CHF
OECD.SDD.NAD:DSD_NAMAIN1@DF_QNA(1.1),Q,Y,CHE,S1,S1,B1GQ,_Z,_Z,_Z,XDC,V,N,T0102,1987-Q3,74838.2,,,F,1,A,6,CHF
OECD.SDD.NAD:DSD_NAMAIN1@DF_QNA(1.1),Q,Y,CHE,S1,S1,B1GQ,_Z,_Z,_Z,XDC,V,N,T0102,1987-Q4,76069.6,,,F,1,A,6,CHF
OECD.SDD.NAD:DSD_NAMAIN1@DF_QNA(1.1),Q,Y,CHE,S1,S1,B1GQ,_Z,_Z,_Z,XDC,V,N,T0102,1988-Q1,76647.4,,,F,1,A,6,CHF
OECD.SDD.NAD:DSD_NAMAIN1@DF_QNA(1.1),Q,Y,CHE,S1,S1,B1GQ,_Z,_Z,_Z,XDC,V,N,T0102,1989-Q4,87649.1,,,F,1,A,6,CHF
OECD.SDD.NAD:DSD_NAMAIN1@DF_QNA(1.1),Q,Y,CHE,S1,S1,B1GQ,_Z,_Z,_Z,XDC,V,N,T0102,1990-Q1,90520.6,,,F,1,A,6,CHF
OECD.SDD.NAD:DSD_NAMAIN1@DF_QNA(1.1),Q,Y,CHE,S1,S1,B1GQ,_Z,_Z,_Z,XDC,V,N,T0102,1990-Q2,92079.4,,,F,1,A,6,CHF
OECD.SDD.NAD:DSD_NAMAIN1@DF_QNA(1.1),Q,Y,CHE,S1,S1,B1GQ,_Z,_Z,_Z,XDC,V,N,T0102,1990-Q3,92907.9,,,F,1,A,6,CHF
OECD.SDD.NAD:DSD_NAMAIN1@DF_QNA(1.1),Q,Y,CHE,S1,S1,B1GQ,_Z,_Z,_Z,XDC,V,N,T0102,1990-Q4,93884.2,,,F,1,A,6,CHF
OECD.SDD.NAD:DSD_NAMAIN1@DF_QNA(1.1),Q,Y,CHE,S1,S1,B1GQ,_Z,_Z,_Z,XDC,V,N,T0102,1991-Q1,95679.6,,,F,1,A,6,CHF
OECD.SDD.NAD:DSD_NAMAIN1@DF_QNA(1.1),Q,Y,CHE,S1,S1,B1GQ,_Z,_Z,_Z,XDC,V,N,T0102,1991-Q2,95741.1,,,F,1,A,6,CHF
OECD.SDD.NAD:DSD_NAMAIN1@DF_QNA(1.1),Q,Y,CHE,S1,S1,B1GQ,_Z,_Z,_Z,XDC,V,N,T0102,1991-Q3,96739.1,,,F,1,A,6,CHF
OECD.SDD.NAD:DSD_NAMAIN1@DF_QNA(1.1),Q,Y,CHE,S1,S1,B1GQ,_Z,_Z,_Z,XDC,V,N,T0102,1991-Q4,97588.2,,,F,1,A,6,CHF
OECD.SDD.NAD:DSD_NAMAIN1@DF_QNA(1.1),Q,Y,CHE,S1,S1,B1GQ,_Z,_Z,_Z,XDC,V,N,T0102,1992-Q1,98634.3,,,F,1,A,6,CHF
OECD.SDD.NAD:DSD_NAMAIN1@DF_QNA(1.1),Q,Y,CHE,S1,S1,B1GQ,_Z,_Z,_Z,XDC,V,N,T0102,1992-Q2,98846.4,,,F,1,A,6,CHF
OECD.SDD.NAD:DSD_NAMAIN1@DF_QNA(1.1),Q,Y,CHE,S1,S1,B1GQ,_Z,_Z,_Z,XDC,V,N,T0102,1980-Q1,50219.5,,,F,1,A,6,CHF
OECD.SDD.NAD:DSD_NAMAIN1@DF_QNA(1.1),Q,Y,CHE,S1,S1,B1GQ,_Z,_Z,_Z,XDC,V,N,T0102,1980-Q2,50869.8,,,F,1,A,6,CHF
OECD.SDD.NAD:DSD_NAMAIN1@DF_QNA(1.1),Q,Y,CHE,S1,S1,B1GQ,_Z,_Z,_Z,XDC,V,N,T0102,1980-Q3,51636.9,,,F,1,A,6,CHF
OECD.SDD.NAD:DSD_NAMAIN1@DF_QNA(1.1),Q,Y,CHE,S1,S1,B1GQ,_Z,_Z,_Z,XDC,V,N,T0102,1980-Q4,52490.3,,,F,1,A,6,CHF
OECD.SDD.NAD:DSD_NAMAIN1@DF_QNA(1.1),Q,Y,CHE,S1,S1,B1GQ,_Z,_Z,_Z,XDC,V,N,T0102,1981-Q1,53212.6,,,F,1,A,6,CHF
OECD.SDD.NAD:DSD_NAMAIN1@DF_QNA(1.1),Q,Y,CHE,S1,S1,B1GQ,_Z,_Z,_Z,XDC,V,N,T0102,1981-Q2,54513.5,,,F,1,A,6,CHF
OECD.SDD.NAD:DSD_NAMAIN1@DF_QNA(1.1),Q,Y,CHE,S1,S1,B1GQ,_Z,_Z,_Z,XDC,V,N,T0102,1981-Q3,55709.6,,,F,1,A,6,CHF
OECD.SDD.NAD:DSD_NAMAIN1@DF_QNA(1.1),Q,Y,CHE,S1,S1,B1GQ,_Z,_Z,_Z,XDC,V,N,T0102,1981-Q4,56811.8,,,F,1,A,6,CHF
OECD.SDD.NAD:DSD_NAMAIN1@DF_QNA(1.1),Q,Y,CHE,S1,S1,B1GQ,_Z,_Z,_Z,XDC,V,N,T0102,1982-Q1,57364.5,,,F,1,A,6,CHF
OECD.SDD.NAD:DSD_NAMAIN1@DF_QNA(1.1),Q,Y,CHE,S1,S1,B1GQ,_Z,_Z,_Z,XDC,V,N,T0102,1982-Q2,58177.4,,,F,1,A,6,CHF
OECD.SDD.NAD:DSD_NAMAIN1@DF_QNA(1.1),Q,Y,CHE,S1,S1,B1GQ,_Z,_Z,_Z,XDC,V,N,T0102,1982-Q3,58625,,,F,1,A,6,CHF
OECD.SDD.NAD:DSD_NAMAIN1@DF_QNA(1.1),Q,Y,CHE,S1,S1,B1GQ,_Z,_Z,_Z,XDC,V,N,T0102,1982-Q4,59092.8,,,F,1,A,6,CHF
OECD.SDD.NAD:DSD_NAMAIN1@DF_QNA(1.1),Q,Y,CHE,S1,S1,B1GQ,_Z,_Z,_Z,XDC,V,N,T0102,1983-Q1,59326.1,,,F,1,A,6,CHF
OECD.SDD.NAD:DSD_NAMAIN1@DF_QNA(1.1),Q,Y,CHE,S1,S1,B1GQ,_Z,_Z,_Z,XDC,V,N,T0102,1983-Q2,59687.1,,,F,1,A,6,CHF
OECD.SDD.NAD:DSD_NAMAIN1@DF_QNA(1.1),Q,Y,CHE,S1,S1,B1GQ,_Z,_Z,_Z,XDC,V,N,T0102,1983-Q3,60230.8,,,F,1,A,6,CHF
OECD.SDD.NAD:DSD_NAMAIN1@DF_QNA(1.1),Q,Y,CHE,S1,S1,B1GQ,_Z,_Z,_Z,XDC,V,N,T0102,1983-Q4,61143.8,,,F,1,A,6,CHF
OECD.SDD.NAD:DSD_NAMAIN1@DF_QNA(1.1),Q,Y,CHE,S1,S1,B1GQ,_Z,_Z,_Z,XDC,V,N,T0102,1984-Q1,62615.2,,,F,1,A,6,CHF
OECD.SDD.NAD:DSD_NAMAIN1@DF_QNA(1.1),Q,Y,CHE,S1,S1,B1GQ,_Z,_Z,_Z,XDC,V,N,T0102,1984-Q2,63625.9,,,F,1,A,6,CHF
OECD.SDD.NAD:DSD_NAMAIN1@DF_QNA(1.1),Q,Y,CHE,S1,S1,B1GQ,_Z,_Z,_Z,XDC,V,N,T0102,1984-Q3,64953.5,,,F,1,A,6,CHF
OECD.SDD.NAD:DSD_NAMAIN1@DF_QNA(1.1),Q,Y,CHE,S1,S1,B1GQ,_Z,_Z,_Z,XDC,V,N,T0102,1984-Q4,65861.9,,,F,1,A,6,CHF
OECD.SDD.NAD:DSD_NAMAIN1@DF_QNA(1.1),Q,Y,CHE,S1,S1,B1GQ,_Z,_Z,_Z,XDC,V,N,T0102,1985-Q1,66901.4,,,F,1,A,6,CHF
OECD.SDD.NAD:DSD_NAMAIN1@DF_QNA(1.1),Q,Y,CHE,S1,S1,B1GQ,_Z,_Z,_Z,XDC,V,N,T0102,1985-Q2,67813.1,,,F,1,A,6,CHF
OECD.SDD.NAD:DSD_NAMAIN1@DF_QNA(1.1),Q,Y,CHE,S1,S1,B1GQ,_Z,_Z,_Z,XDC,V,N,T0102,1985-Q3,68303.8,,,F,1,A,6,CHF
OECD.SDD.NAD:DSD_NAMAIN1@DF_QNA(1.1),Q,Y,CHE,S1,S1,P6,_Z,_Z,_Z,XDC,V,N,T0102,2003-Q4,60460.6,,,F,1,A,6,CHF
OECD.SDD.NAD:DSD_NAMAIN1@DF_QNA(1.1),Q,Y,CHE,S1,S1,P6,_Z,_Z,_Z,XDC,V,N,T0102,2020-Q1,111965.5,,,F,1,A,6,CHF
OECD.SDD.NAD:DSD_NAMAIN1@DF_QNA(1.1),Q,Y,CHE,S1,S1,P6,_Z,_Z,_Z,XDC,V,N,T0102,2020-Q2,108064.4,,,F,1,A,6,CHF
OECD.SDD.NAD:DSD_NAMAIN1@DF_QNA(1.1),Q,Y,CHE,S1,S1,P6,_Z,_Z,_Z,XDC,V,N,T0102,2020-Q3,115224.1,,,F,1,A,6,CHF
OECD.SDD.NAD:DSD_NAMAIN1@DF_QNA(1.1),Q,Y,CHE,S1,S1,P6,_Z,_Z,_Z,XDC,V,N,T0102,2020-Q4,115313,,,F,1,A,6,CHF
OECD.SDD.NAD:DSD_NAMAIN1@DF_QNA(1.1),Q,Y,CHE,S1,S1,P6,_Z,_Z,_Z,XDC,V,N,T0102,2021-Q1,124194.5,,,F,1,A,6,CHF
OECD.SDD.NAD:DSD_NAMAIN1@DF_QNA(1.1),Q,Y,CHE,S1,S1,P6,_Z,_Z,_Z,XDC,V,N,T0102,2021-Q2,130960.6,,,F,1,A,6,CHF
OECD.SDD.NAD:DSD_NAMAIN1@DF_QNA(1.1),Q,Y,CHE,S1,S1,P6,_Z,_Z,_Z,XDC,V,N,T0102,2021-Q3,137897.4,,,F,1,A,6,CHF
OECD.SDD.NAD:DSD_NAMAIN1@DF_QNA(1.1),Q,Y,CHE,S1,S1,P6,_Z,_Z,_Z,XDC,V,N,T0102,2021-Q4,144143,,,F,1,A,6,CHF
OECD.SDD.NAD:DSD_NAMAIN1@DF_QNA(1.1),Q,Y,CHE,S1,S1,P6,_Z,_Z,_Z,XDC,V,N,T0102,2022-Q1,153527.3,,,F,1,A,6,CHF
OECD.SDD.NAD:DSD_NAMAIN1@DF_QNA(1.1),Q,Y,CHE,S1,S1,P6,_Z,_Z,_Z,XDC,V,N,T0102,2022-Q2,138668.9,,,F,1,A,6,CHF
OECD.SDD.NAD:DSD_NAMAIN1@DF_QNA(1.1),Q,Y,CHE,S1,S1,P6,_Z,_Z,_Z,XDC,V,N,T0102,2022-Q3,162048.9,,,F,1,A,6,CHF
OECD.SDD.NAD:DSD_NAMAIN1@DF_QNA(1.1),Q,Y,CHE,S1,S1,P6,_Z,_Z,_Z,XDC,V,N,T0102,2022-Q4,160912,,,F,1,A,6,CHF
OECD.SDD.NAD:DSD_NAMAIN1@DF_QNA(1.1),Q,Y,CHE,S1,S1,P6,_Z,_Z,_Z,XDC,V,N,T0102,2023-Q1,154540.7,,,F,1,A,6,CHF
OECD.SDD.NAD:DSD_NAMAIN1@DF_QNA(1.1),Q,Y,CHE,S1,S1,P6,_Z,_Z,_Z,XDC,V,N,T0102,2023-Q2,147329.9,,,F,1,A,6,CHF
OECD.SDD.NAD:DSD_NAMAIN1@DF_QNA(1.1),Q,Y,CHE,S1,S1,P6,_Z,_Z,_Z,XDC,V,N,T0102,2023-Q3,142707.3,,,F,1,A,6,CHF
OECD.SDD.NAD:DSD_NAMAIN1@DF_QNA(1.1),Q,Y,CHE,S1,S1,P6,_Z,_Z,_Z,XDC,V,N,T0102,2023-Q4,146114.8,,,F,1,A,6,CHF
OECD.SDD.NAD:DSD_NAMAIN1@DF_QNA(1.1),Q,Y,CHE,S1,S1,P6,_Z,_Z,_Z,XDC,V,N,T0102,1994-Q3,40476.2,,,F,1,A,6,CHF
OECD.SDD.NAD:DSD_NAMAIN1@DF_QNA(1.1),Q,Y,CHE,S1,S1,B1GQ,_Z,_Z,_Z,XDC,V,N,T0102,2021-Q4,198287.3,,,F,1,A,6,CHF
OECD.SDD.NAD:DSD_NAMAIN1@DF_QNA(1.1),Q,Y,CHE,S1,S1,B1GQ,_Z,_Z,_Z,XDC,V,N,T0102,2022-Q1,201296.8,,,F,1,A,6,CHF
OECD.SDD.NAD:DSD_NAMAIN1@DF_QNA(1.1),Q,Y,CHE,S1,S1,P6,_Z,_Z,_Z,XDC,V,N,T0102,2019-Q2,121067.8,,,F,1,A,6,CHF
OECD.SDD.NAD:DSD_NAMAIN1@DF_QNA(1.1),Q,Y,CHE,S1,S1,P6,_Z,_Z,_Z,XDC,V,N,T0102,2019-Q3,126626.5,,,F,1,A,6,CHF
OECD.SDD.NAD:DSD_NAMAIN1@DF_QNA(1.1),Q,Y,CHE,S1,S1,P6,_Z,_Z,_Z,XDC,V,N,T0102,2017-Q3,115616.9,,,F,1,A,6,CHF
OECD.SDD.NAD:DSD_NAMAIN1@DF_QNA(1.1),Q,Y,CHE,S1,S1,P6,_Z,_Z,_Z,XDC,V,N,T0102,2018-Q3,120119.8,,,F,1,A,6,CHF
OECD.SDD.NAD:DSD_NAMAIN1@DF_QNA(1.1),Q,Y,CHE,S1,S1,P6,_Z,_Z,_Z,XDC,V,N,T0102,2018-Q4,118326,,,F,1,A,6,CHF
OECD.SDD.NAD:DSD_NAMAIN1@DF_QNA(1.1),Q,Y,CHE,S1,S1,P6,_Z,_Z,_Z,XDC,V,N,T0102,2002-Q3,58389.9,,,F,1,A,6,CHF
OECD.SDD.NAD:DSD_NAMAIN1@DF_QNA(1.1),Q,Y,CHE,S1,S1,P6,_Z,_Z,_Z,XDC,V,N,T0102,2002-Q4,57990.5,,,F,1,A,6,CHF
OECD.SDD.NAD:DSD_NAMAIN1@DF_QNA(1.1),Q,Y,CHE,S1,S1,P6,_Z,_Z,_Z,XDC,V,N,T0102,2005-Q4,73324.3,,,F,1,A,6,CHF
OECD.SDD.NAD:DSD_NAMAIN1@DF_QNA(1.1),Q,Y,CHE,S1,S1,P6,_Z,_Z,_Z,XDC,V,N,T0102,2007-Q2,91808,,,F,1,A,6,CHF
OECD.SDD.NAD:DSD_NAMAIN1@DF_QNA(1.1),Q,Y,CHE,S1,S1,P6,_Z,_Z,_Z,XDC,V,N,T0102,2007-Q3,96636.2,,,F,1,A,6,CHF
OECD.SDD.NAD:DSD_NAMAIN1@DF_QNA(1.1),Q,Y,CHE,S1,S1,P6,_Z,_Z,_Z,XDC,V,N,T0102,2003-Q3,58509.2,,,F,1,A,6,CHF
OECD.SDD.NAD:DSD_NAMAIN1@DF_QNA(1.1),Q,Y,CHE,S1,S1,P6,_Z,_Z,_Z,XDC,V,N,T0102,2011-Q1,113865,,,F,1,A,6,CHF
OECD.SDD.NAD:DSD_NAMAIN1@DF_QNA(1.1),Q,Y,CHE,S1,S1,P6,_Z,_Z,_Z,XDC,V,N,T0102,1998-Q2,51947.3,,,F,1,A,6,CHF
OECD.SDD.NAD:DSD_NAMAIN1@DF_QNA(1.1),Q,Y,CHE,S1,S1,P6,_Z,_Z,_Z,XDC,V,N,T0102,1999-Q2,51534.7,,,F,1,A,6,CHF
OECD.SDD.NAD:DSD_NAMAIN1@DF_QNA(1.1),Q,Y,CHE,S1,S1,P6,_Z,_Z,_Z,XDC,V,N,T0102,1999-Q3,53273.9,,,F,1,A,6,CHF
OECD.SDD.NAD:DSD_NAMAIN1@DF_QNA(1.1),Q,Y,CHE,S1,S1,P6,_Z,_Z,_Z,XDC,V,N,T0102,2000-Q2,61627.1,,,F,1,A,6,CHF
OECD.SDD.NAD:DSD_NAMAIN1@DF_QNA(1.1),Q,Y,CHE,S1,S1,P6,_Z,_Z,_Z,XDC,V,N,T0102,2001-Q3,58507.3,,,F,1,A,6,CHF
OECD.SDD.NAD:DSD_NAMAIN1@DF_QNA(1.1),Q,Y,CHE,S1,S1,P6,_Z,_Z,_Z,XDC,V,N,T0102,2010-Q1,100220.4,,,F,1,A,6,CHF
OECD.SDD.NAD:DSD_NAMAIN1@DF_QNA(1.1),Q,Y,CHE,S1,S1,P6,_Z,_Z,_Z,XDC,V,N,T0102,2011-Q2,107514.9,,,F,1,A,6,CHF
OECD.SDD.NAD:DSD_NAMAIN1@DF_QNA(1.1),Q,Y,CHE,S1,S1,P6,_Z,_Z,_Z,XDC,V,N,T0102,2013-Q2,133532.5,,,F,1,A,6,CHF
OECD.SDD.NAD:DSD_NAMAIN1@DF_QNA(1.1),Q,Y,CHE,S1,S1,P6,_Z,_Z,_Z,XDC,V,N,T0102,1994-Q4,42487.1,,,F,1,A,6,CHF
OECD.SDD.NAD:DSD_NAMAIN1@DF_QNA(1.1),Q,Y,CHE,S1,S1,P6,_Z,_Z,_Z,XDC,V,N,T0102,2013-Q3,118414.9,,,F,1,A,6,CHF
OECD.SDD.NAD:DSD_NAMAIN1@DF_QNA(1.1),Q,Y,CHE,S1,S1,P6,_Z,_Z,_Z,XDC,V,N,T0102,2014-Q3,106252.7,,,F,1,A,6,CHF
OECD.SDD.NAD:DSD_NAMAIN1@DF_QNA(1.1),Q,Y,CHE,S1,S1,P6,_Z,_Z,_Z,XDC,V,N,T0102,2016-Q1,104280.3,,,F,1,A,6,CHF
OECD.SDD.NAD:DSD_NAMAIN1@DF_QNA(1.1),Q,Y,CHE,S1,S1,P6,_Z,_Z,_Z,XDC,V,N,T0102,2008-Q4,90005,,,F,1,A,6,CHF
OECD.SDD.NAD:DSD_NAMAIN1@DF_QNA(1.1),Q,Y,CHE,S1,S1,P6,_Z,_Z,_Z,XDC,V,N,T0102,2009-Q1,84246.6,,,F,1,A,6,CHF
OECD.SDD.NAD:DSD_NAMAIN1@DF_QNA(1.1),Q,Y,CHE,S1,S1,P6,_Z,_Z,_Z,XDC,V,N,T0102,1994-Q1,41522.6,,,F,1,A,6,CHF
OECD.SDD.NAD:DSD_NAMAIN1@DF_QNA(1.1),Q,Y,CHE,S1,S1,P6,_Z,_Z,_Z,XDC,V,N,T0102,1994-Q2,40470.8,,,F,1,A,6,CHF
OECD.SDD.NAD:DSD_NAMAIN1@DF_QNA(1.1),Q,Y,CHE,S1,S1,P6,_Z,_Z,_Z,XDC,V,N,T0102,2001-Q1,62689.5,,,F,1,A,6,CHF
OECD.SDD.NAD:DSD_NAMAIN1@DF_QNA(1.1),Q,Y,CHE,S1,S1,B1GQ,_Z,_Z,_Z,XDC,V,N,T0102,2019-Q3,183443.6,,,F,1,A,6,CHF
OECD.SDD.NAD:DSD_NAMAIN1@DF_QNA(1.1),Q,Y,CHE,S1,S1,B1GQ,_Z,_Z,_Z,XDC,V,N,T0102,2010-Q1,157097.8,,,F,1,A,6,CHF
OECD.SDD.NAD:DSD_NAMAIN1@DF_QNA(1.1),Q,Y,CHE,S1,S1,P6,_Z,_Z,_Z,XDC,V,N,T0102,1997-Q1,48019.4,,,F,1,A,6,CHF
OECD.SDD.NAD:DSD_NAMAIN1@DF_QNA(1.1),Q,Y,CHE,S1,S1,P6,_Z,_Z,_Z,XDC,V,N,T0102,1997-Q2,49350.1,,,F,1,A,6,CHF
OECD.SDD.NAD:DSD_NAMAIN1@DF_QNA(1.1),Q,Y,CHE,S1,S1,P6,_Z,_Z,_Z,XDC,V,N,T0102,1997-Q3,49866.7,,,F,1,A,6,CHF
OECD.SDD.NAD:DSD_NAMAIN1@DF_QNA(1.1),Q,Y,CHE,S1,S1,P6,_Z,_Z,_Z,XDC,V,N,T0102,1997-Q4,51568.5,,,F,1,A,6,CHF
OECD.SDD.NAD:DSD_NAMAIN1@DF_QNA(1.1),Q,Y,CHE,S1,S1,P6,_Z,_Z,_Z,XDC,V,N,T0102,1998-Q1,50323.1,,,F,1,A,6,CHF
OECD.SDD.NAD:DSD_NAMAIN1@DF_QNA(1.1),Q,Y,CHE,S1,S1,P6,_Z,_Z,_Z,XDC,V,N,T0102,2001-Q4,59510.3,,,F,1,A,6,CHF
OECD.SDD.NAD:DSD_NAMAIN1@DF_QNA(1.1),Q,Y,CHE,S1,S1,P6,_Z,_Z,_Z,XDC,V,N,T0102,2002-Q1,57935.9,,,F,1,A,6,CHF
OECD.SDD.NAD:DSD_NAMAIN1@DF_QNA(1.1),Q,Y,CHE,S1,S1,P6,_Z,_Z,_Z,XDC,V,N,T0102,2003-Q1,56197.8,,,F,1,A,6,CHF
OECD.SDD.NAD:DSD_NAMAIN1@DF_QNA(1.1),Q,Y,CHE,S1,S1,P6,_Z,_Z,_Z,XDC,V,N,T0102,2003-Q2,57532.1,,,F,1,A,6,CHF
OECD.SDD.NAD:DSD_NAMAIN1@DF_QNA(1.1),Q,Y,CHE,S1,S1,P6,_Z,_Z,_Z,XDC,V,N,T0102,2005-Q2,70723.8,,,F,1,A,6,CHF
OECD.SDD.NAD:DSD_NAMAIN1@DF_QNA(1.1),Q,Y,CHE,S1,S1,P6,_Z,_Z,_Z,XDC,V,N,T0102,2005-Q3,70223.2,,,F,1,A,6,CHF
OECD.SDD.NAD:DSD_NAMAIN1@DF_QNA(1.1),Q,Y,CHE,S1,S1,P6,_Z,_Z,_Z,XDC,V,N,T0102,2007-Q1,86441.3,,,F,1,A,6,CHF
OECD.SDD.NAD:DSD_NAMAIN1@DF_QNA(1.1),Q,Y,CHE,S1,S1,P6,_Z,_Z,_Z,XDC,V,N,T0102,2008-Q3,104301,,,F,1,A,6,CHF
OECD.SDD.NAD:DSD_NAMAIN1@DF_QNA(1.1),Q,Y,CHE,S1,S1,P6,_Z,_Z,_Z,XDC,V,N,T0102,2009-Q2,86768.5,,,F,1,A,6,CHF
OECD.SDD.NAD:DSD_NAMAIN1@DF_QNA(1.1),Q,Y,CHE,S1,S1,P6,_Z,_Z,_Z,XDC,V,N,T0102,2010-Q2,101127.3,,,F,1,A,6,CHF
OECD.SDD.NAD:DSD_NAMAIN1@DF_QNA(1.1),Q,Y,CHE,S1,S1,P6,_Z,_Z,_Z,XDC,V,N,T0102,2010-Q3,99116.3,,,F,1,A,6,CHF
OECD.SDD.NAD:DSD_NAMAIN1@DF_QNA(1.1),Q,Y,CHE,S1,S1,P6,_Z,_Z,_Z,XDC,V,N,T0102,2013-Q1,112808.7,,,F,1,A,6,CHF
OECD.SDD.NAD:DSD_NAMAIN1@DF_QNA(1.1),Q,Y,CHE,S1,S1,P6,_Z,_Z,_Z,XDC,V,N,T0102,2014-Q1,113402.4,,,F,1,A,6,CHF
OECD.SDD.NAD:DSD_NAMAIN1@DF_QNA(1.1),Q,Y,CHE,S1,S1,P6,_Z,_Z,_Z,XDC,V,N,T0102,2014-Q2,105399.9,,,F,1,A,6,CHF
OECD.SDD.NAD:DSD_NAMAIN1@DF_QNA(1.1),Q,Y,CHE,S1,S1,P6,_Z,_Z,_Z,XDC,V,N,T0102,2015-Q3,108599.1,,,F,1,A,6,CHF
OECD.SDD.NAD:DSD_NAMAIN1@DF_QNA(1.1),Q,Y,CHE,S1,S1,P6,_Z,_Z,_Z,XDC,V,N,T0102,2015-Q4,111967.4,,,F,1,A,6,CHF
OECD.SDD.NAD:DSD_NAMAIN1@DF_QNA(1.1),Q,Y,CHE,S1,S1,P6,_Z,_Z,_Z,XDC,V,N,T0102,2016-Q4,123644.2,,,F,1,A,6,CHF
OECD.SDD.NAD:DSD_NAMAIN1@DF_QNA(1.1),Q,Y,CHE,S1,S1,P6,_Z,_Z,_Z,XDC,V,N,T0102,2018-Q2,122433.3,,,F,1,A,6,CHF
OECD.SDD.NAD:DSD_NAMAIN1@DF_QNA(1.1),Q,Y,CHE,S1,S1,P6,_Z,_Z,_Z,XDC,V,N,T0102,2024-Q1,153343.4,,,F,1,A,6,CHF
OECD.SDD.NAD:DSD_NAMAIN1@DF_QNA(1.1),Q,Y,CHE,S1,S1,P6,_Z,_Z,_Z,XDC,V,N,T0102,2024-Q2,152172.5,,,F,1,A,6,CHF
OECD.SDD.NAD:DSD_NAMAIN1@DF_QNA(1.1),Q,Y,CHE,S1,S1,P6,_Z,_Z,_Z,XDC,V,N,T0102,2024-Q3,146526.7,,,F,1,A,6,CHF
OECD.SDD.NAD:DSD_NAMAIN1@DF_QNA(1.1),Q,Y,CHE,S1,S1,P6,_Z,_Z,_Z,XDC,V,N,T0102,2024-Q4,160163.1,,,F,1,A,6,CHF
OECD.SDD.NAD:DSD_NAMAIN1@DF_QNA(1.1),Q,Y,CHE,S1,S1,P6,_Z,_Z,_Z,XDC,V,N,T0102,2025-Q1,187479.1,,,F,1,A,6,CHF
OECD.SDD.NAD:DSD_NAMAIN1@DF_QNA(1.1),Q,Y,CHE,S1,S1,P6,_Z,_Z,_Z,XDC,V,N,T0102,2025-Q2,159238.4,,,F,1,A,6,CHF
OECD.SDD.NAD:DSD_NAMAIN1@DF_QNA(1.1),Q,Y,CHE,S1,S1,P6,_Z,_Z,_Z,XDC,V,N,T0102,2025-Q3,165714.4,,,F,1,A,6,CHF
OECD.SDD.NAD:DSD_NAMAIN1@DF_QNA(1.1),Q,Y,CHE,S1,S1,P6,_Z,_Z,_Z,XDC,V,N,T0102,2025-Q4,174958.9,,,F,1,A,6,CHF
OECD.SDD.NAD:DSD_NAMAIN1@DF_QNA(1.1),Q,Y,CHE,S1,S1,P6,_Z,_Z,_Z,XDC,V,N,T0102,2026-Q1,184859.3,,,F,1,A,6,CHF
OECD.SDD.NAD:DSD_NAMAIN1@DF_QNA(1.1),Q,Y,CHE,S1,S1,P6,_Z,_Z,_Z,XDC,V,N,T0102,2026-Q2,177884.1,,,F,1,A,6,CHF
OECD.SDD.NAD:DSD_NAMAIN1@DF_QNA(1.1),Q,Y,CHE,S1,S1,P6,_Z,_Z,_Z,XDC,V,N,T0102,1989-Q3,38325.9,,,F,1,A,6,CHF
OECD.SDD.NAD:DSD_NAMAIN1@DF_QNA(1.1),Q,Y,CHE,S1,S1,P6,_Z,_Z,_Z,XDC,V,N,T0102,2017-Q2,113376.1,,,F,1,A,6,CHF
OECD.SDD.NAD:DSD_NAMAIN1@DF_QNA(1.1),Q,Y,CHE,S1,S1,P6,_Z,_Z,_Z,XDC,V,N,T0102,2012-Q2,107235.8,,,F,1,A,6,CHF
OECD.SDD.NAD:DSD_NAMAIN1@DF_QNA(1.1),Q,Y,CHE,S1,S1,P6,_Z,_Z,_Z,XDC,V,N,T0102,2012-Q3,114267.7,,,F,1,A,6,CHF
OECD.SDD.NAD:DSD_NAMAIN1@DF_QNA(1.1),Q,Y,CHE,S1,S1,P6,_Z,_Z,_Z,XDC,V,N,T0102,2012-Q4,111749.7,,,F,1,A,6,CHF
OECD.SDD.NAD:DSD_NAMAIN1@DF_QNA(1.1),Q,Y,CHE,S1,S1,P6,_Z,_Z,_Z,XDC,V,N,T0102,2013-Q4,111773.6,,,F,1,A,6,CHF
OECD.SDD.NAD:DSD_NAMAIN1@DF_QNA(1.1),Q,Y,CHE,S1,S1,P6,_Z,_Z,_Z,XDC,V,N,T0102,2015-Q2,101596,,,F,1,A,6,CHF
OECD.SDD.NAD:DSD_NAMAIN1@DF_QNA(1.1),Q,Y,CHE,S1,S1,P6,_Z,_Z,_Z,XDC,V,N,T0102,2017-Q1,107165.9,,,F,1,A,6,CHF
OECD.SDD.NAD:DSD_NAMAIN1@DF_QNA(1.1),Q,Y,CHE,S1,S1,P6,_Z,_Z,_Z,XDC,V,N,T0102,2004-Q4,65755,,,F,1,A,6,CHF
OECD.SDD.NAD:DSD_NAMAIN1@DF_QNA(1.1),Q,Y,CHE,S1,S1,P6,_Z,_Z,_Z,XDC,V,N,T0102,2005-Q1,68132.1,,,F,1,A,6,CHF
OECD.SDD.NAD:DSD_NAMAIN1@DF_QNA(1.1),Q,Y,CHE,S1,S1,P6,_Z,_Z,_Z,XDC,V,N,T0102,2006-Q1,75667.7,,,F,1,A,6,CHF
OECD.SDD.NAD:DSD_NAMAIN1@DF_QNA(1.1),Q,Y,CHE,S1,S1,P6,_Z,_Z,_Z,XDC,V,N,T0102,2006-Q2,76396.2,,,F,1,A,6,CHF
OECD.SDD.NAD:DSD_NAMAIN1@DF_QNA(1.1),Q,Y,CHE,S1,S1,P6,_Z,_Z,_Z,XDC,V,N,T0102,1995-Q1,42038,,,F,1,A,6,CHF
OECD.SDD.NAD:DSD_NAMAIN1@DF_QNA(1.1),Q,Y,CHE,S1,S1,P6,_Z,_Z,_Z,XDC,V,N,T0102,1995-Q2,41474.6,,,F,1,A,6,CHF
OECD.SDD.NAD:DSD_NAMAIN1@DF_QNA(1.1),Q,Y,CHE,S1,S1,P6,_Z,_Z,_Z,XDC,V,N,T0102,2001-Q2,61312.5,,,F,1,A,6,CHF
OECD.SDD.NAD:DSD_NAMAIN1@DF_QNA(1.1),Q,Y,CHE,S1,S1,P6,_Z,_Z,_Z,XDC,V,N,T0102,1993-Q3,39814,,,F,1,A,6,CHF
OECD.SDD.NAD:DSD_NAMAIN1@DF_QNA(1.1),Q,Y,CHE,S1,S1,P6,_Z,_Z,_Z,XDC,V,N,T0102,1993-Q4,41082.7,,,F,1,A,6,CHF
OECD.SDD.NAD:DSD_NAMAIN1@DF_QNA(1.1),Q,Y,CHE,S1,S1,P6,_Z,_Z,_Z,XDC,V,N,T0102,1992-Q3,39592.6,,,F,1,A,6,CHF
OECD.SDD.NAD:DSD_NAMAIN1@DF_QNA(1.1),Q,Y,CHE,S1,S1,P6,_Z,_Z,_Z,XDC,V,N,T0102,1992-Q4,39632.8,,,F,1,A,6,CHF
OECD.SDD.NAD:DSD_NAMAIN1@DF_QNA(1.1),Q,Y,CHE,S1,S1,P6,_Z,_Z,_Z,XDC,V,N,T0102,1993-Q1,42055.3,,,F,1,A,6,CHF
OECD.SDD.NAD:DSD_NAMAIN1@DF_QNA(1.1),Q,Y,CHE,S1,S1,P6,_Z,_Z,_Z,XDC,V,N,T0102,1993-Q2,40858.6,,,F,1,A,6,CHF
OECD.SDD.NAD:DSD_NAMAIN1@DF_QNA(1.1),Q,Y,CHE,S1,S1,P6,_Z,_Z,_Z,XDC,V,N,T0102,1996-Q4,44271.8,,,F,1,A,6,CHF
OECD.SDD.NAD:DSD_NAMAIN1@DF_QNA(1.1),Q,Y,CHE,S1,S1,P6,_Z,_Z,_Z,XDC,V,N,T0102,1989-Q4,38793.9,,,F,1,A,6,CHF
OECD.SDD.NAD:DSD_NAMAIN1@DF_QNA(1.1),Q,Y,CHE,S1,S1,P6,_Z,_Z,_Z,XDC,V,N,T0102,1990-Q1,39143.1,,,F,1,A,6,CHF
OECD.SDD.NAD:DSD_NAMAIN1@DF_QNA(1.1),Q,Y,CHE,S1,S1,P6,_Z,_Z,_Z,XDC,V,N,T0102,1990-Q2,39188.4,,,F,1,A,6,CHF
OECD.SDD.NAD:DSD_NAMAIN1@DF_QNA(1.1),Q,Y,CHE,S1,S1,P6,_Z,_Z,_Z,XDC,V,N,T0102,1990-Q3,37244.8,,,F,1,A,6,CHF
OECD.SDD.NAD:DSD_NAMAIN1@DF_QNA(1.1),Q,Y,CHE,S1,S1,P6,_Z,_Z,_Z,XDC,V,N,T0102,1990-Q4,37190.3,,,F,1,A,6,CHF
OECD.SDD.NAD:DSD_NAMAIN1@DF_QNA(1.1),Q,Y,CHE,S1,S1,P6,_Z,_Z,_Z,XDC,V,N,T0102,1991-Q1,38529.5,,,F,1,A,6,CHF
OECD.SDD.NAD:DSD_NAMAIN1@DF_QNA(1.1),Q,Y,CHE,S1,S1,P6,_Z,_Z,_Z,XDC,V,N,T0102,1991-Q2,38018.7,,,F,1,A,6,CHF
OECD.SDD.NAD:DSD_NAMAIN1@DF_QNA(1.1),Q,Y,CHE,S1,S1,P6,_Z,_Z,_Z,XDC,V,N,T0102,1991-Q3,38565.2,,,F,1,A,6,CHF
OECD.SDD.NAD:DSD_NAMAIN1@DF_QNA(1.1),Q,Y,CHE,S1,S1,P6,_Z,_Z,_Z,XDC,V,N,T0102,1991-Q4,38526.6,,,F,1,A,6,CHF
OECD.SDD.NAD:DSD_NAMAIN1@DF_QNA(1.1),Q,Y,CHE,S1,S1,P6,_Z,_Z,_Z,XDC,V,N,T0102,1999-Q1,49756.4,,,F,1,A,6,CHF
OECD.SDD.NAD:DSD_NAMAIN1@DF_QNA(1.1),Q,Y,CHE,S1,S1,P6,_Z,_Z,_Z,XDC,V,N,T0102,1999-Q4,54770.2,,,F,1,A,6,CHF
OECD.SDD.NAD:DSD_NAMAIN1@DF_QNA(1.1),Q,Y,CHE,S1,S1,P6,_Z,_Z,_Z,XDC,V,N,T0102,2000-Q1,57321.1,,,F,1,A,6,CHF
OECD.SDD.NAD:DSD_NAMAIN1@DF_QNA(1.1),Q,Y,CHE,S1,S1,P6,_Z,_Z,_Z,XDC,V,N,T0102,2000-Q3,60747.7,,,F,1,A,6,CHF
OECD.SDD.NAD:DSD_NAMAIN1@DF_QNA(1.1),Q,Y,CHE,S1,S1,P6,_Z,_Z,_Z,XDC,V,N,T0102,2000-Q4,63067,,,F,1,A,6,CHF
OECD.SDD.NAD:DSD_NAMAIN1@DF_QNA(1.1),Q,Y,CHE,S1,S1,P6,_Z,_Z,_Z,XDC,V,N,T0102,1998-Q3,49795.8,,,F,1,A,6,CHF
OECD.SDD.NAD:DSD_NAMAIN1@DF_QNA(1.1),Q,Y,CHE,S1,S1,P6,_Z,_Z,_Z,XDC,V,N,T0102,1998-Q4,49830,,,F,1,A,6,CHF
OECD.SDD.NAD:DSD_NAMAIN1@DF_QNA(1.1),Q,Y,CHE,S1,S1,P6,_Z,_Z,_Z,XDC,V,N,T0102,2004-Q2,65287.4,,,F,1,A,6,CHF
OECD.SDD.NAD:DSD_NAMAIN1@DF_QNA(1.1),Q,Y,CHE,S1,S1,P6,_Z,_Z,_Z,XDC,V,N,T0102,2004-Q3,64685.4,,,F,1,A,6,CHF
OECD.SDD.NAD:DSD_NAMAIN1@DF_QNA(1.1),Q,Y,CHE,S1,S1,B1GQ,_Z,_Z,_Z,XDC,V,N,T0102,1988-Q3,79317.9,,,F,1,A,6,CHF
OECD.SDD.NAD:DSD_NAMAIN1@DF_QNA(1.1),Q,Y,CHE,S1,S1,B1GQ,_Z,_Z,_Z,XDC,V,N,T0102,1988-Q4,81479.1,,,F,1,A,6,CHF
OECD.SDD.NAD:DSD_NAMAIN1@DF_QNA(1.1),Q,Y,CHE,S1,S1,B1GQ,_Z,_Z,_Z,XDC,V,N,T0102,1989-Q1,82533.2,,,F,1,A,6,CHF
OECD.SDD.NAD:DSD_NAMAIN1@DF_QNA(1.1),Q,Y,CHE,S1,S1,B1GQ,_Z,_Z,_Z,XDC,V,N,T0102,1989-Q2,84498.3,,,F,1,A,6,CHF
OECD.SDD.NAD:DSD_NAMAIN1@DF_QNA(1.1),Q,Y,CHE,S1,S1,B1GQ,_Z,_Z,_Z,XDC,V,N,T0102,1989-Q3,85813,,,F,1,A,6,CHF
OECD.SDD.NAD:DSD_NAMAIN1@DF_QNA(1.1),Q,Y,CHE,S1,S1,P6,_Z,_Z,_Z,XDC,V,N,T0102,2007-Q4,90947.9,,,F,1,A,6,CHF
OECD.SDD.NAD:DSD_NAMAIN1@DF_QNA(1.1),Q,Y,CHE,S1,S1,P6,_Z,_Z,_Z,XDC,V,N,T0102,2011-Q3,101154.4,,,F,1,A,6,CHF
OECD.SDD.NAD:DSD_NAMAIN1@DF_QNA(1.1),Q,Y,CHE,S1,S1,P6,_Z,_Z,_Z,XDC,V,N,T0102,1992-Q2,40421.7,,,F,1,A,6,CHF
OECD.SDD.NAD:DSD_NAMAIN1@DF_QNA(1.1),Q,Y,CHE,S1,S1,P6,_Z,_Z,_Z,XDC,V,N,T0102,1980-Q1,22972.9,,,F,1,A,6,CHF
OECD.SDD.NAD:DSD_NAMAIN1@DF_QNA(1.1),Q,Y,CHE,S1,S1,P6,_Z,_Z,_Z,XDC,V,N,T0102,1980-Q2,23078.4,,,F,1,A,6,CHF
OECD.SDD.NAD:DSD_NAMAIN1@DF_QNA(1.1),Q,Y,CHE,S1,S1,P6,_Z,_Z,_Z,XDC,V,N,T0102,1980-Q3,24165.8,,,F,1,A,6,CHF
OECD.SDD.NAD:DSD_NAMAIN1@DF_QNA(1.1),Q,Y,CHE,S1,S1,P6,_Z,_Z,_Z,XDC,V,N,T0102,1980-Q4,24895.3,,,F,1,A,6,CHF
OECD.SDD.NAD:DSD_NAMAIN1@DF_QNA(1.1),Q,Y,CHE,S1,S1,P6,_Z,_Z,_Z,XDC,V,N,T0102,1981-Q1,25501.5,,,F,1,A,6,CHF
OECD.SDD.NAD:DSD_NAMAIN1@DF_QNA(1.1),Q,Y,CHE,S1,S1,P6,_Z,_Z,_Z,XDC,V,N,T0102,1981-Q2,26091,,,F,1,A,6,CHF
OECD.SDD.NAD:DSD_NAMAIN1@DF_QNA(1.1),Q,Y,CHE,S1,S1,P6,_Z,_Z,_Z,XDC,V,N,T0102,1981-Q3,27857.9,,,F,1,A,6,CHF
OECD.SDD.NAD:DSD_NAMAIN1@DF_QNA(1.1),Q,Y,CHE,S1,S1,P6,_Z,_Z,_Z,XDC,V,N,T0102,1981-Q4,26825.2,,,F,1,A,6,CHF
OECD.SDD.NAD:DSD_NAMAIN1@DF_QNA(1.1),Q,Y,CHE,S1,S1,P6,_Z,_Z,_Z,XDC,V,N,T0102,1982-Q1,25481.3,,,F,1,A,6,CHF
OECD.SDD.NAD:DSD_NAMAIN1@DF_QNA(1.1),Q,Y,CHE,S1,S1,P6,_Z,_Z,_Z,XDC,V,N,T0102,1982-Q2,25189,,,F,1,A,6,CHF
OECD.SDD.NAD:DSD_NAMAIN1@DF_QNA(1.1),Q,Y,CHE,S1,S1,P6,_Z,_Z,_Z,XDC,V,N,T0102,1996-Q3,42604.8,,,F,1,A,6,CHF
OECD.SDD.NAD:DSD_NAMAIN1@DF_QNA(1.1),Q,Y,CHE,S1,S1,P6,_Z,_Z,_Z,XDC,V,N,T0102,2004-Q1,62666.7,,,F,1,A,6,CHF
OECD.SDD.NAD:DSD_NAMAIN1@DF_QNA(1.1),Q,Y,CHE,S1,S1,P6,_Z,_Z,_Z,XDC,V,N,T0102,2006-Q3,79271.2,,,F,1,A,6,CHF
OECD.SDD.NAD:DSD_NAMAIN1@DF_QNA(1.1),Q,Y,CHE,S1,S1,P6,_Z,_Z,_Z,XDC,V,N,T0102,2006-Q4,84813.1,,,F,1,A,6,CHF
OECD.SDD.NAD:DSD_NAMAIN1@DF_QNA(1.1),Q,Y,CHE,S1,S1,P6,_Z,_Z,_Z,XDC,V,N,T0102,2008-Q1,95397.1,,,F,1,A,6,CHF
OECD.SDD.NAD:DSD_NAMAIN1@DF_QNA(1.1),Q,Y,CHE,S1,S1,P6,_Z,_Z,_Z,XDC,V,N,T0102,2008-Q2,100581,,,F,1,A,6,CHF
OECD.SDD.NAD:DSD_NAMAIN1@DF_QNA(1.1),Q,Y,CHE,S1,S1,P6,_Z,_Z,_Z,XDC,V,N,T0102,2009-Q3,88660.3,,,F,1,A,6,CHF
OECD.SDD.NAD:DSD_NAMAIN1@DF_QNA(1.1),Q,Y,CHE,S1,S1,P6,_Z,_Z,_Z,XDC,V,N,T0102,2009-Q4,93616.4,,,F,1,A,6,CHF
OECD.SDD.NAD:DSD_NAMAIN1@DF_QNA(1.1),Q,Y,CHE,S1,S1,P6,_Z,_Z,_Z,XDC,V,N,T0102,2010-Q4,108949.9,,,F,1,A,6,CHF
OECD.SDD.NAD:DSD_NAMAIN1@DF_QNA(1.1),Q,Y,CHE,S1,S1,P6,_Z,_Z,_Z,XDC,V,N,T0102,2011-Q4,105417.4,,,F,1,A,6,CHF
OECD.SDD.NAD:DSD_NAMAIN1@DF_QNA(1.1),Q,Y,CHE,S1,S1,P6,_Z,_Z,_Z,XDC,V,N,T0102,2012-Q1,108009.7,,,F,1,A,6,CHF
OECD.SDD.NAD:DSD_NAMAIN1@DF_QNA(1.1),Q,Y,CHE,S1,S1,P6,_Z,_Z,_Z,XDC,V,N,T0102,2014-Q4,114335.6,,,F,1,A,6,CHF
OECD.SDD.NAD:DSD_NAMAIN1@DF_QNA(1.1),Q,Y,CHE,S1,S1,P6,_Z,_Z,_Z,XDC,V,N,T0102,2015-Q1,107687.4,,,F,1,A,6,CHF
OECD.SDD.NAD:DSD_NAMAIN1@DF_QNA(1.1),Q,Y,CHE,S1,S1,P6,_Z,_Z,_Z,XDC,V,N,T0102,2016-Q2,114221.7,,,F,1,A,6,CHF
OECD.SDD.NAD:DSD_NAMAIN1@DF_QNA(1.1),Q,Y,CHE,S1,S1,P6,_Z,_Z,_Z,XDC,V,N,T0102,2016-Q3,113927.8,,,F,1,A,6,CHF
OECD.SDD.NAD:DSD_NAMAIN1@DF_QNA(1.1),Q,Y,CHE,S1,S1,P6,_Z,_Z,_Z,XDC,V,N,T0102,2017-Q4,121079.1,,,F,1,A,6,CHF
OECD.SDD.NAD:DSD_NAMAIN1@DF_QNA(1.1),Q,Y,CHE,S1,S1,P6,_Z,_Z,_Z,XDC,V,N,T0102,2018-Q1,122486.9,,,F,1,A,6,CHF
OECD.SDD.NAD:DSD_NAMAIN1@DF_QNA(1.1),Q,Y,CHE,S1,S1,P6,_Z,_Z,_Z,XDC,V,N,T0102,1996-Q1,43268.5,,,F,1,A,6,CHF
OECD.SDD.NAD:DSD_NAMAIN1@DF_QNA(1.1),Q,Y,ITA,S1,S1,B1GQ,_Z,_Z,_Z,XDC,V,N,T0102,2023-Q2,535382.9,,,F,1,A,6,EUR
OECD.SDD.NAD:DSD_NAMAIN1@DF_QNA(1.1),Q,Y,AUT,S1,S1,P7,_Z,_Z,_Z,XDC,V,N,T0102,2015-Q2,42251.1,,,F,1,A,6,EUR
OECD.SDD.NAD:DSD_NAMAIN1@DF_QNA(1.1),Q,Y,AUT,S1,S1,P6,_Z,_Z,_Z,XDC,V,N,T0102,2017-Q3,50415.8,,,F,1,A,6,EUR
OECD.SDD.NAD:DSD_NAMAIN1@DF_QNA(1.1),Q,Y,DEU,S1,S1,P7,_Z,_Z,_Z,XDC,V,N,T0102,2025-Q4,431871,,,F,1,P,6,EUR
OECD.SDD.NAD:DSD_NAMAIN1@DF_QNA(1.1),Q,Y,AUT,S1,S1,P7,_Z,_Z,_Z,XDC,V,N,T0102,2007-Q4,35233,,,F,1,A,6,EUR
OECD.SDD.NAD:DSD_NAMAIN1@DF_QNA(1.1),Q,Y,AUT,S1,S1,P7,_Z,_Z,_Z,XDC,V,N,T0102,2006-Q2,31597.9,,,F,1,A,6,EUR
OECD.SDD.NAD:DSD_NAMAIN1@DF_QNA(1.1),Q,Y,AUT,S1,S1,P7,_Z,_Z,_Z,XDC,V,N,T0102,2005-Q1,27238,,,F,1,A,6,EUR
OECD.SDD.NAD:DSD_NAMAIN1@DF_QNA(1.1),Q,Y,AUT,S1,S1,P7,_Z,_Z,_Z,XDC,V,N,T0102,2004-Q4,28005.2,,,F,1,A,6,EUR
OECD.SDD.NAD:DSD_NAMAIN1@DF_QNA(1.1),Q,Y,AUT,S1,S1,P7,_Z,_Z,_Z,XDC,V,N,T0102,2004-Q3,26869,,,F,1,A,6,EUR
OECD.SDD.NAD:DSD_NAMAIN1@DF_QNA(1.1),Q,Y,AUT,S1,S1,P7,_Z,_Z,_Z,XDC,V,N,T0102,2004-Q2,25996.3,,,F,1,A,6,EUR
OECD.SDD.NAD:DSD_NAMAIN1@DF_QNA(1.1),Q,Y,AUT,S1,S1,P7,_Z,_Z,_Z,XDC,V,N,T0102,2017-Q2,47038.8,,,F,1,A,6,EUR
OECD.SDD.NAD:DSD_NAMAIN1@DF_QNA(1.1),Q,Y,AUT,S1,S1,P7,_Z,_Z,_Z,XDC,V,N,T0102,2017-Q1,45960,,,F,1,A,6,EUR
OECD.SDD.NAD:DSD_NAMAIN1@DF_QNA(1.1),Q,Y,AUT,S1,S1,P7,_Z,_Z,_Z,XDC,V,N,T0102,1998-Q3,18954,,,F,1,A,6,EUR
OECD.SDD.NAD:DSD_NAMAIN1@DF_QNA(1.1),Q,Y,AUT,S1,S1,P7,_Z,_Z,_Z,XDC,V,N,T0102,2012-Q4,40721.5,,,F,1,A,6,EUR
OECD.SDD.NAD:DSD_NAMAIN1@DF_QNA(1.1),Q,Y,AUT,S1,S1,P7,_Z,_Z,_Z,XDC,V,N,T0102,2012-Q3,40831.7,,,F,1,A,6,EUR
OECD.SDD.NAD:DSD_NAMAIN1@DF_QNA(1.1),Q,Y,AUT,S1,S1,P7,_Z,_Z,_Z,XDC,V,N,T0102,2012-Q2,40915.5,,,F,1,A,6,EUR
OECD.SDD.NAD:DSD_NAMAIN1@DF_QNA(1.1),Q,Y,AUT,S1,S1,P7,_Z,_Z,_Z,XDC,V,N,T0102,2000-Q4,24034.9,,,F,1,A,6,EUR
OECD.SDD.NAD:DSD_NAMAIN1@DF_QNA(1.1),Q,Y,AUT,S1,S1,P7,_Z,_Z,_Z,XDC,V,N,T0102,2000-Q3,22681.4,,,F,1,A,6,EUR
OECD.SDD.NAD:DSD_NAMAIN1@DF_QNA(1.1),Q,Y,AUT,S1,S1,P7,_Z,_Z,_Z,XDC,V,N,T0102,2000-Q1,21179.8,,,F,1,A,6,EUR
OECD.SDD.NAD:DSD_NAMAIN1@DF_QNA(1.1),Q,Y,AUT,S1,S1,P7,_Z,_Z,_Z,XDC,V,N,T0102,2008-Q4,34494.2,,,F,1,A,6,EUR
OECD.SDD.NAD:DSD_NAMAIN1@DF_QNA(1.1),Q,Y,AUT,S1,S1,P7,_Z,_Z,_Z,XDC,V,N,T0102,2007-Q3,34613.5,,,F,1,A,6,EUR
OECD.SDD.NAD:DSD_NAMAIN1@DF_QNA(1.1),Q,Y,AUT,S1,S1,P7,_Z,_Z,_Z,XDC,V,N,T0102,2001-Q3,23319,,,F,1,A,6,EUR
OECD.SDD.NAD:DSD_NAMAIN1@DF_QNA(1.1),Q,Y,AUT,S1,S1,P7,_Z,_Z,_Z,XDC,V,N,T0102,2000-Q2,22197.8,,,F,1,A,6,EUR
OECD.SDD.NAD:DSD_NAMAIN1@DF_QNA(1.1),Q,Y,AUT,S1,S1,P7,_Z,_Z,_Z,XDC,V,N,T0102,1999-Q3,20103.4,,,F,1,A,6,EUR
OECD.SDD.NAD:DSD_NAMAIN1@DF_QNA(1.1),Q,Y,AUT,S1,S1,P7,_Z,_Z,_Z,XDC,V,N,T0102,1998-Q2,18899.1,,,F,1,A,6,EUR
OECD.SDD.NAD:DSD_NAMAIN1@DF_QNA(1.1),Q,Y,AUT,S1,S1,P7,_Z,_Z,_Z,XDC,V,N,T0102,2021-Q2,54677.3,,,F,1,A,6,EUR
OECD.SDD.NAD:DSD_NAMAIN1@DF_QNA(1.1),Q,Y,AUT,S1,S1,P7,_Z,_Z,_Z,XDC,V,N,T0102,2021-Q1,50687.1,,,F,1,A,6,EUR
OECD.SDD.NAD:DSD_NAMAIN1@DF_QNA(1.1),Q,Y,AUT,S1,S1,P7,_Z,_Z,_Z,XDC,V,N,T0102,2013-Q4,41600.9,,,F,1,A,6,EUR
OECD.SDD.NAD:DSD_NAMAIN1@DF_QNA(1.1),Q,Y,AUT,S1,S1,P7,_Z,_Z,_Z,XDC,V,N,T0102,2011-Q4,39999,,,F,1,A,6,EUR
OECD.SDD.NAD:DSD_NAMAIN1@DF_QNA(1.1),Q,Y,AUT,S1,S1,P7,_Z,_Z,_Z,XDC,V,N,T0102,2011-Q3,40214.6,,,F,1,A,6,EUR
OECD.SDD.NAD:DSD_NAMAIN1@DF_QNA(1.1),Q,Y,AUT,S1,S1,B1GQ,_Z,_Z,_Z,XDC,V,N,T0102,2021-Q1,95465.9,,,F,1,A,6,EUR
OECD.SDD.NAD:DSD_NAMAIN1@DF_QNA(1.1),Q,Y,AUT,S1,S1,B1GQ,_Z,_Z,_Z,XDC,V,N,T0102,2021-Q2,100395,,,F,1,A,6,EUR
OECD.SDD.NAD:DSD_NAMAIN1@DF_QNA(1.1),Q,Y,AUT,S1,S1,B1GQ,_Z,_Z,_Z,XDC,V,N,T0102,2019-Q2,98436.4,,,F,1,A,6,EUR
OECD.SDD.NAD:DSD_NAMAIN1@DF_QNA(1.1),Q,Y,AUT,S1,S1,B1GQ,_Z,_Z,_Z,XDC,V,N,T0102,2019-Q3,99517.1,,,F,1,A,6,EUR
OECD.SDD.NAD:DSD_NAMAIN1@DF_QNA(1.1),Q,Y,AUT,S1,S1,B1GQ,_Z,_Z,_Z,XDC,V,N,T0102,2002-Q3,56587.1,,,F,1,A,6,EUR
OECD.SDD.NAD:DSD_NAMAIN1@DF_QNA(1.1),Q,Y,AUT,S1,S1,B1GQ,_Z,_Z,_Z,XDC,V,N,T0102,2002-Q4,56714.1,,,F,1,A,6,EUR
OECD.SDD.NAD:DSD_NAMAIN1@DF_QNA(1.1),Q,Y,AUT,S1,S1,B1GQ,_Z,_Z,_Z,XDC,V,N,T0102,2003-Q3,57656.2,,,F,1,A,6,EUR
OECD.SDD.NAD:DSD_NAMAIN1@DF_QNA(1.1),Q,Y,AUT,S1,S1,B1GQ,_Z,_Z,_Z,XDC,V,N,T0102,2005-Q4,64305.9,,,F,1,A,6,EUR
OECD.SDD.NAD:DSD_NAMAIN1@DF_QNA(1.1),Q,Y,AUT,S1,S1,B1GQ,_Z,_Z,_Z,XDC,V,N,T0102,2006-Q1,65556.5,,,F,1,A,6,EUR
OECD.SDD.NAD:DSD_NAMAIN1@DF_QNA(1.1),Q,Y,AUT,S1,S1,B1GQ,_Z,_Z,_Z,XDC,V,N,T0102,2007-Q2,70133.2,,,F,1,A,6,EUR
OECD.SDD.NAD:DSD_NAMAIN1@DF_QNA(1.1),Q,Y,AUT,S1,S1,B1GQ,_Z,_Z,_Z,XDC,V,N,T0102,2009-Q1,70716.2,,,F,1,A,6,EUR
OECD.SDD.NAD:DSD_NAMAIN1@DF_QNA(1.1),Q,Y,AUT,S1,S1,B1GQ,_Z,_Z,_Z,XDC,V,N,T0102,2010-Q1,71793.6,,,F,1,A,6,EUR
OECD.SDD.NAD:DSD_NAMAIN1@DF_QNA(1.1),Q,Y,AUT,S1,S1,B1GQ,_Z,_Z,_Z,XDC,V,N,T0102,2011-Q1,76776.9,,,F,1,A,6,EUR
OECD.SDD.NAD:DSD_NAMAIN1@DF_QNA(1.1),Q,Y,AUT,S1,S1,B1GQ,_Z,_Z,_Z,XDC,V,N,T0102,2011-Q2,76672.5,,,F,1,A,6,EUR
OECD.SDD.NAD:DSD_NAMAIN1@DF_QNA(1.1),Q,Y,AUT,S1,S1,B1GQ,_Z,_Z,_Z,XDC,V,N,T0102,2013-Q2,80049.4,,,F,1,A,6,EUR
OECD.SDD.NAD:DSD_NAMAIN1@DF_QNA(1.1),Q,Y,AUT,S1,S1,B1GQ,_Z,_Z,_Z,XDC,V,N,T0102,2013-Q3,80718.8,,,F,1,A,6,EUR
OECD.SDD.NAD:DSD_NAMAIN1@DF_QNA(1.1),Q,Y,AUT,S1,S1,B1GQ,_Z,_Z,_Z,XDC,V,N,T0102,2014-Q3,83099.3,,,F,1,A,6,EUR
OECD.SDD.NAD:DSD_NAMAIN1@DF_QNA(1.1),Q,Y,AUT,S1,S1,B1GQ,_Z,_Z,_Z,XDC,V,N,T0102,2016-Q1,88742.6,,,F,1,A,6,EUR
OECD.SDD.NAD:DSD_NAMAIN1@DF_QNA(1.1),Q,Y,AUT,S1,S1,B1GQ,_Z,_Z,_Z,XDC,V,N,T0102,2017-Q3,92686.7,,,F,1,A,6,EUR
OECD.SDD.NAD:DSD_NAMAIN1@DF_QNA(1.1),Q,Y,AUT,S1,S1,B1GQ,_Z,_Z,_Z,XDC,V,N,T0102,1998-Q4,49145.5,,,F,1,A,6,EUR
OECD.SDD.NAD:DSD_NAMAIN1@DF_QNA(1.1),Q,Y,AUT,S1,S1,B1GQ,_Z,_Z,_Z,XDC,V,N,T0102,1999-Q1,50397.7,,,F,1,A,6,EUR
OECD.SDD.NAD:DSD_NAMAIN1@DF_QNA(1.1),Q,Y,AUT,S1,S1,B1GQ,_Z,_Z,_Z,XDC,V,N,T0102,1999-Q2,50403.4,,,F,1,A,6,EUR
OECD.SDD.NAD:DSD_NAMAIN1@DF_QNA(1.1),Q,Y,AUT,S1,S1,P7,_Z,_Z,_Z,XDC,V,N,T0102,2020-Q4,48345.5,,,F,1,A,6,EUR
OECD.SDD.NAD:DSD_NAMAIN1@DF_QNA(1.1),Q,Y,AUT,S1,S1,P7,_Z,_Z,_Z,XDC,V,N,T0102,1995-Q2,15362.1,,,F,1,A,6,EUR
OECD.SDD.NAD:DSD_NAMAIN1@DF_QNA(1.1),Q,Y,AUT,S1,S1,P7,_Z,_Z,_Z,XDC,V,N,T0102,1995-Q1,14968.1,,,F,1,A,6,EUR
OECD.SDD.NAD:DSD_NAMAIN1@DF_QNA(1.1),Q,Y,AUT,S1,S1,P7,_Z,_Z,_Z,XDC,V,N,T0102,2008-Q2,36524.5,,,F,1,A,6,EUR
OECD.SDD.NAD:DSD_NAMAIN1@DF_QNA(1.1),Q,Y,AUT,S1,S1,P7,_Z,_Z,_Z,XDC,V,N,T0102,2008-Q1,36036.4,,,F,1,A,6,EUR
OECD.SDD.NAD:DSD_NAMAIN1@DF_QNA(1.1),Q,Y,AUT,S1,S1,P7,_Z,_Z,_Z,XDC,V,N,T0102,2006-Q4,32886.9,,,F,1,A,6,EUR
OECD.SDD.NAD:DSD_NAMAIN1@DF_QNA(1.1),Q,Y,AUT,S1,S1,P7,_Z,_Z,_Z,XDC,V,N,T0102,2006-Q3,31972.5,,,F,1,A,6,EUR
OECD.SDD.NAD:DSD_NAMAIN1@DF_QNA(1.1),Q,Y,AUT,S1,S1,P7,_Z,_Z,_Z,XDC,V,N,T0102,2004-Q1,25078.8,,,F,1,A,6,EUR
OECD.SDD.NAD:DSD_NAMAIN1@DF_QNA(1.1),Q,Y,AUT,S1,S1,P7,_Z,_Z,_Z,XDC,V,N,T0102,2003-Q4,24710.4,,,F,1,A,6,EUR
OECD.SDD.NAD:DSD_NAMAIN1@DF_QNA(1.1),Q,Y,AUT,S1,S1,P7,_Z,_Z,_Z,XDC,V,N,T0102,2002-Q2,23857.2,,,F,1,A,6,EUR
OECD.SDD.NAD:DSD_NAMAIN1@DF_QNA(1.1),Q,Y,AUT,S1,S1,P7,_Z,_Z,_Z,XDC,V,N,T0102,1996-Q2,16224.1,,,F,1,A,6,EUR
OECD.SDD.NAD:DSD_NAMAIN1@DF_QNA(1.1),Q,Y,AUT,S1,S1,P7,_Z,_Z,_Z,XDC,V,N,T0102,1996-Q1,15920.3,,,F,1,A,6,EUR
OECD.SDD.NAD:DSD_NAMAIN1@DF_QNA(1.1),Q,Y,AUT,S1,S1,P7,_Z,_Z,_Z,XDC,V,N,T0102,2021-Q3,56894,,,F,1,A,6,EUR
OECD.SDD.NAD:DSD_NAMAIN1@DF_QNA(1.1),Q,Y,AUT,S1,S1,P7,_Z,_Z,_Z,XDC,V,N,T0102,2020-Q3,45548.8,,,F,1,A,6,EUR
OECD.SDD.NAD:DSD_NAMAIN1@DF_QNA(1.1),Q,Y,AUT,S1,S1,P7,_Z,_Z,_Z,XDC,V,N,T0102,2020-Q2,40433.3,,,F,1,A,6,EUR
OECD.SDD.NAD:DSD_NAMAIN1@DF_QNA(1.1),Q,Y,AUT,S1,S1,P7,_Z,_Z,_Z,XDC,V,N,T0102,1995-Q3,15415.6,,,F,1,A,6,EUR
OECD.SDD.NAD:DSD_NAMAIN1@DF_QNA(1.1),Q,Y,AUT,S1,S1,B1GQ,_Z,_Z,_Z,XDC,V,N,T0102,2024-Q4,124677,,,F,1,A,6,EUR
OECD.SDD.NAD:DSD_NAMAIN1@DF_QNA(1.1),Q,Y,AUT,S1,S1,B1GQ,_Z,_Z,_Z,XDC,V,N,T0102,2025-Q1,126779.3,,,F,1,A,6,EUR
OECD.SDD.NAD:DSD_NAMAIN1@DF_QNA(1.1),Q,Y,AUT,S1,S1,B1GQ,_Z,_Z,_Z,XDC,V,N,T0102,2025-Q2,128012.7,,,F,1,A,6,EUR
OECD.SDD.NAD:DSD_NAMAIN1@DF_QNA(1.1),Q,Y,AUT,S1,S1,B1GQ,_Z,_Z,_Z,XDC,V,N,T0102,2026-Q1,130437.9,,,F,1,A,6,EUR
OECD.SDD.NAD:DSD_NAMAIN1@DF_QNA(1.1),Q,Y,AUT,S1,S1,B1GQ,_Z,_Z,_Z,XDC,V,N,T0102,2026-Q2,131446.1,,,F,1,A,6,EUR
OECD.SDD.NAD:DSD_NAMAIN1@DF_QNA(1.1),Q,Y,AUT,S1,S1,B1GQ,_Z,_Z,_Z,XDC,V,N,T0102,2025-Q3,129368.4,,,F,1,A,6,EUR
OECD.SDD.NAD:DSD_NAMAIN1@DF_QNA(1.1),Q,Y,AUT,S1,S1,B1GQ,_Z,_Z,_Z,XDC,V,N,T0102,2025-Q4,130373.8,,,F,1,A,6,EUR
OECD.SDD.NAD:DSD_NAMAIN1@DF_QNA(1.1),Q,Y,AUT,S1,S1,B1GQ,_Z,_Z,_Z,XDC,V,N,T0102,2020-Q1,98629,,,F,1,A,6,EUR
OECD.SDD.NAD:DSD_NAMAIN1@DF_QNA(1.1),Q,Y,AUT,S1,S1,B1GQ,_Z,_Z,_Z,XDC,V,N,T0102,2009-Q3,71843.5,,,F,1,A,6,EUR
OECD.SDD.NAD:DSD_NAMAIN1@DF_QNA(1.1),Q,Y,AUT,S1,S1,B1GQ,_Z,_Z,_Z,XDC,V,N,T0102,2009-Q4,72137.7,,,F,1,A,6,EUR
OECD.SDD.NAD:DSD_NAMAIN1@DF_QNA(1.1),Q,Y,AUT,S1,S1,B1GQ,_Z,_Z,_Z,XDC,V,N,T0102,2010-Q4,74764.4,,,F,1,A,6,EUR
OECD.SDD.NAD:DSD_NAMAIN1@DF_QNA(1.1),Q,Y,AUT,S1,S1,B1GQ,_Z,_Z,_Z,XDC,V,N,T0102,2011-Q4,77118.1,,,F,1,A,6,EUR
OECD.SDD.NAD:DSD_NAMAIN1@DF_QNA(1.1),Q,Y,AUT,S1,S1,B1GQ,_Z,_Z,_Z,XDC,V,N,T0102,2012-Q1,78391.5,,,F,1,A,6,EUR
OECD.SDD.NAD:DSD_NAMAIN1@DF_QNA(1.1),Q,Y,AUT,S1,S1,B1GQ,_Z,_Z,_Z,XDC,V,N,T0102,1995-Q3,44339.9,,,F,1,A,6,EUR
OECD.SDD.NAD:DSD_NAMAIN1@DF_QNA(1.1),Q,Y,AUT,S1,S1,B1GQ,_Z,_Z,_Z,XDC,V,N,T0102,1995-Q4,44559.3,,,F,1,A,6,EUR
OECD.SDD.NAD:DSD_NAMAIN1@DF_QNA(1.1),Q,Y,AUT,S1,S1,B1GQ,_Z,_Z,_Z,XDC,V,N,T0102,2021-Q3,104374.2,,,F,1,A,6,EUR
OECD.SDD.NAD:DSD_NAMAIN1@DF_QNA(1.1),Q,Y,AUT,S1,S1,B1GQ,_Z,_Z,_Z,XDC,V,N,T0102,2021-Q4,105718.9,,,F,1,A,6,EUR
OECD.SDD.NAD:DSD_NAMAIN1@DF_QNA(1.1),Q,Y,AUT,S1,S1,B1GQ,_Z,_Z,_Z,XDC,V,N,T0102,2022-Q1,108572.6,,,F,1,A,6,EUR
OECD.SDD.NAD:DSD_NAMAIN1@DF_QNA(1.1),Q,Y,AUT,S1,S1,B1GQ,_Z,_Z,_Z,XDC,V,N,T0102,2022-Q2,112084.2,,,F,1,A,6,EUR
OECD.SDD.NAD:DSD_NAMAIN1@DF_QNA(1.1),Q,Y,AUT,S1,S1,B1GQ,_Z,_Z,_Z,XDC,V,N,T0102,2022-Q3,113843.1,,,F,1,A,6,EUR
OECD.SDD.NAD:DSD_NAMAIN1@DF_QNA(1.1),Q,Y,AUT,S1,S1,B1GQ,_Z,_Z,_Z,XDC,V,N,T0102,2022-Q4,115023.1,,,F,1,A,6,EUR
OECD.SDD.NAD:DSD_NAMAIN1@DF_QNA(1.1),Q,Y,AUT,S1,S1,B1GQ,_Z,_Z,_Z,XDC,V,N,T0102,2014-Q4,83795.8,,,F,1,A,6,EUR
OECD.SDD.NAD:DSD_NAMAIN1@DF_QNA(1.1),Q,Y,AUT,S1,S1,B1GQ,_Z,_Z,_Z,XDC,V,N,T0102,2015-Q1,83884.3,,,F,1,A,6,EUR
OECD.SDD.NAD:DSD_NAMAIN1@DF_QNA(1.1),Q,Y,AUT,S1,S1,B1GQ,_Z,_Z,_Z,XDC,V,N,T0102,2023-Q1,119354,,,F,1,A,6,EUR
OECD.SDD.NAD:DSD_NAMAIN1@DF_QNA(1.1),Q,Y,AUT,S1,S1,B1GQ,_Z,_Z,_Z,XDC,V,N,T0102,2023-Q2,119333.7,,,F,1,A,6,EUR
OECD.SDD.NAD:DSD_NAMAIN1@DF_QNA(1.1),Q,Y,AUT,S1,S1,B1GQ,_Z,_Z,_Z,XDC,V,N,T0102,2023-Q3,119441.1,,,F,1,A,6,EUR
OECD.SDD.NAD:DSD_NAMAIN1@DF_QNA(1.1),Q,Y,AUT,S1,S1,B1GQ,_Z,_Z,_Z,XDC,V,N,T0102,2023-Q4,120318.4,,,F,1,A,6,EUR
OECD.SDD.NAD:DSD_NAMAIN1@DF_QNA(1.1),Q,Y,AUT,S1,S1,P6,_Z,_Z,_Z,XDC,V,N,T0102,2016-Q3,47510,,,F,1,A,6,EUR
OECD.SDD.NAD:DSD_NAMAIN1@DF_QNA(1.1),Q,Y,AUT,S1,S1,P6,_Z,_Z,_Z,XDC,V,N,T0102,2017-Q4,51697.7,,,F,1,A,6,EUR
OECD.SDD.NAD:DSD_NAMAIN1@DF_QNA(1.1),Q,Y,AUT,S1,S1,P6,_Z,_Z,_Z,XDC,V,N,T0102,2018-Q1,52300.6,,,F,1,A,6,EUR
OECD.SDD.NAD:DSD_NAMAIN1@DF_QNA(1.1),Q,Y,AUT,S1,S1,P6,_Z,_Z,_Z,XDC,V,N,T0102,2019-Q1,55891.6,,,F,1,A,6,EUR
OECD.SDD.NAD:DSD_NAMAIN1@DF_QNA(1.1),Q,Y,AUT,S1,S1,P6,_Z,_Z,_Z,XDC,V,N,T0102,2019-Q4,54716.3,,,F,1,A,6,EUR
OECD.SDD.NAD:DSD_NAMAIN1@DF_QNA(1.1),Q,Y,AUT,S1,S1,P6,_Z,_Z,_Z,XDC,V,N,T0102,2020-Q1,53360.3,,,F,1,A,6,EUR
OECD.SDD.NAD:DSD_NAMAIN1@DF_QNA(1.1),Q,Y,AUT,S1,S1,P6,_Z,_Z,_Z,XDC,V,N,T0102,2009-Q4,33513.6,,,F,1,A,6,EUR
OECD.SDD.NAD:DSD_NAMAIN1@DF_QNA(1.1),Q,Y,AUT,S1,S1,P6,_Z,_Z,_Z,XDC,V,N,T0102,2010-Q4,39647.7,,,F,1,A,6,EUR
OECD.SDD.NAD:DSD_NAMAIN1@DF_QNA(1.1),Q,Y,AUT,S1,S1,P6,_Z,_Z,_Z,XDC,V,N,T0102,2011-Q1,40810.5,,,F,1,A,6,EUR
OECD.SDD.NAD:DSD_NAMAIN1@DF_QNA(1.1),Q,Y,AUT,S1,S1,P6,_Z,_Z,_Z,XDC,V,N,T0102,2012-Q1,42817,,,F,1,A,6,EUR
OECD.SDD.NAD:DSD_NAMAIN1@DF_QNA(1.1),Q,Y,AUT,S1,S1,P6,_Z,_Z,_Z,XDC,V,N,T0102,2014-Q4,45409.7,,,F,1,A,6,EUR
OECD.SDD.NAD:DSD_NAMAIN1@DF_QNA(1.1),Q,Y,AUT,S1,S1,P6,_Z,_Z,_Z,XDC,V,N,T0102,1995-Q3,15004.3,,,F,1,A,6,EUR
OECD.SDD.NAD:DSD_NAMAIN1@DF_QNA(1.1),Q,Y,AUT,S1,S1,P6,_Z,_Z,_Z,XDC,V,N,T0102,1995-Q4,14699.3,,,F,1,A,6,EUR
OECD.SDD.NAD:DSD_NAMAIN1@DF_QNA(1.1),Q,Y,AUT,S1,S1,P6,_Z,_Z,_Z,XDC,V,N,T0102,2004-Q1,27156.2,,,F,1,A,6,EUR
OECD.SDD.NAD:DSD_NAMAIN1@DF_QNA(1.1),Q,Y,AUT,S1,S1,P6,_Z,_Z,_Z,XDC,V,N,T0102,2006-Q3,34347.6,,,F,1,A,6,EUR
OECD.SDD.NAD:DSD_NAMAIN1@DF_QNA(1.1),Q,Y,AUT,S1,S1,P6,_Z,_Z,_Z,XDC,V,N,T0102,2006-Q4,35739.5,,,F,1,A,6,EUR
OECD.SDD.NAD:DSD_NAMAIN1@DF_QNA(1.1),Q,Y,AUT,S1,S1,P6,_Z,_Z,_Z,XDC,V,N,T0102,2008-Q1,39786.5,,,F,1,A,6,EUR
OECD.SDD.NAD:DSD_NAMAIN1@DF_QNA(1.1),Q,Y,AUT,S1,S1,P6,_Z,_Z,_Z,XDC,V,N,T0102,2008-Q2,39902.5,,,F,1,A,6,EUR
OECD.SDD.NAD:DSD_NAMAIN1@DF_QNA(1.1),Q,Y,AUT,S1,S1,P7,_Z,_Z,_Z,XDC,V,N,T0102,2026-Q2,70235.7,,,F,1,A,6,EUR
OECD.SDD.NAD:DSD_NAMAIN1@DF_QNA(1.1),Q,Y,AUT,S1,S1,P7,_Z,_Z,_Z,XDC,V,N,T0102,2026-Q1,69203.6,,,F,1,A,6,EUR
OECD.SDD.NAD:DSD_NAMAIN1@DF_QNA(1.1),Q,Y,AUT,S1,S1,P7,_Z,_Z,_Z,XDC,V,N,T0102,2025-Q4,69249.8,,,F,1,A,6,EUR
OECD.SDD.NAD:DSD_NAMAIN1@DF_QNA(1.1),Q,Y,AUT,S1,S1,P7,_Z,_Z,_Z,XDC,V,N,T0102,1996-Q4,16719.2,,,F,1,A,6,EUR
OECD.SDD.NAD:DSD_NAMAIN1@DF_QNA(1.1),Q,Y,AUT,S1,S1,P7,_Z,_Z,_Z,XDC,V,N,T0102,1996-Q3,16426,,,F,1,A,6,EUR
OECD.SDD.NAD:DSD_NAMAIN1@DF_QNA(1.1),Q,Y,AUT,S1,S1,P7,_Z,_Z,_Z,XDC,V,N,T0102,2014-Q2,41563.5,,,F,1,A,6,EUR
OECD.SDD.NAD:DSD_NAMAIN1@DF_QNA(1.1),Q,Y,AUT,S1,S1,P7,_Z,_Z,_Z,XDC,V,N,T0102,2014-Q1,42316.6,,,F,1,A,6,EUR
OECD.SDD.NAD:DSD_NAMAIN1@DF_QNA(1.1),Q,Y,AUT,S1,S1,P7,_Z,_Z,_Z,XDC,V,N,T0102,2013-Q1,40416,,,F,1,A,6,EUR
OECD.SDD.NAD:DSD_NAMAIN1@DF_QNA(1.1),Q,Y,AUT,S1,S1,P7,_Z,_Z,_Z,XDC,V,N,T0102,2007-Q1,33441.6,,,F,1,A,6,EUR
OECD.SDD.NAD:DSD_NAMAIN1@DF_QNA(1.1),Q,Y,AUT,S1,S1,P7,_Z,_Z,_Z,XDC,V,N,T0102,2009-Q1,29730.2,,,F,1,A,6,EUR
OECD.SDD.NAD:DSD_NAMAIN1@DF_QNA(1.1),Q,Y,AUT,S1,S1,B1GQ,_Z,_Z,_Z,XDC,V,N,T0102,2018-Q3,96195.8,,,F,1,A,6,EUR
OECD.SDD.NAD:DSD_NAMAIN1@DF_QNA(1.1),Q,Y,AUT,S1,S1,B1GQ,_Z,_Z,_Z,XDC,V,N,T0102,2018-Q4,97404.2,,,F,1,A,6,EUR
OECD.SDD.NAD:DSD_NAMAIN1@DF_QNA(1.1),Q,Y,AUT,S1,S1,B1GQ,_Z,_Z,_Z,XDC,V,N,T0102,2016-Q2,88469.5,,,F,1,A,6,EUR
OECD.SDD.NAD:DSD_NAMAIN1@DF_QNA(1.1),Q,Y,AUT,S1,S1,B1GQ,_Z,_Z,_Z,XDC,V,N,T0102,2016-Q3,89009.2,,,F,1,A,6,EUR
OECD.SDD.NAD:DSD_NAMAIN1@DF_QNA(1.1),Q,Y,AUT,S1,S1,B1GQ,_Z,_Z,_Z,XDC,V,N,T0102,2017-Q4,93079.5,,,F,1,A,6,EUR
OECD.SDD.NAD:DSD_NAMAIN1@DF_QNA(1.1),Q,Y,AUT,S1,S1,B1GQ,_Z,_Z,_Z,XDC,V,N,T0102,2018-Q1,94563.6,,,F,1,A,6,EUR
OECD.SDD.NAD:DSD_NAMAIN1@DF_QNA(1.1),Q,Y,AUT,S1,S1,B1GQ,_Z,_Z,_Z,XDC,V,N,T0102,2019-Q1,98285.5,,,F,1,A,6,EUR
OECD.SDD.NAD:DSD_NAMAIN1@DF_QNA(1.1),Q,Y,AUT,S1,S1,B1GQ,_Z,_Z,_Z,XDC,V,N,T0102,2019-Q4,99241.5,,,F,1,A,6,EUR
OECD.SDD.NAD:DSD_NAMAIN1@DF_QNA(1.1),Q,Y,AUT,S1,S1,B1GQ,_Z,_Z,_Z,XDC,V,N,T0102,2020-Q2,87165.8,,,F,1,A,6,EUR
OECD.SDD.NAD:DSD_NAMAIN1@DF_QNA(1.1),Q,Y,AUT,S1,S1,B1GQ,_Z,_Z,_Z,XDC,V,N,T0102,2020-Q3,97546.2,,,F,1,A,6,EUR
OECD.SDD.NAD:DSD_NAMAIN1@DF_QNA(1.1),Q,Y,AUT,S1,S1,B1GQ,_Z,_Z,_Z,XDC,V,N,T0102,1996-Q1,44918,,,F,1,A,6,EUR
OECD.SDD.NAD:DSD_NAMAIN1@DF_QNA(1.1),Q,Y,AUT,S1,S1,B1GQ,_Z,_Z,_Z,XDC,V,N,T0102,1996-Q2,45251.4,,,F,1,A,6,EUR
OECD.SDD.NAD:DSD_NAMAIN1@DF_QNA(1.1),Q,Y,AUT,S1,S1,B1GQ,_Z,_Z,_Z,XDC,V,N,T0102,2002-Q2,56305.5,,,F,1,A,6,EUR
OECD.SDD.NAD:DSD_NAMAIN1@DF_QNA(1.1),Q,Y,AUT,S1,S1,B1GQ,_Z,_Z,_Z,XDC,V,N,T0102,2003-Q4,58179.2,,,F,1,A,6,EUR
OECD.SDD.NAD:DSD_NAMAIN1@DF_QNA(1.1),Q,Y,AUT,S1,S1,B1GQ,_Z,_Z,_Z,XDC,V,N,T0102,2004-Q1,59028.5,,,F,1,A,6,EUR
OECD.SDD.NAD:DSD_NAMAIN1@DF_QNA(1.1),Q,Y,AUT,S1,S1,B1GQ,_Z,_Z,_Z,XDC,V,N,T0102,2006-Q3,66807.7,,,F,1,A,6,EUR
OECD.SDD.NAD:DSD_NAMAIN1@DF_QNA(1.1),Q,Y,AUT,S1,S1,B1GQ,_Z,_Z,_Z,XDC,V,N,T0102,2006-Q4,67719.6,,,F,1,A,6,EUR
OECD.SDD.NAD:DSD_NAMAIN1@DF_QNA(1.1),Q,Y,AUT,S1,S1,B1GQ,_Z,_Z,_Z,XDC,V,N,T0102,2008-Q1,72675.1,,,F,1,A,6,EUR
OECD.SDD.NAD:DSD_NAMAIN1@DF_QNA(1.1),Q,Y,AUT,S1,S1,B1GQ,_Z,_Z,_Z,XDC,V,N,T0102,2008-Q2,73768,,,F,1,A,6,EUR
OECD.SDD.NAD:DSD_NAMAIN1@DF_QNA(1.1),Q,Y,AUT,S1,S1,B1GQ,_Z,_Z,_Z,XDC,V,N,T0102,1995-Q1,43218.7,,,F,1,A,6,EUR
OECD.SDD.NAD:DSD_NAMAIN1@DF_QNA(1.1),Q,Y,AUT,S1,S1,B1GQ,_Z,_Z,_Z,XDC,V,N,T0102,1995-Q2,43887.1,,,F,1,A,6,EUR
OECD.SDD.NAD:DSD_NAMAIN1@DF_QNA(1.1),Q,Y,AUT,S1,S1,B1GQ,_Z,_Z,_Z,XDC,V,N,T0102,2020-Q4,96453.4,,,F,1,A,6,EUR
OECD.SDD.NAD:DSD_NAMAIN1@DF_QNA(1.1),Q,Y,AUT,S1,S1,P6,_Z,_Z,_Z,XDC,V,N,T0102,2015-Q4,45562,,,F,1,A,6,EUR
OECD.SDD.NAD:DSD_NAMAIN1@DF_QNA(1.1),Q,Y,AUT,S1,S1,P6,_Z,_Z,_Z,XDC,V,N,T0102,2016-Q4,46830.6,,,F,1,A,6,EUR
OECD.SDD.NAD:DSD_NAMAIN1@DF_QNA(1.1),Q,Y,AUT,S1,S1,P6,_Z,_Z,_Z,XDC,V,N,T0102,2018-Q2,53904.3,,,F,1,A,6,EUR
OECD.SDD.NAD:DSD_NAMAIN1@DF_QNA(1.1),Q,Y,AUT,S1,S1,P6,_Z,_Z,_Z,XDC,V,N,T0102,2024-Q1,69408.6,,,F,1,A,6,EUR
OECD.SDD.NAD:DSD_NAMAIN1@DF_QNA(1.1),Q,Y,AUT,S1,S1,P6,_Z,_Z,_Z,XDC,V,N,T0102,2009-Q3,32583,,,F,1,A,6,EUR
OECD.SDD.NAD:DSD_NAMAIN1@DF_QNA(1.1),Q,Y,AUT,S1,S1,P6,_Z,_Z,_Z,XDC,V,N,T0102,1995-Q1,14763.3,,,F,1,A,6,EUR
OECD.SDD.NAD:DSD_NAMAIN1@DF_QNA(1.1),Q,Y,AUT,S1,S1,P6,_Z,_Z,_Z,XDC,V,N,T0102,1995-Q2,14718.9,,,F,1,A,6,EUR
OECD.SDD.NAD:DSD_NAMAIN1@DF_QNA(1.1),Q,Y,AUT,S1,S1,P6,_Z,_Z,_Z,XDC,V,N,T0102,2021-Q1,49929.7,,,F,1,A,6,EUR
OECD.SDD.NAD:DSD_NAMAIN1@DF_QNA(1.1),Q,Y,AUT,S1,S1,P6,_Z,_Z,_Z,XDC,V,N,T0102,2021-Q2,56044.6,,,F,1,A,6,EUR
OECD.SDD.NAD:DSD_NAMAIN1@DF_QNA(1.1),Q,Y,AUT,S1,S1,P6,_Z,_Z,_Z,XDC,V,N,T0102,2020-Q2,42340.8,,,F,1,A,6,EUR
OECD.SDD.NAD:DSD_NAMAIN1@DF_QNA(1.1),Q,Y,AUT,S1,S1,P6,_Z,_Z,_Z,XDC,V,N,T0102,2020-Q3,49955.9,,,F,1,A,6,EUR
OECD.SDD.NAD:DSD_NAMAIN1@DF_QNA(1.1),Q,Y,AUT,S1,S1,P6,_Z,_Z,_Z,XDC,V,N,T0102,2020-Q4,50375.1,,,F,1,A,6,EUR
OECD.SDD.NAD:DSD_NAMAIN1@DF_QNA(1.1),Q,Y,AUT,S1,S1,P6,_Z,_Z,_Z,XDC,V,N,T0102,2021-Q3,59632.3,,,F,1,A,6,EUR
OECD.SDD.NAD:DSD_NAMAIN1@DF_QNA(1.1),Q,Y,AUT,S1,S1,P6,_Z,_Z,_Z,XDC,V,N,T0102,1996-Q1,15251.8,,,F,1,A,6,EUR
OECD.SDD.NAD:DSD_NAMAIN1@DF_QNA(1.1),Q,Y,AUT,S1,S1,P6,_Z,_Z,_Z,XDC,V,N,T0102,1996-Q2,15337.4,,,F,1,A,6,EUR
OECD.SDD.NAD:DSD_NAMAIN1@DF_QNA(1.1),Q,Y,AUT,S1,S1,P7,_Z,_Z,_Z,XDC,V,N,T0102,2014-Q3,41895,,,F,1,A,6,EUR
OECD.SDD.NAD:DSD_NAMAIN1@DF_QNA(1.1),Q,Y,AUT,S1,S1,P7,_Z,_Z,_Z,XDC,V,N,T0102,2013-Q3,41200.5,,,F,1,A,6,EUR
OECD.SDD.NAD:DSD_NAMAIN1@DF_QNA(1.1),Q,Y,AUT,S1,S1,P7,_Z,_Z,_Z,XDC,V,N,T0102,2013-Q2,40722.4,,,F,1,A,6,EUR
OECD.SDD.NAD:DSD_NAMAIN1@DF_QNA(1.1),Q,Y,AUT,S1,S1,P7,_Z,_Z,_Z,XDC,V,N,T0102,2011-Q2,39377.8,,,F,1,A,6,EUR
OECD.SDD.NAD:DSD_NAMAIN1@DF_QNA(1.1),Q,Y,AUT,S1,S1,P7,_Z,_Z,_Z,XDC,V,N,T0102,2010-Q1,32233.3,,,F,1,A,6,EUR
OECD.SDD.NAD:DSD_NAMAIN1@DF_QNA(1.1),Q,Y,AUT,S1,S1,P6,_Z,_Z,_Z,XDC,V,N,T0102,1997-Q2,17120.7,,,F,1,A,6,EUR
OECD.SDD.NAD:DSD_NAMAIN1@DF_QNA(1.1),Q,Y,AUT,S1,S1,P6,_Z,_Z,_Z,XDC,V,N,T0102,2008-Q3,39795.3,,,F,1,A,6,EUR
OECD.SDD.NAD:DSD_NAMAIN1@DF_QNA(1.1),Q,Y,AUT,S1,S1,P6,_Z,_Z,_Z,XDC,V,N,T0102,2009-Q2,31735.3,,,F,1,A,6,EUR
OECD.SDD.NAD:DSD_NAMAIN1@DF_QNA(1.1),Q,Y,AUT,S1,S1,P6,_Z,_Z,_Z,XDC,V,N,T0102,2010-Q2,37752.6,,,F,1,A,6,EUR
OECD.SDD.NAD:DSD_NAMAIN1@DF_QNA(1.1),Q,Y,AUT,S1,S1,P6,_Z,_Z,_Z,XDC,V,N,T0102,2010-Q3,39182.3,,,F,1,A,6,EUR
OECD.SDD.NAD:DSD_NAMAIN1@DF_QNA(1.1),Q,Y,AUT,S1,S1,P6,_Z,_Z,_Z,XDC,V,N,T0102,2013-Q1,42338.7,,,F,1,A,6,EUR
OECD.SDD.NAD:DSD_NAMAIN1@DF_QNA(1.1),Q,Y,AUT,S1,S1,P6,_Z,_Z,_Z,XDC,V,N,T0102,1996-Q3,15404.5,,,F,1,A,6,EUR
OECD.SDD.NAD:DSD_NAMAIN1@DF_QNA(1.1),Q,Y,AUT,S1,S1,P6,_Z,_Z,_Z,XDC,V,N,T0102,2001-Q2,24549.4,,,F,1,A,6,EUR
OECD.SDD.NAD:DSD_NAMAIN1@DF_QNA(1.1),Q,Y,AUT,S1,S1,P6,_Z,_Z,_Z,XDC,V,N,T0102,2004-Q2,28210.1,,,F,1,A,6,EUR
OECD.SDD.NAD:DSD_NAMAIN1@DF_QNA(1.1),Q,Y,AUT,S1,S1,P6,_Z,_Z,_Z,XDC,V,N,T0102,2004-Q3,28772.6,,,F,1,A,6,EUR
OECD.SDD.NAD:DSD_NAMAIN1@DF_QNA(1.1),Q,Y,AUT,S1,S1,P6,_Z,_Z,_Z,XDC,V,N,T0102,2004-Q4,28857.4,,,F,1,A,6,EUR
OECD.SDD.NAD:DSD_NAMAIN1@DF_QNA(1.1),Q,Y,AUT,S1,S1,P6,_Z,_Z,_Z,XDC,V,N,T0102,2005-Q1,29367.8,,,F,1,A,6,EUR
OECD.SDD.NAD:DSD_NAMAIN1@DF_QNA(1.1),Q,Y,AUT,S1,S1,P6,_Z,_Z,_Z,XDC,V,N,T0102,2006-Q2,33957.3,,,F,1,A,6,EUR
OECD.SDD.NAD:DSD_NAMAIN1@DF_QNA(1.1),Q,Y,AUT,S1,S1,P6,_Z,_Z,_Z,XDC,V,N,T0102,2007-Q4,38455.6,,,F,1,A,6,EUR
OECD.SDD.NAD:DSD_NAMAIN1@DF_QNA(1.1),Q,Y,AUT,S1,S1,P6,_Z,_Z,_Z,XDC,V,N,T0102,2011-Q3,42101.4,,,F,1,A,6,EUR
OECD.SDD.NAD:DSD_NAMAIN1@DF_QNA(1.1),Q,Y,AUT,S1,S1,P6,_Z,_Z,_Z,XDC,V,N,T0102,2011-Q4,42630.4,,,F,1,A,6,EUR
OECD.SDD.NAD:DSD_NAMAIN1@DF_QNA(1.1),Q,Y,AUT,S1,S1,P6,_Z,_Z,_Z,XDC,V,N,T0102,2012-Q2,43085.4,,,F,1,A,6,EUR
OECD.SDD.NAD:DSD_NAMAIN1@DF_QNA(1.1),Q,Y,AUT,S1,S1,P6,_Z,_Z,_Z,XDC,V,N,T0102,2013-Q4,43586.6,,,F,1,A,6,EUR
OECD.SDD.NAD:DSD_NAMAIN1@DF_QNA(1.1),Q,Y,AUT,S1,S1,P6,_Z,_Z,_Z,XDC,V,N,T0102,2015-Q2,45859.6,,,F,1,A,6,EUR
OECD.SDD.NAD:DSD_NAMAIN1@DF_QNA(1.1),Q,Y,AUT,S1,S1,P6,_Z,_Z,_Z,XDC,V,N,T0102,2017-Q1,48436.1,,,F,1,A,6,EUR
OECD.SDD.NAD:DSD_NAMAIN1@DF_QNA(1.1),Q,Y,AUT,S1,S1,P6,_Z,_Z,_Z,XDC,V,N,T0102,2017-Q2,50110.5,,,F,1,A,6,EUR
OECD.SDD.NAD:DSD_NAMAIN1@DF_QNA(1.1),Q,Y,AUT,S1,S1,P6,_Z,_Z,_Z,XDC,V,N,T0102,2000-Q1,21957.9,,,F,1,A,6,EUR
OECD.SDD.NAD:DSD_NAMAIN1@DF_QNA(1.1),Q,Y,AUT,S1,S1,P6,_Z,_Z,_Z,XDC,V,N,T0102,2000-Q3,23479.9,,,F,1,A,6,EUR
OECD.SDD.NAD:DSD_NAMAIN1@DF_QNA(1.1),Q,Y,AUT,S1,S1,P6,_Z,_Z,_Z,XDC,V,N,T0102,2000-Q4,24829.4,,,F,1,A,6,EUR
OECD.SDD.NAD:DSD_NAMAIN1@DF_QNA(1.1),Q,Y,AUT,S1,S1,P6,_Z,_Z,_Z,XDC,V,N,T0102,2012-Q3,43615.3,,,F,1,A,6,EUR
OECD.SDD.NAD:DSD_NAMAIN1@DF_QNA(1.1),Q,Y,AUT,S1,S1,P6,_Z,_Z,_Z,XDC,V,N,T0102,2012-Q4,43231.6,,,F,1,A,6,EUR
OECD.SDD.NAD:DSD_NAMAIN1@DF_QNA(1.1),Q,Y,AUT,S1,S1,P6,_Z,_Z,_Z,XDC,V,N,T0102,1998-Q3,18873.5,,,F,1,A,6,EUR
OECD.SDD.NAD:DSD_NAMAIN1@DF_QNA(1.1),Q,Y,AUT,S1,S1,P6,_Z,_Z,_Z,XDC,V,N,T0102,1998-Q4,18818,,,F,1,A,6,EUR
OECD.SDD.NAD:DSD_NAMAIN1@DF_QNA(1.1),Q,Y,AUT,S1,S1,P6,_Z,_Z,_Z,XDC,V,N,T0102,1999-Q1,19029.4,,,F,1,A,6,EUR
OECD.SDD.NAD:DSD_NAMAIN1@DF_QNA(1.1),Q,Y,AUT,S1,S1,P6,_Z,_Z,_Z,XDC,V,N,T0102,1999-Q2,19518.2,,,F,1,A,6,EUR
OECD.SDD.NAD:DSD_NAMAIN1@DF_QNA(1.1),Q,Y,AUT,S1,S1,P6,_Z,_Z,_Z,XDC,V,N,T0102,1999-Q4,21119.7,,,F,1,A,6,EUR
OECD.SDD.NAD:DSD_NAMAIN1@DF_QNA(1.1),Q,Y,AUT,S1,S1,P6,_Z,_Z,_Z,XDC,V,N,T0102,2001-Q1,24513.2,,,F,1,A,6,EUR
OECD.SDD.NAD:DSD_NAMAIN1@DF_QNA(1.1),Q,Y,AUT,S1,S1,P6,_Z,_Z,_Z,XDC,V,N,T0102,2019-Q3,55238.8,,,F,1,A,6,EUR
OECD.SDD.NAD:DSD_NAMAIN1@DF_QNA(1.1),Q,Y,AUT,S1,S1,P6,_Z,_Z,_Z,XDC,V,N,T0102,2002-Q3,25555.4,,,F,1,A,6,EUR
OECD.SDD.NAD:DSD_NAMAIN1@DF_QNA(1.1),Q,Y,AUT,S1,S1,P6,_Z,_Z,_Z,XDC,V,N,T0102,2002-Q4,25490,,,F,1,A,6,EUR
OECD.SDD.NAD:DSD_NAMAIN1@DF_QNA(1.1),Q,Y,AUT,S1,S1,P6,_Z,_Z,_Z,XDC,V,N,T0102,2003-Q3,26110.4,,,F,1,A,6,EUR
OECD.SDD.NAD:DSD_NAMAIN1@DF_QNA(1.1),Q,Y,AUT,S1,S1,P6,_Z,_Z,_Z,XDC,V,N,T0102,2005-Q4,32340.4,,,F,1,A,6,EUR
OECD.SDD.NAD:DSD_NAMAIN1@DF_QNA(1.1),Q,Y,AUT,S1,S1,P6,_Z,_Z,_Z,XDC,V,N,T0102,2006-Q1,32701.2,,,F,1,A,6,EUR
OECD.SDD.NAD:DSD_NAMAIN1@DF_QNA(1.1),Q,Y,AUT,S1,S1,P6,_Z,_Z,_Z,XDC,V,N,T0102,2007-Q2,37150.4,,,F,1,A,6,EUR
OECD.SDD.NAD:DSD_NAMAIN1@DF_QNA(1.1),Q,Y,AUT,S1,S1,P6,_Z,_Z,_Z,XDC,V,N,T0102,2010-Q1,34580.5,,,F,1,A,6,EUR
OECD.SDD.NAD:DSD_NAMAIN1@DF_QNA(1.1),Q,Y,AUT,S1,S1,P6,_Z,_Z,_Z,XDC,V,N,T0102,2011-Q2,41756.8,,,F,1,A,6,EUR
OECD.SDD.NAD:DSD_NAMAIN1@DF_QNA(1.1),Q,Y,AUT,S1,S1,P6,_Z,_Z,_Z,XDC,V,N,T0102,2013-Q2,43682.8,,,F,1,A,6,EUR
OECD.SDD.NAD:DSD_NAMAIN1@DF_QNA(1.1),Q,Y,AUT,S1,S1,P6,_Z,_Z,_Z,XDC,V,N,T0102,2013-Q3,43537.4,,,F,1,A,6,EUR
OECD.SDD.NAD:DSD_NAMAIN1@DF_QNA(1.1),Q,Y,AUT,S1,S1,P6,_Z,_Z,_Z,XDC,V,N,T0102,2014-Q3,45096.4,,,F,1,A,6,EUR
OECD.SDD.NAD:DSD_NAMAIN1@DF_QNA(1.1),Q,Y,AUT,S1,S1,P6,_Z,_Z,_Z,XDC,V,N,T0102,2016-Q1,46984.9,,,F,1,A,6,EUR
OECD.SDD.NAD:DSD_NAMAIN1@DF_QNA(1.1),Q,Y,AUT,S1,S1,B1GQ,_Z,_Z,_Z,XDC,V,N,T0102,2001-Q1,54419.4,,,F,1,A,6,EUR
OECD.SDD.NAD:DSD_NAMAIN1@DF_QNA(1.1),Q,Y,AUT,S1,S1,B1GQ,_Z,_Z,_Z,XDC,V,N,T0102,2001-Q2,54805.6,,,F,1,A,6,EUR
OECD.SDD.NAD:DSD_NAMAIN1@DF_QNA(1.1),Q,Y,AUT,S1,S1,B1GQ,_Z,_Z,_Z,XDC,V,N,T0102,2004-Q2,59516.6,,,F,1,A,6,EUR
OECD.SDD.NAD:DSD_NAMAIN1@DF_QNA(1.1),Q,Y,AUT,S1,S1,B1GQ,_Z,_Z,_Z,XDC,V,N,T0102,2004-Q3,60461.6,,,F,1,A,6,EUR
OECD.SDD.NAD:DSD_NAMAIN1@DF_QNA(1.1),Q,Y,AUT,S1,S1,B1GQ,_Z,_Z,_Z,XDC,V,N,T0102,2004-Q4,61208.9,,,F,1,A,6,EUR
OECD.SDD.NAD:DSD_NAMAIN1@DF_QNA(1.1),Q,Y,AUT,S1,S1,B1GQ,_Z,_Z,_Z,XDC,V,N,T0102,2005-Q1,61509.5,,,F,1,A,6,EUR
OECD.SDD.NAD:DSD_NAMAIN1@DF_QNA(1.1),Q,Y,AUT,S1,S1,B1GQ,_Z,_Z,_Z,XDC,V,N,T0102,2006-Q2,66216.2,,,F,1,A,6,EUR
OECD.SDD.NAD:DSD_NAMAIN1@DF_QNA(1.1),Q,Y,AUT,S1,S1,B1GQ,_Z,_Z,_Z,XDC,V,N,T0102,2007-Q4,71883.6,,,F,1,A,6,EUR
OECD.SDD.NAD:DSD_NAMAIN1@DF_QNA(1.1),Q,Y,AUT,S1,S1,B1GQ,_Z,_Z,_Z,XDC,V,N,T0102,2011-Q3,77520.3,,,F,1,A,6,EUR
OECD.SDD.NAD:DSD_NAMAIN1@DF_QNA(1.1),Q,Y,AUT,S1,S1,B1GQ,_Z,_Z,_Z,XDC,V,N,T0102,2013-Q4,80995.4,,,F,1,A,6,EUR
OECD.SDD.NAD:DSD_NAMAIN1@DF_QNA(1.1),Q,Y,AUT,S1,S1,P7,_Z,_Z,_Z,XDC,V,N,T0102,2001-Q1,24005.1,,,F,1,A,6,EUR
OECD.SDD.NAD:DSD_NAMAIN1@DF_QNA(1.1),Q,Y,AUT,S1,S1,P7,_Z,_Z,_Z,XDC,V,N,T0102,1999-Q4,20711.5,,,F,1,A,6,EUR
OECD.SDD.NAD:DSD_NAMAIN1@DF_QNA(1.1),Q,Y,AUT,S1,S1,P7,_Z,_Z,_Z,XDC,V,N,T0102,1999-Q2,19263.5,,,F,1,A,6,EUR
OECD.SDD.NAD:DSD_NAMAIN1@DF_QNA(1.1),Q,Y,AUT,S1,S1,P7,_Z,_Z,_Z,XDC,V,N,T0102,1999-Q1,18971.1,,,F,1,A,6,EUR
OECD.SDD.NAD:DSD_NAMAIN1@DF_QNA(1.1),Q,Y,AUT,S1,S1,P7,_Z,_Z,_Z,XDC,V,N,T0102,1998-Q4,18881.3,,,F,1,A,6,EUR
OECD.SDD.NAD:DSD_NAMAIN1@DF_QNA(1.1),Q,Y,AUT,S1,S1,B1GQ,_Z,_Z,_Z,XDC,V,N,T0102,2018-Q2,95106.2,,,F,1,A,6,EUR
OECD.SDD.NAD:DSD_NAMAIN1@DF_QNA(1.1),Q,Y,AUT,S1,S1,B1GQ,_Z,_Z,_Z,XDC,V,N,T0102,2024-Q1,122191.8,,,F,1,A,6,EUR
OECD.SDD.NAD:DSD_NAMAIN1@DF_QNA(1.1),Q,Y,AUT,S1,S1,B1GQ,_Z,_Z,_Z,XDC,V,N,T0102,2024-Q2,123152.2,,,F,1,A,6,EUR
OECD.SDD.NAD:DSD_NAMAIN1@DF_QNA(1.1),Q,Y,AUT,S1,S1,B1GQ,_Z,_Z,_Z,XDC,V,N,T0102,2024-Q3,123791.9,,,F,1,A,6,EUR
OECD.SDD.NAD:DSD_NAMAIN1@DF_QNA(1.1),Q,Y,AUT,S1,S1,B1GQ,_Z,_Z,_Z,XDC,V,N,T0102,2003-Q2,57580.8,,,F,1,A,6,EUR
OECD.SDD.NAD:DSD_NAMAIN1@DF_QNA(1.1),Q,Y,AUT,S1,S1,B1GQ,_Z,_Z,_Z,XDC,V,N,T0102,2005-Q2,62626,,,F,1,A,6,EUR
OECD.SDD.NAD:DSD_NAMAIN1@DF_QNA(1.1),Q,Y,AUT,S1,S1,B1GQ,_Z,_Z,_Z,XDC,V,N,T0102,2005-Q3,63856.8,,,F,1,A,6,EUR
OECD.SDD.NAD:DSD_NAMAIN1@DF_QNA(1.1),Q,Y,AUT,S1,S1,B1GQ,_Z,_Z,_Z,XDC,V,N,T0102,2007-Q1,69339.2,,,F,1,A,6,EUR
OECD.SDD.NAD:DSD_NAMAIN1@DF_QNA(1.1),Q,Y,AUT,S1,S1,B1GQ,_Z,_Z,_Z,XDC,V,N,T0102,2008-Q3,73608.5,,,F,1,A,6,EUR
OECD.SDD.NAD:DSD_NAMAIN1@DF_QNA(1.1),Q,Y,AUT,S1,S1,B1GQ,_Z,_Z,_Z,XDC,V,N,T0102,2009-Q2,71389.3,,,F,1,A,6,EUR
OECD.SDD.NAD:DSD_NAMAIN1@DF_QNA(1.1),Q,Y,AUT,S1,S1,B1GQ,_Z,_Z,_Z,XDC,V,N,T0102,2010-Q2,73234.9,,,F,1,A,6,EUR
OECD.SDD.NAD:DSD_NAMAIN1@DF_QNA(1.1),Q,Y,AUT,S1,S1,B1GQ,_Z,_Z,_Z,XDC,V,N,T0102,2010-Q3,73872.1,,,F,1,A,6,EUR
OECD.SDD.NAD:DSD_NAMAIN1@DF_QNA(1.1),Q,Y,AUT,S1,S1,B1GQ,_Z,_Z,_Z,XDC,V,N,T0102,2013-Q1,79209.1,,,F,1,A,6,EUR
OECD.SDD.NAD:DSD_NAMAIN1@DF_QNA(1.1),Q,Y,AUT,S1,S1,P7,_Z,_Z,_Z,XDC,V,N,T0102,2005-Q3,29279.6,,,F,1,A,6,EUR
OECD.SDD.NAD:DSD_NAMAIN1@DF_QNA(1.1),Q,Y,AUT,S1,S1,P7,_Z,_Z,_Z,XDC,V,N,T0102,2005-Q2,28337.8,,,F,1,A,6,EUR
OECD.SDD.NAD:DSD_NAMAIN1@DF_QNA(1.1),Q,Y,AUT,S1,S1,P7,_Z,_Z,_Z,XDC,V,N,T0102,2003-Q2,23799.5,,,F,1,A,6,EUR
OECD.SDD.NAD:DSD_NAMAIN1@DF_QNA(1.1),Q,Y,AUT,S1,S1,P7,_Z,_Z,_Z,XDC,V,N,T0102,2003-Q1,23973.7,,,F,1,A,6,EUR
OECD.SDD.NAD:DSD_NAMAIN1@DF_QNA(1.1),Q,Y,AUT,S1,S1,P7,_Z,_Z,_Z,XDC,V,N,T0102,2002-Q1,23686.9,,,F,1,A,6,EUR
OECD.SDD.NAD:DSD_NAMAIN1@DF_QNA(1.1),Q,Y,AUT,S1,S1,P7,_Z,_Z,_Z,XDC,V,N,T0102,2001-Q4,23441.7,,,F,1,A,6,EUR
OECD.SDD.NAD:DSD_NAMAIN1@DF_QNA(1.1),Q,Y,AUT,S1,S1,P7,_Z,_Z,_Z,XDC,V,N,T0102,1998-Q1,18897.2,,,F,1,A,6,EUR
OECD.SDD.NAD:DSD_NAMAIN1@DF_QNA(1.1),Q,Y,AUT,S1,S1,P7,_Z,_Z,_Z,XDC,V,N,T0102,1997-Q4,18467.9,,,F,1,A,6,EUR
OECD.SDD.NAD:DSD_NAMAIN1@DF_QNA(1.1),Q,Y,AUT,S1,S1,P7,_Z,_Z,_Z,XDC,V,N,T0102,1997-Q3,18271.2,,,F,1,A,6,EUR
OECD.SDD.NAD:DSD_NAMAIN1@DF_QNA(1.1),Q,Y,AUT,S1,S1,P7,_Z,_Z,_Z,XDC,V,N,T0102,1997-Q2,17435,,,F,1,A,6,EUR
OECD.SDD.NAD:DSD_NAMAIN1@DF_QNA(1.1),Q,Y,AUT,S1,S1,P7,_Z,_Z,_Z,XDC,V,N,T0102,2025-Q3,68038.5,,,F,1,A,6,EUR
OECD.SDD.NAD:DSD_NAMAIN1@DF_QNA(1.1),Q,Y,AUT,S1,S1,P7,_Z,_Z,_Z,XDC,V,N,T0102,2025-Q2,67440.3,,,F,1,A,6,EUR
OECD.SDD.NAD:DSD_NAMAIN1@DF_QNA(1.1),Q,Y,AUT,S1,S1,P7,_Z,_Z,_Z,XDC,V,N,T0102,2025-Q1,66607.8,,,F,1,A,6,EUR
OECD.SDD.NAD:DSD_NAMAIN1@DF_QNA(1.1),Q,Y,AUT,S1,S1,P7,_Z,_Z,_Z,XDC,V,N,T0102,2024-Q4,65877.9,,,F,1,A,6,EUR
OECD.SDD.NAD:DSD_NAMAIN1@DF_QNA(1.1),Q,Y,AUT,S1,S1,P7,_Z,_Z,_Z,XDC,V,N,T0102,2024-Q3,65921,,,F,1,A,6,EUR
OECD.SDD.NAD:DSD_NAMAIN1@DF_QNA(1.1),Q,Y,AUT,S1,S1,P7,_Z,_Z,_Z,XDC,V,N,T0102,2024-Q2,65399.3,,,F,1,A,6,EUR
OECD.SDD.NAD:DSD_NAMAIN1@DF_QNA(1.1),Q,Y,AUT,S1,S1,P7,_Z,_Z,_Z,XDC,V,N,T0102,2024-Q1,65209.4,,,F,1,A,6,EUR
OECD.SDD.NAD:DSD_NAMAIN1@DF_QNA(1.1),Q,Y,AUT,S1,S1,P7,_Z,_Z,_Z,XDC,V,N,T0102,2018-Q2,49997.6,,,F,1,A,6,EUR
OECD.SDD.NAD:DSD_NAMAIN1@DF_QNA(1.1),Q,Y,AUT,S1,S1,P7,_Z,_Z,_Z,XDC,V,N,T0102,2016-Q4,44691.3,,,F,1,A,6,EUR
OECD.SDD.NAD:DSD_NAMAIN1@DF_QNA(1.1),Q,Y,AUT,S1,S1,P7,_Z,_Z,_Z,XDC,V,N,T0102,2015-Q4,42944.7,,,F,1,A,6,EUR
OECD.SDD.NAD:DSD_NAMAIN1@DF_QNA(1.1),Q,Y,AUT,S1,S1,P7,_Z,_Z,_Z,XDC,V,N,T0102,2015-Q3,43077.6,,,F,1,A,6,EUR
OECD.SDD.NAD:DSD_NAMAIN1@DF_QNA(1.1),Q,Y,AUT,S1,S1,P7,_Z,_Z,_Z,XDC,V,N,T0102,2007-Q2,33592.8,,,F,1,A,6,EUR
OECD.SDD.NAD:DSD_NAMAIN1@DF_QNA(1.1),Q,Y,AUT,S1,S1,P7,_Z,_Z,_Z,XDC,V,N,T0102,2006-Q1,30345.3,,,F,1,A,6,EUR
OECD.SDD.NAD:DSD_NAMAIN1@DF_QNA(1.1),Q,Y,AUT,S1,S1,P7,_Z,_Z,_Z,XDC,V,N,T0102,2005-Q4,30239.2,,,F,1,A,6,EUR
OECD.SDD.NAD:DSD_NAMAIN1@DF_QNA(1.1),Q,Y,AUT,S1,S1,P7,_Z,_Z,_Z,XDC,V,N,T0102,2003-Q3,24396.4,,,F,1,A,6,EUR
OECD.SDD.NAD:DSD_NAMAIN1@DF_QNA(1.1),Q,Y,AUT,S1,S1,P7,_Z,_Z,_Z,XDC,V,N,T0102,2002-Q4,23374.1,,,F,1,A,6,EUR
OECD.SDD.NAD:DSD_NAMAIN1@DF_QNA(1.1),Q,Y,AUT,S1,S1,P7,_Z,_Z,_Z,XDC,V,N,T0102,2002-Q3,23341.1,,,F,1,A,6,EUR
OECD.SDD.NAD:DSD_NAMAIN1@DF_QNA(1.1),Q,Y,AUT,S1,S1,P7,_Z,_Z,_Z,XDC,V,N,T0102,2019-Q3,51470.2,,,F,1,A,6,EUR
OECD.SDD.NAD:DSD_NAMAIN1@DF_QNA(1.1),Q,Y,AUT,S1,S1,P7,_Z,_Z,_Z,XDC,V,N,T0102,2019-Q2,52426.8,,,F,1,A,6,EUR
OECD.SDD.NAD:DSD_NAMAIN1@DF_QNA(1.1),Q,Y,AUT,S1,S1,P7,_Z,_Z,_Z,XDC,V,N,T0102,2018-Q4,52044.1,,,F,1,A,6,EUR
OECD.SDD.NAD:DSD_NAMAIN1@DF_QNA(1.1),Q,Y,AUT,S1,S1,P7,_Z,_Z,_Z,XDC,V,N,T0102,2018-Q3,51044.2,,,F,1,A,6,EUR
OECD.SDD.NAD:DSD_NAMAIN1@DF_QNA(1.1),Q,Y,AUT,S1,S1,P7,_Z,_Z,_Z,XDC,V,N,T0102,2017-Q3,47483.8,,,F,1,A,6,EUR
OECD.SDD.NAD:DSD_NAMAIN1@DF_QNA(1.1),Q,Y,AUT,S1,S1,P7,_Z,_Z,_Z,XDC,V,N,T0102,2016-Q1,43242.8,,,F,1,A,6,EUR
OECD.SDD.NAD:DSD_NAMAIN1@DF_QNA(1.1),Q,Y,AUT,S1,S1,P6,_Z,_Z,_Z,XDC,V,N,T0102,1996-Q4,16158.2,,,F,1,A,6,EUR
OECD.SDD.NAD:DSD_NAMAIN1@DF_QNA(1.1),Q,Y,AUT,S1,S1,P6,_Z,_Z,_Z,XDC,V,N,T0102,2025-Q4,72393.5,,,F,1,A,6,EUR
OECD.SDD.NAD:DSD_NAMAIN1@DF_QNA(1.1),Q,Y,AUT,S1,S1,P6,_Z,_Z,_Z,XDC,V,N,T0102,2026-Q1,72903.5,,,F,1,A,6,EUR
OECD.SDD.NAD:DSD_NAMAIN1@DF_QNA(1.1),Q,Y,AUT,S1,S1,P6,_Z,_Z,_Z,XDC,V,N,T0102,2026-Q2,74052,,,F,1,A,6,EUR
OECD.SDD.NAD:DSD_NAMAIN1@DF_QNA(1.1),Q,Y,AUT,S1,S1,P6,_Z,_Z,_Z,XDC,V,N,T0102,1997-Q1,16469.6,,,F,1,A,6,EUR
OECD.SDD.NAD:DSD_NAMAIN1@DF_QNA(1.1),Q,Y,AUT,S1,S1,P7,_Z,_Z,_Z,XDC,V,N,T0102,2012-Q1,40935.1,,,F,1,A,6,EUR
OECD.SDD.NAD:DSD_NAMAIN1@DF_QNA(1.1),Q,Y,AUT,S1,S1,P7,_Z,_Z,_Z,XDC,V,N,T0102,2011-Q1,38848.5,,,F,1,A,6,EUR
OECD.SDD.NAD:DSD_NAMAIN1@DF_QNA(1.1),Q,Y,AUT,S1,S1,P7,_Z,_Z,_Z,XDC,V,N,T0102,2010-Q4,36894.8,,,F,1,A,6,EUR
OECD.SDD.NAD:DSD_NAMAIN1@DF_QNA(1.1),Q,Y,AUT,S1,S1,P7,_Z,_Z,_Z,XDC,V,N,T0102,2009-Q4,30946.7,,,F,1,A,6,EUR
OECD.SDD.NAD:DSD_NAMAIN1@DF_QNA(1.1),Q,Y,AUT,S1,S1,P7,_Z,_Z,_Z,XDC,V,N,T0102,2009-Q3,30043.7,,,F,1,A,6,EUR
OECD.SDD.NAD:DSD_NAMAIN1@DF_QNA(1.1),Q,Y,AUT,S1,S1,P7,_Z,_Z,_Z,XDC,V,N,T0102,2020-Q1,49511.1,,,F,1,A,6,EUR
OECD.SDD.NAD:DSD_NAMAIN1@DF_QNA(1.1),Q,Y,AUT,S1,S1,P7,_Z,_Z,_Z,XDC,V,N,T0102,2019-Q4,50956.7,,,F,1,A,6,EUR
OECD.SDD.NAD:DSD_NAMAIN1@DF_QNA(1.1),Q,Y,AUT,S1,S1,P7,_Z,_Z,_Z,XDC,V,N,T0102,2019-Q1,52164.3,,,F,1,A,6,EUR
OECD.SDD.NAD:DSD_NAMAIN1@DF_QNA(1.1),Q,Y,AUT,S1,S1,P7,_Z,_Z,_Z,XDC,V,N,T0102,2018-Q1,49120.8,,,F,1,A,6,EUR
OECD.SDD.NAD:DSD_NAMAIN1@DF_QNA(1.1),Q,Y,AUT,S1,S1,P7,_Z,_Z,_Z,XDC,V,N,T0102,2017-Q4,48314.8,,,F,1,A,6,EUR
OECD.SDD.NAD:DSD_NAMAIN1@DF_QNA(1.1),Q,Y,AUT,S1,S1,P7,_Z,_Z,_Z,XDC,V,N,T0102,2016-Q3,43435.6,,,F,1,A,6,EUR
OECD.SDD.NAD:DSD_NAMAIN1@DF_QNA(1.1),Q,Y,AUT,S1,S1,P7,_Z,_Z,_Z,XDC,V,N,T0102,2016-Q2,42815,,,F,1,A,6,EUR
OECD.SDD.NAD:DSD_NAMAIN1@DF_QNA(1.1),Q,Y,AUT,S1,S1,P7,_Z,_Z,_Z,XDC,V,N,T0102,1995-Q4,15663.2,,,F,1,A,6,EUR
OECD.SDD.NAD:DSD_NAMAIN1@DF_QNA(1.1),Q,Y,AUT,S1,S1,P7,_Z,_Z,_Z,XDC,V,N,T0102,2015-Q1,41826.2,,,F,1,A,6,EUR
OECD.SDD.NAD:DSD_NAMAIN1@DF_QNA(1.1),Q,Y,AUT,S1,S1,P7,_Z,_Z,_Z,XDC,V,N,T0102,2014-Q4,41609.1,,,F,1,A,6,EUR
OECD.SDD.NAD:DSD_NAMAIN1@DF_QNA(1.1),Q,Y,AUT,S1,S1,P7,_Z,_Z,_Z,XDC,V,N,T0102,2022-Q4,71412.8,,,F,1,A,6,EUR
OECD.SDD.NAD:DSD_NAMAIN1@DF_QNA(1.1),Q,Y,AUT,S1,S1,P7,_Z,_Z,_Z,XDC,V,N,T0102,2022-Q3,72034.9,,,F,1,A,6,EUR
OECD.SDD.NAD:DSD_NAMAIN1@DF_QNA(1.1),Q,Y,AUT,S1,S1,P7,_Z,_Z,_Z,XDC,V,N,T0102,2022-Q2,69573.1,,,F,1,A,6,EUR
OECD.SDD.NAD:DSD_NAMAIN1@DF_QNA(1.1),Q,Y,AUT,S1,S1,P7,_Z,_Z,_Z,XDC,V,N,T0102,2022-Q1,66035,,,F,1,A,6,EUR
OECD.SDD.NAD:DSD_NAMAIN1@DF_QNA(1.1),Q,Y,AUT,S1,S1,P7,_Z,_Z,_Z,XDC,V,N,T0102,2021-Q4,60819.2,,,F,1,A,6,EUR
OECD.SDD.NAD:DSD_NAMAIN1@DF_QNA(1.1),Q,Y,AUT,S1,S1,P7,_Z,_Z,_Z,XDC,V,N,T0102,2023-Q4,65659.6,,,F,1,A,6,EUR
OECD.SDD.NAD:DSD_NAMAIN1@DF_QNA(1.1),Q,Y,AUT,S1,S1,P7,_Z,_Z,_Z,XDC,V,N,T0102,2023-Q3,65861.1,,,F,1,A,6,EUR
OECD.SDD.NAD:DSD_NAMAIN1@DF_QNA(1.1),Q,Y,AUT,S1,S1,P7,_Z,_Z,_Z,XDC,V,N,T0102,2023-Q2,69042.5,,,F,1,A,6,EUR
OECD.SDD.NAD:DSD_NAMAIN1@DF_QNA(1.1),Q,Y,AUT,S1,S1,P7,_Z,_Z,_Z,XDC,V,N,T0102,2023-Q1,70994.1,,,F,1,A,6,EUR
OECD.SDD.NAD:DSD_NAMAIN1@DF_QNA(1.1),Q,Y,AUT,S1,S1,P7,_Z,_Z,_Z,XDC,V,N,T0102,2010-Q3,36434.3,,,F,1,A,6,EUR
OECD.SDD.NAD:DSD_NAMAIN1@DF_QNA(1.1),Q,Y,AUT,S1,S1,P7,_Z,_Z,_Z,XDC,V,N,T0102,2010-Q2,35190,,,F,1,A,6,EUR
OECD.SDD.NAD:DSD_NAMAIN1@DF_QNA(1.1),Q,Y,AUT,S1,S1,P7,_Z,_Z,_Z,XDC,V,N,T0102,2009-Q2,29728.7,,,F,1,A,6,EUR
OECD.SDD.NAD:DSD_NAMAIN1@DF_QNA(1.1),Q,Y,AUT,S1,S1,P7,_Z,_Z,_Z,XDC,V,N,T0102,2008-Q3,35964.2,,,F,1,A,6,EUR
OECD.SDD.NAD:DSD_NAMAIN1@DF_QNA(1.1),Q,Y,AUT,S1,S1,P7,_Z,_Z,_Z,XDC,V,N,T0102,1997-Q1,17245.4,,,F,1,A,6,EUR
OECD.SDD.NAD:DSD_NAMAIN1@DF_QNA(1.1),Q,Y,AUT,S1,S1,P7,_Z,_Z,_Z,XDC,V,N,T0102,2001-Q2,23981.4,,,F,1,A,6,EUR
OECD.SDD.NAD:DSD_NAMAIN1@DF_QNA(1.1),Q,Y,AUT,S1,S1,B1GQ,_Z,_Z,_Z,XDC,V,N,T0102,2014-Q1,80890.8,,,F,1,A,6,EUR
OECD.SDD.NAD:DSD_NAMAIN1@DF_QNA(1.1),Q,Y,AUT,S1,S1,B1GQ,_Z,_Z,_Z,XDC,V,N,T0102,2014-Q2,82376.6,,,F,1,A,6,EUR
OECD.SDD.NAD:DSD_NAMAIN1@DF_QNA(1.1),Q,Y,AUT,S1,S1,B1GQ,_Z,_Z,_Z,XDC,V,N,T0102,2015-Q3,85975.8,,,F,1,A,6,EUR
OECD.SDD.NAD:DSD_NAMAIN1@DF_QNA(1.1),Q,Y,AUT,S1,S1,B1GQ,_Z,_Z,_Z,XDC,V,N,T0102,2015-Q4,86921.4,,,F,1,A,6,EUR
OECD.SDD.NAD:DSD_NAMAIN1@DF_QNA(1.1),Q,Y,AUT,S1,S1,B1GQ,_Z,_Z,_Z,XDC,V,N,T0102,2016-Q4,89362.9,,,F,1,A,6,EUR
OECD.SDD.NAD:DSD_NAMAIN1@DF_QNA(1.1),Q,Y,AUT,S1,S1,P6,_Z,_Z,_Z,XDC,V,N,T0102,2018-Q4,54120.6,,,F,1,A,6,EUR
OECD.SDD.NAD:DSD_NAMAIN1@DF_QNA(1.1),Q,Y,AUT,S1,S1,P6,_Z,_Z,_Z,XDC,V,N,T0102,2019-Q2,55314.1,,,F,1,A,6,EUR
OECD.SDD.NAD:DSD_NAMAIN1@DF_QNA(1.1),Q,Y,FRA,S1,S1,P7,_Z,_Z,_Z,XDC,V,N,T0102,2009-Q4,130744.8,,,F,1,A,6,EUR
OECD.SDD.NAD:DSD_NAMAIN1@DF_QNA(1.1),Q,Y,FRA,S1,S1,P7,_Z,_Z,_Z,XDC,V,N,T0102,2009-Q3,124866,,,F,1,A,6,EUR
OECD.SDD.NAD:DSD_NAMAIN1@DF_QNA(1.1),Q,Y,FRA,S1,S1,P7,_Z,_Z,_Z,XDC,V,N,T0102,2008-Q2,150582,,,F,1,A,6,EUR
OECD.SDD.NAD:DSD_NAMAIN1@DF_QNA(1.1),Q,Y,FRA,S1,S1,P7,_Z,_Z,_Z,XDC,V,N,T0102,2008-Q1,151318,,,F,1,A,6,EUR
OECD.SDD.NAD:DSD_NAMAIN1@DF_QNA(1.1),Q,Y,FRA,S1,S1,P7,_Z,_Z,_Z,XDC,V,N,T0102,2016-Q3,179144.2,,,F,1,A,6,EUR
OECD.SDD.NAD:DSD_NAMAIN1@DF_QNA(1.1),Q,Y,FRA,S1,S1,P7,_Z,_Z,_Z,XDC,V,N,T0102,2001-Q3,105135.4,,,F,1,A,6,EUR
OECD.SDD.NAD:DSD_NAMAIN1@DF_QNA(1.1),Q,Y,FRA,S1,S1,P7,_Z,_Z,_Z,XDC,V,N,T0102,2019-Q3,204392.7,,,F,1,A,6,EUR
OECD.SDD.NAD:DSD_NAMAIN1@DF_QNA(1.1),Q,Y,FRA,S1,S1,P7,_Z,_Z,_Z,XDC,V,N,T0102,2019-Q2,207167.9,,,F,1,A,6,EUR
OECD.SDD.NAD:DSD_NAMAIN1@DF_QNA(1.1),Q,Y,FRA,S1,S1,P7,_Z,_Z,_Z,XDC,V,N,T0102,2016-Q1,175806.2,,,F,1,A,6,EUR
OECD.SDD.NAD:DSD_NAMAIN1@DF_QNA(1.1),Q,Y,FRA,S1,S1,P7,_Z,_Z,_Z,XDC,V,N,T0102,2014-Q3,171580.5,,,F,1,A,6,EUR
OECD.SDD.NAD:DSD_NAMAIN1@DF_QNA(1.1),Q,Y,FRA,S1,S1,P7,_Z,_Z,_Z,XDC,V,N,T0102,2013-Q3,166864.2,,,F,1,A,6,EUR
OECD.SDD.NAD:DSD_NAMAIN1@DF_QNA(1.1),Q,Y,FRA,S1,S1,P7,_Z,_Z,_Z,XDC,V,N,T0102,2013-Q2,165683.7,,,F,1,A,6,EUR
OECD.SDD.NAD:DSD_NAMAIN1@DF_QNA(1.1),Q,Y,FRA,S1,S1,P7,_Z,_Z,_Z,XDC,V,N,T0102,2011-Q2,158732.1,,,F,1,A,6,EUR
OECD.SDD.NAD:DSD_NAMAIN1@DF_QNA(1.1),Q,Y,FRA,S1,S1,P7,_Z,_Z,_Z,XDC,V,N,T0102,2011-Q1,160458.1,,,F,1,A,6,EUR
OECD.SDD.NAD:DSD_NAMAIN1@DF_QNA(1.1),Q,Y,FRA,S1,S1,P7,_Z,_Z,_Z,XDC,V,N,T0102,2017-Q3,191234.7,,,F,1,A,6,EUR
OECD.SDD.NAD:DSD_NAMAIN1@DF_QNA(1.1),Q,Y,FRA,S1,S1,P7,_Z,_Z,_Z,XDC,V,N,T0102,2002-Q4,104734.9,,,F,1,A,6,EUR
OECD.SDD.NAD:DSD_NAMAIN1@DF_QNA(1.1),Q,Y,FRA,S1,S1,P7,_Z,_Z,_Z,XDC,V,N,T0102,2002-Q3,104257.9,,,F,1,A,6,EUR
OECD.SDD.NAD:DSD_NAMAIN1@DF_QNA(1.1),Q,Y,FRA,S1,S1,P6,_Z,_Z,_Z,XDC,V,N,T0102,1991-Q4,63143,,,F,1,A,6,EUR
OECD.SDD.NAD:DSD_NAMAIN1@DF_QNA(1.1),Q,Y,AUT,S1,S1,P6,_Z,_Z,_Z,XDC,V,N,T0102,2002-Q2,25834.6,,,F,1,A,6,EUR
OECD.SDD.NAD:DSD_NAMAIN1@DF_QNA(1.1),Q,Y,AUT,S1,S1,P6,_Z,_Z,_Z,XDC,V,N,T0102,2003-Q4,26545.1,,,F,1,A,6,EUR
OECD.SDD.NAD:DSD_NAMAIN1@DF_QNA(1.1),Q,Y,AUT,S1,S1,P6,_Z,_Z,_Z,XDC,V,N,T0102,1998-Q2,19006.8,,,F,1,A,6,EUR
OECD.SDD.NAD:DSD_NAMAIN1@DF_QNA(1.1),Q,Y,AUT,S1,S1,P6,_Z,_Z,_Z,XDC,V,N,T0102,1999-Q3,20210.5,,,F,1,A,6,EUR
OECD.SDD.NAD:DSD_NAMAIN1@DF_QNA(1.1),Q,Y,AUT,S1,S1,P6,_Z,_Z,_Z,XDC,V,N,T0102,2000-Q2,22853,,,F,1,A,6,EUR
OECD.SDD.NAD:DSD_NAMAIN1@DF_QNA(1.1),Q,Y,AUT,S1,S1,P6,_Z,_Z,_Z,XDC,V,N,T0102,2001-Q3,24679.8,,,F,1,A,6,EUR
OECD.SDD.NAD:DSD_NAMAIN1@DF_QNA(1.1),Q,Y,AUT,S1,S1,P6,_Z,_Z,_Z,XDC,V,N,T0102,2007-Q3,37689.4,,,F,1,A,6,EUR
OECD.SDD.NAD:DSD_NAMAIN1@DF_QNA(1.1),Q,Y,AUT,S1,S1,P6,_Z,_Z,_Z,XDC,V,N,T0102,2008-Q4,36481.9,,,F,1,A,6,EUR
OECD.SDD.NAD:DSD_NAMAIN1@DF_QNA(1.1),Q,Y,AUT,S1,S1,P6,_Z,_Z,_Z,XDC,V,N,T0102,2009-Q1,32351.9,,,F,1,A,6,EUR
OECD.SDD.NAD:DSD_NAMAIN1@DF_QNA(1.1),Q,Y,AUT,S1,S1,P6,_Z,_Z,_Z,XDC,V,N,T0102,2021-Q4,61334.9,,,F,1,A,6,EUR
OECD.SDD.NAD:DSD_NAMAIN1@DF_QNA(1.1),Q,Y,AUT,S1,S1,P6,_Z,_Z,_Z,XDC,V,N,T0102,2022-Q1,64701.6,,,F,1,A,6,EUR
OECD.SDD.NAD:DSD_NAMAIN1@DF_QNA(1.1),Q,Y,AUT,S1,S1,P6,_Z,_Z,_Z,XDC,V,N,T0102,2022-Q2,69182,,,F,1,A,6,EUR
OECD.SDD.NAD:DSD_NAMAIN1@DF_QNA(1.1),Q,Y,AUT,S1,S1,P6,_Z,_Z,_Z,XDC,V,N,T0102,2022-Q3,70946.6,,,F,1,A,6,EUR
OECD.SDD.NAD:DSD_NAMAIN1@DF_QNA(1.1),Q,Y,AUT,S1,S1,P6,_Z,_Z,_Z,XDC,V,N,T0102,2022-Q4,71604.4,,,F,1,A,6,EUR
OECD.SDD.NAD:DSD_NAMAIN1@DF_QNA(1.1),Q,Y,AUT,S1,S1,P6,_Z,_Z,_Z,XDC,V,N,T0102,2023-Q1,71667.6,,,F,1,A,6,EUR
OECD.SDD.NAD:DSD_NAMAIN1@DF_QNA(1.1),Q,Y,AUT,S1,S1,P6,_Z,_Z,_Z,XDC,V,N,T0102,2015-Q1,45244.5,,,F,1,A,6,EUR
OECD.SDD.NAD:DSD_NAMAIN1@DF_QNA(1.1),Q,Y,AUT,S1,S1,P6,_Z,_Z,_Z,XDC,V,N,T0102,2016-Q2,46337,,,F,1,A,6,EUR
OECD.SDD.NAD:DSD_NAMAIN1@DF_QNA(1.1),Q,Y,AUT,S1,S1,P6,_Z,_Z,_Z,XDC,V,N,T0102,2023-Q2,70446.1,,,F,1,A,6,EUR
OECD.SDD.NAD:DSD_NAMAIN1@DF_QNA(1.1),Q,Y,AUT,S1,S1,P6,_Z,_Z,_Z,XDC,V,N,T0102,2023-Q3,69296.7,,,F,1,A,6,EUR
OECD.SDD.NAD:DSD_NAMAIN1@DF_QNA(1.1),Q,Y,AUT,S1,S1,P6,_Z,_Z,_Z,XDC,V,N,T0102,2023-Q4,69709.8,,,F,1,A,6,EUR
OECD.SDD.NAD:DSD_NAMAIN1@DF_QNA(1.1),Q,Y,AUT,S1,S1,P6,_Z,_Z,_Z,XDC,V,N,T0102,2024-Q2,69072,,,F,1,A,6,EUR
OECD.SDD.NAD:DSD_NAMAIN1@DF_QNA(1.1),Q,Y,AUT,S1,S1,P6,_Z,_Z,_Z,XDC,V,N,T0102,2024-Q3,68627.9,,,F,1,A,6,EUR
OECD.SDD.NAD:DSD_NAMAIN1@DF_QNA(1.1),Q,Y,AUT,S1,S1,P6,_Z,_Z,_Z,XDC,V,N,T0102,2024-Q4,68083.9,,,F,1,A,6,EUR
OECD.SDD.NAD:DSD_NAMAIN1@DF_QNA(1.1),Q,Y,AUT,S1,S1,P6,_Z,_Z,_Z,XDC,V,N,T0102,2025-Q1,69526.4,,,F,1,A,6,EUR
OECD.SDD.NAD:DSD_NAMAIN1@DF_QNA(1.1),Q,Y,AUT,S1,S1,P6,_Z,_Z,_Z,XDC,V,N,T0102,2025-Q2,70459.8,,,F,1,A,6,EUR
OECD.SDD.NAD:DSD_NAMAIN1@DF_QNA(1.1),Q,Y,AUT,S1,S1,P6,_Z,_Z,_Z,XDC,V,N,T0102,2025-Q3,71399.6,,,F,1,A,6,EUR
OECD.SDD.NAD:DSD_NAMAIN1@DF_QNA(1.1),Q,Y,AUT,S1,S1,P6,_Z,_Z,_Z,XDC,V,N,T0102,1997-Q3,17779.2,,,F,1,A,6,EUR
OECD.SDD.NAD:DSD_NAMAIN1@DF_QNA(1.1),Q,Y,AUT,S1,S1,P6,_Z,_Z,_Z,XDC,V,N,T0102,1997-Q4,18381.9,,,F,1,A,6,EUR
OECD.SDD.NAD:DSD_NAMAIN1@DF_QNA(1.1),Q,Y,AUT,S1,S1,P6,_Z,_Z,_Z,XDC,V,N,T0102,1998-Q1,18453.6,,,F,1,A,6,EUR
OECD.SDD.NAD:DSD_NAMAIN1@DF_QNA(1.1),Q,Y,AUT,S1,S1,P6,_Z,_Z,_Z,XDC,V,N,T0102,2001-Q4,24707,,,F,1,A,6,EUR
OECD.SDD.NAD:DSD_NAMAIN1@DF_QNA(1.1),Q,Y,AUT,S1,S1,P6,_Z,_Z,_Z,XDC,V,N,T0102,2002-Q1,25528.5,,,F,1,A,6,EUR
OECD.SDD.NAD:DSD_NAMAIN1@DF_QNA(1.1),Q,Y,AUT,S1,S1,P6,_Z,_Z,_Z,XDC,V,N,T0102,2003-Q1,25494.3,,,F,1,A,6,EUR
OECD.SDD.NAD:DSD_NAMAIN1@DF_QNA(1.1),Q,Y,AUT,S1,S1,P6,_Z,_Z,_Z,XDC,V,N,T0102,2003-Q2,25231.3,,,F,1,A,6,EUR
OECD.SDD.NAD:DSD_NAMAIN1@DF_QNA(1.1),Q,Y,AUT,S1,S1,P6,_Z,_Z,_Z,XDC,V,N,T0102,2005-Q2,30277.3,,,F,1,A,6,EUR
OECD.SDD.NAD:DSD_NAMAIN1@DF_QNA(1.1),Q,Y,AUT,S1,S1,P6,_Z,_Z,_Z,XDC,V,N,T0102,2005-Q3,31248.8,,,F,1,A,6,EUR
OECD.SDD.NAD:DSD_NAMAIN1@DF_QNA(1.1),Q,Y,AUT,S1,S1,P6,_Z,_Z,_Z,XDC,V,N,T0102,2007-Q1,36258.9,,,F,1,A,6,EUR
OECD.SDD.NAD:DSD_NAMAIN1@DF_QNA(1.1),Q,Y,AUT,S1,S1,P6,_Z,_Z,_Z,XDC,V,N,T0102,2014-Q1,43718.8,,,F,1,A,6,EUR
OECD.SDD.NAD:DSD_NAMAIN1@DF_QNA(1.1),Q,Y,AUT,S1,S1,P6,_Z,_Z,_Z,XDC,V,N,T0102,2014-Q2,44117.8,,,F,1,A,6,EUR
OECD.SDD.NAD:DSD_NAMAIN1@DF_QNA(1.1),Q,Y,AUT,S1,S1,P6,_Z,_Z,_Z,XDC,V,N,T0102,2015-Q3,46203.6,,,F,1,A,6,EUR
OECD.SDD.NAD:DSD_NAMAIN1@DF_QNA(1.1),Q,Y,AUT,S1,S1,B1GQ,_Z,_Z,_Z,XDC,V,N,T0102,2015-Q2,85082.8,,,F,1,A,6,EUR
OECD.SDD.NAD:DSD_NAMAIN1@DF_QNA(1.1),Q,Y,AUT,S1,S1,B1GQ,_Z,_Z,_Z,XDC,V,N,T0102,2017-Q1,90261.1,,,F,1,A,6,EUR
OECD.SDD.NAD:DSD_NAMAIN1@DF_QNA(1.1),Q,Y,AUT,S1,S1,B1GQ,_Z,_Z,_Z,XDC,V,N,T0102,2017-Q2,91670.2,,,F,1,A,6,EUR
OECD.SDD.NAD:DSD_NAMAIN1@DF_QNA(1.1),Q,Y,AUT,S1,S1,B1GQ,_Z,_Z,_Z,XDC,V,N,T0102,1999-Q4,50871,,,F,1,A,6,EUR
OECD.SDD.NAD:DSD_NAMAIN1@DF_QNA(1.1),Q,Y,AUT,S1,S1,B1GQ,_Z,_Z,_Z,XDC,V,N,T0102,2000-Q1,52442.3,,,F,1,A,6,EUR
OECD.SDD.NAD:DSD_NAMAIN1@DF_QNA(1.1),Q,Y,AUT,S1,S1,B1GQ,_Z,_Z,_Z,XDC,V,N,T0102,2000-Q3,53683,,,F,1,A,6,EUR
OECD.SDD.NAD:DSD_NAMAIN1@DF_QNA(1.1),Q,Y,AUT,S1,S1,B1GQ,_Z,_Z,_Z,XDC,V,N,T0102,2000-Q4,53889.7,,,F,1,A,6,EUR
OECD.SDD.NAD:DSD_NAMAIN1@DF_QNA(1.1),Q,Y,AUT,S1,S1,B1GQ,_Z,_Z,_Z,XDC,V,N,T0102,2012-Q2,78919.8,,,F,1,A,6,EUR
OECD.SDD.NAD:DSD_NAMAIN1@DF_QNA(1.1),Q,Y,AUT,S1,S1,B1GQ,_Z,_Z,_Z,XDC,V,N,T0102,2012-Q3,79653.3,,,F,1,A,6,EUR
OECD.SDD.NAD:DSD_NAMAIN1@DF_QNA(1.1),Q,Y,AUT,S1,S1,B1GQ,_Z,_Z,_Z,XDC,V,N,T0102,2012-Q4,79703.1,,,F,1,A,6,EUR
OECD.SDD.NAD:DSD_NAMAIN1@DF_QNA(1.1),Q,Y,AUT,S1,S1,B1GQ,_Z,_Z,_Z,XDC,V,N,T0102,1998-Q3,48959.2,,,F,1,A,6,EUR
OECD.SDD.NAD:DSD_NAMAIN1@DF_QNA(1.1),Q,Y,AUT,S1,S1,B1GQ,_Z,_Z,_Z,XDC,V,N,T0102,1998-Q2,48769.2,,,F,1,A,6,EUR
OECD.SDD.NAD:DSD_NAMAIN1@DF_QNA(1.1),Q,Y,AUT,S1,S1,B1GQ,_Z,_Z,_Z,XDC,V,N,T0102,1999-Q3,51095.2,,,F,1,A,6,EUR
OECD.SDD.NAD:DSD_NAMAIN1@DF_QNA(1.1),Q,Y,AUT,S1,S1,B1GQ,_Z,_Z,_Z,XDC,V,N,T0102,2000-Q2,52688.7,,,F,1,A,6,EUR
OECD.SDD.NAD:DSD_NAMAIN1@DF_QNA(1.1),Q,Y,AUT,S1,S1,B1GQ,_Z,_Z,_Z,XDC,V,N,T0102,2001-Q3,55104.3,,,F,1,A,6,EUR
OECD.SDD.NAD:DSD_NAMAIN1@DF_QNA(1.1),Q,Y,AUT,S1,S1,B1GQ,_Z,_Z,_Z,XDC,V,N,T0102,2007-Q3,70953.3,,,F,1,A,6,EUR
OECD.SDD.NAD:DSD_NAMAIN1@DF_QNA(1.1),Q,Y,AUT,S1,S1,B1GQ,_Z,_Z,_Z,XDC,V,N,T0102,2008-Q4,71534.2,,,F,1,A,6,EUR
OECD.SDD.NAD:DSD_NAMAIN1@DF_QNA(1.1),Q,Y,AUT,S1,S1,B1GQ,_Z,_Z,_Z,XDC,V,N,T0102,1996-Q3,45551.6,,,F,1,A,6,EUR
OECD.SDD.NAD:DSD_NAMAIN1@DF_QNA(1.1),Q,Y,AUT,S1,S1,B1GQ,_Z,_Z,_Z,XDC,V,N,T0102,1996-Q4,45668,,,F,1,A,6,EUR
OECD.SDD.NAD:DSD_NAMAIN1@DF_QNA(1.1),Q,Y,AUT,S1,S1,B1GQ,_Z,_Z,_Z,XDC,V,N,T0102,1997-Q1,46411.4,,,F,1,A,6,EUR
OECD.SDD.NAD:DSD_NAMAIN1@DF_QNA(1.1),Q,Y,AUT,S1,S1,B1GQ,_Z,_Z,_Z,XDC,V,N,T0102,1997-Q2,46518.4,,,F,1,A,6,EUR
OECD.SDD.NAD:DSD_NAMAIN1@DF_QNA(1.1),Q,Y,AUT,S1,S1,B1GQ,_Z,_Z,_Z,XDC,V,N,T0102,1997-Q3,47120.8,,,F,1,A,6,EUR
OECD.SDD.NAD:DSD_NAMAIN1@DF_QNA(1.1),Q,Y,AUT,S1,S1,B1GQ,_Z,_Z,_Z,XDC,V,N,T0102,1997-Q4,47737.3,,,F,1,A,6,EUR
OECD.SDD.NAD:DSD_NAMAIN1@DF_QNA(1.1),Q,Y,AUT,S1,S1,B1GQ,_Z,_Z,_Z,XDC,V,N,T0102,1998-Q1,48303,,,F,1,A,6,EUR
OECD.SDD.NAD:DSD_NAMAIN1@DF_QNA(1.1),Q,Y,AUT,S1,S1,B1GQ,_Z,_Z,_Z,XDC,V,N,T0102,2001-Q4,55218.1,,,F,1,A,6,EUR
OECD.SDD.NAD:DSD_NAMAIN1@DF_QNA(1.1),Q,Y,AUT,S1,S1,B1GQ,_Z,_Z,_Z,XDC,V,N,T0102,2002-Q1,55593.4,,,F,1,A,6,EUR
OECD.SDD.NAD:DSD_NAMAIN1@DF_QNA(1.1),Q,Y,AUT,S1,S1,B1GQ,_Z,_Z,_Z,XDC,V,N,T0102,2003-Q1,57266,,,F,1,A,6,EUR
OECD.SDD.NAD:DSD_NAMAIN1@DF_QNA(1.1),Q,Y,FRA,S1,S1,P6,_Z,_Z,_Z,XDC,V,N,T0102,2020-Q1,182997.2,,,F,1,A,6,EUR
OECD.SDD.NAD:DSD_NAMAIN1@DF_QNA(1.1),Q,Y,FRA,S1,S1,P6,_Z,_Z,_Z,XDC,V,N,T0102,2020-Q2,137427.9,,,F,1,A,6,EUR
OECD.SDD.NAD:DSD_NAMAIN1@DF_QNA(1.1),Q,Y,FRA,S1,S1,P6,_Z,_Z,_Z,XDC,V,N,T0102,2021-Q1,180542.8,,,F,1,A,6,EUR
OECD.SDD.NAD:DSD_NAMAIN1@DF_QNA(1.1),Q,Y,FRA,S1,S1,P6,_Z,_Z,_Z,XDC,V,N,T0102,2002-Q1,112051.7,,,F,1,A,6,EUR
OECD.SDD.NAD:DSD_NAMAIN1@DF_QNA(1.1),Q,Y,FRA,S1,S1,P6,_Z,_Z,_Z,XDC,V,N,T0102,1987-Q1,42018.9,,,F,1,A,6,EUR
OECD.SDD.NAD:DSD_NAMAIN1@DF_QNA(1.1),Q,Y,FRA,S1,S1,P6,_Z,_Z,_Z,XDC,V,N,T0102,1987-Q2,42902.1,,,F,1,A,6,EUR
OECD.SDD.NAD:DSD_NAMAIN1@DF_QNA(1.1),Q,Y,FRA,S1,S1,P6,_Z,_Z,_Z,XDC,V,N,T0102,1987-Q3,44555.7,,,F,1,A,6,EUR
OECD.SDD.NAD:DSD_NAMAIN1@DF_QNA(1.1),Q,Y,FRA,S1,S1,P6,_Z,_Z,_Z,XDC,V,N,T0102,1987-Q4,45894.6,,,F,1,A,6,EUR
OECD.SDD.NAD:DSD_NAMAIN1@DF_QNA(1.1),Q,Y,FRA,S1,S1,P7,_Z,_Z,_Z,XDC,V,N,T0102,1986-Q3,42406.5,,,F,1,A,6,EUR
OECD.SDD.NAD:DSD_NAMAIN1@DF_QNA(1.1),Q,Y,FRA,S1,S1,P7,_Z,_Z,_Z,XDC,V,N,T0102,1986-Q2,42852,,,F,1,A,6,EUR
OECD.SDD.NAD:DSD_NAMAIN1@DF_QNA(1.1),Q,Y,FRA,S1,S1,P7,_Z,_Z,_Z,XDC,V,N,T0102,1986-Q1,43497.9,,,F,1,A,6,EUR
OECD.SDD.NAD:DSD_NAMAIN1@DF_QNA(1.1),Q,Y,FRA,S1,S1,P7,_Z,_Z,_Z,XDC,V,N,T0102,1985-Q4,45985.2,,,F,1,A,6,EUR
OECD.SDD.NAD:DSD_NAMAIN1@DF_QNA(1.1),Q,Y,FRA,S1,S1,P7,_Z,_Z,_Z,XDC,V,N,T0102,1985-Q3,45245.8,,,F,1,A,6,EUR
OECD.SDD.NAD:DSD_NAMAIN1@DF_QNA(1.1),Q,Y,FRA,S1,S1,B1GQ,_Z,_Z,_Z,XDC,V,N,T0102,2022-Q1,649102.6,,,F,1,A,6,EUR
OECD.SDD.NAD:DSD_NAMAIN1@DF_QNA(1.1),Q,Y,FRA,S1,S1,B1GQ,_Z,_Z,_Z,XDC,V,N,T0102,2022-Q2,655824.3,,,F,1,A,6,EUR
OECD.SDD.NAD:DSD_NAMAIN1@DF_QNA(1.1),Q,Y,FRA,S1,S1,B1GQ,_Z,_Z,_Z,XDC,V,N,T0102,2022-Q3,667944.1,,,F,1,A,6,EUR
OECD.SDD.NAD:DSD_NAMAIN1@DF_QNA(1.1),Q,Y,FRA,S1,S1,B1GQ,_Z,_Z,_Z,XDC,V,N,T0102,2022-Q4,679687.1,,,F,1,A,6,EUR
OECD.SDD.NAD:DSD_NAMAIN1@DF_QNA(1.1),Q,Y,FRA,S1,S1,B1GQ,_Z,_Z,_Z,XDC,V,N,T0102,2023-Q1,691510.5,,,F,1,A,6,EUR
OECD.SDD.NAD:DSD_NAMAIN1@DF_QNA(1.1),Q,Y,FRA,S1,S1,B1GQ,_Z,_Z,_Z,XDC,V,N,T0102,2017-Q4,580740.4,,,F,1,A,6,EUR
OECD.SDD.NAD:DSD_NAMAIN1@DF_QNA(1.1),Q,Y,FRA,S1,S1,B1GQ,_Z,_Z,_Z,XDC,V,N,T0102,2018-Q1,582796.8,,,F,1,A,6,EUR
OECD.SDD.NAD:DSD_NAMAIN1@DF_QNA(1.1),Q,Y,FRA,S1,S1,B1GQ,_Z,_Z,_Z,XDC,V,N,T0102,2019-Q1,604513.8,,,F,1,A,6,EUR
OECD.SDD.NAD:DSD_NAMAIN1@DF_QNA(1.1),Q,Y,FRA,S1,S1,B1GQ,_Z,_Z,_Z,XDC,V,N,T0102,2019-Q4,610167.9,,,F,1,A,6,EUR
OECD.SDD.NAD:DSD_NAMAIN1@DF_QNA(1.1),Q,Y,FRA,S1,S1,B1GQ,_Z,_Z,_Z,XDC,V,N,T0102,2020-Q1,588125.6,,,F,1,A,6,EUR
OECD.SDD.NAD:DSD_NAMAIN1@DF_QNA(1.1),Q,Y,FRA,S1,S1,B1GQ,_Z,_Z,_Z,XDC,V,N,T0102,2020-Q2,532525.5,,,F,1,A,6,EUR
OECD.SDD.NAD:DSD_NAMAIN1@DF_QNA(1.1),Q,Y,FRA,S1,S1,B1GQ,_Z,_Z,_Z,XDC,V,N,T0102,2020-Q3,595825.4,,,F,1,A,6,EUR
OECD.SDD.NAD:DSD_NAMAIN1@DF_QNA(1.1),Q,Y,FRA,S1,S1,B1GQ,_Z,_Z,_Z,XDC,V,N,T0102,1998-Q2,336048.5,,,F,1,A,6,EUR
OECD.SDD.NAD:DSD_NAMAIN1@DF_QNA(1.1),Q,Y,FRA,S1,S1,B1GQ,_Z,_Z,_Z,XDC,V,N,T0102,1999-Q3,350361.2,,,F,1,A,6,EUR
OECD.SDD.NAD:DSD_NAMAIN1@DF_QNA(1.1),Q,Y,FRA,S1,S1,B1GQ,_Z,_Z,_Z,XDC,V,N,T0102,1995-Q3,304874.1,,,F,1,A,6,EUR
OECD.SDD.NAD:DSD_NAMAIN1@DF_QNA(1.1),Q,Y,FRA,S1,S1,B1GQ,_Z,_Z,_Z,XDC,V,N,T0102,1995-Q4,306338.4,,,F,1,A,6,EUR
OECD.SDD.NAD:DSD_NAMAIN1@DF_QNA(1.1),Q,Y,FRA,S1,S1,B1GQ,_Z,_Z,_Z,XDC,V,N,T0102,2005-Q2,437097.7,,,F,1,A,6,EUR
OECD.SDD.NAD:DSD_NAMAIN1@DF_QNA(1.1),Q,Y,FRA,S1,S1,B1GQ,_Z,_Z,_Z,XDC,V,N,T0102,2005-Q3,442649.8,,,F,1,A,6,EUR
OECD.SDD.NAD:DSD_NAMAIN1@DF_QNA(1.1),Q,Y,FRA,S1,S1,B1GQ,_Z,_Z,_Z,XDC,V,N,T0102,2007-Q1,477308,,,F,1,A,6,EUR
OECD.SDD.NAD:DSD_NAMAIN1@DF_QNA(1.1),Q,Y,FRA,S1,S1,P7,_Z,_Z,_Z,XDC,V,N,T0102,2000-Q2,101541.5,,,F,1,A,6,EUR
OECD.SDD.NAD:DSD_NAMAIN1@DF_QNA(1.1),Q,Y,FRA,S1,S1,P7,_Z,_Z,_Z,XDC,V,N,T0102,2016-Q2,173179.4,,,F,1,A,6,EUR
OECD.SDD.NAD:DSD_NAMAIN1@DF_QNA(1.1),Q,Y,FRA,S1,S1,P7,_Z,_Z,_Z,XDC,V,N,T0102,2012-Q1,162827.1,,,F,1,A,6,EUR
OECD.SDD.NAD:DSD_NAMAIN1@DF_QNA(1.1),Q,Y,FRA,S1,S1,P7,_Z,_Z,_Z,XDC,V,N,T0102,2011-Q4,160373.4,,,F,1,A,6,EUR
OECD.SDD.NAD:DSD_NAMAIN1@DF_QNA(1.1),Q,Y,FRA,S1,S1,P7,_Z,_Z,_Z,XDC,V,N,T0102,2010-Q4,149139.9,,,F,1,A,6,EUR
OECD.SDD.NAD:DSD_NAMAIN1@DF_QNA(1.1),Q,Y,FRA,S1,S1,B1GQ,_Z,_Z,_Z,XDC,V,N,T0102,1984-Q2,173579.6,,,F,1,A,6,EUR
OECD.SDD.NAD:DSD_NAMAIN1@DF_QNA(1.1),Q,Y,FRA,S1,S1,B1GQ,_Z,_Z,_Z,XDC,V,N,T0102,1984-Q3,176904.2,,,F,1,A,6,EUR
OECD.SDD.NAD:DSD_NAMAIN1@DF_QNA(1.1),Q,Y,FRA,S1,S1,B1GQ,_Z,_Z,_Z,XDC,V,N,T0102,1984-Q4,178514.9,,,F,1,A,6,EUR
OECD.SDD.NAD:DSD_NAMAIN1@DF_QNA(1.1),Q,Y,FRA,S1,S1,B1GQ,_Z,_Z,_Z,XDC,V,N,T0102,1985-Q1,181874.3,,,F,1,A,6,EUR
OECD.SDD.NAD:DSD_NAMAIN1@DF_QNA(1.1),Q,Y,FRA,S1,S1,B1GQ,_Z,_Z,_Z,XDC,V,N,T0102,1985-Q2,186085.3,,,F,1,A,6,EUR
OECD.SDD.NAD:DSD_NAMAIN1@DF_QNA(1.1),Q,Y,FRA,S1,S1,B1GQ,_Z,_Z,_Z,XDC,V,N,T0102,1985-Q3,189337.4,,,F,1,A,6,EUR
OECD.SDD.NAD:DSD_NAMAIN1@DF_QNA(1.1),Q,Y,FRA,S1,S1,B1GQ,_Z,_Z,_Z,XDC,V,N,T0102,1985-Q4,192844.9,,,F,1,A,6,EUR
OECD.SDD.NAD:DSD_NAMAIN1@DF_QNA(1.1),Q,Y,FRA,S1,S1,B1GQ,_Z,_Z,_Z,XDC,V,N,T0102,1986-Q1,196752.7,,,F,1,A,6,EUR
OECD.SDD.NAD:DSD_NAMAIN1@DF_QNA(1.1),Q,Y,FRA,S1,S1,B1GQ,_Z,_Z,_Z,XDC,V,N,T0102,1986-Q2,200579,,,F,1,A,6,EUR
OECD.SDD.NAD:DSD_NAMAIN1@DF_QNA(1.1),Q,Y,FRA,S1,S1,B1GQ,_Z,_Z,_Z,XDC,V,N,T0102,1986-Q3,204270.7,,,F,1,A,6,EUR
OECD.SDD.NAD:DSD_NAMAIN1@DF_QNA(1.1),Q,Y,FRA,S1,S1,B1GQ,_Z,_Z,_Z,XDC,V,N,T0102,1986-Q4,206316.8,,,F,1,A,6,EUR
OECD.SDD.NAD:DSD_NAMAIN1@DF_QNA(1.1),Q,Y,FRA,S1,S1,B1GQ,_Z,_Z,_Z,XDC,V,N,T0102,1987-Q1,206767,,,F,1,A,6,EUR
OECD.SDD.NAD:DSD_NAMAIN1@DF_QNA(1.1),Q,Y,FRA,S1,S1,B1GQ,_Z,_Z,_Z,XDC,V,N,T0102,1987-Q2,210551,,,F,1,A,6,EUR
OECD.SDD.NAD:DSD_NAMAIN1@DF_QNA(1.1),Q,Y,FRA,S1,S1,B1GQ,_Z,_Z,_Z,XDC,V,N,T0102,1987-Q3,213721.3,,,F,1,A,6,EUR
OECD.SDD.NAD:DSD_NAMAIN1@DF_QNA(1.1),Q,Y,FRA,S1,S1,B1GQ,_Z,_Z,_Z,XDC,V,N,T0102,1987-Q4,218079.9,,,F,1,A,6,EUR
OECD.SDD.NAD:DSD_NAMAIN1@DF_QNA(1.1),Q,Y,FRA,S1,S1,B1GQ,_Z,_Z,_Z,XDC,V,N,T0102,1988-Q1,222748.5,,,F,1,A,6,EUR
OECD.SDD.NAD:DSD_NAMAIN1@DF_QNA(1.1),Q,Y,FRA,S1,S1,B1GQ,_Z,_Z,_Z,XDC,V,N,T0102,1988-Q2,226293.3,,,F,1,A,6,EUR
OECD.SDD.NAD:DSD_NAMAIN1@DF_QNA(1.1),Q,Y,FRA,S1,S1,B1GQ,_Z,_Z,_Z,XDC,V,N,T0102,1988-Q3,231756.3,,,F,1,A,6,EUR
OECD.SDD.NAD:DSD_NAMAIN1@DF_QNA(1.1),Q,Y,FRA,S1,S1,B1GQ,_Z,_Z,_Z,XDC,V,N,T0102,1988-Q4,236313.4,,,F,1,A,6,EUR
OECD.SDD.NAD:DSD_NAMAIN1@DF_QNA(1.1),Q,Y,FRA,S1,S1,B1GQ,_Z,_Z,_Z,XDC,V,N,T0102,1989-Q1,241151.2,,,F,1,A,6,EUR
OECD.SDD.NAD:DSD_NAMAIN1@DF_QNA(1.1),Q,Y,FRA,S1,S1,B1GQ,_Z,_Z,_Z,XDC,V,N,T0102,1989-Q2,244730.1,,,F,1,A,6,EUR
OECD.SDD.NAD:DSD_NAMAIN1@DF_QNA(1.1),Q,Y,FRA,S1,S1,B1GQ,_Z,_Z,_Z,XDC,V,N,T0102,1989-Q3,249282.4,,,F,1,A,6,EUR
OECD.SDD.NAD:DSD_NAMAIN1@DF_QNA(1.1),Q,Y,FRA,S1,S1,P7,_Z,_Z,_Z,XDC,V,N,T0102,1985-Q2,46018.9,,,F,1,A,6,EUR
OECD.SDD.NAD:DSD_NAMAIN1@DF_QNA(1.1),Q,Y,FRA,S1,S1,P7,_Z,_Z,_Z,XDC,V,N,T0102,1985-Q1,46743.5,,,F,1,A,6,EUR
OECD.SDD.NAD:DSD_NAMAIN1@DF_QNA(1.1),Q,Y,FRA,S1,S1,P7,_Z,_Z,_Z,XDC,V,N,T0102,1984-Q4,44869.3,,,F,1,A,6,EUR
OECD.SDD.NAD:DSD_NAMAIN1@DF_QNA(1.1),Q,Y,FRA,S1,S1,P7,_Z,_Z,_Z,XDC,V,N,T0102,1984-Q3,42562.3,,,F,1,A,6,EUR
OECD.SDD.NAD:DSD_NAMAIN1@DF_QNA(1.1),Q,Y,FRA,S1,S1,P7,_Z,_Z,_Z,XDC,V,N,T0102,1984-Q2,42181.1,,,F,1,A,6,EUR
OECD.SDD.NAD:DSD_NAMAIN1@DF_QNA(1.1),Q,Y,FRA,S1,S1,P7,_Z,_Z,_Z,XDC,V,N,T0102,1984-Q1,41715,,,F,1,A,6,EUR
OECD.SDD.NAD:DSD_NAMAIN1@DF_QNA(1.1),Q,Y,FRA,S1,S1,P7,_Z,_Z,_Z,XDC,V,N,T0102,1983-Q4,39636.3,,,F,1,A,6,EUR
OECD.SDD.NAD:DSD_NAMAIN1@DF_QNA(1.1),Q,Y,FRA,S1,S1,P7,_Z,_Z,_Z,XDC,V,N,T0102,1983-Q3,37543.8,,,F,1,A,6,EUR
OECD.SDD.NAD:DSD_NAMAIN1@DF_QNA(1.1),Q,Y,FRA,S1,S1,P7,_Z,_Z,_Z,XDC,V,N,T0102,1983-Q2,36938,,,F,1,A,6,EUR
OECD.SDD.NAD:DSD_NAMAIN1@DF_QNA(1.1),Q,Y,FRA,S1,S1,P7,_Z,_Z,_Z,XDC,V,N,T0102,1983-Q1,37089.9,,,F,1,A,6,EUR
OECD.SDD.NAD:DSD_NAMAIN1@DF_QNA(1.1),Q,Y,FRA,S1,S1,P7,_Z,_Z,_Z,XDC,V,N,T0102,1982-Q4,37677.9,,,F,1,A,6,EUR
OECD.SDD.NAD:DSD_NAMAIN1@DF_QNA(1.1),Q,Y,FRA,S1,S1,P7,_Z,_Z,_Z,XDC,V,N,T0102,1982-Q3,36633.8,,,F,1,A,6,EUR
OECD.SDD.NAD:DSD_NAMAIN1@DF_QNA(1.1),Q,Y,FRA,S1,S1,P7,_Z,_Z,_Z,XDC,V,N,T0102,1982-Q2,34965.7,,,F,1,A,6,EUR
OECD.SDD.NAD:DSD_NAMAIN1@DF_QNA(1.1),Q,Y,FRA,S1,S1,P7,_Z,_Z,_Z,XDC,V,N,T0102,1982-Q1,33711.3,,,F,1,A,6,EUR
OECD.SDD.NAD:DSD_NAMAIN1@DF_QNA(1.1),Q,Y,FRA,S1,S1,P7,_Z,_Z,_Z,XDC,V,N,T0102,1981-Q4,33139.2,,,F,1,A,6,EUR
OECD.SDD.NAD:DSD_NAMAIN1@DF_QNA(1.1),Q,Y,FRA,S1,S1,P7,_Z,_Z,_Z,XDC,V,N,T0102,1981-Q3,31540,,,F,1,A,6,EUR
OECD.SDD.NAD:DSD_NAMAIN1@DF_QNA(1.1),Q,Y,FRA,S1,S1,P7,_Z,_Z,_Z,XDC,V,N,T0102,1981-Q2,29499.5,,,F,1,A,6,EUR
OECD.SDD.NAD:DSD_NAMAIN1@DF_QNA(1.1),Q,Y,FRA,S1,S1,P7,_Z,_Z,_Z,XDC,V,N,T0102,1981-Q1,28335.1,,,F,1,A,6,EUR
OECD.SDD.NAD:DSD_NAMAIN1@DF_QNA(1.1),Q,Y,FRA,S1,S1,P7,_Z,_Z,_Z,XDC,V,N,T0102,1980-Q4,27167.7,,,F,1,A,6,EUR
OECD.SDD.NAD:DSD_NAMAIN1@DF_QNA(1.1),Q,Y,FRA,S1,S1,P7,_Z,_Z,_Z,XDC,V,N,T0102,1980-Q3,26279.4,,,F,1,A,6,EUR
OECD.SDD.NAD:DSD_NAMAIN1@DF_QNA(1.1),Q,Y,FRA,S1,S1,P7,_Z,_Z,_Z,XDC,V,N,T0102,2012-Q2,162810.4,,,F,1,A,6,EUR
OECD.SDD.NAD:DSD_NAMAIN1@DF_QNA(1.1),Q,Y,FRA,S1,S1,P7,_Z,_Z,_Z,XDC,V,N,T0102,2011-Q3,160394.8,,,F,1,A,6,EUR
OECD.SDD.NAD:DSD_NAMAIN1@DF_QNA(1.1),Q,Y,FRA,S1,S1,P7,_Z,_Z,_Z,XDC,V,N,T0102,2007-Q4,145870.7,,,F,1,A,6,EUR
OECD.SDD.NAD:DSD_NAMAIN1@DF_QNA(1.1),Q,Y,FRA,S1,S1,P7,_Z,_Z,_Z,XDC,V,N,T0102,2017-Q2,187962.2,,,F,1,A,6,EUR
OECD.SDD.NAD:DSD_NAMAIN1@DF_QNA(1.1),Q,Y,FRA,S1,S1,P7,_Z,_Z,_Z,XDC,V,N,T0102,2017-Q1,187828.7,,,F,1,A,6,EUR
OECD.SDD.NAD:DSD_NAMAIN1@DF_QNA(1.1),Q,Y,FRA,S1,S1,P6,_Z,_Z,_Z,XDC,V,N,T0102,2025-Q3,254352.6,,,F,1,A,6,EUR
OECD.SDD.NAD:DSD_NAMAIN1@DF_QNA(1.1),Q,Y,FRA,S1,S1,P6,_Z,_Z,_Z,XDC,V,N,T0102,1996-Q4,78271.1,,,F,1,A,6,EUR
OECD.SDD.NAD:DSD_NAMAIN1@DF_QNA(1.1),Q,Y,FRA,S1,S1,P6,_Z,_Z,_Z,XDC,V,N,T0102,1996-Q3,74822.7,,,F,1,A,6,EUR
OECD.SDD.NAD:DSD_NAMAIN1@DF_QNA(1.1),Q,Y,FRA,S1,S1,P6,_Z,_Z,_Z,XDC,V,N,T0102,2013-Q1,160573.6,,,F,1,A,6,EUR
OECD.SDD.NAD:DSD_NAMAIN1@DF_QNA(1.1),Q,Y,FRA,S1,S1,P6,_Z,_Z,_Z,XDC,V,N,T0102,2014-Q1,164931.4,,,F,1,A,6,EUR
OECD.SDD.NAD:DSD_NAMAIN1@DF_QNA(1.1),Q,Y,FRA,S1,S1,P7,_Z,_Z,_Z,XDC,V,N,T0102,2015-Q2,175631.2,,,F,1,A,6,EUR
OECD.SDD.NAD:DSD_NAMAIN1@DF_QNA(1.1),Q,Y,FRA,S1,S1,P7,_Z,_Z,_Z,XDC,V,N,T0102,2013-Q4,168001.3,,,F,1,A,6,EUR
OECD.SDD.NAD:DSD_NAMAIN1@DF_QNA(1.1),Q,Y,FRA,S1,S1,P7,_Z,_Z,_Z,XDC,V,N,T0102,2012-Q4,163270.3,,,F,1,A,6,EUR
OECD.SDD.NAD:DSD_NAMAIN1@DF_QNA(1.1),Q,Y,FRA,S1,S1,P7,_Z,_Z,_Z,XDC,V,N,T0102,2012-Q3,164604.3,,,F,1,A,6,EUR
OECD.SDD.NAD:DSD_NAMAIN1@DF_QNA(1.1),Q,Y,FRA,S1,S1,P7,_Z,_Z,_Z,XDC,V,N,T0102,2006-Q2,134379,,,F,1,A,6,EUR
OECD.SDD.NAD:DSD_NAMAIN1@DF_QNA(1.1),Q,Y,FRA,S1,S1,P7,_Z,_Z,_Z,XDC,V,N,T0102,2006-Q1,131278.4,,,F,1,A,6,EUR
OECD.SDD.NAD:DSD_NAMAIN1@DF_QNA(1.1),Q,Y,FRA,S1,S1,P7,_Z,_Z,_Z,XDC,V,N,T0102,1999-Q1,81062,,,F,1,A,6,EUR
OECD.SDD.NAD:DSD_NAMAIN1@DF_QNA(1.1),Q,Y,FRA,S1,S1,P7,_Z,_Z,_Z,XDC,V,N,T0102,1998-Q4,81555.1,,,F,1,A,6,EUR
OECD.SDD.NAD:DSD_NAMAIN1@DF_QNA(1.1),Q,Y,FRA,S1,S1,P7,_Z,_Z,_Z,XDC,V,N,T0102,1998-Q3,81441.7,,,F,1,A,6,EUR
OECD.SDD.NAD:DSD_NAMAIN1@DF_QNA(1.1),Q,Y,FRA,S1,S1,P7,_Z,_Z,_Z,XDC,V,N,T0102,1994-Q2,60542.2,,,F,1,A,6,EUR
OECD.SDD.NAD:DSD_NAMAIN1@DF_QNA(1.1),Q,Y,FRA,S1,S1,P7,_Z,_Z,_Z,XDC,V,N,T0102,2015-Q1,172579.8,,,F,1,A,6,EUR
OECD.SDD.NAD:DSD_NAMAIN1@DF_QNA(1.1),Q,Y,FRA,S1,S1,P7,_Z,_Z,_Z,XDC,V,N,T0102,2014-Q4,170663.5,,,F,1,A,6,EUR
OECD.SDD.NAD:DSD_NAMAIN1@DF_QNA(1.1),Q,Y,FRA,S1,S1,P7,_Z,_Z,_Z,XDC,V,N,T0102,2006-Q4,136612.9,,,F,1,A,6,EUR
OECD.SDD.NAD:DSD_NAMAIN1@DF_QNA(1.1),Q,Y,FRA,S1,S1,P7,_Z,_Z,_Z,XDC,V,N,T0102,2006-Q3,133830.2,,,F,1,A,6,EUR
OECD.SDD.NAD:DSD_NAMAIN1@DF_QNA(1.1),Q,Y,FRA,S1,S1,P7,_Z,_Z,_Z,XDC,V,N,T0102,2004-Q1,105811.7,,,F,1,A,6,EUR
OECD.SDD.NAD:DSD_NAMAIN1@DF_QNA(1.1),Q,Y,FRA,S1,S1,P7,_Z,_Z,_Z,XDC,V,N,T0102,2003-Q4,104097.3,,,F,1,A,6,EUR
OECD.SDD.NAD:DSD_NAMAIN1@DF_QNA(1.1),Q,Y,FRA,S1,S1,P7,_Z,_Z,_Z,XDC,V,N,T0102,2002-Q2,105042.4,,,F,1,A,6,EUR
OECD.SDD.NAD:DSD_NAMAIN1@DF_QNA(1.1),Q,Y,FRA,S1,S1,P7,_Z,_Z,_Z,XDC,V,N,T0102,1997-Q2,72739.5,,,F,1,A,6,EUR
OECD.SDD.NAD:DSD_NAMAIN1@DF_QNA(1.1),Q,Y,FRA,S1,S1,P7,_Z,_Z,_Z,XDC,V,N,T0102,1997-Q1,71290.2,,,F,1,A,6,EUR
OECD.SDD.NAD:DSD_NAMAIN1@DF_QNA(1.1),Q,Y,FRA,S1,S1,P7,_Z,_Z,_Z,XDC,V,N,T0102,1996-Q4,70451.7,,,F,1,A,6,EUR
OECD.SDD.NAD:DSD_NAMAIN1@DF_QNA(1.1),Q,Y,FRA,S1,S1,P7,_Z,_Z,_Z,XDC,V,N,T0102,1996-Q3,68142.9,,,F,1,A,6,EUR
OECD.SDD.NAD:DSD_NAMAIN1@DF_QNA(1.1),Q,Y,FRA,S1,S1,P7,_Z,_Z,_Z,XDC,V,N,T0102,1998-Q1,80904.9,,,F,1,A,6,EUR
OECD.SDD.NAD:DSD_NAMAIN1@DF_QNA(1.1),Q,Y,FRA,S1,S1,P7,_Z,_Z,_Z,XDC,V,N,T0102,1997-Q4,78585.2,,,F,1,A,6,EUR
OECD.SDD.NAD:DSD_NAMAIN1@DF_QNA(1.1),Q,Y,FRA,S1,S1,P7,_Z,_Z,_Z,XDC,V,N,T0102,1997-Q3,76620.4,,,F,1,A,6,EUR
OECD.SDD.NAD:DSD_NAMAIN1@DF_QNA(1.1),Q,Y,FRA,S1,S1,P7,_Z,_Z,_Z,XDC,V,N,T0102,1999-Q3,85681.6,,,F,1,A,6,EUR
OECD.SDD.NAD:DSD_NAMAIN1@DF_QNA(1.1),Q,Y,FRA,S1,S1,P7,_Z,_Z,_Z,XDC,V,N,T0102,1999-Q2,82741.7,,,F,1,A,6,EUR
OECD.SDD.NAD:DSD_NAMAIN1@DF_QNA(1.1),Q,Y,FRA,S1,S1,P7,_Z,_Z,_Z,XDC,V,N,T0102,1998-Q2,81912.6,,,F,1,A,6,EUR
OECD.SDD.NAD:DSD_NAMAIN1@DF_QNA(1.1),Q,Y,FRA,S1,S1,P7,_Z,_Z,_Z,XDC,V,N,T0102,2009-Q2,125454.3,,,F,1,A,6,EUR
OECD.SDD.NAD:DSD_NAMAIN1@DF_QNA(1.1),Q,Y,FRA,S1,S1,P7,_Z,_Z,_Z,XDC,V,N,T0102,2008-Q3,152473.8,,,F,1,A,6,EUR
OECD.SDD.NAD:DSD_NAMAIN1@DF_QNA(1.1),Q,Y,FRA,S1,S1,P7,_Z,_Z,_Z,XDC,V,N,T0102,2007-Q1,137385.5,,,F,1,A,6,EUR
OECD.SDD.NAD:DSD_NAMAIN1@DF_QNA(1.1),Q,Y,FRA,S1,S1,P7,_Z,_Z,_Z,XDC,V,N,T0102,2005-Q3,122824.5,,,F,1,A,6,EUR
OECD.SDD.NAD:DSD_NAMAIN1@DF_QNA(1.1),Q,Y,FRA,S1,S1,P7,_Z,_Z,_Z,XDC,V,N,T0102,2005-Q2,118187.5,,,F,1,A,6,EUR
OECD.SDD.NAD:DSD_NAMAIN1@DF_QNA(1.1),Q,Y,FRA,S1,S1,P7,_Z,_Z,_Z,XDC,V,N,T0102,2003-Q1,105331.3,,,F,1,A,6,EUR
OECD.SDD.NAD:DSD_NAMAIN1@DF_QNA(1.1),Q,Y,FRA,S1,S1,P7,_Z,_Z,_Z,XDC,V,N,T0102,2002-Q1,104182,,,F,1,A,6,EUR
OECD.SDD.NAD:DSD_NAMAIN1@DF_QNA(1.1),Q,Y,FRA,S1,S1,P7,_Z,_Z,_Z,XDC,V,N,T0102,2001-Q4,101692.5,,,F,1,A,6,EUR
OECD.SDD.NAD:DSD_NAMAIN1@DF_QNA(1.1),Q,Y,FRA,S1,S1,P7,_Z,_Z,_Z,XDC,V,N,T0102,2010-Q3,146844.5,,,F,1,A,6,EUR
OECD.SDD.NAD:DSD_NAMAIN1@DF_QNA(1.1),Q,Y,FRA,S1,S1,P7,_Z,_Z,_Z,XDC,V,N,T0102,2010-Q2,141537.4,,,F,1,A,6,EUR
OECD.SDD.NAD:DSD_NAMAIN1@DF_QNA(1.1),Q,Y,FRA,S1,S1,P7,_Z,_Z,_Z,XDC,V,N,T0102,2025-Q3,257593.4,,,F,1,A,6,EUR
OECD.SDD.NAD:DSD_NAMAIN1@DF_QNA(1.1),Q,Y,FRA,S1,S1,P7,_Z,_Z,_Z,XDC,V,N,T0102,2025-Q2,255911,,,F,1,A,6,EUR
OECD.SDD.NAD:DSD_NAMAIN1@DF_QNA(1.1),Q,Y,FRA,S1,S1,P7,_Z,_Z,_Z,XDC,V,N,T0102,2025-Q1,258286.7,,,F,1,A,6,EUR
OECD.SDD.NAD:DSD_NAMAIN1@DF_QNA(1.1),Q,Y,FRA,S1,S1,P7,_Z,_Z,_Z,XDC,V,N,T0102,2024-Q4,254615.3,,,F,1,A,6,EUR
OECD.SDD.NAD:DSD_NAMAIN1@DF_QNA(1.1),Q,Y,FRA,S1,S1,P7,_Z,_Z,_Z,XDC,V,N,T0102,2024-Q3,251052.8,,,F,1,A,6,EUR
OECD.SDD.NAD:DSD_NAMAIN1@DF_QNA(1.1),Q,Y,FRA,S1,S1,P7,_Z,_Z,_Z,XDC,V,N,T0102,2024-Q2,253285.6,,,F,1,A,6,EUR
OECD.SDD.NAD:DSD_NAMAIN1@DF_QNA(1.1),Q,Y,FRA,S1,S1,P7,_Z,_Z,_Z,XDC,V,N,T0102,2026-Q2,269113.4,,,F,1,A,6,EUR
OECD.SDD.NAD:DSD_NAMAIN1@DF_QNA(1.1),Q,Y,FRA,S1,S1,P7,_Z,_Z,_Z,XDC,V,N,T0102,2026-Q1,257044.9,,,F,1,A,6,EUR
OECD.SDD.NAD:DSD_NAMAIN1@DF_QNA(1.1),Q,Y,FRA,S1,S1,P7,_Z,_Z,_Z,XDC,V,N,T0102,2025-Q4,254958.6,,,F,1,A,6,EUR
OECD.SDD.NAD:DSD_NAMAIN1@DF_QNA(1.1),Q,Y,FRA,S1,S1,P7,_Z,_Z,_Z,XDC,V,N,T0102,2024-Q1,250021.2,,,F,1,A,6,EUR
OECD.SDD.NAD:DSD_NAMAIN1@DF_QNA(1.1),Q,Y,FRA,S1,S1,P7,_Z,_Z,_Z,XDC,V,N,T0102,2018-Q2,200717.3,,,F,1,A,6,EUR
OECD.SDD.NAD:DSD_NAMAIN1@DF_QNA(1.1),Q,Y,FRA,S1,S1,P7,_Z,_Z,_Z,XDC,V,N,T0102,2016-Q4,182115.1,,,F,1,A,6,EUR
OECD.SDD.NAD:DSD_NAMAIN1@DF_QNA(1.1),Q,Y,FRA,S1,S1,P7,_Z,_Z,_Z,XDC,V,N,T0102,2015-Q4,177595.7,,,F,1,A,6,EUR
OECD.SDD.NAD:DSD_NAMAIN1@DF_QNA(1.1),Q,Y,FRA,S1,S1,P7,_Z,_Z,_Z,XDC,V,N,T0102,2015-Q3,175291,,,F,1,A,6,EUR
OECD.SDD.NAD:DSD_NAMAIN1@DF_QNA(1.1),Q,Y,FRA,S1,S1,P7,_Z,_Z,_Z,XDC,V,N,T0102,2014-Q2,168682.7,,,F,1,A,6,EUR
OECD.SDD.NAD:DSD_NAMAIN1@DF_QNA(1.1),Q,Y,FRA,S1,S1,P7,_Z,_Z,_Z,XDC,V,N,T0102,2014-Q1,168656.3,,,F,1,A,6,EUR
OECD.SDD.NAD:DSD_NAMAIN1@DF_QNA(1.1),Q,Y,FRA,S1,S1,P7,_Z,_Z,_Z,XDC,V,N,T0102,2013-Q1,163837.5,,,F,1,A,6,EUR
OECD.SDD.NAD:DSD_NAMAIN1@DF_QNA(1.1),Q,Y,FRA,S1,S1,P7,_Z,_Z,_Z,XDC,V,N,T0102,2018-Q1,195643.2,,,F,1,A,6,EUR
OECD.SDD.NAD:DSD_NAMAIN1@DF_QNA(1.1),Q,Y,FRA,S1,S1,P7,_Z,_Z,_Z,XDC,V,N,T0102,2010-Q1,134461.7,,,F,1,A,6,EUR
OECD.SDD.NAD:DSD_NAMAIN1@DF_QNA(1.1),Q,Y,FRA,S1,S1,P7,_Z,_Z,_Z,XDC,V,N,T0102,2009-Q1,129011.4,,,F,1,A,6,EUR
OECD.SDD.NAD:DSD_NAMAIN1@DF_QNA(1.1),Q,Y,FRA,S1,S1,P7,_Z,_Z,_Z,XDC,V,N,T0102,2008-Q4,142128,,,F,1,A,6,EUR
OECD.SDD.NAD:DSD_NAMAIN1@DF_QNA(1.1),Q,Y,FRA,S1,S1,P7,_Z,_Z,_Z,XDC,V,N,T0102,2007-Q3,143764.3,,,F,1,A,6,EUR
OECD.SDD.NAD:DSD_NAMAIN1@DF_QNA(1.1),Q,Y,FRA,S1,S1,P7,_Z,_Z,_Z,XDC,V,N,T0102,2007-Q2,141529.2,,,F,1,A,6,EUR
OECD.SDD.NAD:DSD_NAMAIN1@DF_QNA(1.1),Q,Y,FRA,S1,S1,P7,_Z,_Z,_Z,XDC,V,N,T0102,2005-Q4,128262.5,,,F,1,A,6,EUR
OECD.SDD.NAD:DSD_NAMAIN1@DF_QNA(1.1),Q,Y,FRA,S1,S1,P7,_Z,_Z,_Z,XDC,V,N,T0102,2018-Q4,201194.9,,,F,1,A,6,EUR
OECD.SDD.NAD:DSD_NAMAIN1@DF_QNA(1.1),Q,Y,FRA,S1,S1,P7,_Z,_Z,_Z,XDC,V,N,T0102,2018-Q3,201631.1,,,F,1,A,6,EUR
OECD.SDD.NAD:DSD_NAMAIN1@DF_QNA(1.1),Q,Y,FRA,S1,S1,P7,_Z,_Z,_Z,XDC,V,N,T0102,2003-Q3,102375.1,,,F,1,A,6,EUR
OECD.SDD.NAD:DSD_NAMAIN1@DF_QNA(1.1),Q,Y,FRA,S1,S1,P7,_Z,_Z,_Z,XDC,V,N,T0102,2003-Q2,102767,,,F,1,A,6,EUR
OECD.SDD.NAD:DSD_NAMAIN1@DF_QNA(1.1),Q,Y,FRA,S1,S1,P7,_Z,_Z,_Z,XDC,V,N,T0102,2001-Q2,106484.9,,,F,1,A,6,EUR
OECD.SDD.NAD:DSD_NAMAIN1@DF_QNA(1.1),Q,Y,FRA,S1,S1,B1GQ,_Z,_Z,_Z,XDC,V,N,T0102,1983-Q1,154297.5,,,F,1,A,6,EUR
OECD.SDD.NAD:DSD_NAMAIN1@DF_QNA(1.1),Q,Y,FRA,S1,S1,B1GQ,_Z,_Z,_Z,XDC,V,N,T0102,1983-Q2,158577.7,,,F,1,A,6,EUR
OECD.SDD.NAD:DSD_NAMAIN1@DF_QNA(1.1),Q,Y,FRA,S1,S1,B1GQ,_Z,_Z,_Z,XDC,V,N,T0102,1983-Q3,163049.3,,,F,1,A,6,EUR
OECD.SDD.NAD:DSD_NAMAIN1@DF_QNA(1.1),Q,Y,FRA,S1,S1,B1GQ,_Z,_Z,_Z,XDC,V,N,T0102,1983-Q4,166615.7,,,F,1,A,6,EUR
OECD.SDD.NAD:DSD_NAMAIN1@DF_QNA(1.1),Q,Y,FRA,S1,S1,B1GQ,_Z,_Z,_Z,XDC,V,N,T0102,1984-Q1,170501,,,F,1,A,6,EUR
OECD.SDD.NAD:DSD_NAMAIN1@DF_QNA(1.1),Q,Y,FRA,S1,S1,P6,_Z,_Z,_Z,XDC,V,N,T0102,2022-Q1,229836.5,,,F,1,A,6,EUR
OECD.SDD.NAD:DSD_NAMAIN1@DF_QNA(1.1),Q,Y,FRA,S1,S1,P6,_Z,_Z,_Z,XDC,V,N,T0102,2022-Q2,238796.6,,,F,1,A,6,EUR
OECD.SDD.NAD:DSD_NAMAIN1@DF_QNA(1.1),Q,Y,FRA,S1,S1,P6,_Z,_Z,_Z,XDC,V,N,T0102,2022-Q3,251136.8,,,F,1,A,6,EUR
OECD.SDD.NAD:DSD_NAMAIN1@DF_QNA(1.1),Q,Y,FRA,S1,S1,P6,_Z,_Z,_Z,XDC,V,N,T0102,2022-Q4,250964.2,,,F,1,A,6,EUR
OECD.SDD.NAD:DSD_NAMAIN1@DF_QNA(1.1),Q,Y,FRA,S1,S1,P6,_Z,_Z,_Z,XDC,V,N,T0102,2017-Q4,189692.7,,,F,1,A,6,EUR
OECD.SDD.NAD:DSD_NAMAIN1@DF_QNA(1.1),Q,Y,FRA,S1,S1,P6,_Z,_Z,_Z,XDC,V,N,T0102,2018-Q1,189583.6,,,F,1,A,6,EUR
OECD.SDD.NAD:DSD_NAMAIN1@DF_QNA(1.1),Q,Y,FRA,S1,S1,P6,_Z,_Z,_Z,XDC,V,N,T0102,2019-Q1,202095.8,,,F,1,A,6,EUR
OECD.SDD.NAD:DSD_NAMAIN1@DF_QNA(1.1),Q,Y,FRA,S1,S1,P6,_Z,_Z,_Z,XDC,V,N,T0102,2019-Q4,198988.5,,,F,1,A,6,EUR
OECD.SDD.NAD:DSD_NAMAIN1@DF_QNA(1.1),Q,Y,DEU,S1,S1,P7,_Z,_Z,_Z,XDC,V,N,T0102,2013-Q3,260067,,,F,1,A,6,EUR
OECD.SDD.NAD:DSD_NAMAIN1@DF_QNA(1.1),Q,Y,DEU,S1,S1,P7,_Z,_Z,_Z,XDC,V,N,T0102,2013-Q2,257807,,,F,1,A,6,EUR
OECD.SDD.NAD:DSD_NAMAIN1@DF_QNA(1.1),Q,Y,FRA,S1,S1,B1GQ,_Z,_Z,_Z,XDC,V,N,T0102,1989-Q4,254436.7,,,F,1,A,6,EUR
OECD.SDD.NAD:DSD_NAMAIN1@DF_QNA(1.1),Q,Y,FRA,S1,S1,B1GQ,_Z,_Z,_Z,XDC,V,N,T0102,1990-Q1,257330.8,,,F,1,A,6,EUR
OECD.SDD.NAD:DSD_NAMAIN1@DF_QNA(1.1),Q,Y,FRA,S1,S1,B1GQ,_Z,_Z,_Z,XDC,V,N,T0102,1990-Q2,260765.6,,,F,1,A,6,EUR
OECD.SDD.NAD:DSD_NAMAIN1@DF_QNA(1.1),Q,Y,FRA,S1,S1,B1GQ,_Z,_Z,_Z,XDC,V,N,T0102,1990-Q3,262308.5,,,F,1,A,6,EUR
OECD.SDD.NAD:DSD_NAMAIN1@DF_QNA(1.1),Q,Y,FRA,S1,S1,B1GQ,_Z,_Z,_Z,XDC,V,N,T0102,1990-Q4,264098.4,,,F,1,A,6,EUR
OECD.SDD.NAD:DSD_NAMAIN1@DF_QNA(1.1),Q,Y,FRA,S1,S1,B1GQ,_Z,_Z,_Z,XDC,V,N,T0102,1991-Q1,266142.7,,,F,1,A,6,EUR
OECD.SDD.NAD:DSD_NAMAIN1@DF_QNA(1.1),Q,Y,FRA,S1,S1,B1GQ,_Z,_Z,_Z,XDC,V,N,T0102,1991-Q2,269870.6,,,F,1,A,6,EUR
OECD.SDD.NAD:DSD_NAMAIN1@DF_QNA(1.1),Q,Y,FRA,S1,S1,B1GQ,_Z,_Z,_Z,XDC,V,N,T0102,1991-Q3,272521.9,,,F,1,A,6,EUR
OECD.SDD.NAD:DSD_NAMAIN1@DF_QNA(1.1),Q,Y,FRA,S1,S1,B1GQ,_Z,_Z,_Z,XDC,V,N,T0102,1991-Q4,275248,,,F,1,A,6,EUR
OECD.SDD.NAD:DSD_NAMAIN1@DF_QNA(1.1),Q,Y,FRA,S1,S1,B1GQ,_Z,_Z,_Z,XDC,V,N,T0102,1992-Q1,279385.1,,,F,1,A,6,EUR
OECD.SDD.NAD:DSD_NAMAIN1@DF_QNA(1.1),Q,Y,FRA,S1,S1,B1GQ,_Z,_Z,_Z,XDC,V,N,T0102,1992-Q2,279894.5,,,F,1,A,6,EUR
OECD.SDD.NAD:DSD_NAMAIN1@DF_QNA(1.1),Q,Y,FRA,S1,S1,B1GQ,_Z,_Z,_Z,XDC,V,N,T0102,1999-Q4,355431,,,F,1,A,6,EUR
OECD.SDD.NAD:DSD_NAMAIN1@DF_QNA(1.1),Q,Y,FRA,S1,S1,B1GQ,_Z,_Z,_Z,XDC,V,N,T0102,2001-Q2,381391.1,,,F,1,A,6,EUR
OECD.SDD.NAD:DSD_NAMAIN1@DF_QNA(1.1),Q,Y,FRA,S1,S1,B1GQ,_Z,_Z,_Z,XDC,V,N,T0102,2004-Q2,420780.5,,,F,1,A,6,EUR
OECD.SDD.NAD:DSD_NAMAIN1@DF_QNA(1.1),Q,Y,FRA,S1,S1,B1GQ,_Z,_Z,_Z,XDC,V,N,T0102,2004-Q3,424036.5,,,F,1,A,6,EUR
OECD.SDD.NAD:DSD_NAMAIN1@DF_QNA(1.1),Q,Y,FRA,S1,S1,B1GQ,_Z,_Z,_Z,XDC,V,N,T0102,2005-Q1,433477,,,F,1,A,6,EUR
OECD.SDD.NAD:DSD_NAMAIN1@DF_QNA(1.1),Q,Y,FRA,S1,S1,B1GQ,_Z,_Z,_Z,XDC,V,N,T0102,1992-Q3,280867.3,,,F,1,A,6,EUR
OECD.SDD.NAD:DSD_NAMAIN1@DF_QNA(1.1),Q,Y,FRA,S1,S1,P7,_Z,_Z,_Z,XDC,V,N,T0102,2017-Q4,193336.8,,,F,1,A,6,EUR
OECD.SDD.NAD:DSD_NAMAIN1@DF_QNA(1.1),Q,Y,FRA,S1,S1,P7,_Z,_Z,_Z,XDC,V,N,T0102,2022-Q4,270313.4,,,F,1,A,6,EUR
OECD.SDD.NAD:DSD_NAMAIN1@DF_QNA(1.1),Q,Y,FRA,S1,S1,P7,_Z,_Z,_Z,XDC,V,N,T0102,2022-Q3,276558.3,,,F,1,A,6,EUR
OECD.SDD.NAD:DSD_NAMAIN1@DF_QNA(1.1),Q,Y,FRA,S1,S1,P7,_Z,_Z,_Z,XDC,V,N,T0102,2022-Q2,256160.6,,,F,1,A,6,EUR
OECD.SDD.NAD:DSD_NAMAIN1@DF_QNA(1.1),Q,Y,FRA,S1,S1,P7,_Z,_Z,_Z,XDC,V,N,T0102,2022-Q1,240379.4,,,F,1,A,6,EUR
OECD.SDD.NAD:DSD_NAMAIN1@DF_QNA(1.1),Q,Y,FRA,S1,S1,P7,_Z,_Z,_Z,XDC,V,N,T0102,2021-Q4,223651.2,,,F,1,A,6,EUR
OECD.SDD.NAD:DSD_NAMAIN1@DF_QNA(1.1),Q,Y,FRA,S1,S1,P7,_Z,_Z,_Z,XDC,V,N,T0102,2021-Q3,203785.6,,,F,1,A,6,EUR
OECD.SDD.NAD:DSD_NAMAIN1@DF_QNA(1.1),Q,Y,FRA,S1,S1,P7,_Z,_Z,_Z,XDC,V,N,T0102,2021-Q2,196313.8,,,F,1,A,6,EUR
OECD.SDD.NAD:DSD_NAMAIN1@DF_QNA(1.1),Q,Y,FRA,S1,S1,P7,_Z,_Z,_Z,XDC,V,N,T0102,2020-Q3,178834.2,,,F,1,A,6,EUR
OECD.SDD.NAD:DSD_NAMAIN1@DF_QNA(1.1),Q,Y,FRA,S1,S1,P7,_Z,_Z,_Z,XDC,V,N,T0102,2023-Q2,257700.6,,,F,1,A,6,EUR
OECD.SDD.NAD:DSD_NAMAIN1@DF_QNA(1.1),Q,Y,FRA,S1,S1,P7,_Z,_Z,_Z,XDC,V,N,T0102,2023-Q1,261004.5,,,F,1,A,6,EUR
OECD.SDD.NAD:DSD_NAMAIN1@DF_QNA(1.1),Q,Y,FRA,S1,S1,P7,_Z,_Z,_Z,XDC,V,N,T0102,2021-Q1,188911.2,,,F,1,A,6,EUR
OECD.SDD.NAD:DSD_NAMAIN1@DF_QNA(1.1),Q,Y,FRA,S1,S1,P7,_Z,_Z,_Z,XDC,V,N,T0102,2020-Q2,153372.4,,,F,1,A,6,EUR
OECD.SDD.NAD:DSD_NAMAIN1@DF_QNA(1.1),Q,Y,FRA,S1,S1,P7,_Z,_Z,_Z,XDC,V,N,T0102,2020-Q1,188239.4,,,F,1,A,6,EUR
OECD.SDD.NAD:DSD_NAMAIN1@DF_QNA(1.1),Q,Y,FRA,S1,S1,P7,_Z,_Z,_Z,XDC,V,N,T0102,2019-Q4,201413.3,,,F,1,A,6,EUR
OECD.SDD.NAD:DSD_NAMAIN1@DF_QNA(1.1),Q,Y,FRA,S1,S1,P7,_Z,_Z,_Z,XDC,V,N,T0102,2019-Q1,205261.2,,,F,1,A,6,EUR
OECD.SDD.NAD:DSD_NAMAIN1@DF_QNA(1.1),Q,Y,FRA,S1,S1,P7,_Z,_Z,_Z,XDC,V,N,T0102,2023-Q4,251749,,,F,1,A,6,EUR
OECD.SDD.NAD:DSD_NAMAIN1@DF_QNA(1.1),Q,Y,FRA,S1,S1,P7,_Z,_Z,_Z,XDC,V,N,T0102,2023-Q3,256429.1,,,F,1,A,6,EUR
OECD.SDD.NAD:DSD_NAMAIN1@DF_QNA(1.1),Q,Y,FRA,S1,S1,P7,_Z,_Z,_Z,XDC,V,N,T0102,1996-Q2,68346.2,,,F,1,A,6,EUR
OECD.SDD.NAD:DSD_NAMAIN1@DF_QNA(1.1),Q,Y,FRA,S1,S1,P7,_Z,_Z,_Z,XDC,V,N,T0102,1996-Q1,67800.9,,,F,1,A,6,EUR
OECD.SDD.NAD:DSD_NAMAIN1@DF_QNA(1.1),Q,Y,FRA,S1,S1,P7,_Z,_Z,_Z,XDC,V,N,T0102,2020-Q4,180916.4,,,F,1,A,6,EUR
OECD.SDD.NAD:DSD_NAMAIN1@DF_QNA(1.1),Q,Y,FRA,S1,S1,P7,_Z,_Z,_Z,XDC,V,N,T0102,1995-Q4,66639,,,F,1,A,6,EUR
OECD.SDD.NAD:DSD_NAMAIN1@DF_QNA(1.1),Q,Y,FRA,S1,S1,P7,_Z,_Z,_Z,XDC,V,N,T0102,1995-Q3,66918.7,,,F,1,A,6,EUR
OECD.SDD.NAD:DSD_NAMAIN1@DF_QNA(1.1),Q,Y,FRA,S1,S1,P7,_Z,_Z,_Z,XDC,V,N,T0102,1995-Q2,66642.6,,,F,1,A,6,EUR
OECD.SDD.NAD:DSD_NAMAIN1@DF_QNA(1.1),Q,Y,FRA,S1,S1,P7,_Z,_Z,_Z,XDC,V,N,T0102,1995-Q1,64636.2,,,F,1,A,6,EUR
OECD.SDD.NAD:DSD_NAMAIN1@DF_QNA(1.1),Q,Y,FRA,S1,S1,P7,_Z,_Z,_Z,XDC,V,N,T0102,1994-Q4,64876.2,,,F,1,A,6,EUR
OECD.SDD.NAD:DSD_NAMAIN1@DF_QNA(1.1),Q,Y,FRA,S1,S1,P7,_Z,_Z,_Z,XDC,V,N,T0102,1994-Q3,62069.1,,,F,1,A,6,EUR
OECD.SDD.NAD:DSD_NAMAIN1@DF_QNA(1.1),Q,Y,FRA,S1,S1,P7,_Z,_Z,_Z,XDC,V,N,T0102,1980-Q2,25566.8,,,F,1,A,6,EUR
OECD.SDD.NAD:DSD_NAMAIN1@DF_QNA(1.1),Q,Y,FRA,S1,S1,P7,_Z,_Z,_Z,XDC,V,N,T0102,1980-Q1,24913.6,,,F,1,A,6,EUR
OECD.SDD.NAD:DSD_NAMAIN1@DF_QNA(1.1),Q,Y,FRA,S1,S1,P7,_Z,_Z,_Z,XDC,V,N,T0102,1992-Q2,60800,,,F,1,A,6,EUR
OECD.SDD.NAD:DSD_NAMAIN1@DF_QNA(1.1),Q,Y,FRA,S1,S1,P7,_Z,_Z,_Z,XDC,V,N,T0102,1992-Q1,61509.2,,,F,1,A,6,EUR
OECD.SDD.NAD:DSD_NAMAIN1@DF_QNA(1.1),Q,Y,FRA,S1,S1,P7,_Z,_Z,_Z,XDC,V,N,T0102,1991-Q4,61927.4,,,F,1,A,6,EUR
OECD.SDD.NAD:DSD_NAMAIN1@DF_QNA(1.1),Q,Y,FRA,S1,S1,P7,_Z,_Z,_Z,XDC,V,N,T0102,1991-Q3,61585.1,,,F,1,A,6,EUR
OECD.SDD.NAD:DSD_NAMAIN1@DF_QNA(1.1),Q,Y,FRA,S1,S1,P7,_Z,_Z,_Z,XDC,V,N,T0102,1991-Q2,60726.7,,,F,1,A,6,EUR
OECD.SDD.NAD:DSD_NAMAIN1@DF_QNA(1.1),Q,Y,FRA,S1,S1,P7,_Z,_Z,_Z,XDC,V,N,T0102,1991-Q1,60732.4,,,F,1,A,6,EUR
OECD.SDD.NAD:DSD_NAMAIN1@DF_QNA(1.1),Q,Y,FRA,S1,S1,P7,_Z,_Z,_Z,XDC,V,N,T0102,1990-Q4,60117.1,,,F,1,A,6,EUR
OECD.SDD.NAD:DSD_NAMAIN1@DF_QNA(1.1),Q,Y,FRA,S1,S1,P7,_Z,_Z,_Z,XDC,V,N,T0102,1990-Q3,58940.3,,,F,1,A,6,EUR
OECD.SDD.NAD:DSD_NAMAIN1@DF_QNA(1.1),Q,Y,FRA,S1,S1,P7,_Z,_Z,_Z,XDC,V,N,T0102,1990-Q2,58300.6,,,F,1,A,6,EUR
OECD.SDD.NAD:DSD_NAMAIN1@DF_QNA(1.1),Q,Y,FRA,S1,S1,P7,_Z,_Z,_Z,XDC,V,N,T0102,1990-Q1,59017.4,,,F,1,A,6,EUR
OECD.SDD.NAD:DSD_NAMAIN1@DF_QNA(1.1),Q,Y,FRA,S1,S1,P7,_Z,_Z,_Z,XDC,V,N,T0102,1989-Q4,59855.3,,,F,1,A,6,EUR
OECD.SDD.NAD:DSD_NAMAIN1@DF_QNA(1.1),Q,Y,FRA,S1,S1,P7,_Z,_Z,_Z,XDC,V,N,T0102,1989-Q3,57382,,,F,1,A,6,EUR
OECD.SDD.NAD:DSD_NAMAIN1@DF_QNA(1.1),Q,Y,FRA,S1,S1,P7,_Z,_Z,_Z,XDC,V,N,T0102,1989-Q2,57829.2,,,F,1,A,6,EUR
OECD.SDD.NAD:DSD_NAMAIN1@DF_QNA(1.1),Q,Y,FRA,S1,S1,P7,_Z,_Z,_Z,XDC,V,N,T0102,1989-Q1,55491.3,,,F,1,A,6,EUR
OECD.SDD.NAD:DSD_NAMAIN1@DF_QNA(1.1),Q,Y,FRA,S1,S1,P7,_Z,_Z,_Z,XDC,V,N,T0102,1988-Q4,52979.9,,,F,1,A,6,EUR
OECD.SDD.NAD:DSD_NAMAIN1@DF_QNA(1.1),Q,Y,FRA,S1,S1,P7,_Z,_Z,_Z,XDC,V,N,T0102,1988-Q3,51125.1,,,F,1,A,6,EUR
OECD.SDD.NAD:DSD_NAMAIN1@DF_QNA(1.1),Q,Y,FRA,S1,S1,P7,_Z,_Z,_Z,XDC,V,N,T0102,1988-Q2,48334.1,,,F,1,A,6,EUR
OECD.SDD.NAD:DSD_NAMAIN1@DF_QNA(1.1),Q,Y,FRA,S1,S1,P7,_Z,_Z,_Z,XDC,V,N,T0102,1988-Q1,47485.2,,,F,1,A,6,EUR
OECD.SDD.NAD:DSD_NAMAIN1@DF_QNA(1.1),Q,Y,FRA,S1,S1,P7,_Z,_Z,_Z,XDC,V,N,T0102,1987-Q4,47645.8,,,F,1,A,6,EUR
OECD.SDD.NAD:DSD_NAMAIN1@DF_QNA(1.1),Q,Y,FRA,S1,S1,P7,_Z,_Z,_Z,XDC,V,N,T0102,1987-Q3,45432.6,,,F,1,A,6,EUR
OECD.SDD.NAD:DSD_NAMAIN1@DF_QNA(1.1),Q,Y,FRA,S1,S1,P7,_Z,_Z,_Z,XDC,V,N,T0102,1987-Q2,44898.7,,,F,1,A,6,EUR
OECD.SDD.NAD:DSD_NAMAIN1@DF_QNA(1.1),Q,Y,FRA,S1,S1,P7,_Z,_Z,_Z,XDC,V,N,T0102,1987-Q1,43805.8,,,F,1,A,6,EUR
OECD.SDD.NAD:DSD_NAMAIN1@DF_QNA(1.1),Q,Y,FRA,S1,S1,P7,_Z,_Z,_Z,XDC,V,N,T0102,1986-Q4,42011.1,,,F,1,A,6,EUR
OECD.SDD.NAD:DSD_NAMAIN1@DF_QNA(1.1),Q,Y,FRA,S1,S1,B1GQ,_Z,_Z,_Z,XDC,V,N,T0102,2023-Q2,708058.4,,,F,1,A,6,EUR
OECD.SDD.NAD:DSD_NAMAIN1@DF_QNA(1.1),Q,Y,FRA,S1,S1,B1GQ,_Z,_Z,_Z,XDC,V,N,T0102,2020-Q4,600823.3,,,F,1,A,6,EUR
OECD.SDD.NAD:DSD_NAMAIN1@DF_QNA(1.1),Q,Y,FRA,S1,S1,B1GQ,_Z,_Z,_Z,XDC,V,N,T0102,2021-Q2,617792.2,,,F,1,A,6,EUR
OECD.SDD.NAD:DSD_NAMAIN1@DF_QNA(1.1),Q,Y,FRA,S1,S1,B1GQ,_Z,_Z,_Z,XDC,V,N,T0102,2021-Q3,637343.6,,,F,1,A,6,EUR
OECD.SDD.NAD:DSD_NAMAIN1@DF_QNA(1.1),Q,Y,FRA,S1,S1,B1GQ,_Z,_Z,_Z,XDC,V,N,T0102,2021-Q4,642912.4,,,F,1,A,6,EUR
OECD.SDD.NAD:DSD_NAMAIN1@DF_QNA(1.1),Q,Y,FRA,S1,S1,P6,_Z,_Z,_Z,XDC,V,N,T0102,2002-Q4,113950.1,,,F,1,A,6,EUR
OECD.SDD.NAD:DSD_NAMAIN1@DF_QNA(1.1),Q,Y,FRA,S1,S1,P6,_Z,_Z,_Z,XDC,V,N,T0102,1998-Q2,92265.2,,,F,1,A,6,EUR
OECD.SDD.NAD:DSD_NAMAIN1@DF_QNA(1.1),Q,Y,FRA,S1,S1,P6,_Z,_Z,_Z,XDC,V,N,T0102,1999-Q2,91585.2,,,F,1,A,6,EUR
OECD.SDD.NAD:DSD_NAMAIN1@DF_QNA(1.1),Q,Y,FRA,S1,S1,P6,_Z,_Z,_Z,XDC,V,N,T0102,2024-Q2,250160.3,,,F,1,A,6,EUR
OECD.SDD.NAD:DSD_NAMAIN1@DF_QNA(1.1),Q,Y,FRA,S1,S1,P6,_Z,_Z,_Z,XDC,V,N,T0102,2024-Q3,247744.4,,,F,1,A,6,EUR
OECD.SDD.NAD:DSD_NAMAIN1@DF_QNA(1.1),Q,Y,FRA,S1,S1,P6,_Z,_Z,_Z,XDC,V,N,T0102,2024-Q4,254051.9,,,F,1,A,6,EUR
OECD.SDD.NAD:DSD_NAMAIN1@DF_QNA(1.1),Q,Y,FRA,S1,S1,P6,_Z,_Z,_Z,XDC,V,N,T0102,2025-Q1,252481.6,,,F,1,A,6,EUR
OECD.SDD.NAD:DSD_NAMAIN1@DF_QNA(1.1),Q,Y,FRA,S1,S1,P6,_Z,_Z,_Z,XDC,V,N,T0102,2025-Q2,247766.1,,,F,1,A,6,EUR
OECD.SDD.NAD:DSD_NAMAIN1@DF_QNA(1.1),Q,Y,FRA,S1,S1,B1GQ,_Z,_Z,_Z,XDC,V,N,T0102,2009-Q2,482655.6,,,F,1,A,6,EUR
OECD.SDD.NAD:DSD_NAMAIN1@DF_QNA(1.1),Q,Y,FRA,S1,S1,B1GQ,_Z,_Z,_Z,XDC,V,N,T0102,2010-Q3,501597.4,,,F,1,A,6,EUR
OECD.SDD.NAD:DSD_NAMAIN1@DF_QNA(1.1),Q,Y,FRA,S1,S1,B1GQ,_Z,_Z,_Z,XDC,V,N,T0102,2013-Q1,526745.3,,,F,1,A,6,EUR
OECD.SDD.NAD:DSD_NAMAIN1@DF_QNA(1.1),Q,Y,FRA,S1,S1,B1GQ,_Z,_Z,_Z,XDC,V,N,T0102,2013-Q2,532618.7,,,F,1,A,6,EUR
OECD.SDD.NAD:DSD_NAMAIN1@DF_QNA(1.1),Q,Y,FRA,S1,S1,B1GQ,_Z,_Z,_Z,XDC,V,N,T0102,2014-Q1,535056.4,,,F,1,A,6,EUR
OECD.SDD.NAD:DSD_NAMAIN1@DF_QNA(1.1),Q,Y,FRA,S1,S1,B1GQ,_Z,_Z,_Z,XDC,V,N,T0102,2014-Q2,537380.3,,,F,1,A,6,EUR
OECD.SDD.NAD:DSD_NAMAIN1@DF_QNA(1.1),Q,Y,FRA,S1,S1,B1GQ,_Z,_Z,_Z,XDC,V,N,T0102,2015-Q3,552793.8,,,F,1,A,6,EUR
OECD.SDD.NAD:DSD_NAMAIN1@DF_QNA(1.1),Q,Y,FRA,S1,S1,B1GQ,_Z,_Z,_Z,XDC,V,N,T0102,2015-Q4,555117.2,,,F,1,A,6,EUR
OECD.SDD.NAD:DSD_NAMAIN1@DF_QNA(1.1),Q,Y,FRA,S1,S1,B1GQ,_Z,_Z,_Z,XDC,V,N,T0102,1996-Q1,309767.1,,,F,1,A,6,EUR
OECD.SDD.NAD:DSD_NAMAIN1@DF_QNA(1.1),Q,Y,FRA,S1,S1,B1GQ,_Z,_Z,_Z,XDC,V,N,T0102,1996-Q2,311119.7,,,F,1,A,6,EUR
OECD.SDD.NAD:DSD_NAMAIN1@DF_QNA(1.1),Q,Y,FRA,S1,S1,B1GQ,_Z,_Z,_Z,XDC,V,N,T0102,1994-Q3,294652.1,,,F,1,A,6,EUR
OECD.SDD.NAD:DSD_NAMAIN1@DF_QNA(1.1),Q,Y,FRA,S1,S1,B1GQ,_Z,_Z,_Z,XDC,V,N,T0102,1994-Q4,298430.3,,,F,1,A,6,EUR
OECD.SDD.NAD:DSD_NAMAIN1@DF_QNA(1.1),Q,Y,FRA,S1,S1,B1GQ,_Z,_Z,_Z,XDC,V,N,T0102,1995-Q1,300395.5,,,F,1,A,6,EUR
OECD.SDD.NAD:DSD_NAMAIN1@DF_QNA(1.1),Q,Y,FRA,S1,S1,B1GQ,_Z,_Z,_Z,XDC,V,N,T0102,1995-Q2,303301.8,,,F,1,A,6,EUR
OECD.SDD.NAD:DSD_NAMAIN1@DF_QNA(1.1),Q,Y,FRA,S1,S1,B1GQ,_Z,_Z,_Z,XDC,V,N,T0102,2023-Q3,714001.8,,,F,1,A,6,EUR
OECD.SDD.NAD:DSD_NAMAIN1@DF_QNA(1.1),Q,Y,FRA,S1,S1,P7,_Z,_Z,_Z,XDC,V,N,T0102,1994-Q1,58493.6,,,F,1,A,6,EUR
OECD.SDD.NAD:DSD_NAMAIN1@DF_QNA(1.1),Q,Y,FRA,S1,S1,P7,_Z,_Z,_Z,XDC,V,N,T0102,1999-Q4,90470.2,,,F,1,A,6,EUR
OECD.SDD.NAD:DSD_NAMAIN1@DF_QNA(1.1),Q,Y,FRA,S1,S1,P7,_Z,_Z,_Z,XDC,V,N,T0102,1993-Q4,57132.8,,,F,1,A,6,EUR
OECD.SDD.NAD:DSD_NAMAIN1@DF_QNA(1.1),Q,Y,FRA,S1,S1,P7,_Z,_Z,_Z,XDC,V,N,T0102,1993-Q3,55710.8,,,F,1,A,6,EUR
OECD.SDD.NAD:DSD_NAMAIN1@DF_QNA(1.1),Q,Y,FRA,S1,S1,P7,_Z,_Z,_Z,XDC,V,N,T0102,1993-Q2,54837,,,F,1,A,6,EUR
OECD.SDD.NAD:DSD_NAMAIN1@DF_QNA(1.1),Q,Y,FRA,S1,S1,P7,_Z,_Z,_Z,XDC,V,N,T0102,1993-Q1,57570.4,,,F,1,A,6,EUR
OECD.SDD.NAD:DSD_NAMAIN1@DF_QNA(1.1),Q,Y,FRA,S1,S1,P7,_Z,_Z,_Z,XDC,V,N,T0102,1992-Q4,59063.4,,,F,1,A,6,EUR
OECD.SDD.NAD:DSD_NAMAIN1@DF_QNA(1.1),Q,Y,FRA,S1,S1,P7,_Z,_Z,_Z,XDC,V,N,T0102,1992-Q3,59849.3,,,F,1,A,6,EUR
OECD.SDD.NAD:DSD_NAMAIN1@DF_QNA(1.1),Q,Y,FRA,S1,S1,P7,_Z,_Z,_Z,XDC,V,N,T0102,2005-Q1,117063.3,,,F,1,A,6,EUR
OECD.SDD.NAD:DSD_NAMAIN1@DF_QNA(1.1),Q,Y,FRA,S1,S1,P7,_Z,_Z,_Z,XDC,V,N,T0102,2004-Q4,115016.8,,,F,1,A,6,EUR
OECD.SDD.NAD:DSD_NAMAIN1@DF_QNA(1.1),Q,Y,FRA,S1,S1,P7,_Z,_Z,_Z,XDC,V,N,T0102,2004-Q2,109683.1,,,F,1,A,6,EUR
OECD.SDD.NAD:DSD_NAMAIN1@DF_QNA(1.1),Q,Y,FRA,S1,S1,P7,_Z,_Z,_Z,XDC,V,N,T0102,2001-Q1,107497,,,F,1,A,6,EUR
OECD.SDD.NAD:DSD_NAMAIN1@DF_QNA(1.1),Q,Y,FRA,S1,S1,P7,_Z,_Z,_Z,XDC,V,N,T0102,2000-Q4,110593.5,,,F,1,A,6,EUR
OECD.SDD.NAD:DSD_NAMAIN1@DF_QNA(1.1),Q,Y,FRA,S1,S1,P7,_Z,_Z,_Z,XDC,V,N,T0102,2000-Q3,106458.2,,,F,1,A,6,EUR
OECD.SDD.NAD:DSD_NAMAIN1@DF_QNA(1.1),Q,Y,FRA,S1,S1,P7,_Z,_Z,_Z,XDC,V,N,T0102,2000-Q1,96150.5,,,F,1,A,6,EUR
OECD.SDD.NAD:DSD_NAMAIN1@DF_QNA(1.1),Q,Y,FRA,S1,S1,P7,_Z,_Z,_Z,XDC,V,N,T0102,2004-Q3,111916.3,,,F,1,A,6,EUR
OECD.SDD.NAD:DSD_NAMAIN1@DF_QNA(1.1),Q,Y,FRA,S1,S1,B1GQ,_Z,_Z,_Z,XDC,V,N,T0102,2006-Q2,460430.3,,,F,1,A,6,EUR
OECD.SDD.NAD:DSD_NAMAIN1@DF_QNA(1.1),Q,Y,FRA,S1,S1,B1GQ,_Z,_Z,_Z,XDC,V,N,T0102,2012-Q3,524034.4,,,F,1,A,6,EUR
OECD.SDD.NAD:DSD_NAMAIN1@DF_QNA(1.1),Q,Y,FRA,S1,S1,B1GQ,_Z,_Z,_Z,XDC,V,N,T0102,2012-Q4,523263,,,F,1,A,6,EUR
OECD.SDD.NAD:DSD_NAMAIN1@DF_QNA(1.1),Q,Y,FRA,S1,S1,B1GQ,_Z,_Z,_Z,XDC,V,N,T0102,2013-Q4,532922.3,,,F,1,A,6,EUR
OECD.SDD.NAD:DSD_NAMAIN1@DF_QNA(1.1),Q,Y,FRA,S1,S1,B1GQ,_Z,_Z,_Z,XDC,V,N,T0102,2015-Q2,548389.9,,,F,1,A,6,EUR
OECD.SDD.NAD:DSD_NAMAIN1@DF_QNA(1.1),Q,Y,FRA,S1,S1,B1GQ,_Z,_Z,_Z,XDC,V,N,T0102,2017-Q1,566022.9,,,F,1,A,6,EUR
OECD.SDD.NAD:DSD_NAMAIN1@DF_QNA(1.1),Q,Y,FRA,S1,S1,B1GQ,_Z,_Z,_Z,XDC,V,N,T0102,2017-Q2,571804.2,,,F,1,A,6,EUR
OECD.SDD.NAD:DSD_NAMAIN1@DF_QNA(1.1),Q,Y,FRA,S1,S1,B1GQ,_Z,_Z,_Z,XDC,V,N,T0102,2007-Q4,491560.1,,,F,1,A,6,EUR
OECD.SDD.NAD:DSD_NAMAIN1@DF_QNA(1.1),Q,Y,FRA,S1,S1,B1GQ,_Z,_Z,_Z,XDC,V,N,T0102,2011-Q3,515310.3,,,F,1,A,6,EUR
OECD.SDD.NAD:DSD_NAMAIN1@DF_QNA(1.1),Q,Y,FRA,S1,S1,B1GQ,_Z,_Z,_Z,XDC,V,N,T0102,2011-Q4,519330.4,,,F,1,A,6,EUR
OECD.SDD.NAD:DSD_NAMAIN1@DF_QNA(1.1),Q,Y,FRA,S1,S1,B1GQ,_Z,_Z,_Z,XDC,V,N,T0102,2012-Q2,520335.3,,,F,1,A,6,EUR
OECD.SDD.NAD:DSD_NAMAIN1@DF_QNA(1.1),Q,Y,FRA,S1,S1,B1GQ,_Z,_Z,_Z,XDC,V,N,T0102,2000-Q2,366484.3,,,F,1,A,6,EUR
OECD.SDD.NAD:DSD_NAMAIN1@DF_QNA(1.1),Q,Y,FRA,S1,S1,B1GQ,_Z,_Z,_Z,XDC,V,N,T0102,2024-Q2,729518.1,,,F,1,A,6,EUR
OECD.SDD.NAD:DSD_NAMAIN1@DF_QNA(1.1),Q,Y,FRA,S1,S1,B1GQ,_Z,_Z,_Z,XDC,V,N,T0102,2024-Q3,739286.7,,,F,1,A,6,EUR
OECD.SDD.NAD:DSD_NAMAIN1@DF_QNA(1.1),Q,Y,FRA,S1,S1,B1GQ,_Z,_Z,_Z,XDC,V,N,T0102,2024-Q4,739374,,,F,1,A,6,EUR
OECD.SDD.NAD:DSD_NAMAIN1@DF_QNA(1.1),Q,Y,FRA,S1,S1,B1GQ,_Z,_Z,_Z,XDC,V,N,T0102,2025-Q1,743571.4,,,F,1,A,6,EUR
OECD.SDD.NAD:DSD_NAMAIN1@DF_QNA(1.1),Q,Y,FRA,S1,S1,B1GQ,_Z,_Z,_Z,XDC,V,N,T0102,2025-Q2,745275.1,,,F,1,A,6,EUR
OECD.SDD.NAD:DSD_NAMAIN1@DF_QNA(1.1),Q,Y,FRA,S1,S1,B1GQ,_Z,_Z,_Z,XDC,V,N,T0102,2025-Q3,750640,,,F,1,A,6,EUR
OECD.SDD.NAD:DSD_NAMAIN1@DF_QNA(1.1),Q,Y,FRA,S1,S1,B1GQ,_Z,_Z,_Z,XDC,V,N,T0102,2025-Q4,755702.6,,,F,1,A,6,EUR
OECD.SDD.NAD:DSD_NAMAIN1@DF_QNA(1.1),Q,Y,FRA,S1,S1,B1GQ,_Z,_Z,_Z,XDC,V,N,T0102,2026-Q1,756552.5,,,F,1,A,6,EUR
OECD.SDD.NAD:DSD_NAMAIN1@DF_QNA(1.1),Q,Y,FRA,S1,S1,B1GQ,_Z,_Z,_Z,XDC,V,N,T0102,2026-Q2,759712.6,,,F,1,A,6,EUR
OECD.SDD.NAD:DSD_NAMAIN1@DF_QNA(1.1),Q,Y,FRA,S1,S1,B1GQ,_Z,_Z,_Z,XDC,V,N,T0102,2001-Q4,385760.1,,,F,1,A,6,EUR
OECD.SDD.NAD:DSD_NAMAIN1@DF_QNA(1.1),Q,Y,FRA,S1,S1,B1GQ,_Z,_Z,_Z,XDC,V,N,T0102,2002-Q1,390222.2,,,F,1,A,6,EUR
OECD.SDD.NAD:DSD_NAMAIN1@DF_QNA(1.1),Q,Y,FRA,S1,S1,B1GQ,_Z,_Z,_Z,XDC,V,N,T0102,2003-Q1,401812.6,,,F,1,A,6,EUR
OECD.SDD.NAD:DSD_NAMAIN1@DF_QNA(1.1),Q,Y,FRA,S1,S1,B1GQ,_Z,_Z,_Z,XDC,V,N,T0102,2003-Q2,402227.3,,,F,1,A,6,EUR
OECD.SDD.NAD:DSD_NAMAIN1@DF_QNA(1.1),Q,Y,FRA,S1,S1,B1GQ,_Z,_Z,_Z,XDC,V,N,T0102,2016-Q4,560734,,,F,1,A,6,EUR
OECD.SDD.NAD:DSD_NAMAIN1@DF_QNA(1.1),Q,Y,FRA,S1,S1,B1GQ,_Z,_Z,_Z,XDC,V,N,T0102,2018-Q2,585164.2,,,F,1,A,6,EUR
OECD.SDD.NAD:DSD_NAMAIN1@DF_QNA(1.1),Q,Y,FRA,S1,S1,B1GQ,_Z,_Z,_Z,XDC,V,N,T0102,2024-Q1,728633.6,,,F,1,A,6,EUR
OECD.SDD.NAD:DSD_NAMAIN1@DF_QNA(1.1),Q,Y,FRA,S1,S1,B1GQ,_Z,_Z,_Z,XDC,V,N,T0102,1980-Q1,107686.5,,,F,1,A,6,EUR
OECD.SDD.NAD:DSD_NAMAIN1@DF_QNA(1.1),Q,Y,FRA,S1,S1,B1GQ,_Z,_Z,_Z,XDC,V,N,T0102,1980-Q2,110396,,,F,1,A,6,EUR
OECD.SDD.NAD:DSD_NAMAIN1@DF_QNA(1.1),Q,Y,FRA,S1,S1,B1GQ,_Z,_Z,_Z,XDC,V,N,T0102,1980-Q3,113503.7,,,F,1,A,6,EUR
OECD.SDD.NAD:DSD_NAMAIN1@DF_QNA(1.1),Q,Y,FRA,S1,S1,B1GQ,_Z,_Z,_Z,XDC,V,N,T0102,1980-Q4,115757.9,,,F,1,A,6,EUR
OECD.SDD.NAD:DSD_NAMAIN1@DF_QNA(1.1),Q,Y,FRA,S1,S1,B1GQ,_Z,_Z,_Z,XDC,V,N,T0102,1981-Q1,119402.8,,,F,1,A,6,EUR
OECD.SDD.NAD:DSD_NAMAIN1@DF_QNA(1.1),Q,Y,FRA,S1,S1,B1GQ,_Z,_Z,_Z,XDC,V,N,T0102,1981-Q2,123406.2,,,F,1,A,6,EUR
OECD.SDD.NAD:DSD_NAMAIN1@DF_QNA(1.1),Q,Y,FRA,S1,S1,B1GQ,_Z,_Z,_Z,XDC,V,N,T0102,1981-Q3,128109.2,,,F,1,A,6,EUR
OECD.SDD.NAD:DSD_NAMAIN1@DF_QNA(1.1),Q,Y,FRA,S1,S1,B1GQ,_Z,_Z,_Z,XDC,V,N,T0102,1981-Q4,133648.4,,,F,1,A,6,EUR
OECD.SDD.NAD:DSD_NAMAIN1@DF_QNA(1.1),Q,Y,FRA,S1,S1,B1GQ,_Z,_Z,_Z,XDC,V,N,T0102,1982-Q1,139087.6,,,F,1,A,6,EUR
OECD.SDD.NAD:DSD_NAMAIN1@DF_QNA(1.1),Q,Y,FRA,S1,S1,B1GQ,_Z,_Z,_Z,XDC,V,N,T0102,1982-Q2,143762.6,,,F,1,A,6,EUR
OECD.SDD.NAD:DSD_NAMAIN1@DF_QNA(1.1),Q,Y,FRA,S1,S1,B1GQ,_Z,_Z,_Z,XDC,V,N,T0102,1982-Q3,146461.6,,,F,1,A,6,EUR
OECD.SDD.NAD:DSD_NAMAIN1@DF_QNA(1.1),Q,Y,FRA,S1,S1,B1GQ,_Z,_Z,_Z,XDC,V,N,T0102,1982-Q4,149612.3,,,F,1,A,6,EUR
OECD.SDD.NAD:DSD_NAMAIN1@DF_QNA(1.1),Q,Y,FRA,S1,S1,P6,_Z,_Z,_Z,XDC,V,N,T0102,2023-Q2,246452.4,,,F,1,A,6,EUR
OECD.SDD.NAD:DSD_NAMAIN1@DF_QNA(1.1),Q,Y,FRA,S1,S1,P6,_Z,_Z,_Z,XDC,V,N,T0102,2020-Q3,165117.7,,,F,1,A,6,EUR
OECD.SDD.NAD:DSD_NAMAIN1@DF_QNA(1.1),Q,Y,FRA,S1,S1,P6,_Z,_Z,_Z,XDC,V,N,T0102,2021-Q2,187451.7,,,F,1,A,6,EUR
OECD.SDD.NAD:DSD_NAMAIN1@DF_QNA(1.1),Q,Y,FRA,S1,S1,P6,_Z,_Z,_Z,XDC,V,N,T0102,2021-Q3,199170.6,,,F,1,A,6,EUR
OECD.SDD.NAD:DSD_NAMAIN1@DF_QNA(1.1),Q,Y,FRA,S1,S1,P6,_Z,_Z,_Z,XDC,V,N,T0102,2021-Q4,214831.3,,,F,1,A,6,EUR
OECD.SDD.NAD:DSD_NAMAIN1@DF_QNA(1.1),Q,Y,DEU,S1,S1,P7,_Z,_Z,_Z,XDC,V,N,T0102,2000-Q2,152223,,,F,1,A,6,EUR
OECD.SDD.NAD:DSD_NAMAIN1@DF_QNA(1.1),Q,Y,DEU,S1,S1,P7,_Z,_Z,_Z,XDC,V,N,T0102,1999-Q3,134795,,,F,1,A,6,EUR
OECD.SDD.NAD:DSD_NAMAIN1@DF_QNA(1.1),Q,Y,DEU,S1,S1,P7,_Z,_Z,_Z,XDC,V,N,T0102,1998-Q2,125651,,,F,1,A,6,EUR
OECD.SDD.NAD:DSD_NAMAIN1@DF_QNA(1.1),Q,Y,DEU,S1,S1,P7,_Z,_Z,_Z,XDC,V,N,T0102,2019-Q2,325489,,,F,1,A,6,EUR
OECD.SDD.NAD:DSD_NAMAIN1@DF_QNA(1.1),Q,Y,DEU,S1,S1,P7,_Z,_Z,_Z,XDC,V,N,T0102,2018-Q4,325381,,,F,1,A,6,EUR
OECD.SDD.NAD:DSD_NAMAIN1@DF_QNA(1.1),Q,Y,DEU,S1,S1,P7,_Z,_Z,_Z,XDC,V,N,T0102,2018-Q3,323088,,,F,1,A,6,EUR
OECD.SDD.NAD:DSD_NAMAIN1@DF_QNA(1.1),Q,Y,DEU,S1,S1,P7,_Z,_Z,_Z,XDC,V,N,T0102,2016-Q1,270606,,,F,1,A,6,EUR
OECD.SDD.NAD:DSD_NAMAIN1@DF_QNA(1.1),Q,Y,DEU,S1,S1,P7,_Z,_Z,_Z,XDC,V,N,T0102,2014-Q3,263690,,,F,1,A,6,EUR
OECD.SDD.NAD:DSD_NAMAIN1@DF_QNA(1.1),Q,Y,FRA,S1,S1,P6,_Z,_Z,_Z,XDC,V,N,T0102,1989-Q1,55077.1,,,F,1,A,6,EUR
OECD.SDD.NAD:DSD_NAMAIN1@DF_QNA(1.1),Q,Y,FRA,S1,S1,P6,_Z,_Z,_Z,XDC,V,N,T0102,1989-Q2,56725.1,,,F,1,A,6,EUR
OECD.SDD.NAD:DSD_NAMAIN1@DF_QNA(1.1),Q,Y,FRA,S1,S1,P6,_Z,_Z,_Z,XDC,V,N,T0102,1989-Q3,56560.9,,,F,1,A,6,EUR
OECD.SDD.NAD:DSD_NAMAIN1@DF_QNA(1.1),Q,Y,FRA,S1,S1,P6,_Z,_Z,_Z,XDC,V,N,T0102,1989-Q4,57877,,,F,1,A,6,EUR
OECD.SDD.NAD:DSD_NAMAIN1@DF_QNA(1.1),Q,Y,FRA,S1,S1,P6,_Z,_Z,_Z,XDC,V,N,T0102,1990-Q1,58243.8,,,F,1,A,6,EUR
OECD.SDD.NAD:DSD_NAMAIN1@DF_QNA(1.1),Q,Y,FRA,S1,S1,P6,_Z,_Z,_Z,XDC,V,N,T0102,1990-Q2,56674.9,,,F,1,A,6,EUR
OECD.SDD.NAD:DSD_NAMAIN1@DF_QNA(1.1),Q,Y,FRA,S1,S1,P6,_Z,_Z,_Z,XDC,V,N,T0102,1990-Q3,56954.8,,,F,1,A,6,EUR
OECD.SDD.NAD:DSD_NAMAIN1@DF_QNA(1.1),Q,Y,FRA,S1,S1,P6,_Z,_Z,_Z,XDC,V,N,T0102,1990-Q4,58031.9,,,F,1,A,6,EUR
OECD.SDD.NAD:DSD_NAMAIN1@DF_QNA(1.1),Q,Y,FRA,S1,S1,P6,_Z,_Z,_Z,XDC,V,N,T0102,1991-Q1,58393.3,,,F,1,A,6,EUR
OECD.SDD.NAD:DSD_NAMAIN1@DF_QNA(1.1),Q,Y,FRA,S1,S1,P6,_Z,_Z,_Z,XDC,V,N,T0102,1991-Q2,60203.3,,,F,1,A,6,EUR
OECD.SDD.NAD:DSD_NAMAIN1@DF_QNA(1.1),Q,Y,FRA,S1,S1,P6,_Z,_Z,_Z,XDC,V,N,T0102,1991-Q3,61871,,,F,1,A,6,EUR
OECD.SDD.NAD:DSD_NAMAIN1@DF_QNA(1.1),Q,Y,FRA,S1,S1,B1GQ,_Z,_Z,_Z,XDC,V,N,T0102,1992-Q4,281185,,,F,1,A,6,EUR
OECD.SDD.NAD:DSD_NAMAIN1@DF_QNA(1.1),Q,Y,FRA,S1,S1,B1GQ,_Z,_Z,_Z,XDC,V,N,T0102,1993-Q1,282441.1,,,F,1,A,6,EUR
OECD.SDD.NAD:DSD_NAMAIN1@DF_QNA(1.1),Q,Y,FRA,S1,S1,B1GQ,_Z,_Z,_Z,XDC,V,N,T0102,1993-Q2,283005.3,,,F,1,A,6,EUR
OECD.SDD.NAD:DSD_NAMAIN1@DF_QNA(1.1),Q,Y,FRA,S1,S1,B1GQ,_Z,_Z,_Z,XDC,V,N,T0102,1993-Q3,283615.6,,,F,1,A,6,EUR
OECD.SDD.NAD:DSD_NAMAIN1@DF_QNA(1.1),Q,Y,FRA,S1,S1,B1GQ,_Z,_Z,_Z,XDC,V,N,T0102,1993-Q4,285211.3,,,F,1,A,6,EUR
OECD.SDD.NAD:DSD_NAMAIN1@DF_QNA(1.1),Q,Y,FRA,S1,S1,B1GQ,_Z,_Z,_Z,XDC,V,N,T0102,1994-Q1,287631.9,,,F,1,A,6,EUR
OECD.SDD.NAD:DSD_NAMAIN1@DF_QNA(1.1),Q,Y,FRA,S1,S1,B1GQ,_Z,_Z,_Z,XDC,V,N,T0102,1994-Q2,291602.2,,,F,1,A,6,EUR
OECD.SDD.NAD:DSD_NAMAIN1@DF_QNA(1.1),Q,Y,FRA,S1,S1,B1GQ,_Z,_Z,_Z,XDC,V,N,T0102,1998-Q3,337701.9,,,F,1,A,6,EUR
OECD.SDD.NAD:DSD_NAMAIN1@DF_QNA(1.1),Q,Y,FRA,S1,S1,B1GQ,_Z,_Z,_Z,XDC,V,N,T0102,1998-Q4,340163.4,,,F,1,A,6,EUR
OECD.SDD.NAD:DSD_NAMAIN1@DF_QNA(1.1),Q,Y,FRA,S1,S1,B1GQ,_Z,_Z,_Z,XDC,V,N,T0102,1999-Q1,342826.4,,,F,1,A,6,EUR
OECD.SDD.NAD:DSD_NAMAIN1@DF_QNA(1.1),Q,Y,FRA,S1,S1,B1GQ,_Z,_Z,_Z,XDC,V,N,T0102,1999-Q2,345436.3,,,F,1,A,6,EUR
OECD.SDD.NAD:DSD_NAMAIN1@DF_QNA(1.1),Q,Y,FRA,S1,S1,B1GQ,_Z,_Z,_Z,XDC,V,N,T0102,2004-Q4,429992.9,,,F,1,A,6,EUR
OECD.SDD.NAD:DSD_NAMAIN1@DF_QNA(1.1),Q,Y,FRA,S1,S1,B1GQ,_Z,_Z,_Z,XDC,V,N,T0102,2000-Q1,361561,,,F,1,A,6,EUR
OECD.SDD.NAD:DSD_NAMAIN1@DF_QNA(1.1),Q,Y,FRA,S1,S1,B1GQ,_Z,_Z,_Z,XDC,V,N,T0102,2000-Q3,371657,,,F,1,A,6,EUR
OECD.SDD.NAD:DSD_NAMAIN1@DF_QNA(1.1),Q,Y,FRA,S1,S1,B1GQ,_Z,_Z,_Z,XDC,V,N,T0102,2000-Q4,375796.7,,,F,1,A,6,EUR
OECD.SDD.NAD:DSD_NAMAIN1@DF_QNA(1.1),Q,Y,FRA,S1,S1,B1GQ,_Z,_Z,_Z,XDC,V,N,T0102,2001-Q1,379048.3,,,F,1,A,6,EUR
OECD.SDD.NAD:DSD_NAMAIN1@DF_QNA(1.1),Q,Y,FRA,S1,S1,B1GQ,_Z,_Z,_Z,XDC,V,N,T0102,2003-Q3,408986.9,,,F,1,A,6,EUR
OECD.SDD.NAD:DSD_NAMAIN1@DF_QNA(1.1),Q,Y,FRA,S1,S1,B1GQ,_Z,_Z,_Z,XDC,V,N,T0102,2005-Q4,447298.7,,,F,1,A,6,EUR
OECD.SDD.NAD:DSD_NAMAIN1@DF_QNA(1.1),Q,Y,FRA,S1,S1,B1GQ,_Z,_Z,_Z,XDC,V,N,T0102,2017-Q3,575917.2,,,F,1,A,6,EUR
OECD.SDD.NAD:DSD_NAMAIN1@DF_QNA(1.1),Q,Y,FRA,S1,S1,B1GQ,_Z,_Z,_Z,XDC,V,N,T0102,2018-Q3,591517.4,,,F,1,A,6,EUR
OECD.SDD.NAD:DSD_NAMAIN1@DF_QNA(1.1),Q,Y,FRA,S1,S1,B1GQ,_Z,_Z,_Z,XDC,V,N,T0102,2018-Q4,597348.7,,,F,1,A,6,EUR
OECD.SDD.NAD:DSD_NAMAIN1@DF_QNA(1.1),Q,Y,FRA,S1,S1,B1GQ,_Z,_Z,_Z,XDC,V,N,T0102,2019-Q2,609211.8,,,F,1,A,6,EUR
OECD.SDD.NAD:DSD_NAMAIN1@DF_QNA(1.1),Q,Y,FRA,S1,S1,B1GQ,_Z,_Z,_Z,XDC,V,N,T0102,2006-Q1,452766.2,,,F,1,A,6,EUR
OECD.SDD.NAD:DSD_NAMAIN1@DF_QNA(1.1),Q,Y,FRA,S1,S1,B1GQ,_Z,_Z,_Z,XDC,V,N,T0102,2007-Q2,482903.5,,,F,1,A,6,EUR
OECD.SDD.NAD:DSD_NAMAIN1@DF_QNA(1.1),Q,Y,FRA,S1,S1,B1GQ,_Z,_Z,_Z,XDC,V,N,T0102,2007-Q3,487475.9,,,F,1,A,6,EUR
OECD.SDD.NAD:DSD_NAMAIN1@DF_QNA(1.1),Q,Y,FRA,S1,S1,B1GQ,_Z,_Z,_Z,XDC,V,N,T0102,2008-Q4,492255.3,,,F,1,A,6,EUR
OECD.SDD.NAD:DSD_NAMAIN1@DF_QNA(1.1),Q,Y,FRA,S1,S1,B1GQ,_Z,_Z,_Z,XDC,V,N,T0102,2009-Q1,481620.7,,,F,1,A,6,EUR
OECD.SDD.NAD:DSD_NAMAIN1@DF_QNA(1.1),Q,Y,FRA,S1,S1,B1GQ,_Z,_Z,_Z,XDC,V,N,T0102,2010-Q1,492412.2,,,F,1,A,6,EUR
OECD.SDD.NAD:DSD_NAMAIN1@DF_QNA(1.1),Q,Y,FRA,S1,S1,B1GQ,_Z,_Z,_Z,XDC,V,N,T0102,2010-Q2,497138.5,,,F,1,A,6,EUR
OECD.SDD.NAD:DSD_NAMAIN1@DF_QNA(1.1),Q,Y,FRA,S1,S1,B1GQ,_Z,_Z,_Z,XDC,V,N,T0102,2011-Q2,513572.8,,,F,1,A,6,EUR
OECD.SDD.NAD:DSD_NAMAIN1@DF_QNA(1.1),Q,Y,FRA,S1,S1,B1GQ,_Z,_Z,_Z,XDC,V,N,T0102,2013-Q3,530869.9,,,F,1,A,6,EUR
OECD.SDD.NAD:DSD_NAMAIN1@DF_QNA(1.1),Q,Y,FRA,S1,S1,B1GQ,_Z,_Z,_Z,XDC,V,N,T0102,2014-Q3,541958.9,,,F,1,A,6,EUR
OECD.SDD.NAD:DSD_NAMAIN1@DF_QNA(1.1),Q,Y,FRA,S1,S1,B1GQ,_Z,_Z,_Z,XDC,V,N,T0102,2016-Q1,557538.5,,,F,1,A,6,EUR
OECD.SDD.NAD:DSD_NAMAIN1@DF_QNA(1.1),Q,Y,FRA,S1,S1,B1GQ,_Z,_Z,_Z,XDC,V,N,T0102,2019-Q3,611583.5,,,F,1,A,6,EUR
OECD.SDD.NAD:DSD_NAMAIN1@DF_QNA(1.1),Q,Y,FRA,S1,S1,B1GQ,_Z,_Z,_Z,XDC,V,N,T0102,2001-Q3,385041.9,,,F,1,A,6,EUR
OECD.SDD.NAD:DSD_NAMAIN1@DF_QNA(1.1),Q,Y,FRA,S1,S1,B1GQ,_Z,_Z,_Z,XDC,V,N,T0102,2002-Q3,397273.6,,,F,1,A,6,EUR
OECD.SDD.NAD:DSD_NAMAIN1@DF_QNA(1.1),Q,Y,FRA,S1,S1,B1GQ,_Z,_Z,_Z,XDC,V,N,T0102,2002-Q4,399452.4,,,F,1,A,6,EUR
OECD.SDD.NAD:DSD_NAMAIN1@DF_QNA(1.1),Q,Y,FRA,S1,S1,B1GQ,_Z,_Z,_Z,XDC,V,N,T0102,1998-Q1,333037.2,,,F,1,A,6,EUR
OECD.SDD.NAD:DSD_NAMAIN1@DF_QNA(1.1),Q,Y,FRA,S1,S1,B1GQ,_Z,_Z,_Z,XDC,V,N,T0102,2008-Q1,499328.4,,,F,1,A,6,EUR
OECD.SDD.NAD:DSD_NAMAIN1@DF_QNA(1.1),Q,Y,FRA,S1,S1,B1GQ,_Z,_Z,_Z,XDC,V,N,T0102,2008-Q2,499156.2,,,F,1,A,6,EUR
OECD.SDD.NAD:DSD_NAMAIN1@DF_QNA(1.1),Q,Y,FRA,S1,S1,B1GQ,_Z,_Z,_Z,XDC,V,N,T0102,2009-Q3,483646.7,,,F,1,A,6,EUR
OECD.SDD.NAD:DSD_NAMAIN1@DF_QNA(1.1),Q,Y,FRA,S1,S1,B1GQ,_Z,_Z,_Z,XDC,V,N,T0102,2009-Q4,489063.2,,,F,1,A,6,EUR
OECD.SDD.NAD:DSD_NAMAIN1@DF_QNA(1.1),Q,Y,FRA,S1,S1,B1GQ,_Z,_Z,_Z,XDC,V,N,T0102,2010-Q4,502844.5,,,F,1,A,6,EUR
OECD.SDD.NAD:DSD_NAMAIN1@DF_QNA(1.1),Q,Y,FRA,S1,S1,B1GQ,_Z,_Z,_Z,XDC,V,N,T0102,2011-Q1,512766.5,,,F,1,A,6,EUR
OECD.SDD.NAD:DSD_NAMAIN1@DF_QNA(1.1),Q,Y,FRA,S1,S1,B1GQ,_Z,_Z,_Z,XDC,V,N,T0102,2012-Q1,520323.6,,,F,1,A,6,EUR
OECD.SDD.NAD:DSD_NAMAIN1@DF_QNA(1.1),Q,Y,FRA,S1,S1,B1GQ,_Z,_Z,_Z,XDC,V,N,T0102,2014-Q4,542106.6,,,F,1,A,6,EUR
OECD.SDD.NAD:DSD_NAMAIN1@DF_QNA(1.1),Q,Y,FRA,S1,S1,B1GQ,_Z,_Z,_Z,XDC,V,N,T0102,2016-Q3,557293.7,,,F,1,A,6,EUR
OECD.SDD.NAD:DSD_NAMAIN1@DF_QNA(1.1),Q,Y,FRA,S1,S1,B1GQ,_Z,_Z,_Z,XDC,V,N,T0102,2002-Q2,393509.3,,,F,1,A,6,EUR
OECD.SDD.NAD:DSD_NAMAIN1@DF_QNA(1.1),Q,Y,FRA,S1,S1,B1GQ,_Z,_Z,_Z,XDC,V,N,T0102,2003-Q4,411774.3,,,F,1,A,6,EUR
OECD.SDD.NAD:DSD_NAMAIN1@DF_QNA(1.1),Q,Y,FRA,S1,S1,B1GQ,_Z,_Z,_Z,XDC,V,N,T0102,2004-Q1,418067.6,,,F,1,A,6,EUR
OECD.SDD.NAD:DSD_NAMAIN1@DF_QNA(1.1),Q,Y,FRA,S1,S1,B1GQ,_Z,_Z,_Z,XDC,V,N,T0102,2006-Q3,464821.2,,,F,1,A,6,EUR
OECD.SDD.NAD:DSD_NAMAIN1@DF_QNA(1.1),Q,Y,FRA,S1,S1,B1GQ,_Z,_Z,_Z,XDC,V,N,T0102,2006-Q4,470234.6,,,F,1,A,6,EUR
OECD.SDD.NAD:DSD_NAMAIN1@DF_QNA(1.1),Q,Y,FRA,S1,S1,B1GQ,_Z,_Z,_Z,XDC,V,N,T0102,2015-Q1,546486.9,,,F,1,A,6,EUR
OECD.SDD.NAD:DSD_NAMAIN1@DF_QNA(1.1),Q,Y,FRA,S1,S1,B1GQ,_Z,_Z,_Z,XDC,V,N,T0102,2016-Q2,555053.6,,,F,1,A,6,EUR
OECD.SDD.NAD:DSD_NAMAIN1@DF_QNA(1.1),Q,Y,FRA,S1,S1,B1GQ,_Z,_Z,_Z,XDC,V,N,T0102,1997-Q1,316241.6,,,F,1,A,6,EUR
OECD.SDD.NAD:DSD_NAMAIN1@DF_QNA(1.1),Q,Y,FRA,S1,S1,B1GQ,_Z,_Z,_Z,XDC,V,N,T0102,1997-Q2,320621.8,,,F,1,A,6,EUR
OECD.SDD.NAD:DSD_NAMAIN1@DF_QNA(1.1),Q,Y,FRA,S1,S1,B1GQ,_Z,_Z,_Z,XDC,V,N,T0102,1996-Q3,312537.2,,,F,1,A,6,EUR
OECD.SDD.NAD:DSD_NAMAIN1@DF_QNA(1.1),Q,Y,FRA,S1,S1,B1GQ,_Z,_Z,_Z,XDC,V,N,T0102,1996-Q4,314009.3,,,F,1,A,6,EUR
OECD.SDD.NAD:DSD_NAMAIN1@DF_QNA(1.1),Q,Y,FRA,S1,S1,B1GQ,_Z,_Z,_Z,XDC,V,N,T0102,1997-Q3,324435.2,,,F,1,A,6,EUR
OECD.SDD.NAD:DSD_NAMAIN1@DF_QNA(1.1),Q,Y,FRA,S1,S1,B1GQ,_Z,_Z,_Z,XDC,V,N,T0102,1997-Q4,328812.4,,,F,1,A,6,EUR
OECD.SDD.NAD:DSD_NAMAIN1@DF_QNA(1.1),Q,Y,FRA,S1,S1,P6,_Z,_Z,_Z,XDC,V,N,T0102,2017-Q2,185009,,,F,1,A,6,EUR
OECD.SDD.NAD:DSD_NAMAIN1@DF_QNA(1.1),Q,Y,FRA,S1,S1,P6,_Z,_Z,_Z,XDC,V,N,T0102,2007-Q4,141921.4,,,F,1,A,6,EUR
OECD.SDD.NAD:DSD_NAMAIN1@DF_QNA(1.1),Q,Y,FRA,S1,S1,P6,_Z,_Z,_Z,XDC,V,N,T0102,2011-Q3,152974.6,,,F,1,A,6,EUR
OECD.SDD.NAD:DSD_NAMAIN1@DF_QNA(1.1),Q,Y,FRA,S1,S1,P6,_Z,_Z,_Z,XDC,V,N,T0102,2012-Q2,157276.7,,,F,1,A,6,EUR
OECD.SDD.NAD:DSD_NAMAIN1@DF_QNA(1.1),Q,Y,FRA,S1,S1,P6,_Z,_Z,_Z,XDC,V,N,T0102,2001-Q2,113488,,,F,1,A,6,EUR
OECD.SDD.NAD:DSD_NAMAIN1@DF_QNA(1.1),Q,Y,DEU,S1,S1,B1GQ,_Z,_Z,_Z,XDC,V,N,T0102,1998-Q4,507740,,,F,1,A,6,EUR
OECD.SDD.NAD:DSD_NAMAIN1@DF_QNA(1.1),Q,Y,DEU,S1,S1,B1GQ,_Z,_Z,_Z,XDC,V,N,T0102,1999-Q1,514200,,,F,1,A,6,EUR
OECD.SDD.NAD:DSD_NAMAIN1@DF_QNA(1.1),Q,Y,DEU,S1,S1,B1GQ,_Z,_Z,_Z,XDC,V,N,T0102,1999-Q4,522439,,,F,1,A,6,EUR
OECD.SDD.NAD:DSD_NAMAIN1@DF_QNA(1.1),Q,Y,DEU,S1,S1,B1GQ,_Z,_Z,_Z,XDC,V,N,T0102,2000-Q1,529327,,,F,1,A,6,EUR
OECD.SDD.NAD:DSD_NAMAIN1@DF_QNA(1.1),Q,Y,DEU,S1,S1,B1GQ,_Z,_Z,_Z,XDC,V,N,T0102,2000-Q3,533978,,,F,1,A,6,EUR
OECD.SDD.NAD:DSD_NAMAIN1@DF_QNA(1.1),Q,Y,DEU,S1,S1,B1GQ,_Z,_Z,_Z,XDC,V,N,T0102,2000-Q4,533210,,,F,1,A,6,EUR
OECD.SDD.NAD:DSD_NAMAIN1@DF_QNA(1.1),Q,Y,DEU,S1,S1,B1GQ,_Z,_Z,_Z,XDC,V,N,T0102,2001-Q1,547373,,,F,1,A,6,EUR
OECD.SDD.NAD:DSD_NAMAIN1@DF_QNA(1.1),Q,Y,FRA,S1,S1,B1GQ,_Z,_Z,_Z,XDC,V,N,T0102,2008-Q3,498272.6,,,F,1,A,6,EUR
OECD.SDD.NAD:DSD_NAMAIN1@DF_QNA(1.1),Q,Y,FRA,S1,S1,P6,_Z,_Z,_Z,XDC,V,N,T0102,2016-Q4,179018.3,,,F,1,A,6,EUR
OECD.SDD.NAD:DSD_NAMAIN1@DF_QNA(1.1),Q,Y,FRA,S1,S1,P6,_Z,_Z,_Z,XDC,V,N,T0102,2018-Q2,192334.8,,,F,1,A,6,EUR
OECD.SDD.NAD:DSD_NAMAIN1@DF_QNA(1.1),Q,Y,FRA,S1,S1,P6,_Z,_Z,_Z,XDC,V,N,T0102,2024-Q1,246706.1,,,F,1,A,6,EUR
OECD.SDD.NAD:DSD_NAMAIN1@DF_QNA(1.1),Q,Y,FRA,S1,S1,P6,_Z,_Z,_Z,XDC,V,N,T0102,2025-Q4,257423.5,,,F,1,A,6,EUR
OECD.SDD.NAD:DSD_NAMAIN1@DF_QNA(1.1),Q,Y,FRA,S1,S1,P6,_Z,_Z,_Z,XDC,V,N,T0102,2026-Q1,252034.5,,,F,1,A,6,EUR
OECD.SDD.NAD:DSD_NAMAIN1@DF_QNA(1.1),Q,Y,FRA,S1,S1,P6,_Z,_Z,_Z,XDC,V,N,T0102,2026-Q2,265646.3,,,F,1,A,6,EUR
OECD.SDD.NAD:DSD_NAMAIN1@DF_QNA(1.1),Q,Y,FRA,S1,S1,P6,_Z,_Z,_Z,XDC,V,N,T0102,1997-Q2,84831.7,,,F,1,A,6,EUR
OECD.SDD.NAD:DSD_NAMAIN1@DF_QNA(1.1),Q,Y,FRA,S1,S1,P6,_Z,_Z,_Z,XDC,V,N,T0102,1997-Q3,87782.2,,,F,1,A,6,EUR
OECD.SDD.NAD:DSD_NAMAIN1@DF_QNA(1.1),Q,Y,FRA,S1,S1,P6,_Z,_Z,_Z,XDC,V,N,T0102,1997-Q4,90046.6,,,F,1,A,6,EUR
OECD.SDD.NAD:DSD_NAMAIN1@DF_QNA(1.1),Q,Y,FRA,S1,S1,P6,_Z,_Z,_Z,XDC,V,N,T0102,1998-Q1,91872.4,,,F,1,A,6,EUR
OECD.SDD.NAD:DSD_NAMAIN1@DF_QNA(1.1),Q,Y,FRA,S1,S1,P6,_Z,_Z,_Z,XDC,V,N,T0102,1997-Q1,81177.9,,,F,1,A,6,EUR
OECD.SDD.NAD:DSD_NAMAIN1@DF_QNA(1.1),Q,Y,FRA,S1,S1,B1GQ,_Z,_Z,_Z,XDC,V,N,T0102,2023-Q4,724100.8,,,F,1,A,6,EUR
OECD.SDD.NAD:DSD_NAMAIN1@DF_QNA(1.1),Q,Y,FRA,S1,S1,B1GQ,_Z,_Z,_Z,XDC,V,N,T0102,2021-Q1,606681.7,,,F,1,A,6,EUR
OECD.SDD.NAD:DSD_NAMAIN1@DF_QNA(1.1),Q,Y,FRA,S1,S1,P6,_Z,_Z,_Z,XDC,V,N,T0102,2000-Q2,109187.4,,,F,1,A,6,EUR
OECD.SDD.NAD:DSD_NAMAIN1@DF_QNA(1.1),Q,Y,FRA,S1,S1,P6,_Z,_Z,_Z,XDC,V,N,T0102,2010-Q2,137990.7,,,F,1,A,6,EUR
OECD.SDD.NAD:DSD_NAMAIN1@DF_QNA(1.1),Q,Y,FRA,S1,S1,P6,_Z,_Z,_Z,XDC,V,N,T0102,2010-Q3,140687.7,,,F,1,A,6,EUR
OECD.SDD.NAD:DSD_NAMAIN1@DF_QNA(1.1),Q,Y,FRA,S1,S1,P6,_Z,_Z,_Z,XDC,V,N,T0102,2001-Q4,109214.4,,,F,1,A,6,EUR
OECD.SDD.NAD:DSD_NAMAIN1@DF_QNA(1.1),Q,Y,FRA,S1,S1,P6,_Z,_Z,_Z,XDC,V,N,T0102,2003-Q1,111882.6,,,F,1,A,6,EUR
OECD.SDD.NAD:DSD_NAMAIN1@DF_QNA(1.1),Q,Y,FRA,S1,S1,P6,_Z,_Z,_Z,XDC,V,N,T0102,2005-Q2,121170.1,,,F,1,A,6,EUR
OECD.SDD.NAD:DSD_NAMAIN1@DF_QNA(1.1),Q,Y,FRA,S1,S1,P6,_Z,_Z,_Z,XDC,V,N,T0102,2005-Q3,124999,,,F,1,A,6,EUR
OECD.SDD.NAD:DSD_NAMAIN1@DF_QNA(1.1),Q,Y,FRA,S1,S1,P6,_Z,_Z,_Z,XDC,V,N,T0102,2007-Q1,137433.1,,,F,1,A,6,EUR
OECD.SDD.NAD:DSD_NAMAIN1@DF_QNA(1.1),Q,Y,FRA,S1,S1,P6,_Z,_Z,_Z,XDC,V,N,T0102,2008-Q3,146035.8,,,F,1,A,6,EUR
OECD.SDD.NAD:DSD_NAMAIN1@DF_QNA(1.1),Q,Y,FRA,S1,S1,P6,_Z,_Z,_Z,XDC,V,N,T0102,2009-Q2,124944.9,,,F,1,A,6,EUR
OECD.SDD.NAD:DSD_NAMAIN1@DF_QNA(1.1),Q,Y,FRA,S1,S1,P6,_Z,_Z,_Z,XDC,V,N,T0102,2016-Q3,175792.8,,,F,1,A,6,EUR
OECD.SDD.NAD:DSD_NAMAIN1@DF_QNA(1.1),Q,Y,FRA,S1,S1,P6,_Z,_Z,_Z,XDC,V,N,T0102,2008-Q1,149954.8,,,F,1,A,6,EUR
OECD.SDD.NAD:DSD_NAMAIN1@DF_QNA(1.1),Q,Y,FRA,S1,S1,P6,_Z,_Z,_Z,XDC,V,N,T0102,2008-Q2,146971.3,,,F,1,A,6,EUR
OECD.SDD.NAD:DSD_NAMAIN1@DF_QNA(1.1),Q,Y,FRA,S1,S1,P6,_Z,_Z,_Z,XDC,V,N,T0102,2009-Q3,125297.3,,,F,1,A,6,EUR
OECD.SDD.NAD:DSD_NAMAIN1@DF_QNA(1.1),Q,Y,FRA,S1,S1,P6,_Z,_Z,_Z,XDC,V,N,T0102,2009-Q4,125490.6,,,F,1,A,6,EUR
OECD.SDD.NAD:DSD_NAMAIN1@DF_QNA(1.1),Q,Y,FRA,S1,S1,P6,_Z,_Z,_Z,XDC,V,N,T0102,2010-Q4,142767.4,,,F,1,A,6,EUR
OECD.SDD.NAD:DSD_NAMAIN1@DF_QNA(1.1),Q,Y,FRA,S1,S1,P6,_Z,_Z,_Z,XDC,V,N,T0102,2011-Q4,156128.4,,,F,1,A,6,EUR
OECD.SDD.NAD:DSD_NAMAIN1@DF_QNA(1.1),Q,Y,FRA,S1,S1,P6,_Z,_Z,_Z,XDC,V,N,T0102,2012-Q1,157044.8,,,F,1,A,6,EUR
OECD.SDD.NAD:DSD_NAMAIN1@DF_QNA(1.1),Q,Y,FRA,S1,S1,P6,_Z,_Z,_Z,XDC,V,N,T0102,2016-Q2,173412.2,,,F,1,A,6,EUR
OECD.SDD.NAD:DSD_NAMAIN1@DF_QNA(1.1),Q,Y,FRA,S1,S1,P6,_Z,_Z,_Z,XDC,V,N,T0102,2002-Q2,115390.4,,,F,1,A,6,EUR
OECD.SDD.NAD:DSD_NAMAIN1@DF_QNA(1.1),Q,Y,FRA,S1,S1,P6,_Z,_Z,_Z,XDC,V,N,T0102,2003-Q4,112202.1,,,F,1,A,6,EUR
OECD.SDD.NAD:DSD_NAMAIN1@DF_QNA(1.1),Q,Y,FRA,S1,S1,P6,_Z,_Z,_Z,XDC,V,N,T0102,2004-Q1,113031.6,,,F,1,A,6,EUR
OECD.SDD.NAD:DSD_NAMAIN1@DF_QNA(1.1),Q,Y,FRA,S1,S1,P6,_Z,_Z,_Z,XDC,V,N,T0102,2006-Q3,132545.8,,,F,1,A,6,EUR
OECD.SDD.NAD:DSD_NAMAIN1@DF_QNA(1.1),Q,Y,FRA,S1,S1,P6,_Z,_Z,_Z,XDC,V,N,T0102,2006-Q4,136749.6,,,F,1,A,6,EUR
OECD.SDD.NAD:DSD_NAMAIN1@DF_QNA(1.1),Q,Y,FRA,S1,S1,P6,_Z,_Z,_Z,XDC,V,N,T0102,2014-Q4,168420.8,,,F,1,A,6,EUR
OECD.SDD.NAD:DSD_NAMAIN1@DF_QNA(1.1),Q,Y,FRA,S1,S1,P6,_Z,_Z,_Z,XDC,V,N,T0102,2015-Q1,171200.1,,,F,1,A,6,EUR
OECD.SDD.NAD:DSD_NAMAIN1@DF_QNA(1.1),Q,Y,FRA,S1,S1,P6,_Z,_Z,_Z,XDC,V,N,T0102,2003-Q2,108785.9,,,F,1,A,6,EUR
OECD.SDD.NAD:DSD_NAMAIN1@DF_QNA(1.1),Q,Y,FRA,S1,S1,P6,_Z,_Z,_Z,XDC,V,N,T0102,2003-Q3,108805.2,,,F,1,A,6,EUR
OECD.SDD.NAD:DSD_NAMAIN1@DF_QNA(1.1),Q,Y,FRA,S1,S1,P6,_Z,_Z,_Z,XDC,V,N,T0102,2016-Q1,174288.7,,,F,1,A,6,EUR
OECD.SDD.NAD:DSD_NAMAIN1@DF_QNA(1.1),Q,Y,FRA,S1,S1,P6,_Z,_Z,_Z,XDC,V,N,T0102,2017-Q3,186309.7,,,F,1,A,6,EUR
OECD.SDD.NAD:DSD_NAMAIN1@DF_QNA(1.1),Q,Y,FRA,S1,S1,P6,_Z,_Z,_Z,XDC,V,N,T0102,2018-Q3,196003.2,,,F,1,A,6,EUR
OECD.SDD.NAD:DSD_NAMAIN1@DF_QNA(1.1),Q,Y,FRA,S1,S1,P6,_Z,_Z,_Z,XDC,V,N,T0102,2018-Q4,198376.7,,,F,1,A,6,EUR
OECD.SDD.NAD:DSD_NAMAIN1@DF_QNA(1.1),Q,Y,FRA,S1,S1,P6,_Z,_Z,_Z,XDC,V,N,T0102,2005-Q4,128964.4,,,F,1,A,6,EUR
OECD.SDD.NAD:DSD_NAMAIN1@DF_QNA(1.1),Q,Y,FRA,S1,S1,P6,_Z,_Z,_Z,XDC,V,N,T0102,2007-Q2,140088.9,,,F,1,A,6,EUR
OECD.SDD.NAD:DSD_NAMAIN1@DF_QNA(1.1),Q,Y,FRA,S1,S1,P6,_Z,_Z,_Z,XDC,V,N,T0102,2007-Q3,140648.8,,,F,1,A,6,EUR
OECD.SDD.NAD:DSD_NAMAIN1@DF_QNA(1.1),Q,Y,FRA,S1,S1,P6,_Z,_Z,_Z,XDC,V,N,T0102,2008-Q4,137770.2,,,F,1,A,6,EUR
OECD.SDD.NAD:DSD_NAMAIN1@DF_QNA(1.1),Q,Y,FRA,S1,S1,P6,_Z,_Z,_Z,XDC,V,N,T0102,2009-Q1,125977.6,,,F,1,A,6,EUR
OECD.SDD.NAD:DSD_NAMAIN1@DF_QNA(1.1),Q,Y,FRA,S1,S1,P6,_Z,_Z,_Z,XDC,V,N,T0102,2010-Q1,132239.7,,,F,1,A,6,EUR
OECD.SDD.NAD:DSD_NAMAIN1@DF_QNA(1.1),Q,Y,FRA,S1,S1,P6,_Z,_Z,_Z,XDC,V,N,T0102,2011-Q1,148191,,,F,1,A,6,EUR
OECD.SDD.NAD:DSD_NAMAIN1@DF_QNA(1.1),Q,Y,FRA,S1,S1,P6,_Z,_Z,_Z,XDC,V,N,T0102,2011-Q2,151017.4,,,F,1,A,6,EUR
OECD.SDD.NAD:DSD_NAMAIN1@DF_QNA(1.1),Q,Y,FRA,S1,S1,P6,_Z,_Z,_Z,XDC,V,N,T0102,2013-Q2,163979.4,,,F,1,A,6,EUR
OECD.SDD.NAD:DSD_NAMAIN1@DF_QNA(1.1),Q,Y,FRA,S1,S1,P6,_Z,_Z,_Z,XDC,V,N,T0102,2013-Q3,162367.7,,,F,1,A,6,EUR
OECD.SDD.NAD:DSD_NAMAIN1@DF_QNA(1.1),Q,Y,FRA,S1,S1,P6,_Z,_Z,_Z,XDC,V,N,T0102,2014-Q3,166195,,,F,1,A,6,EUR
OECD.SDD.NAD:DSD_NAMAIN1@DF_QNA(1.1),Q,Y,FRA,S1,S1,P6,_Z,_Z,_Z,XDC,V,N,T0102,2019-Q2,202473.7,,,F,1,A,6,EUR
OECD.SDD.NAD:DSD_NAMAIN1@DF_QNA(1.1),Q,Y,FRA,S1,S1,P6,_Z,_Z,_Z,XDC,V,N,T0102,2019-Q3,198840.2,,,F,1,A,6,EUR
OECD.SDD.NAD:DSD_NAMAIN1@DF_QNA(1.1),Q,Y,FRA,S1,S1,P6,_Z,_Z,_Z,XDC,V,N,T0102,1998-Q3,91893.2,,,F,1,A,6,EUR
OECD.SDD.NAD:DSD_NAMAIN1@DF_QNA(1.1),Q,Y,FRA,S1,S1,P6,_Z,_Z,_Z,XDC,V,N,T0102,1998-Q4,91421.1,,,F,1,A,6,EUR
OECD.SDD.NAD:DSD_NAMAIN1@DF_QNA(1.1),Q,Y,FRA,S1,S1,P6,_Z,_Z,_Z,XDC,V,N,T0102,1992-Q3,62429.9,,,F,1,A,6,EUR
OECD.SDD.NAD:DSD_NAMAIN1@DF_QNA(1.1),Q,Y,FRA,S1,S1,P6,_Z,_Z,_Z,XDC,V,N,T0102,1992-Q4,61470.7,,,F,1,A,6,EUR
OECD.SDD.NAD:DSD_NAMAIN1@DF_QNA(1.1),Q,Y,FRA,S1,S1,P6,_Z,_Z,_Z,XDC,V,N,T0102,1993-Q1,62328.4,,,F,1,A,6,EUR
OECD.SDD.NAD:DSD_NAMAIN1@DF_QNA(1.1),Q,Y,FRA,S1,S1,P6,_Z,_Z,_Z,XDC,V,N,T0102,1993-Q2,59940.1,,,F,1,A,6,EUR
OECD.SDD.NAD:DSD_NAMAIN1@DF_QNA(1.1),Q,Y,FRA,S1,S1,P6,_Z,_Z,_Z,XDC,V,N,T0102,1993-Q3,61427,,,F,1,A,6,EUR
OECD.SDD.NAD:DSD_NAMAIN1@DF_QNA(1.1),Q,Y,FRA,S1,S1,P6,_Z,_Z,_Z,XDC,V,N,T0102,1993-Q4,63131.2,,,F,1,A,6,EUR
OECD.SDD.NAD:DSD_NAMAIN1@DF_QNA(1.1),Q,Y,FRA,S1,S1,P6,_Z,_Z,_Z,XDC,V,N,T0102,1994-Q1,63344,,,F,1,A,6,EUR
OECD.SDD.NAD:DSD_NAMAIN1@DF_QNA(1.1),Q,Y,FRA,S1,S1,P6,_Z,_Z,_Z,XDC,V,N,T0102,1994-Q2,65585.7,,,F,1,A,6,EUR
OECD.SDD.NAD:DSD_NAMAIN1@DF_QNA(1.1),Q,Y,FRA,S1,S1,P6,_Z,_Z,_Z,XDC,V,N,T0102,1999-Q1,90341.1,,,F,1,A,6,EUR
OECD.SDD.NAD:DSD_NAMAIN1@DF_QNA(1.1),Q,Y,FRA,S1,S1,P6,_Z,_Z,_Z,XDC,V,N,T0102,1999-Q4,100072.6,,,F,1,A,6,EUR
OECD.SDD.NAD:DSD_NAMAIN1@DF_QNA(1.1),Q,Y,FRA,S1,S1,P6,_Z,_Z,_Z,XDC,V,N,T0102,2001-Q3,112558.1,,,F,1,A,6,EUR
OECD.SDD.NAD:DSD_NAMAIN1@DF_QNA(1.1),Q,Y,FRA,S1,S1,P6,_Z,_Z,_Z,XDC,V,N,T0102,2002-Q3,113552.2,,,F,1,A,6,EUR
OECD.SDD.NAD:DSD_NAMAIN1@DF_QNA(1.1),Q,Y,FRA,S1,S1,P6,_Z,_Z,_Z,XDC,V,N,T0102,2023-Q3,243657.9,,,F,1,A,6,EUR
OECD.SDD.NAD:DSD_NAMAIN1@DF_QNA(1.1),Q,Y,FRA,S1,S1,P6,_Z,_Z,_Z,XDC,V,N,T0102,2023-Q4,244816.1,,,F,1,A,6,EUR
OECD.SDD.NAD:DSD_NAMAIN1@DF_QNA(1.1),Q,Y,FRA,S1,S1,P6,_Z,_Z,_Z,XDC,V,N,T0102,2023-Q1,242468.4,,,F,1,A,6,EUR
OECD.SDD.NAD:DSD_NAMAIN1@DF_QNA(1.1),Q,Y,DEU,S1,S1,P7,_Z,_Z,_Z,XDC,V,N,T0102,2001-Q3,159084,,,F,1,A,6,EUR
OECD.SDD.NAD:DSD_NAMAIN1@DF_QNA(1.1),Q,Y,DEU,S1,S1,P7,_Z,_Z,_Z,XDC,V,N,T0102,2021-Q3,345940,,,F,1,A,6,EUR
OECD.SDD.NAD:DSD_NAMAIN1@DF_QNA(1.1),Q,Y,DEU,S1,S1,P7,_Z,_Z,_Z,XDC,V,N,T0102,2017-Q4,301187,,,F,1,A,6,EUR
OECD.SDD.NAD:DSD_NAMAIN1@DF_QNA(1.1),Q,Y,DEU,S1,S1,P7,_Z,_Z,_Z,XDC,V,N,T0102,2016-Q3,273870,,,F,1,A,6,EUR
OECD.SDD.NAD:DSD_NAMAIN1@DF_QNA(1.1),Q,Y,DEU,S1,S1,P7,_Z,_Z,_Z,XDC,V,N,T0102,2016-Q2,270760,,,F,1,A,6,EUR
OECD.SDD.NAD:DSD_NAMAIN1@DF_QNA(1.1),Q,Y,FRA,S1,S1,P6,_Z,_Z,_Z,XDC,V,N,T0102,1988-Q1,46427.1,,,F,1,A,6,EUR
OECD.SDD.NAD:DSD_NAMAIN1@DF_QNA(1.1),Q,Y,FRA,S1,S1,P6,_Z,_Z,_Z,XDC,V,N,T0102,1988-Q2,47966.9,,,F,1,A,6,EUR
OECD.SDD.NAD:DSD_NAMAIN1@DF_QNA(1.1),Q,Y,FRA,S1,S1,P6,_Z,_Z,_Z,XDC,V,N,T0102,1988-Q3,50293.8,,,F,1,A,6,EUR
OECD.SDD.NAD:DSD_NAMAIN1@DF_QNA(1.1),Q,Y,FRA,S1,S1,P6,_Z,_Z,_Z,XDC,V,N,T0102,1988-Q4,51799,,,F,1,A,6,EUR
OECD.SDD.NAD:DSD_NAMAIN1@DF_QNA(1.1),Q,Y,DEU,S1,S1,B1GQ,_Z,_Z,_Z,XDC,V,N,T0102,1996-Q1,475467,,,F,1,A,6,EUR
OECD.SDD.NAD:DSD_NAMAIN1@DF_QNA(1.1),Q,Y,DEU,S1,S1,B1GQ,_Z,_Z,_Z,XDC,V,N,T0102,1996-Q2,481231,,,F,1,A,6,EUR
OECD.SDD.NAD:DSD_NAMAIN1@DF_QNA(1.1),Q,Y,DEU,S1,S1,B1GQ,_Z,_Z,_Z,XDC,V,N,T0102,2002-Q2,553636,,,F,1,A,6,EUR
OECD.SDD.NAD:DSD_NAMAIN1@DF_QNA(1.1),Q,Y,DEU,S1,S1,P7,_Z,_Z,_Z,XDC,V,N,T0102,2011-Q2,255115,,,F,1,A,6,EUR
OECD.SDD.NAD:DSD_NAMAIN1@DF_QNA(1.1),Q,Y,DEU,S1,S1,P7,_Z,_Z,_Z,XDC,V,N,T0102,2011-Q1,246382,,,F,1,A,6,EUR
OECD.SDD.NAD:DSD_NAMAIN1@DF_QNA(1.1),Q,Y,DEU,S1,S1,P7,_Z,_Z,_Z,XDC,V,N,T0102,2010-Q1,205547,,,F,1,A,6,EUR
OECD.SDD.NAD:DSD_NAMAIN1@DF_QNA(1.1),Q,Y,DEU,S1,S1,P7,_Z,_Z,_Z,XDC,V,N,T0102,2009-Q1,196807,,,F,1,A,6,EUR
OECD.SDD.NAD:DSD_NAMAIN1@DF_QNA(1.1),Q,Y,DEU,S1,S1,P7,_Z,_Z,_Z,XDC,V,N,T0102,2008-Q4,219682,,,F,1,A,6,EUR
OECD.SDD.NAD:DSD_NAMAIN1@DF_QNA(1.1),Q,Y,DEU,S1,S1,P7,_Z,_Z,_Z,XDC,V,N,T0102,2007-Q3,221132,,,F,1,A,6,EUR
OECD.SDD.NAD:DSD_NAMAIN1@DF_QNA(1.1),Q,Y,DEU,S1,S1,P7,_Z,_Z,_Z,XDC,V,N,T0102,2007-Q2,216998,,,F,1,A,6,EUR
OECD.SDD.NAD:DSD_NAMAIN1@DF_QNA(1.1),Q,Y,DEU,S1,S1,P7,_Z,_Z,_Z,XDC,V,N,T0102,2006-Q1,197831,,,F,1,A,6,EUR
OECD.SDD.NAD:DSD_NAMAIN1@DF_QNA(1.1),Q,Y,DEU,S1,S1,P7,_Z,_Z,_Z,XDC,V,N,T0102,2005-Q4,190881,,,F,1,A,6,EUR
OECD.SDD.NAD:DSD_NAMAIN1@DF_QNA(1.1),Q,Y,DEU,S1,S1,P7,_Z,_Z,_Z,XDC,V,N,T0102,2003-Q3,153486,,,F,1,A,6,EUR
OECD.SDD.NAD:DSD_NAMAIN1@DF_QNA(1.1),Q,Y,DEU,S1,S1,P7,_Z,_Z,_Z,XDC,V,N,T0102,2002-Q4,154099,,,F,1,A,6,EUR
OECD.SDD.NAD:DSD_NAMAIN1@DF_QNA(1.1),Q,Y,DEU,S1,S1,P7,_Z,_Z,_Z,XDC,V,N,T0102,2002-Q3,150814,,,F,1,A,6,EUR
OECD.SDD.NAD:DSD_NAMAIN1@DF_QNA(1.1),Q,Y,DEU,S1,S1,P7,_Z,_Z,_Z,XDC,V,N,T0102,2017-Q3,294525,,,F,1,A,6,EUR
OECD.SDD.NAD:DSD_NAMAIN1@DF_QNA(1.1),Q,Y,DEU,S1,S1,P7,_Z,_Z,_Z,XDC,V,N,T0102,2019-Q3,328141,,,F,1,A,6,EUR
OECD.SDD.NAD:DSD_NAMAIN1@DF_QNA(1.1),Q,Y,DEU,S1,S1,P7,_Z,_Z,_Z,XDC,V,N,T0102,1997-Q4,120194,,,F,1,A,6,EUR
OECD.SDD.NAD:DSD_NAMAIN1@DF_QNA(1.1),Q,Y,DEU,S1,S1,P7,_Z,_Z,_Z,XDC,V,N,T0102,1997-Q3,119029,,,F,1,A,6,EUR
OECD.SDD.NAD:DSD_NAMAIN1@DF_QNA(1.1),Q,Y,DEU,S1,S1,P7,_Z,_Z,_Z,XDC,V,N,T0102,1997-Q2,114527,,,F,1,A,6,EUR
OECD.SDD.NAD:DSD_NAMAIN1@DF_QNA(1.1),Q,Y,DEU,S1,S1,P6,_Z,_Z,_Z,XDC,V,N,T0102,1996-Q3,107671,,,F,1,A,6,EUR
OECD.SDD.NAD:DSD_NAMAIN1@DF_QNA(1.1),Q,Y,FRA,S1,S1,P6,_Z,_Z,_Z,XDC,V,N,T0102,1992-Q2,63861.2,,,F,1,A,6,EUR
OECD.SDD.NAD:DSD_NAMAIN1@DF_QNA(1.1),Q,Y,FRA,S1,S1,P6,_Z,_Z,_Z,XDC,V,N,T0102,1980-Q1,24110.4,,,F,1,A,6,EUR
OECD.SDD.NAD:DSD_NAMAIN1@DF_QNA(1.1),Q,Y,FRA,S1,S1,P6,_Z,_Z,_Z,XDC,V,N,T0102,1980-Q2,24394.7,,,F,1,A,6,EUR
OECD.SDD.NAD:DSD_NAMAIN1@DF_QNA(1.1),Q,Y,FRA,S1,S1,P6,_Z,_Z,_Z,XDC,V,N,T0102,1980-Q3,24439.6,,,F,1,A,6,EUR
OECD.SDD.NAD:DSD_NAMAIN1@DF_QNA(1.1),Q,Y,FRA,S1,S1,P6,_Z,_Z,_Z,XDC,V,N,T0102,1980-Q4,25475.5,,,F,1,A,6,EUR
OECD.SDD.NAD:DSD_NAMAIN1@DF_QNA(1.1),Q,Y,FRA,S1,S1,P6,_Z,_Z,_Z,XDC,V,N,T0102,1981-Q1,26807.9,,,F,1,A,6,EUR
OECD.SDD.NAD:DSD_NAMAIN1@DF_QNA(1.1),Q,Y,FRA,S1,S1,P6,_Z,_Z,_Z,XDC,V,N,T0102,1981-Q2,28723.6,,,F,1,A,6,EUR
OECD.SDD.NAD:DSD_NAMAIN1@DF_QNA(1.1),Q,Y,FRA,S1,S1,P6,_Z,_Z,_Z,XDC,V,N,T0102,1981-Q3,30253.9,,,F,1,A,6,EUR
OECD.SDD.NAD:DSD_NAMAIN1@DF_QNA(1.1),Q,Y,FRA,S1,S1,P6,_Z,_Z,_Z,XDC,V,N,T0102,1981-Q4,30463.8,,,F,1,A,6,EUR
OECD.SDD.NAD:DSD_NAMAIN1@DF_QNA(1.1),Q,Y,FRA,S1,S1,P6,_Z,_Z,_Z,XDC,V,N,T0102,1982-Q1,31191,,,F,1,A,6,EUR
OECD.SDD.NAD:DSD_NAMAIN1@DF_QNA(1.1),Q,Y,FRA,S1,S1,P6,_Z,_Z,_Z,XDC,V,N,T0102,1982-Q2,31318.2,,,F,1,A,6,EUR
OECD.SDD.NAD:DSD_NAMAIN1@DF_QNA(1.1),Q,Y,FRA,S1,S1,P6,_Z,_Z,_Z,XDC,V,N,T0102,1982-Q3,32455.3,,,F,1,A,6,EUR
OECD.SDD.NAD:DSD_NAMAIN1@DF_QNA(1.1),Q,Y,FRA,S1,S1,P6,_Z,_Z,_Z,XDC,V,N,T0102,1982-Q4,34269.6,,,F,1,A,6,EUR
OECD.SDD.NAD:DSD_NAMAIN1@DF_QNA(1.1),Q,Y,FRA,S1,S1,P6,_Z,_Z,_Z,XDC,V,N,T0102,1983-Q1,34495.1,,,F,1,A,6,EUR
OECD.SDD.NAD:DSD_NAMAIN1@DF_QNA(1.1),Q,Y,FRA,S1,S1,P6,_Z,_Z,_Z,XDC,V,N,T0102,1983-Q2,36779.8,,,F,1,A,6,EUR
OECD.SDD.NAD:DSD_NAMAIN1@DF_QNA(1.1),Q,Y,FRA,S1,S1,P6,_Z,_Z,_Z,XDC,V,N,T0102,1983-Q3,38749.9,,,F,1,A,6,EUR
OECD.SDD.NAD:DSD_NAMAIN1@DF_QNA(1.1),Q,Y,FRA,S1,S1,P6,_Z,_Z,_Z,XDC,V,N,T0102,1983-Q4,40436.3,,,F,1,A,6,EUR
OECD.SDD.NAD:DSD_NAMAIN1@DF_QNA(1.1),Q,Y,FRA,S1,S1,P6,_Z,_Z,_Z,XDC,V,N,T0102,1984-Q1,41551.7,,,F,1,A,6,EUR
OECD.SDD.NAD:DSD_NAMAIN1@DF_QNA(1.1),Q,Y,FRA,S1,S1,P6,_Z,_Z,_Z,XDC,V,N,T0102,1984-Q2,43054,,,F,1,A,6,EUR
OECD.SDD.NAD:DSD_NAMAIN1@DF_QNA(1.1),Q,Y,FRA,S1,S1,P6,_Z,_Z,_Z,XDC,V,N,T0102,1984-Q3,44604.9,,,F,1,A,6,EUR
OECD.SDD.NAD:DSD_NAMAIN1@DF_QNA(1.1),Q,Y,FRA,S1,S1,P6,_Z,_Z,_Z,XDC,V,N,T0102,1984-Q4,45058.7,,,F,1,A,6,EUR
OECD.SDD.NAD:DSD_NAMAIN1@DF_QNA(1.1),Q,Y,FRA,S1,S1,P6,_Z,_Z,_Z,XDC,V,N,T0102,1985-Q1,45837.5,,,F,1,A,6,EUR
OECD.SDD.NAD:DSD_NAMAIN1@DF_QNA(1.1),Q,Y,FRA,S1,S1,P6,_Z,_Z,_Z,XDC,V,N,T0102,1985-Q2,46843,,,F,1,A,6,EUR
OECD.SDD.NAD:DSD_NAMAIN1@DF_QNA(1.1),Q,Y,FRA,S1,S1,P6,_Z,_Z,_Z,XDC,V,N,T0102,1985-Q3,45238.1,,,F,1,A,6,EUR
OECD.SDD.NAD:DSD_NAMAIN1@DF_QNA(1.1),Q,Y,FRA,S1,S1,P6,_Z,_Z,_Z,XDC,V,N,T0102,1985-Q4,45711.2,,,F,1,A,6,EUR
OECD.SDD.NAD:DSD_NAMAIN1@DF_QNA(1.1),Q,Y,FRA,S1,S1,P6,_Z,_Z,_Z,XDC,V,N,T0102,1986-Q1,44314,,,F,1,A,6,EUR
OECD.SDD.NAD:DSD_NAMAIN1@DF_QNA(1.1),Q,Y,FRA,S1,S1,P6,_Z,_Z,_Z,XDC,V,N,T0102,1986-Q2,43110.7,,,F,1,A,6,EUR
OECD.SDD.NAD:DSD_NAMAIN1@DF_QNA(1.1),Q,Y,FRA,S1,S1,P6,_Z,_Z,_Z,XDC,V,N,T0102,1986-Q3,43233.3,,,F,1,A,6,EUR
OECD.SDD.NAD:DSD_NAMAIN1@DF_QNA(1.1),Q,Y,FRA,S1,S1,P6,_Z,_Z,_Z,XDC,V,N,T0102,1986-Q4,42244.1,,,F,1,A,6,EUR
OECD.SDD.NAD:DSD_NAMAIN1@DF_QNA(1.1),Q,Y,FRA,S1,S1,P6,_Z,_Z,_Z,XDC,V,N,T0102,1994-Q3,66889.1,,,F,1,A,6,EUR
OECD.SDD.NAD:DSD_NAMAIN1@DF_QNA(1.1),Q,Y,FRA,S1,S1,P6,_Z,_Z,_Z,XDC,V,N,T0102,1994-Q4,70746.8,,,F,1,A,6,EUR
OECD.SDD.NAD:DSD_NAMAIN1@DF_QNA(1.1),Q,Y,FRA,S1,S1,P6,_Z,_Z,_Z,XDC,V,N,T0102,1995-Q1,71524.1,,,F,1,A,6,EUR
OECD.SDD.NAD:DSD_NAMAIN1@DF_QNA(1.1),Q,Y,FRA,S1,S1,P6,_Z,_Z,_Z,XDC,V,N,T0102,1995-Q2,73097.3,,,F,1,A,6,EUR
OECD.SDD.NAD:DSD_NAMAIN1@DF_QNA(1.1),Q,Y,FRA,S1,S1,P6,_Z,_Z,_Z,XDC,V,N,T0102,1995-Q3,71778.3,,,F,1,A,6,EUR
OECD.SDD.NAD:DSD_NAMAIN1@DF_QNA(1.1),Q,Y,FRA,S1,S1,P6,_Z,_Z,_Z,XDC,V,N,T0102,1999-Q3,96426.9,,,F,1,A,6,EUR
OECD.SDD.NAD:DSD_NAMAIN1@DF_QNA(1.1),Q,Y,FRA,S1,S1,P6,_Z,_Z,_Z,XDC,V,N,T0102,2020-Q4,176052.7,,,F,1,A,6,EUR
OECD.SDD.NAD:DSD_NAMAIN1@DF_QNA(1.1),Q,Y,FRA,S1,S1,P6,_Z,_Z,_Z,XDC,V,N,T0102,1995-Q4,72278.8,,,F,1,A,6,EUR
OECD.SDD.NAD:DSD_NAMAIN1@DF_QNA(1.1),Q,Y,FRA,S1,S1,P6,_Z,_Z,_Z,XDC,V,N,T0102,1996-Q1,74241.2,,,F,1,A,6,EUR
OECD.SDD.NAD:DSD_NAMAIN1@DF_QNA(1.1),Q,Y,FRA,S1,S1,P6,_Z,_Z,_Z,XDC,V,N,T0102,1996-Q2,74029.5,,,F,1,A,6,EUR
OECD.SDD.NAD:DSD_NAMAIN1@DF_QNA(1.1),Q,Y,FRA,S1,S1,P6,_Z,_Z,_Z,XDC,V,N,T0102,2000-Q1,103184.2,,,F,1,A,6,EUR
OECD.SDD.NAD:DSD_NAMAIN1@DF_QNA(1.1),Q,Y,FRA,S1,S1,P6,_Z,_Z,_Z,XDC,V,N,T0102,2000-Q3,111460.4,,,F,1,A,6,EUR
OECD.SDD.NAD:DSD_NAMAIN1@DF_QNA(1.1),Q,Y,FRA,S1,S1,P6,_Z,_Z,_Z,XDC,V,N,T0102,2000-Q4,116190.6,,,F,1,A,6,EUR
OECD.SDD.NAD:DSD_NAMAIN1@DF_QNA(1.1),Q,Y,FRA,S1,S1,P6,_Z,_Z,_Z,XDC,V,N,T0102,2001-Q1,115562.1,,,F,1,A,6,EUR
OECD.SDD.NAD:DSD_NAMAIN1@DF_QNA(1.1),Q,Y,FRA,S1,S1,P6,_Z,_Z,_Z,XDC,V,N,T0102,2004-Q2,115566.7,,,F,1,A,6,EUR
OECD.SDD.NAD:DSD_NAMAIN1@DF_QNA(1.1),Q,Y,FRA,S1,S1,P6,_Z,_Z,_Z,XDC,V,N,T0102,2005-Q1,120129.9,,,F,1,A,6,EUR
OECD.SDD.NAD:DSD_NAMAIN1@DF_QNA(1.1),Q,Y,FRA,S1,S1,P6,_Z,_Z,_Z,XDC,V,N,T0102,2004-Q3,116206.9,,,F,1,A,6,EUR
OECD.SDD.NAD:DSD_NAMAIN1@DF_QNA(1.1),Q,Y,FRA,S1,S1,P6,_Z,_Z,_Z,XDC,V,N,T0102,2004-Q4,120261.7,,,F,1,A,6,EUR
OECD.SDD.NAD:DSD_NAMAIN1@DF_QNA(1.1),Q,Y,FRA,S1,S1,P6,_Z,_Z,_Z,XDC,V,N,T0102,2006-Q1,131698.2,,,F,1,A,6,EUR
OECD.SDD.NAD:DSD_NAMAIN1@DF_QNA(1.1),Q,Y,FRA,S1,S1,P6,_Z,_Z,_Z,XDC,V,N,T0102,2006-Q2,134556.9,,,F,1,A,6,EUR
OECD.SDD.NAD:DSD_NAMAIN1@DF_QNA(1.1),Q,Y,FRA,S1,S1,P6,_Z,_Z,_Z,XDC,V,N,T0102,2012-Q3,160034.1,,,F,1,A,6,EUR
OECD.SDD.NAD:DSD_NAMAIN1@DF_QNA(1.1),Q,Y,FRA,S1,S1,P6,_Z,_Z,_Z,XDC,V,N,T0102,2012-Q4,159539,,,F,1,A,6,EUR
OECD.SDD.NAD:DSD_NAMAIN1@DF_QNA(1.1),Q,Y,FRA,S1,S1,P6,_Z,_Z,_Z,XDC,V,N,T0102,2013-Q4,163846.7,,,F,1,A,6,EUR
OECD.SDD.NAD:DSD_NAMAIN1@DF_QNA(1.1),Q,Y,FRA,S1,S1,P6,_Z,_Z,_Z,XDC,V,N,T0102,2015-Q2,176386.8,,,F,1,A,6,EUR
OECD.SDD.NAD:DSD_NAMAIN1@DF_QNA(1.1),Q,Y,FRA,S1,S1,P6,_Z,_Z,_Z,XDC,V,N,T0102,2017-Q1,181652.6,,,F,1,A,6,EUR
OECD.SDD.NAD:DSD_NAMAIN1@DF_QNA(1.1),Q,Y,DEU,S1,S1,B1GQ,_Z,_Z,_Z,XDC,V,N,T0102,1998-Q3,506260,,,F,1,A,6,EUR
OECD.SDD.NAD:DSD_NAMAIN1@DF_QNA(1.1),Q,Y,DEU,S1,S1,P7,_Z,_Z,_Z,XDC,V,N,T0102,1992-Q4,95640,,,F,1,A,6,EUR
OECD.SDD.NAD:DSD_NAMAIN1@DF_QNA(1.1),Q,Y,DEU,S1,S1,B1GQ,_Z,_Z,_Z,XDC,V,N,T0102,2001-Q2,547601,,,F,1,A,6,EUR
OECD.SDD.NAD:DSD_NAMAIN1@DF_QNA(1.1),Q,Y,DEU,S1,S1,B1GQ,_Z,_Z,_Z,XDC,V,N,T0102,2004-Q2,573483,,,F,1,A,6,EUR
OECD.SDD.NAD:DSD_NAMAIN1@DF_QNA(1.1),Q,Y,DEU,S1,S1,B1GQ,_Z,_Z,_Z,XDC,V,N,T0102,2004-Q3,572407,,,F,1,A,6,EUR
OECD.SDD.NAD:DSD_NAMAIN1@DF_QNA(1.1),Q,Y,DEU,S1,S1,B1GQ,_Z,_Z,_Z,XDC,V,N,T0102,2004-Q4,572491,,,F,1,A,6,EUR
OECD.SDD.NAD:DSD_NAMAIN1@DF_QNA(1.1),Q,Y,FRA,S1,S1,P6,_Z,_Z,_Z,XDC,V,N,T0102,2014-Q2,164516,,,F,1,A,6,EUR
OECD.SDD.NAD:DSD_NAMAIN1@DF_QNA(1.1),Q,Y,FRA,S1,S1,P6,_Z,_Z,_Z,XDC,V,N,T0102,2015-Q3,174754,,,F,1,A,6,EUR
OECD.SDD.NAD:DSD_NAMAIN1@DF_QNA(1.1),Q,Y,FRA,S1,S1,P6,_Z,_Z,_Z,XDC,V,N,T0102,2015-Q4,176278.1,,,F,1,A,6,EUR
OECD.SDD.NAD:DSD_NAMAIN1@DF_QNA(1.1),Q,Y,DEU,S1,S1,B1GQ,_Z,_Z,_Z,XDC,V,N,T0102,1994-Q2,456388,,,F,1,A,6,EUR
OECD.SDD.NAD:DSD_NAMAIN1@DF_QNA(1.1),Q,Y,DEU,S1,S1,P6,_Z,_Z,_Z,XDC,V,N,T0102,1995-Q2,101464,,,F,1,A,6,EUR
OECD.SDD.NAD:DSD_NAMAIN1@DF_QNA(1.1),Q,Y,DEU,S1,S1,P6,_Z,_Z,_Z,XDC,V,N,T0102,1995-Q3,102331,,,F,1,A,6,EUR
OECD.SDD.NAD:DSD_NAMAIN1@DF_QNA(1.1),Q,Y,DEU,S1,S1,P6,_Z,_Z,_Z,XDC,V,N,T0102,1995-Q4,103801,,,F,1,A,6,EUR
OECD.SDD.NAD:DSD_NAMAIN1@DF_QNA(1.1),Q,Y,DEU,S1,S1,P6,_Z,_Z,_Z,XDC,V,N,T0102,1996-Q1,104987,,,F,1,A,6,EUR
OECD.SDD.NAD:DSD_NAMAIN1@DF_QNA(1.1),Q,Y,DEU,S1,S1,P6,_Z,_Z,_Z,XDC,V,N,T0102,1996-Q2,105371,,,F,1,A,6,EUR
OECD.SDD.NAD:DSD_NAMAIN1@DF_QNA(1.1),Q,Y,DEU,S1,S1,P6,_Z,_Z,_Z,XDC,V,N,T0102,2002-Q2,173260,,,F,1,A,6,EUR
OECD.SDD.NAD:DSD_NAMAIN1@DF_QNA(1.1),Q,Y,DEU,S1,S1,B1GQ,_Z,_Z,_Z,XDC,V,N,T0102,2005-Q1,574340,,,F,1,A,6,EUR
OECD.SDD.NAD:DSD_NAMAIN1@DF_QNA(1.1),Q,Y,DEU,S1,S1,B1GQ,_Z,_Z,_Z,XDC,V,N,T0102,2006-Q1,592014,,,F,1,A,6,EUR
OECD.SDD.NAD:DSD_NAMAIN1@DF_QNA(1.1),Q,Y,DEU,S1,S1,B1GQ,_Z,_Z,_Z,XDC,V,N,T0102,2006-Q2,603797,,,F,1,A,6,EUR
OECD.SDD.NAD:DSD_NAMAIN1@DF_QNA(1.1),Q,Y,DEU,S1,S1,B1GQ,_Z,_Z,_Z,XDC,V,N,T0102,2007-Q4,645317,,,F,1,A,6,EUR
OECD.SDD.NAD:DSD_NAMAIN1@DF_QNA(1.1),Q,Y,DEU,S1,S1,B1GQ,_Z,_Z,_Z,XDC,V,N,T0102,2011-Q3,689494,,,F,1,A,6,EUR
OECD.SDD.NAD:DSD_NAMAIN1@DF_QNA(1.1),Q,Y,DEU,S1,S1,B1GQ,_Z,_Z,_Z,XDC,V,N,T0102,2012-Q2,697956,,,F,1,A,6,EUR
OECD.SDD.NAD:DSD_NAMAIN1@DF_QNA(1.1),Q,Y,DEU,S1,S1,B1GQ,_Z,_Z,_Z,XDC,V,N,T0102,2012-Q3,704039,,,F,1,A,6,EUR
OECD.SDD.NAD:DSD_NAMAIN1@DF_QNA(1.1),Q,Y,DEU,S1,S1,B1GQ,_Z,_Z,_Z,XDC,V,N,T0102,2012-Q4,704832,,,F,1,A,6,EUR
OECD.SDD.NAD:DSD_NAMAIN1@DF_QNA(1.1),Q,Y,DEU,S1,S1,B1GQ,_Z,_Z,_Z,XDC,V,N,T0102,2013-Q4,727304,,,F,1,A,6,EUR
OECD.SDD.NAD:DSD_NAMAIN1@DF_QNA(1.1),Q,Y,DEU,S1,S1,B1GQ,_Z,_Z,_Z,XDC,V,N,T0102,2015-Q2,770621,,,F,1,A,6,EUR
OECD.SDD.NAD:DSD_NAMAIN1@DF_QNA(1.1),Q,Y,DEU,S1,S1,B1GQ,_Z,_Z,_Z,XDC,V,N,T0102,2017-Q1,821330,,,F,1,A,6,EUR
OECD.SDD.NAD:DSD_NAMAIN1@DF_QNA(1.1),Q,Y,DEU,S1,S1,B1GQ,_Z,_Z,_Z,XDC,V,N,T0102,2017-Q2,831407,,,F,1,A,6,EUR
OECD.SDD.NAD:DSD_NAMAIN1@DF_QNA(1.1),Q,Y,DEU,S1,S1,B1GQ,_Z,_Z,_Z,XDC,V,N,T0102,1992-Q3,428579,,,F,1,A,6,EUR
OECD.SDD.NAD:DSD_NAMAIN1@DF_QNA(1.1),Q,Y,DEU,S1,S1,B1GQ,_Z,_Z,_Z,XDC,V,N,T0102,1992-Q4,431529,,,F,1,A,6,EUR
OECD.SDD.NAD:DSD_NAMAIN1@DF_QNA(1.1),Q,Y,DEU,S1,S1,B1GQ,_Z,_Z,_Z,XDC,V,N,T0102,1993-Q1,432373,,,F,1,A,6,EUR
OECD.SDD.NAD:DSD_NAMAIN1@DF_QNA(1.1),Q,Y,DEU,S1,S1,P7,_Z,_Z,_Z,XDC,V,N,T0102,1997-Q1,113295,,,F,1,A,6,EUR
OECD.SDD.NAD:DSD_NAMAIN1@DF_QNA(1.1),Q,Y,DEU,S1,S1,P7,_Z,_Z,_Z,XDC,V,N,T0102,1996-Q4,108324,,,F,1,A,6,EUR
OECD.SDD.NAD:DSD_NAMAIN1@DF_QNA(1.1),Q,Y,DEU,S1,S1,P7,_Z,_Z,_Z,XDC,V,N,T0102,2010-Q2,227384,,,F,1,A,6,EUR
OECD.SDD.NAD:DSD_NAMAIN1@DF_QNA(1.1),Q,Y,DEU,S1,S1,P7,_Z,_Z,_Z,XDC,V,N,T0102,2009-Q2,185686,,,F,1,A,6,EUR
OECD.SDD.NAD:DSD_NAMAIN1@DF_QNA(1.1),Q,Y,DEU,S1,S1,P7,_Z,_Z,_Z,XDC,V,N,T0102,2008-Q3,235278,,,F,1,A,6,EUR
OECD.SDD.NAD:DSD_NAMAIN1@DF_QNA(1.1),Q,Y,DEU,S1,S1,P7,_Z,_Z,_Z,XDC,V,N,T0102,2007-Q1,214046,,,F,1,A,6,EUR
OECD.SDD.NAD:DSD_NAMAIN1@DF_QNA(1.1),Q,Y,DEU,S1,S1,P7,_Z,_Z,_Z,XDC,V,N,T0102,2005-Q3,183597,,,F,1,A,6,EUR
OECD.SDD.NAD:DSD_NAMAIN1@DF_QNA(1.1),Q,Y,DEU,S1,S1,P7,_Z,_Z,_Z,XDC,V,N,T0102,2005-Q2,176607,,,F,1,A,6,EUR
OECD.SDD.NAD:DSD_NAMAIN1@DF_QNA(1.1),Q,Y,DEU,S1,S1,P7,_Z,_Z,_Z,XDC,V,N,T0102,2003-Q2,153746,,,F,1,A,6,EUR
OECD.SDD.NAD:DSD_NAMAIN1@DF_QNA(1.1),Q,Y,DEU,S1,S1,P7,_Z,_Z,_Z,XDC,V,N,T0102,2003-Q1,157220,,,F,1,A,6,EUR
OECD.SDD.NAD:DSD_NAMAIN1@DF_QNA(1.1),Q,Y,DEU,S1,S1,P7,_Z,_Z,_Z,XDC,V,N,T0102,2002-Q1,148302,,,F,1,A,6,EUR
OECD.SDD.NAD:DSD_NAMAIN1@DF_QNA(1.1),Q,Y,DEU,S1,S1,P7,_Z,_Z,_Z,XDC,V,N,T0102,2001-Q4,154557,,,F,1,A,6,EUR
OECD.SDD.NAD:DSD_NAMAIN1@DF_QNA(1.1),Q,Y,DEU,S1,S1,P7,_Z,_Z,_Z,XDC,V,N,T0102,1998-Q1,124098,,,F,1,A,6,EUR
OECD.SDD.NAD:DSD_NAMAIN1@DF_QNA(1.1),Q,Y,DEU,S1,S1,P7,_Z,_Z,_Z,XDC,V,N,T0102,1996-Q3,103511,,,F,1,A,6,EUR
OECD.SDD.NAD:DSD_NAMAIN1@DF_QNA(1.1),Q,Y,DEU,S1,S1,P7,_Z,_Z,_Z,XDC,V,N,T0102,2015-Q4,271579,,,F,1,A,6,EUR
OECD.SDD.NAD:DSD_NAMAIN1@DF_QNA(1.1),Q,Y,DEU,S1,S1,P7,_Z,_Z,_Z,XDC,V,N,T0102,2015-Q3,272756,,,F,1,A,6,EUR
OECD.SDD.NAD:DSD_NAMAIN1@DF_QNA(1.1),Q,Y,DEU,S1,S1,P7,_Z,_Z,_Z,XDC,V,N,T0102,2014-Q2,262482,,,F,1,A,6,EUR
OECD.SDD.NAD:DSD_NAMAIN1@DF_QNA(1.1),Q,Y,DEU,S1,S1,P7,_Z,_Z,_Z,XDC,V,N,T0102,2014-Q1,259835,,,F,1,A,6,EUR
OECD.SDD.NAD:DSD_NAMAIN1@DF_QNA(1.1),Q,Y,DEU,S1,S1,P7,_Z,_Z,_Z,XDC,V,N,T0102,2013-Q1,255448,,,F,1,A,6,EUR
OECD.SDD.NAD:DSD_NAMAIN1@DF_QNA(1.1),Q,Y,DEU,S1,S1,P7,_Z,_Z,_Z,XDC,V,N,T0102,2010-Q3,229665,,,F,1,A,6,EUR
OECD.SDD.NAD:DSD_NAMAIN1@DF_QNA(1.1),Q,Y,DEU,S1,S1,P7,_Z,_Z,_Z,XDC,V,N,T0102,2018-Q2,312141,,,F,1,A,6,EUR
OECD.SDD.NAD:DSD_NAMAIN1@DF_QNA(1.1),Q,Y,DEU,S1,S1,P7,_Z,_Z,_Z,XDC,V,N,T0102,2016-Q4,282241,,,F,1,A,6,EUR
OECD.SDD.NAD:DSD_NAMAIN1@DF_QNA(1.1),Q,Y,DEU,S1,S1,P7,_Z,_Z,_Z,XDC,V,N,T0102,1994-Q3,95402,,,F,1,A,6,EUR
OECD.SDD.NAD:DSD_NAMAIN1@DF_QNA(1.1),Q,Y,DEU,S1,S1,P7,_Z,_Z,_Z,XDC,V,N,T0102,2008-Q2,227490,,,F,1,A,6,EUR
OECD.SDD.NAD:DSD_NAMAIN1@DF_QNA(1.1),Q,Y,DEU,S1,S1,P7,_Z,_Z,_Z,XDC,V,N,T0102,2008-Q1,226616,,,F,1,A,6,EUR
OECD.SDD.NAD:DSD_NAMAIN1@DF_QNA(1.1),Q,Y,DEU,S1,S1,P7,_Z,_Z,_Z,XDC,V,N,T0102,2006-Q4,211910,,,F,1,A,6,EUR
OECD.SDD.NAD:DSD_NAMAIN1@DF_QNA(1.1),Q,Y,DEU,S1,S1,P7,_Z,_Z,_Z,XDC,V,N,T0102,2006-Q3,207559,,,F,1,A,6,EUR
OECD.SDD.NAD:DSD_NAMAIN1@DF_QNA(1.1),Q,Y,DEU,S1,S1,P7,_Z,_Z,_Z,XDC,V,N,T0102,2004-Q1,158676,,,F,1,A,6,EUR
OECD.SDD.NAD:DSD_NAMAIN1@DF_QNA(1.1),Q,Y,DEU,S1,S1,P7,_Z,_Z,_Z,XDC,V,N,T0102,2003-Q4,156957,,,F,1,A,6,EUR
OECD.SDD.NAD:DSD_NAMAIN1@DF_QNA(1.1),Q,Y,DEU,S1,S1,P7,_Z,_Z,_Z,XDC,V,N,T0102,2002-Q2,152329,,,F,1,A,6,EUR
OECD.SDD.NAD:DSD_NAMAIN1@DF_QNA(1.1),Q,Y,DEU,S1,S1,P7,_Z,_Z,_Z,XDC,V,N,T0102,1996-Q2,103564,,,F,1,A,6,EUR
OECD.SDD.NAD:DSD_NAMAIN1@DF_QNA(1.1),Q,Y,DEU,S1,S1,P7,_Z,_Z,_Z,XDC,V,N,T0102,1996-Q1,102320,,,F,1,A,6,EUR
OECD.SDD.NAD:DSD_NAMAIN1@DF_QNA(1.1),Q,Y,DEU,S1,S1,P7,_Z,_Z,_Z,XDC,V,N,T0102,1995-Q4,101319,,,F,1,A,6,EUR
OECD.SDD.NAD:DSD_NAMAIN1@DF_QNA(1.1),Q,Y,DEU,S1,S1,P7,_Z,_Z,_Z,XDC,V,N,T0102,1995-Q3,100825,,,F,1,A,6,EUR
OECD.SDD.NAD:DSD_NAMAIN1@DF_QNA(1.1),Q,Y,DEU,S1,S1,P7,_Z,_Z,_Z,XDC,V,N,T0102,2021-Q2,332766,,,F,1,A,6,EUR
OECD.SDD.NAD:DSD_NAMAIN1@DF_QNA(1.1),Q,Y,DEU,S1,S1,P7,_Z,_Z,_Z,XDC,V,N,T0102,2021-Q1,319346,,,F,1,A,6,EUR
OECD.SDD.NAD:DSD_NAMAIN1@DF_QNA(1.1),Q,Y,DEU,S1,S1,P7,_Z,_Z,_Z,XDC,V,N,T0102,2020-Q4,303390,,,F,1,A,6,EUR
OECD.SDD.NAD:DSD_NAMAIN1@DF_QNA(1.1),Q,Y,DEU,S1,S1,P7,_Z,_Z,_Z,XDC,V,N,T0102,2020-Q3,288650,,,F,1,A,6,EUR
OECD.SDD.NAD:DSD_NAMAIN1@DF_QNA(1.1),Q,Y,DEU,S1,S1,P7,_Z,_Z,_Z,XDC,V,N,T0102,2020-Q2,258150,,,F,1,A,6,EUR
OECD.SDD.NAD:DSD_NAMAIN1@DF_QNA(1.1),Q,Y,DEU,S1,S1,P7,_Z,_Z,_Z,XDC,V,N,T0102,2020-Q1,322531,,,F,1,A,6,EUR
OECD.SDD.NAD:DSD_NAMAIN1@DF_QNA(1.1),Q,Y,DEU,S1,S1,P7,_Z,_Z,_Z,XDC,V,N,T0102,2019-Q4,330949,,,F,1,A,6,EUR
OECD.SDD.NAD:DSD_NAMAIN1@DF_QNA(1.1),Q,Y,DEU,S1,S1,P7,_Z,_Z,_Z,XDC,V,N,T0102,2019-Q1,327305,,,F,1,A,6,EUR
OECD.SDD.NAD:DSD_NAMAIN1@DF_QNA(1.1),Q,Y,DEU,S1,S1,P7,_Z,_Z,_Z,XDC,V,N,T0102,2018-Q1,307936,,,F,1,A,6,EUR
OECD.SDD.NAD:DSD_NAMAIN1@DF_QNA(1.1),Q,Y,DEU,S1,S1,P7,_Z,_Z,_Z,XDC,V,N,T0102,2012-Q1,256037,,,F,1,A,6,EUR
OECD.SDD.NAD:DSD_NAMAIN1@DF_QNA(1.1),Q,Y,DEU,S1,S1,P7,_Z,_Z,_Z,XDC,V,N,T0102,2011-Q4,252098,,,F,1,A,6,EUR
OECD.SDD.NAD:DSD_NAMAIN1@DF_QNA(1.1),Q,Y,DEU,S1,S1,P7,_Z,_Z,_Z,XDC,V,N,T0102,2010-Q4,232998,,,F,1,A,6,EUR
OECD.SDD.NAD:DSD_NAMAIN1@DF_QNA(1.1),Q,Y,DEU,S1,S1,P7,_Z,_Z,_Z,XDC,V,N,T0102,2009-Q4,190046,,,F,1,A,6,EUR
OECD.SDD.NAD:DSD_NAMAIN1@DF_QNA(1.1),Q,Y,DEU,S1,S1,P7,_Z,_Z,_Z,XDC,V,N,T0102,2009-Q3,191270,,,F,1,A,6,EUR
OECD.SDD.NAD:DSD_NAMAIN1@DF_QNA(1.1),Q,Y,DEU,S1,S1,P7,_Z,_Z,_Z,XDC,V,N,T0102,1995-Q2,100397,,,F,1,A,6,EUR
OECD.SDD.NAD:DSD_NAMAIN1@DF_QNA(1.1),Q,Y,DEU,S1,S1,P7,_Z,_Z,_Z,XDC,V,N,T0102,1995-Q1,98936,,,F,1,A,6,EUR
OECD.SDD.NAD:DSD_NAMAIN1@DF_QNA(1.1),Q,Y,DEU,S1,S1,P7,_Z,_Z,_Z,XDC,V,N,T0102,1994-Q4,97388,,,F,1,A,6,EUR
OECD.SDD.NAD:DSD_NAMAIN1@DF_QNA(1.1),Q,Y,DEU,S1,S1,P7,_Z,_Z,_Z,XDC,V,N,T0102,2022-Q2,430976,,,F,1,A,6,EUR
OECD.SDD.NAD:DSD_NAMAIN1@DF_QNA(1.1),Q,Y,DEU,S1,S1,P7,_Z,_Z,_Z,XDC,V,N,T0102,2015-Q1,267937,,,F,1,A,6,EUR
OECD.SDD.NAD:DSD_NAMAIN1@DF_QNA(1.1),Q,Y,DEU,S1,S1,P7,_Z,_Z,_Z,XDC,V,N,T0102,2014-Q4,266562,,,F,1,A,6,EUR
OECD.SDD.NAD:DSD_NAMAIN1@DF_QNA(1.1),Q,Y,DEU,S1,S1,P7,_Z,_Z,_Z,XDC,V,N,T0102,2022-Q4,443625,,,F,1,A,6,EUR
OECD.SDD.NAD:DSD_NAMAIN1@DF_QNA(1.1),Q,Y,DEU,S1,S1,P7,_Z,_Z,_Z,XDC,V,N,T0102,2022-Q3,455967,,,F,1,A,6,EUR
OECD.SDD.NAD:DSD_NAMAIN1@DF_QNA(1.1),Q,Y,DEU,S1,S1,B1GQ,_Z,_Z,_Z,XDC,V,N,T0102,1994-Q3,460296,,,F,1,A,6,EUR
OECD.SDD.NAD:DSD_NAMAIN1@DF_QNA(1.1),Q,Y,DEU,S1,S1,B1GQ,_Z,_Z,_Z,XDC,V,N,T0102,1994-Q4,467863,,,F,1,A,6,EUR
OECD.SDD.NAD:DSD_NAMAIN1@DF_QNA(1.1),Q,Y,DEU,S1,S1,B1GQ,_Z,_Z,_Z,XDC,V,N,T0102,1995-Q1,468140,,,F,1,A,6,EUR
OECD.SDD.NAD:DSD_NAMAIN1@DF_QNA(1.1),Q,Y,DEU,S1,S1,B1GQ,_Z,_Z,_Z,XDC,V,N,T0102,1995-Q2,475061,,,F,1,A,6,EUR
OECD.SDD.NAD:DSD_NAMAIN1@DF_QNA(1.1),Q,Y,DEU,S1,S1,B1GQ,_Z,_Z,_Z,XDC,V,N,T0102,1995-Q3,478132,,,F,1,A,6,EUR
OECD.SDD.NAD:DSD_NAMAIN1@DF_QNA(1.1),Q,Y,DEU,S1,S1,B1GQ,_Z,_Z,_Z,XDC,V,N,T0102,1995-Q4,479050,,,F,1,A,6,EUR
OECD.SDD.NAD:DSD_NAMAIN1@DF_QNA(1.1),Q,Y,DEU,S1,S1,B1GQ,_Z,_Z,_Z,XDC,V,N,T0102,2022-Q4,1022681,,,F,1,A,6,EUR
OECD.SDD.NAD:DSD_NAMAIN1@DF_QNA(1.1),Q,Y,ITA,S1,S1,P6,_Z,_Z,_Z,XDC,V,N,T0102,2010-Q2,99307.6,,,F,1,A,6,EUR
OECD.SDD.NAD:DSD_NAMAIN1@DF_QNA(1.1),Q,Y,DEU,S1,S1,P6,_Z,_Z,_Z,XDC,V,N,T0102,1998-Q1,130091,,,F,1,A,6,EUR
OECD.SDD.NAD:DSD_NAMAIN1@DF_QNA(1.1),Q,Y,DEU,S1,S1,P6,_Z,_Z,_Z,XDC,V,N,T0102,2001-Q4,169535,,,F,1,A,6,EUR
OECD.SDD.NAD:DSD_NAMAIN1@DF_QNA(1.1),Q,Y,DEU,S1,S1,B1GQ,_Z,_Z,_Z,XDC,V,N,T0102,2003-Q4,565976,,,F,1,A,6,EUR
OECD.SDD.NAD:DSD_NAMAIN1@DF_QNA(1.1),Q,Y,DEU,S1,S1,B1GQ,_Z,_Z,_Z,XDC,V,N,T0102,2004-Q1,567112,,,F,1,A,6,EUR
OECD.SDD.NAD:DSD_NAMAIN1@DF_QNA(1.1),Q,Y,DEU,S1,S1,B1GQ,_Z,_Z,_Z,XDC,V,N,T0102,2006-Q3,609598,,,F,1,A,6,EUR
OECD.SDD.NAD:DSD_NAMAIN1@DF_QNA(1.1),Q,Y,DEU,S1,S1,B1GQ,_Z,_Z,_Z,XDC,V,N,T0102,2006-Q4,621425,,,F,1,A,6,EUR
OECD.SDD.NAD:DSD_NAMAIN1@DF_QNA(1.1),Q,Y,DEU,S1,S1,B1GQ,_Z,_Z,_Z,XDC,V,N,T0102,2008-Q1,650597,,,F,1,A,6,EUR
OECD.SDD.NAD:DSD_NAMAIN1@DF_QNA(1.1),Q,Y,DEU,S1,S1,B1GQ,_Z,_Z,_Z,XDC,V,N,T0102,2008-Q2,648692,,,F,1,A,6,EUR
OECD.SDD.NAD:DSD_NAMAIN1@DF_QNA(1.1),Q,Y,DEU,S1,S1,B1GQ,_Z,_Z,_Z,XDC,V,N,T0102,2009-Q3,624940,,,F,1,A,6,EUR
OECD.SDD.NAD:DSD_NAMAIN1@DF_QNA(1.1),Q,Y,DEU,S1,S1,B1GQ,_Z,_Z,_Z,XDC,V,N,T0102,2009-Q4,632835,,,F,1,A,6,EUR
OECD.SDD.NAD:DSD_NAMAIN1@DF_QNA(1.1),Q,Y,DEU,S1,S1,B1GQ,_Z,_Z,_Z,XDC,V,N,T0102,2010-Q4,665843,,,F,1,A,6,EUR
OECD.SDD.NAD:DSD_NAMAIN1@DF_QNA(1.1),Q,Y,DEU,S1,S1,B1GQ,_Z,_Z,_Z,XDC,V,N,T0102,2011-Q4,692280,,,F,1,A,6,EUR
OECD.SDD.NAD:DSD_NAMAIN1@DF_QNA(1.1),Q,Y,DEU,S1,S1,B1GQ,_Z,_Z,_Z,XDC,V,N,T0102,2012-Q1,695188,,,F,1,A,6,EUR
OECD.SDD.NAD:DSD_NAMAIN1@DF_QNA(1.1),Q,Y,DEU,S1,S1,B1GQ,_Z,_Z,_Z,XDC,V,N,T0102,2014-Q4,758702,,,F,1,A,6,EUR
OECD.SDD.NAD:DSD_NAMAIN1@DF_QNA(1.1),Q,Y,DEU,S1,S1,B1GQ,_Z,_Z,_Z,XDC,V,N,T0102,2015-Q1,761470,,,F,1,A,6,EUR
OECD.SDD.NAD:DSD_NAMAIN1@DF_QNA(1.1),Q,Y,DEU,S1,S1,B1GQ,_Z,_Z,_Z,XDC,V,N,T0102,2016-Q2,796968,,,F,1,A,6,EUR
OECD.SDD.NAD:DSD_NAMAIN1@DF_QNA(1.1),Q,Y,DEU,S1,S1,B1GQ,_Z,_Z,_Z,XDC,V,N,T0102,2016-Q3,801705,,,F,1,A,6,EUR
OECD.SDD.NAD:DSD_NAMAIN1@DF_QNA(1.1),Q,Y,DEU,S1,S1,B1GQ,_Z,_Z,_Z,XDC,V,N,T0102,2017-Q4,854393,,,F,1,A,6,EUR
OECD.SDD.NAD:DSD_NAMAIN1@DF_QNA(1.1),Q,Y,DEU,S1,S1,B1GQ,_Z,_Z,_Z,XDC,V,N,T0102,2018-Q1,853397,,,F,1,A,6,EUR
OECD.SDD.NAD:DSD_NAMAIN1@DF_QNA(1.1),Q,Y,DEU,S1,S1,B1GQ,_Z,_Z,_Z,XDC,V,N,T0102,2019-Q1,882382,,,F,1,A,6,EUR
OECD.SDD.NAD:DSD_NAMAIN1@DF_QNA(1.1),Q,Y,DEU,S1,S1,B1GQ,_Z,_Z,_Z,XDC,V,N,T0102,2019-Q4,898425,,,F,1,A,6,EUR
OECD.SDD.NAD:DSD_NAMAIN1@DF_QNA(1.1),Q,Y,DEU,S1,S1,B1GQ,_Z,_Z,_Z,XDC,V,N,T0102,2007-Q3,638967,,,F,1,A,6,EUR
OECD.SDD.NAD:DSD_NAMAIN1@DF_QNA(1.1),Q,Y,DEU,S1,S1,B1GQ,_Z,_Z,_Z,XDC,V,N,T0102,2008-Q4,639472,,,F,1,A,6,EUR
OECD.SDD.NAD:DSD_NAMAIN1@DF_QNA(1.1),Q,Y,DEU,S1,S1,B1GQ,_Z,_Z,_Z,XDC,V,N,T0102,2009-Q1,615500,,,F,1,A,6,EUR
OECD.SDD.NAD:DSD_NAMAIN1@DF_QNA(1.1),Q,Y,DEU,S1,S1,B1GQ,_Z,_Z,_Z,XDC,V,N,T0102,2010-Q1,636738,,,F,1,A,6,EUR
OECD.SDD.NAD:DSD_NAMAIN1@DF_QNA(1.1),Q,Y,DEU,S1,S1,B1GQ,_Z,_Z,_Z,XDC,V,N,T0102,2011-Q1,678752,,,F,1,A,6,EUR
OECD.SDD.NAD:DSD_NAMAIN1@DF_QNA(1.1),Q,Y,DEU,S1,S1,B1GQ,_Z,_Z,_Z,XDC,V,N,T0102,2011-Q2,682517,,,F,1,A,6,EUR
OECD.SDD.NAD:DSD_NAMAIN1@DF_QNA(1.1),Q,Y,DEU,S1,S1,B1GQ,_Z,_Z,_Z,XDC,V,N,T0102,2013-Q2,716474,,,F,1,A,6,EUR
OECD.SDD.NAD:DSD_NAMAIN1@DF_QNA(1.1),Q,Y,DEU,S1,S1,B1GQ,_Z,_Z,_Z,XDC,V,N,T0102,2013-Q3,723373,,,F,1,A,6,EUR
OECD.SDD.NAD:DSD_NAMAIN1@DF_QNA(1.1),Q,Y,DEU,S1,S1,B1GQ,_Z,_Z,_Z,XDC,V,N,T0102,2014-Q3,749485,,,F,1,A,6,EUR
OECD.SDD.NAD:DSD_NAMAIN1@DF_QNA(1.1),Q,Y,DEU,S1,S1,B1GQ,_Z,_Z,_Z,XDC,V,N,T0102,2016-Q1,792168,,,F,1,A,6,EUR
OECD.SDD.NAD:DSD_NAMAIN1@DF_QNA(1.1),Q,Y,DEU,S1,S1,B1GQ,_Z,_Z,_Z,XDC,V,N,T0102,2017-Q3,842510,,,F,1,A,6,EUR
OECD.SDD.NAD:DSD_NAMAIN1@DF_QNA(1.1),Q,Y,DEU,S1,S1,B1GQ,_Z,_Z,_Z,XDC,V,N,T0102,2018-Q3,864323,,,F,1,A,6,EUR
OECD.SDD.NAD:DSD_NAMAIN1@DF_QNA(1.1),Q,Y,DEU,S1,S1,B1GQ,_Z,_Z,_Z,XDC,V,N,T0102,2018-Q4,875242,,,F,1,A,6,EUR
OECD.SDD.NAD:DSD_NAMAIN1@DF_QNA(1.1),Q,Y,DEU,S1,S1,B1GQ,_Z,_Z,_Z,XDC,V,N,T0102,2019-Q2,886035,,,F,1,A,6,EUR
OECD.SDD.NAD:DSD_NAMAIN1@DF_QNA(1.1),Q,Y,DEU,S1,S1,B1GQ,_Z,_Z,_Z,XDC,V,N,T0102,2019-Q3,896946,,,F,1,A,6,EUR
OECD.SDD.NAD:DSD_NAMAIN1@DF_QNA(1.1),Q,Y,DEU,S1,S1,B1GQ,_Z,_Z,_Z,XDC,V,N,T0102,1998-Q2,503437,,,F,1,A,6,EUR
OECD.SDD.NAD:DSD_NAMAIN1@DF_QNA(1.1),Q,Y,DEU,S1,S1,B1GQ,_Z,_Z,_Z,XDC,V,N,T0102,1999-Q2,515209,,,F,1,A,6,EUR
OECD.SDD.NAD:DSD_NAMAIN1@DF_QNA(1.1),Q,Y,DEU,S1,S1,B1GQ,_Z,_Z,_Z,XDC,V,N,T0102,1999-Q3,520562,,,F,1,A,6,EUR
OECD.SDD.NAD:DSD_NAMAIN1@DF_QNA(1.1),Q,Y,DEU,S1,S1,B1GQ,_Z,_Z,_Z,XDC,V,N,T0102,2000-Q2,533173,,,F,1,A,6,EUR
OECD.SDD.NAD:DSD_NAMAIN1@DF_QNA(1.1),Q,Y,DEU,S1,S1,B1GQ,_Z,_Z,_Z,XDC,V,N,T0102,2001-Q3,549807,,,F,1,A,6,EUR
OECD.SDD.NAD:DSD_NAMAIN1@DF_QNA(1.1),Q,Y,DEU,S1,S1,B1GQ,_Z,_Z,_Z,XDC,V,N,T0102,2002-Q3,560387,,,F,1,A,6,EUR
OECD.SDD.NAD:DSD_NAMAIN1@DF_QNA(1.1),Q,Y,DEU,S1,S1,B1GQ,_Z,_Z,_Z,XDC,V,N,T0102,2002-Q4,561405,,,F,1,A,6,EUR
OECD.SDD.NAD:DSD_NAMAIN1@DF_QNA(1.1),Q,Y,DEU,S1,S1,B1GQ,_Z,_Z,_Z,XDC,V,N,T0102,2003-Q3,564699,,,F,1,A,6,EUR
OECD.SDD.NAD:DSD_NAMAIN1@DF_QNA(1.1),Q,Y,DEU,S1,S1,B1GQ,_Z,_Z,_Z,XDC,V,N,T0102,2005-Q4,586943,,,F,1,A,6,EUR
OECD.SDD.NAD:DSD_NAMAIN1@DF_QNA(1.1),Q,Y,DEU,S1,S1,B1GQ,_Z,_Z,_Z,XDC,V,N,T0102,2007-Q2,633266,,,F,1,A,6,EUR
OECD.SDD.NAD:DSD_NAMAIN1@DF_QNA(1.1),Q,Y,DEU,S1,S1,P7,_Z,_Z,_Z,XDC,V,N,T0102,2013-Q4,259521,,,F,1,A,6,EUR
OECD.SDD.NAD:DSD_NAMAIN1@DF_QNA(1.1),Q,Y,DEU,S1,S1,P7,_Z,_Z,_Z,XDC,V,N,T0102,2012-Q4,255564,,,F,1,A,6,EUR
OECD.SDD.NAD:DSD_NAMAIN1@DF_QNA(1.1),Q,Y,DEU,S1,S1,P7,_Z,_Z,_Z,XDC,V,N,T0102,2012-Q3,258015,,,F,1,A,6,EUR
OECD.SDD.NAD:DSD_NAMAIN1@DF_QNA(1.1),Q,Y,DEU,S1,S1,P7,_Z,_Z,_Z,XDC,V,N,T0102,2012-Q2,258338,,,F,1,A,6,EUR
OECD.SDD.NAD:DSD_NAMAIN1@DF_QNA(1.1),Q,Y,DEU,S1,S1,P7,_Z,_Z,_Z,XDC,V,N,T0102,2011-Q3,254308,,,F,1,A,6,EUR
OECD.SDD.NAD:DSD_NAMAIN1@DF_QNA(1.1),Q,Y,DEU,S1,S1,P7,_Z,_Z,_Z,XDC,V,N,T0102,1999-Q1,125054,,,F,1,A,6,EUR
OECD.SDD.NAD:DSD_NAMAIN1@DF_QNA(1.1),Q,Y,DEU,S1,S1,P7,_Z,_Z,_Z,XDC,V,N,T0102,1998-Q4,120762,,,F,1,A,6,EUR
OECD.SDD.NAD:DSD_NAMAIN1@DF_QNA(1.1),Q,Y,DEU,S1,S1,P7,_Z,_Z,_Z,XDC,V,N,T0102,1998-Q3,123962,,,F,1,A,6,EUR
OECD.SDD.NAD:DSD_NAMAIN1@DF_QNA(1.1),Q,Y,DEU,S1,S1,P7,_Z,_Z,_Z,XDC,V,N,T0102,1994-Q2,93400,,,F,1,A,6,EUR
OECD.SDD.NAD:DSD_NAMAIN1@DF_QNA(1.1),Q,Y,DEU,S1,S1,P7,_Z,_Z,_Z,XDC,V,N,T0102,2015-Q2,272635,,,F,1,A,6,EUR
OECD.SDD.NAD:DSD_NAMAIN1@DF_QNA(1.1),Q,Y,DEU,S1,S1,P7,_Z,_Z,_Z,XDC,V,N,T0102,2007-Q4,221212,,,F,1,A,6,EUR
OECD.SDD.NAD:DSD_NAMAIN1@DF_QNA(1.1),Q,Y,DEU,S1,S1,P7,_Z,_Z,_Z,XDC,V,N,T0102,2006-Q2,202818,,,F,1,A,6,EUR
OECD.SDD.NAD:DSD_NAMAIN1@DF_QNA(1.1),Q,Y,DEU,S1,S1,P7,_Z,_Z,_Z,XDC,V,N,T0102,2005-Q1,167567,,,F,1,A,6,EUR
OECD.SDD.NAD:DSD_NAMAIN1@DF_QNA(1.1),Q,Y,DEU,S1,S1,P7,_Z,_Z,_Z,XDC,V,N,T0102,2004-Q4,168973,,,F,1,A,6,EUR
OECD.SDD.NAD:DSD_NAMAIN1@DF_QNA(1.1),Q,Y,DEU,S1,S1,P7,_Z,_Z,_Z,XDC,V,N,T0102,2004-Q3,168705,,,F,1,A,6,EUR
OECD.SDD.NAD:DSD_NAMAIN1@DF_QNA(1.1),Q,Y,DEU,S1,S1,P7,_Z,_Z,_Z,XDC,V,N,T0102,2004-Q2,164134,,,F,1,A,6,EUR
OECD.SDD.NAD:DSD_NAMAIN1@DF_QNA(1.1),Q,Y,DEU,S1,S1,P7,_Z,_Z,_Z,XDC,V,N,T0102,2001-Q2,163068,,,F,1,A,6,EUR
OECD.SDD.NAD:DSD_NAMAIN1@DF_QNA(1.1),Q,Y,DEU,S1,S1,P7,_Z,_Z,_Z,XDC,V,N,T0102,2001-Q1,161980,,,F,1,A,6,EUR
OECD.SDD.NAD:DSD_NAMAIN1@DF_QNA(1.1),Q,Y,DEU,S1,S1,P7,_Z,_Z,_Z,XDC,V,N,T0102,2000-Q4,171078,,,F,1,A,6,EUR
OECD.SDD.NAD:DSD_NAMAIN1@DF_QNA(1.1),Q,Y,DEU,S1,S1,P7,_Z,_Z,_Z,XDC,V,N,T0102,2000-Q3,160106,,,F,1,A,6,EUR
OECD.SDD.NAD:DSD_NAMAIN1@DF_QNA(1.1),Q,Y,DEU,S1,S1,P7,_Z,_Z,_Z,XDC,V,N,T0102,2000-Q1,145225,,,F,1,A,6,EUR
OECD.SDD.NAD:DSD_NAMAIN1@DF_QNA(1.1),Q,Y,DEU,S1,S1,P7,_Z,_Z,_Z,XDC,V,N,T0102,1999-Q4,136984,,,F,1,A,6,EUR
OECD.SDD.NAD:DSD_NAMAIN1@DF_QNA(1.1),Q,Y,DEU,S1,S1,P7,_Z,_Z,_Z,XDC,V,N,T0102,1999-Q2,130255,,,F,1,A,6,EUR
OECD.SDD.NAD:DSD_NAMAIN1@DF_QNA(1.1),Q,Y,DEU,S1,S1,P7,_Z,_Z,_Z,XDC,V,N,T0102,1992-Q3,94875,,,F,1,A,6,EUR
OECD.SDD.NAD:DSD_NAMAIN1@DF_QNA(1.1),Q,Y,DEU,S1,S1,P7,_Z,_Z,_Z,XDC,V,N,T0102,1992-Q1,98561,,,F,1,A,6,EUR
OECD.SDD.NAD:DSD_NAMAIN1@DF_QNA(1.1),Q,Y,DEU,S1,S1,P7,_Z,_Z,_Z,XDC,V,N,T0102,1991-Q4,97093,,,F,1,A,6,EUR
OECD.SDD.NAD:DSD_NAMAIN1@DF_QNA(1.1),Q,Y,DEU,S1,S1,P7,_Z,_Z,_Z,XDC,V,N,T0102,1991-Q3,97039,,,F,1,A,6,EUR
OECD.SDD.NAD:DSD_NAMAIN1@DF_QNA(1.1),Q,Y,DEU,S1,S1,P7,_Z,_Z,_Z,XDC,V,N,T0102,1991-Q2,96141,,,F,1,A,6,EUR
OECD.SDD.NAD:DSD_NAMAIN1@DF_QNA(1.1),Q,Y,DEU,S1,S1,P7,_Z,_Z,_Z,XDC,V,N,T0102,1991-Q1,94859,,,F,1,A,6,EUR
OECD.SDD.NAD:DSD_NAMAIN1@DF_QNA(1.1),Q,Y,DEU,S1,S1,P7,_Z,_Z,_Z,XDC,V,N,T0102,1992-Q2,96450,,,F,1,A,6,EUR
OECD.SDD.NAD:DSD_NAMAIN1@DF_QNA(1.1),Q,Y,DEU,S1,S1,P7,_Z,_Z,_Z,XDC,V,N,T0102,2017-Q2,296773,,,F,1,A,6,EUR
OECD.SDD.NAD:DSD_NAMAIN1@DF_QNA(1.1),Q,Y,DEU,S1,S1,P7,_Z,_Z,_Z,XDC,V,N,T0102,2017-Q1,289363,,,F,1,A,6,EUR
OECD.SDD.NAD:DSD_NAMAIN1@DF_QNA(1.1),Q,Y,DEU,S1,S1,B1GQ,_Z,_Z,_Z,XDC,V,N,T0102,1993-Q2,438343,,,F,1,A,6,EUR
OECD.SDD.NAD:DSD_NAMAIN1@DF_QNA(1.1),Q,Y,DEU,S1,S1,B1GQ,_Z,_Z,_Z,XDC,V,N,T0102,1993-Q3,440898,,,F,1,A,6,EUR
OECD.SDD.NAD:DSD_NAMAIN1@DF_QNA(1.1),Q,Y,DEU,S1,S1,B1GQ,_Z,_Z,_Z,XDC,V,N,T0102,1993-Q4,443512,,,F,1,A,6,EUR
OECD.SDD.NAD:DSD_NAMAIN1@DF_QNA(1.1),Q,Y,DEU,S1,S1,B1GQ,_Z,_Z,_Z,XDC,V,N,T0102,1994-Q1,452514,,,F,1,A,6,EUR
OECD.SDD.NAD:DSD_NAMAIN1@DF_QNA(1.1),Q,Y,DEU,S1,S1,P6,_Z,_Z,_Z,XDC,V,N,T0102,2009-Q3,221032,,,F,1,A,6,EUR
OECD.SDD.NAD:DSD_NAMAIN1@DF_QNA(1.1),Q,Y,DEU,S1,S1,P6,_Z,_Z,_Z,XDC,V,N,T0102,2009-Q4,228265,,,F,1,A,6,EUR
OECD.SDD.NAD:DSD_NAMAIN1@DF_QNA(1.1),Q,Y,DEU,S1,S1,P6,_Z,_Z,_Z,XDC,V,N,T0102,2010-Q4,269030,,,F,1,A,6,EUR
OECD.SDD.NAD:DSD_NAMAIN1@DF_QNA(1.1),Q,Y,DEU,S1,S1,P6,_Z,_Z,_Z,XDC,V,N,T0102,2011-Q4,286672,,,F,1,A,6,EUR
OECD.SDD.NAD:DSD_NAMAIN1@DF_QNA(1.1),Q,Y,DEU,S1,S1,P6,_Z,_Z,_Z,XDC,V,N,T0102,2012-Q1,296197,,,F,1,A,6,EUR
OECD.SDD.NAD:DSD_NAMAIN1@DF_QNA(1.1),Q,Y,DEU,S1,S1,P6,_Z,_Z,_Z,XDC,V,N,T0102,2017-Q4,358675,,,F,1,A,6,EUR
OECD.SDD.NAD:DSD_NAMAIN1@DF_QNA(1.1),Q,Y,DEU,S1,S1,P6,_Z,_Z,_Z,XDC,V,N,T0102,2018-Q1,363949,,,F,1,A,6,EUR
OECD.SDD.NAD:DSD_NAMAIN1@DF_QNA(1.1),Q,Y,DEU,S1,S1,P6,_Z,_Z,_Z,XDC,V,N,T0102,2019-Q1,377988,,,F,1,A,6,EUR
OECD.SDD.NAD:DSD_NAMAIN1@DF_QNA(1.1),Q,Y,DEU,S1,S1,P6,_Z,_Z,_Z,XDC,V,N,T0102,2019-Q4,377008,,,F,1,A,6,EUR
OECD.SDD.NAD:DSD_NAMAIN1@DF_QNA(1.1),Q,Y,DEU,S1,S1,P6,_Z,_Z,_Z,XDC,V,N,T0102,2020-Q1,365533,,,F,1,A,6,EUR
OECD.SDD.NAD:DSD_NAMAIN1@DF_QNA(1.1),Q,Y,DEU,S1,S1,P6,_Z,_Z,_Z,XDC,V,N,T0102,2020-Q2,287343,,,F,1,A,6,EUR
OECD.SDD.NAD:DSD_NAMAIN1@DF_QNA(1.1),Q,Y,DEU,S1,S1,P6,_Z,_Z,_Z,XDC,V,N,T0102,2020-Q3,337150,,,F,1,A,6,EUR
OECD.SDD.NAD:DSD_NAMAIN1@DF_QNA(1.1),Q,Y,DEU,S1,S1,P6,_Z,_Z,_Z,XDC,V,N,T0102,2020-Q4,355018,,,F,1,A,6,EUR
OECD.SDD.NAD:DSD_NAMAIN1@DF_QNA(1.1),Q,Y,DEU,S1,S1,P6,_Z,_Z,_Z,XDC,V,N,T0102,2021-Q1,370443,,,F,1,A,6,EUR
OECD.SDD.NAD:DSD_NAMAIN1@DF_QNA(1.1),Q,Y,DEU,S1,S1,P6,_Z,_Z,_Z,XDC,V,N,T0102,2021-Q2,381456,,,F,1,A,6,EUR
OECD.SDD.NAD:DSD_NAMAIN1@DF_QNA(1.1),Q,Y,DEU,S1,S1,P6,_Z,_Z,_Z,XDC,V,N,T0102,2003-Q4,180616,,,F,1,A,6,EUR
OECD.SDD.NAD:DSD_NAMAIN1@DF_QNA(1.1),Q,Y,DEU,S1,S1,P6,_Z,_Z,_Z,XDC,V,N,T0102,2004-Q1,187316,,,F,1,A,6,EUR
OECD.SDD.NAD:DSD_NAMAIN1@DF_QNA(1.1),Q,Y,DEU,S1,S1,P6,_Z,_Z,_Z,XDC,V,N,T0102,2006-Q3,238181,,,F,1,A,6,EUR
OECD.SDD.NAD:DSD_NAMAIN1@DF_QNA(1.1),Q,Y,DEU,S1,S1,P6,_Z,_Z,_Z,XDC,V,N,T0102,2006-Q4,252215,,,F,1,A,6,EUR
OECD.SDD.NAD:DSD_NAMAIN1@DF_QNA(1.1),Q,Y,DEU,S1,S1,P6,_Z,_Z,_Z,XDC,V,N,T0102,2008-Q1,269363,,,F,1,A,6,EUR
OECD.SDD.NAD:DSD_NAMAIN1@DF_QNA(1.1),Q,Y,DEU,S1,S1,P6,_Z,_Z,_Z,XDC,V,N,T0102,2008-Q2,269012,,,F,1,A,6,EUR
OECD.SDD.NAD:DSD_NAMAIN1@DF_QNA(1.1),Q,Y,DEU,S1,S1,P6,_Z,_Z,_Z,XDC,V,N,T0102,2022-Q3,467939,,,F,1,A,6,EUR
OECD.SDD.NAD:DSD_NAMAIN1@DF_QNA(1.1),Q,Y,DEU,S1,S1,P6,_Z,_Z,_Z,XDC,V,N,T0102,2022-Q4,464239,,,F,1,A,6,EUR
OECD.SDD.NAD:DSD_NAMAIN1@DF_QNA(1.1),Q,Y,DEU,S1,S1,P6,_Z,_Z,_Z,XDC,V,N,T0102,2017-Q1,345087,,,F,1,A,6,EUR
OECD.SDD.NAD:DSD_NAMAIN1@DF_QNA(1.1),Q,Y,DEU,S1,S1,P6,_Z,_Z,_Z,XDC,V,N,T0102,2017-Q2,352565,,,F,1,A,6,EUR
OECD.SDD.NAD:DSD_NAMAIN1@DF_QNA(1.1),Q,Y,DEU,S1,S1,P6,_Z,_Z,_Z,XDC,V,N,T0102,1992-Q2,93010,,,F,1,A,6,EUR
OECD.SDD.NAD:DSD_NAMAIN1@DF_QNA(1.1),Q,Y,DEU,S1,S1,P6,_Z,_Z,_Z,XDC,V,N,T0102,1991-Q1,94573,,,F,1,A,6,EUR
OECD.SDD.NAD:DSD_NAMAIN1@DF_QNA(1.1),Q,Y,DEU,S1,S1,P6,_Z,_Z,_Z,XDC,V,N,T0102,1991-Q2,91200,,,F,1,A,6,EUR
OECD.SDD.NAD:DSD_NAMAIN1@DF_QNA(1.1),Q,Y,DEU,S1,S1,P6,_Z,_Z,_Z,XDC,V,N,T0102,1991-Q3,95775,,,F,1,A,6,EUR
OECD.SDD.NAD:DSD_NAMAIN1@DF_QNA(1.1),Q,Y,DEU,S1,S1,P6,_Z,_Z,_Z,XDC,V,N,T0102,1991-Q4,96117,,,F,1,A,6,EUR
OECD.SDD.NAD:DSD_NAMAIN1@DF_QNA(1.1),Q,Y,DEU,S1,S1,P6,_Z,_Z,_Z,XDC,V,N,T0102,1992-Q1,97032,,,F,1,A,6,EUR
OECD.SDD.NAD:DSD_NAMAIN1@DF_QNA(1.1),Q,Y,DEU,S1,S1,P6,_Z,_Z,_Z,XDC,V,N,T0102,1992-Q3,95514,,,F,1,A,6,EUR
OECD.SDD.NAD:DSD_NAMAIN1@DF_QNA(1.1),Q,Y,DEU,S1,S1,P6,_Z,_Z,_Z,XDC,V,N,T0102,1992-Q4,91213,,,F,1,A,6,EUR
OECD.SDD.NAD:DSD_NAMAIN1@DF_QNA(1.1),Q,Y,DEU,S1,S1,P6,_Z,_Z,_Z,XDC,V,N,T0102,1993-Q1,87877,,,F,1,A,6,EUR
OECD.SDD.NAD:DSD_NAMAIN1@DF_QNA(1.1),Q,Y,DEU,S1,S1,P6,_Z,_Z,_Z,XDC,V,N,T0102,1993-Q2,85960,,,F,1,A,6,EUR
OECD.SDD.NAD:DSD_NAMAIN1@DF_QNA(1.1),Q,Y,DEU,S1,S1,P6,_Z,_Z,_Z,XDC,V,N,T0102,1993-Q3,86454,,,F,1,A,6,EUR
OECD.SDD.NAD:DSD_NAMAIN1@DF_QNA(1.1),Q,Y,DEU,S1,S1,P6,_Z,_Z,_Z,XDC,V,N,T0102,1993-Q4,87870,,,F,1,A,6,EUR
OECD.SDD.NAD:DSD_NAMAIN1@DF_QNA(1.1),Q,Y,DEU,S1,S1,P6,_Z,_Z,_Z,XDC,V,N,T0102,1994-Q1,90988,,,F,1,A,6,EUR
OECD.SDD.NAD:DSD_NAMAIN1@DF_QNA(1.1),Q,Y,DEU,S1,S1,P6,_Z,_Z,_Z,XDC,V,N,T0102,1999-Q2,133320,,,F,1,A,6,EUR
OECD.SDD.NAD:DSD_NAMAIN1@DF_QNA(1.1),Q,Y,DEU,S1,S1,P6,_Z,_Z,_Z,XDC,V,N,T0102,1999-Q4,140472,,,F,1,A,6,EUR
OECD.SDD.NAD:DSD_NAMAIN1@DF_QNA(1.1),Q,Y,DEU,S1,S1,P6,_Z,_Z,_Z,XDC,V,N,T0102,2000-Q1,148569,,,F,1,A,6,EUR
OECD.SDD.NAD:DSD_NAMAIN1@DF_QNA(1.1),Q,Y,DEU,S1,S1,P6,_Z,_Z,_Z,XDC,V,N,T0102,2000-Q3,159288,,,F,1,A,6,EUR
OECD.SDD.NAD:DSD_NAMAIN1@DF_QNA(1.1),Q,Y,DEU,S1,S1,P6,_Z,_Z,_Z,XDC,V,N,T0102,2000-Q4,169144,,,F,1,A,6,EUR
OECD.SDD.NAD:DSD_NAMAIN1@DF_QNA(1.1),Q,Y,DEU,S1,S1,P6,_Z,_Z,_Z,XDC,V,N,T0102,2001-Q1,167648,,,F,1,A,6,EUR
OECD.SDD.NAD:DSD_NAMAIN1@DF_QNA(1.1),Q,Y,DEU,S1,S1,P6,_Z,_Z,_Z,XDC,V,N,T0102,2001-Q2,168566,,,F,1,A,6,EUR
OECD.SDD.NAD:DSD_NAMAIN1@DF_QNA(1.1),Q,Y,DEU,S1,S1,P6,_Z,_Z,_Z,XDC,V,N,T0102,2004-Q2,196537,,,F,1,A,6,EUR
OECD.SDD.NAD:DSD_NAMAIN1@DF_QNA(1.1),Q,Y,DEU,S1,S1,P6,_Z,_Z,_Z,XDC,V,N,T0102,2004-Q3,193774,,,F,1,A,6,EUR
OECD.SDD.NAD:DSD_NAMAIN1@DF_QNA(1.1),Q,Y,DEU,S1,S1,P6,_Z,_Z,_Z,XDC,V,N,T0102,2004-Q4,194894,,,F,1,A,6,EUR
OECD.SDD.NAD:DSD_NAMAIN1@DF_QNA(1.1),Q,Y,DEU,S1,S1,B1GQ,_Z,_Z,_Z,XDC,V,N,T0102,2003-Q1,556128,,,F,1,A,6,EUR
OECD.SDD.NAD:DSD_NAMAIN1@DF_QNA(1.1),Q,Y,DEU,S1,S1,B1GQ,_Z,_Z,_Z,XDC,V,N,T0102,1996-Q3,483803,,,F,1,A,6,EUR
OECD.SDD.NAD:DSD_NAMAIN1@DF_QNA(1.1),Q,Y,DEU,S1,S1,B1GQ,_Z,_Z,_Z,XDC,V,N,T0102,1996-Q4,489255,,,F,1,A,6,EUR
OECD.SDD.NAD:DSD_NAMAIN1@DF_QNA(1.1),Q,Y,DEU,S1,S1,B1GQ,_Z,_Z,_Z,XDC,V,N,T0102,1997-Q1,485645,,,F,1,A,6,EUR
OECD.SDD.NAD:DSD_NAMAIN1@DF_QNA(1.1),Q,Y,DEU,S1,S1,B1GQ,_Z,_Z,_Z,XDC,V,N,T0102,1997-Q2,490369,,,F,1,A,6,EUR
OECD.SDD.NAD:DSD_NAMAIN1@DF_QNA(1.1),Q,Y,DEU,S1,S1,B1GQ,_Z,_Z,_Z,XDC,V,N,T0102,1997-Q3,494701,,,F,1,A,6,EUR
OECD.SDD.NAD:DSD_NAMAIN1@DF_QNA(1.1),Q,Y,DEU,S1,S1,B1GQ,_Z,_Z,_Z,XDC,V,N,T0102,1997-Q4,499167,,,F,1,A,6,EUR
OECD.SDD.NAD:DSD_NAMAIN1@DF_QNA(1.1),Q,Y,DEU,S1,S1,B1GQ,_Z,_Z,_Z,XDC,V,N,T0102,1998-Q1,503034,,,F,1,A,6,EUR
OECD.SDD.NAD:DSD_NAMAIN1@DF_QNA(1.1),Q,Y,DEU,S1,S1,B1GQ,_Z,_Z,_Z,XDC,V,N,T0102,2001-Q4,553573,,,F,1,A,6,EUR
OECD.SDD.NAD:DSD_NAMAIN1@DF_QNA(1.1),Q,Y,DEU,S1,S1,B1GQ,_Z,_Z,_Z,XDC,V,N,T0102,2002-Q1,551645,,,F,1,A,6,EUR
OECD.SDD.NAD:DSD_NAMAIN1@DF_QNA(1.1),Q,Y,DEU,S1,S1,B1GQ,_Z,_Z,_Z,XDC,V,N,T0102,2003-Q2,557338,,,F,1,A,6,EUR
OECD.SDD.NAD:DSD_NAMAIN1@DF_QNA(1.1),Q,Y,DEU,S1,S1,B1GQ,_Z,_Z,_Z,XDC,V,N,T0102,2005-Q2,577785,,,F,1,A,6,EUR
OECD.SDD.NAD:DSD_NAMAIN1@DF_QNA(1.1),Q,Y,DEU,S1,S1,B1GQ,_Z,_Z,_Z,XDC,V,N,T0102,2005-Q3,582974,,,F,1,A,6,EUR
OECD.SDD.NAD:DSD_NAMAIN1@DF_QNA(1.1),Q,Y,DEU,S1,S1,B1GQ,_Z,_Z,_Z,XDC,V,N,T0102,2007-Q1,628103,,,F,1,A,6,EUR
OECD.SDD.NAD:DSD_NAMAIN1@DF_QNA(1.1),Q,Y,DEU,S1,S1,B1GQ,_Z,_Z,_Z,XDC,V,N,T0102,2008-Q3,646972,,,F,1,A,6,EUR
OECD.SDD.NAD:DSD_NAMAIN1@DF_QNA(1.1),Q,Y,DEU,S1,S1,B1GQ,_Z,_Z,_Z,XDC,V,N,T0102,2009-Q2,618510,,,F,1,A,6,EUR
OECD.SDD.NAD:DSD_NAMAIN1@DF_QNA(1.1),Q,Y,DEU,S1,S1,B1GQ,_Z,_Z,_Z,XDC,V,N,T0102,2010-Q2,647928,,,F,1,A,6,EUR
OECD.SDD.NAD:DSD_NAMAIN1@DF_QNA(1.1),Q,Y,DEU,S1,S1,B1GQ,_Z,_Z,_Z,XDC,V,N,T0102,2010-Q3,658892,,,F,1,A,6,EUR
OECD.SDD.NAD:DSD_NAMAIN1@DF_QNA(1.1),Q,Y,DEU,S1,S1,B1GQ,_Z,_Z,_Z,XDC,V,N,T0102,2013-Q1,706963,,,F,1,A,6,EUR
OECD.SDD.NAD:DSD_NAMAIN1@DF_QNA(1.1),Q,Y,DEU,S1,S1,B1GQ,_Z,_Z,_Z,XDC,V,N,T0102,2014-Q1,740276,,,F,1,A,6,EUR
OECD.SDD.NAD:DSD_NAMAIN1@DF_QNA(1.1),Q,Y,DEU,S1,S1,P7,_Z,_Z,_Z,XDC,V,N,T0102,2022-Q1,403915,,,F,1,A,6,EUR
OECD.SDD.NAD:DSD_NAMAIN1@DF_QNA(1.1),Q,Y,DEU,S1,S1,P7,_Z,_Z,_Z,XDC,V,N,T0102,2021-Q4,383691,,,F,1,A,6,EUR
OECD.SDD.NAD:DSD_NAMAIN1@DF_QNA(1.1),Q,Y,DEU,S1,S1,B1GQ,_Z,_Z,_Z,XDC,V,N,T0102,1991-Q4,412557,,,F,1,A,6,EUR
OECD.SDD.NAD:DSD_NAMAIN1@DF_QNA(1.1),Q,Y,DEU,S1,S1,B1GQ,_Z,_Z,_Z,XDC,V,N,T0102,1992-Q1,422223,,,F,1,A,6,EUR
OECD.SDD.NAD:DSD_NAMAIN1@DF_QNA(1.1),Q,Y,DEU,S1,S1,B1GQ,_Z,_Z,_Z,XDC,V,N,T0102,1992-Q2,425870,,,F,1,A,6,EUR
OECD.SDD.NAD:DSD_NAMAIN1@DF_QNA(1.1),Q,Y,DEU,S1,S1,B1GQ,_Z,_Z,_Z,XDC,V,N,T0102,2020-Q1,888402,,,F,1,A,6,EUR
OECD.SDD.NAD:DSD_NAMAIN1@DF_QNA(1.1),Q,Y,DEU,S1,S1,B1GQ,_Z,_Z,_Z,XDC,V,N,T0102,2020-Q2,815930,,,F,1,A,6,EUR
OECD.SDD.NAD:DSD_NAMAIN1@DF_QNA(1.1),Q,Y,DEU,S1,S1,B1GQ,_Z,_Z,_Z,XDC,V,N,T0102,2020-Q3,876207,,,F,1,A,6,EUR
OECD.SDD.NAD:DSD_NAMAIN1@DF_QNA(1.1),Q,Y,DEU,S1,S1,B1GQ,_Z,_Z,_Z,XDC,V,N,T0102,2020-Q4,889751,,,F,1,A,6,EUR
OECD.SDD.NAD:DSD_NAMAIN1@DF_QNA(1.1),Q,Y,DEU,S1,S1,B1GQ,_Z,_Z,_Z,XDC,V,N,T0102,2021-Q1,896435,,,F,1,A,6,EUR
OECD.SDD.NAD:DSD_NAMAIN1@DF_QNA(1.1),Q,Y,DEU,S1,S1,B1GQ,_Z,_Z,_Z,XDC,V,N,T0102,2021-Q2,916357,,,F,1,A,6,EUR
OECD.SDD.NAD:DSD_NAMAIN1@DF_QNA(1.1),Q,Y,DEU,S1,S1,B1GQ,_Z,_Z,_Z,XDC,V,N,T0102,2021-Q3,938789,,,F,1,A,6,EUR
OECD.SDD.NAD:DSD_NAMAIN1@DF_QNA(1.1),Q,Y,DEU,S1,S1,B1GQ,_Z,_Z,_Z,XDC,V,N,T0102,2021-Q4,951572,,,F,1,A,6,EUR
OECD.SDD.NAD:DSD_NAMAIN1@DF_QNA(1.1),Q,Y,DEU,S1,S1,B1GQ,_Z,_Z,_Z,XDC,V,N,T0102,2022-Q1,977676,,,F,1,A,6,EUR
OECD.SDD.NAD:DSD_NAMAIN1@DF_QNA(1.1),Q,Y,DEU,S1,S1,B1GQ,_Z,_Z,_Z,XDC,V,N,T0102,2022-Q2,994359,,,F,1,A,6,EUR
OECD.SDD.NAD:DSD_NAMAIN1@DF_QNA(1.1),Q,Y,DEU,S1,S1,B1GQ,_Z,_Z,_Z,XDC,V,N,T0102,2022-Q3,1008608,,,F,1,A,6,EUR
OECD.SDD.NAD:DSD_NAMAIN1@DF_QNA(1.1),Q,Y,ITA,S1,S1,P7,_Z,_Z,_Z,XDC,V,N,T0102,2016-Q4,113241.6,,,F,1,A,6,EUR
OECD.SDD.NAD:DSD_NAMAIN1@DF_QNA(1.1),Q,Y,ITA,S1,S1,P7,_Z,_Z,_Z,XDC,V,N,T0102,2015-Q4,108190.2,,,F,1,A,6,EUR
OECD.SDD.NAD:DSD_NAMAIN1@DF_QNA(1.1),Q,Y,ITA,S1,S1,P7,_Z,_Z,_Z,XDC,V,N,T0102,2015-Q3,108725.1,,,F,1,A,6,EUR
OECD.SDD.NAD:DSD_NAMAIN1@DF_QNA(1.1),Q,Y,ITA,S1,S1,P7,_Z,_Z,_Z,XDC,V,N,T0102,2014-Q2,106212.7,,,F,1,A,6,EUR
OECD.SDD.NAD:DSD_NAMAIN1@DF_QNA(1.1),Q,Y,ITA,S1,S1,P7,_Z,_Z,_Z,XDC,V,N,T0102,2010-Q3,109715.9,,,F,1,A,6,EUR
OECD.SDD.NAD:DSD_NAMAIN1@DF_QNA(1.1),Q,Y,ITA,S1,S1,P7,_Z,_Z,_Z,XDC,V,N,T0102,2010-Q2,106073.1,,,F,1,A,6,EUR
OECD.SDD.NAD:DSD_NAMAIN1@DF_QNA(1.1),Q,Y,ITA,S1,S1,P7,_Z,_Z,_Z,XDC,V,N,T0102,1999-Q2,60322.6,,,F,1,A,6,EUR
OECD.SDD.NAD:DSD_NAMAIN1@DF_QNA(1.1),Q,Y,ITA,S1,S1,P7,_Z,_Z,_Z,XDC,V,N,T0102,1998-Q2,59808.2,,,F,1,A,6,EUR
OECD.SDD.NAD:DSD_NAMAIN1@DF_QNA(1.1),Q,Y,ITA,S1,S1,P7,_Z,_Z,_Z,XDC,V,N,T0102,2026-Q2,186164.7,,,F,1,A,6,EUR
OECD.SDD.NAD:DSD_NAMAIN1@DF_QNA(1.1),Q,Y,ITA,S1,S1,P7,_Z,_Z,_Z,XDC,V,N,T0102,2026-Q1,174786.6,,,F,1,A,6,EUR
OECD.SDD.NAD:DSD_NAMAIN1@DF_QNA(1.1),Q,Y,ITA,S1,S1,P7,_Z,_Z,_Z,XDC,V,N,T0102,2025-Q4,172559.5,,,F,1,A,6,EUR
OECD.SDD.NAD:DSD_NAMAIN1@DF_QNA(1.1),Q,Y,ITA,S1,S1,P7,_Z,_Z,_Z,XDC,V,N,T0102,1996-Q4,50580,,,F,1,A,6,EUR
OECD.SDD.NAD:DSD_NAMAIN1@DF_QNA(1.1),Q,Y,ITA,S1,S1,P7,_Z,_Z,_Z,XDC,V,N,T0102,1996-Q3,48711.6,,,F,1,A,6,EUR
OECD.SDD.NAD:DSD_NAMAIN1@DF_QNA(1.1),Q,Y,ITA,S1,S1,P7,_Z,_Z,_Z,XDC,V,N,T0102,2014-Q1,104553.1,,,F,1,A,6,EUR
OECD.SDD.NAD:DSD_NAMAIN1@DF_QNA(1.1),Q,Y,ITA,S1,S1,P7,_Z,_Z,_Z,XDC,V,N,T0102,2013-Q1,105741.7,,,F,1,A,6,EUR
OECD.SDD.NAD:DSD_NAMAIN1@DF_QNA(1.1),Q,Y,ITA,S1,S1,P7,_Z,_Z,_Z,XDC,V,N,T0102,2009-Q2,87246.6,,,F,1,A,6,EUR
OECD.SDD.NAD:DSD_NAMAIN1@DF_QNA(1.1),Q,Y,ITA,S1,S1,P7,_Z,_Z,_Z,XDC,V,N,T0102,2008-Q3,114731.5,,,F,1,A,6,EUR
OECD.SDD.NAD:DSD_NAMAIN1@DF_QNA(1.1),Q,Y,ITA,S1,S1,P7,_Z,_Z,_Z,XDC,V,N,T0102,2007-Q1,109783.5,,,F,1,A,6,EUR
OECD.SDD.NAD:DSD_NAMAIN1@DF_QNA(1.1),Q,Y,ITA,S1,S1,P7,_Z,_Z,_Z,XDC,V,N,T0102,2005-Q3,93723.2,,,F,1,A,6,EUR
OECD.SDD.NAD:DSD_NAMAIN1@DF_QNA(1.1),Q,Y,ITA,S1,S1,P7,_Z,_Z,_Z,XDC,V,N,T0102,2005-Q2,91232.8,,,F,1,A,6,EUR
OECD.SDD.NAD:DSD_NAMAIN1@DF_QNA(1.1),Q,Y,DEU,S1,S1,P6,_Z,_Z,_Z,XDC,V,N,T0102,2002-Q1,168293,,,F,1,A,6,EUR
OECD.SDD.NAD:DSD_NAMAIN1@DF_QNA(1.1),Q,Y,DEU,S1,S1,P6,_Z,_Z,_Z,XDC,V,N,T0102,2003-Q1,173520,,,F,1,A,6,EUR
OECD.SDD.NAD:DSD_NAMAIN1@DF_QNA(1.1),Q,Y,DEU,S1,S1,P6,_Z,_Z,_Z,XDC,V,N,T0102,2003-Q2,172215,,,F,1,A,6,EUR
OECD.SDD.NAD:DSD_NAMAIN1@DF_QNA(1.1),Q,Y,DEU,S1,S1,P6,_Z,_Z,_Z,XDC,V,N,T0102,2005-Q2,203919,,,F,1,A,6,EUR
OECD.SDD.NAD:DSD_NAMAIN1@DF_QNA(1.1),Q,Y,DEU,S1,S1,P6,_Z,_Z,_Z,XDC,V,N,T0102,2005-Q3,212333,,,F,1,A,6,EUR
OECD.SDD.NAD:DSD_NAMAIN1@DF_QNA(1.1),Q,Y,DEU,S1,S1,P6,_Z,_Z,_Z,XDC,V,N,T0102,2007-Q1,251129,,,F,1,A,6,EUR
OECD.SDD.NAD:DSD_NAMAIN1@DF_QNA(1.1),Q,Y,DEU,S1,S1,P6,_Z,_Z,_Z,XDC,V,N,T0102,2008-Q3,267894,,,F,1,A,6,EUR
OECD.SDD.NAD:DSD_NAMAIN1@DF_QNA(1.1),Q,Y,DEU,S1,S1,P6,_Z,_Z,_Z,XDC,V,N,T0102,2009-Q2,214089,,,F,1,A,6,EUR
OECD.SDD.NAD:DSD_NAMAIN1@DF_QNA(1.1),Q,Y,DEU,S1,S1,P6,_Z,_Z,_Z,XDC,V,N,T0102,2010-Q2,257297,,,F,1,A,6,EUR
OECD.SDD.NAD:DSD_NAMAIN1@DF_QNA(1.1),Q,Y,DEU,S1,S1,P6,_Z,_Z,_Z,XDC,V,N,T0102,2016-Q4,335213,,,F,1,A,6,EUR
OECD.SDD.NAD:DSD_NAMAIN1@DF_QNA(1.1),Q,Y,DEU,S1,S1,P6,_Z,_Z,_Z,XDC,V,N,T0102,2018-Q2,367662,,,F,1,A,6,EUR
OECD.SDD.NAD:DSD_NAMAIN1@DF_QNA(1.1),Q,Y,DEU,S1,S1,P6,_Z,_Z,_Z,XDC,V,N,T0102,2010-Q3,263824,,,F,1,A,6,EUR
OECD.SDD.NAD:DSD_NAMAIN1@DF_QNA(1.1),Q,Y,DEU,S1,S1,P6,_Z,_Z,_Z,XDC,V,N,T0102,2013-Q1,296713,,,F,1,A,6,EUR
OECD.SDD.NAD:DSD_NAMAIN1@DF_QNA(1.1),Q,Y,DEU,S1,S1,P6,_Z,_Z,_Z,XDC,V,N,T0102,2014-Q1,305556,,,F,1,A,6,EUR
OECD.SDD.NAD:DSD_NAMAIN1@DF_QNA(1.1),Q,Y,DEU,S1,S1,P6,_Z,_Z,_Z,XDC,V,N,T0102,2014-Q2,308160,,,F,1,A,6,EUR
OECD.SDD.NAD:DSD_NAMAIN1@DF_QNA(1.1),Q,Y,DEU,S1,S1,P6,_Z,_Z,_Z,XDC,V,N,T0102,2015-Q3,330391,,,F,1,A,6,EUR
OECD.SDD.NAD:DSD_NAMAIN1@DF_QNA(1.1),Q,Y,DEU,S1,S1,P6,_Z,_Z,_Z,XDC,V,N,T0102,2015-Q4,326590,,,F,1,A,6,EUR
OECD.SDD.NAD:DSD_NAMAIN1@DF_QNA(1.1),Q,Y,DEU,S1,S1,P6,_Z,_Z,_Z,XDC,V,N,T0102,2005-Q1,200122,,,F,1,A,6,EUR
OECD.SDD.NAD:DSD_NAMAIN1@DF_QNA(1.1),Q,Y,DEU,S1,S1,P6,_Z,_Z,_Z,XDC,V,N,T0102,2006-Q2,231699,,,F,1,A,6,EUR
OECD.SDD.NAD:DSD_NAMAIN1@DF_QNA(1.1),Q,Y,DEU,S1,S1,P6,_Z,_Z,_Z,XDC,V,N,T0102,2007-Q4,265151,,,F,1,A,6,EUR
OECD.SDD.NAD:DSD_NAMAIN1@DF_QNA(1.1),Q,Y,DEU,S1,S1,P6,_Z,_Z,_Z,XDC,V,N,T0102,2015-Q2,331435,,,F,1,A,6,EUR
OECD.SDD.NAD:DSD_NAMAIN1@DF_QNA(1.1),Q,Y,DEU,S1,S1,P6,_Z,_Z,_Z,XDC,V,N,T0102,1994-Q2,95314,,,F,1,A,6,EUR
OECD.SDD.NAD:DSD_NAMAIN1@DF_QNA(1.1),Q,Y,DEU,S1,S1,P6,_Z,_Z,_Z,XDC,V,N,T0102,1998-Q3,129645,,,F,1,A,6,EUR
OECD.SDD.NAD:DSD_NAMAIN1@DF_QNA(1.1),Q,Y,DEU,S1,S1,P6,_Z,_Z,_Z,XDC,V,N,T0102,1998-Q4,126213,,,F,1,A,6,EUR
OECD.SDD.NAD:DSD_NAMAIN1@DF_QNA(1.1),Q,Y,DEU,S1,S1,P6,_Z,_Z,_Z,XDC,V,N,T0102,1999-Q1,126782,,,F,1,A,6,EUR
OECD.SDD.NAD:DSD_NAMAIN1@DF_QNA(1.1),Q,Y,DEU,S1,S1,P6,_Z,_Z,_Z,XDC,V,N,T0102,2011-Q3,287900,,,F,1,A,6,EUR
OECD.SDD.NAD:DSD_NAMAIN1@DF_QNA(1.1),Q,Y,DEU,S1,S1,P6,_Z,_Z,_Z,XDC,V,N,T0102,2012-Q2,299808,,,F,1,A,6,EUR
OECD.SDD.NAD:DSD_NAMAIN1@DF_QNA(1.1),Q,Y,DEU,S1,S1,P6,_Z,_Z,_Z,XDC,V,N,T0102,2012-Q3,303689,,,F,1,A,6,EUR
OECD.SDD.NAD:DSD_NAMAIN1@DF_QNA(1.1),Q,Y,DEU,S1,S1,P6,_Z,_Z,_Z,XDC,V,N,T0102,2012-Q4,298193,,,F,1,A,6,EUR
OECD.SDD.NAD:DSD_NAMAIN1@DF_QNA(1.1),Q,Y,DEU,S1,S1,P6,_Z,_Z,_Z,XDC,V,N,T0102,2013-Q4,305575,,,F,1,A,6,EUR
OECD.SDD.NAD:DSD_NAMAIN1@DF_QNA(1.1),Q,Y,DEU,S1,S1,P6,_Z,_Z,_Z,XDC,V,N,T0102,2016-Q1,327414,,,F,1,A,6,EUR
OECD.SDD.NAD:DSD_NAMAIN1@DF_QNA(1.1),Q,Y,DEU,S1,S1,P6,_Z,_Z,_Z,XDC,V,N,T0102,1998-Q2,131741,,,F,1,A,6,EUR
OECD.SDD.NAD:DSD_NAMAIN1@DF_QNA(1.1),Q,Y,DEU,S1,S1,P6,_Z,_Z,_Z,XDC,V,N,T0102,1999-Q3,136894,,,F,1,A,6,EUR
OECD.SDD.NAD:DSD_NAMAIN1@DF_QNA(1.1),Q,Y,DEU,S1,S1,P6,_Z,_Z,_Z,XDC,V,N,T0102,2000-Q2,155311,,,F,1,A,6,EUR
OECD.SDD.NAD:DSD_NAMAIN1@DF_QNA(1.1),Q,Y,DEU,S1,S1,P6,_Z,_Z,_Z,XDC,V,N,T0102,2001-Q3,168056,,,F,1,A,6,EUR
OECD.SDD.NAD:DSD_NAMAIN1@DF_QNA(1.1),Q,Y,DEU,S1,S1,P6,_Z,_Z,_Z,XDC,V,N,T0102,2002-Q3,175717,,,F,1,A,6,EUR
OECD.SDD.NAD:DSD_NAMAIN1@DF_QNA(1.1),Q,Y,DEU,S1,S1,P6,_Z,_Z,_Z,XDC,V,N,T0102,2002-Q4,179181,,,F,1,A,6,EUR
OECD.SDD.NAD:DSD_NAMAIN1@DF_QNA(1.1),Q,Y,DEU,S1,S1,P6,_Z,_Z,_Z,XDC,V,N,T0102,2003-Q3,176648,,,F,1,A,6,EUR
OECD.SDD.NAD:DSD_NAMAIN1@DF_QNA(1.1),Q,Y,DEU,S1,S1,P6,_Z,_Z,_Z,XDC,V,N,T0102,2005-Q4,216302,,,F,1,A,6,EUR
OECD.SDD.NAD:DSD_NAMAIN1@DF_QNA(1.1),Q,Y,DEU,S1,S1,P6,_Z,_Z,_Z,XDC,V,N,T0102,2006-Q1,224060,,,F,1,A,6,EUR
OECD.SDD.NAD:DSD_NAMAIN1@DF_QNA(1.1),Q,Y,DEU,S1,S1,P6,_Z,_Z,_Z,XDC,V,N,T0102,2007-Q2,258064,,,F,1,A,6,EUR
OECD.SDD.NAD:DSD_NAMAIN1@DF_QNA(1.1),Q,Y,DEU,S1,S1,P6,_Z,_Z,_Z,XDC,V,N,T0102,2007-Q3,262878,,,F,1,A,6,EUR
OECD.SDD.NAD:DSD_NAMAIN1@DF_QNA(1.1),Q,Y,DEU,S1,S1,P6,_Z,_Z,_Z,XDC,V,N,T0102,2008-Q4,251154,,,F,1,A,6,EUR
OECD.SDD.NAD:DSD_NAMAIN1@DF_QNA(1.1),Q,Y,DEU,S1,S1,P6,_Z,_Z,_Z,XDC,V,N,T0102,2009-Q1,218609,,,F,1,A,6,EUR
OECD.SDD.NAD:DSD_NAMAIN1@DF_QNA(1.1),Q,Y,DEU,S1,S1,P6,_Z,_Z,_Z,XDC,V,N,T0102,2010-Q1,236642,,,F,1,A,6,EUR
OECD.SDD.NAD:DSD_NAMAIN1@DF_QNA(1.1),Q,Y,DEU,S1,S1,P7,_Z,_Z,_Z,XDC,V,N,T0102,1994-Q1,89652,,,F,1,A,6,EUR
OECD.SDD.NAD:DSD_NAMAIN1@DF_QNA(1.1),Q,Y,DEU,S1,S1,P7,_Z,_Z,_Z,XDC,V,N,T0102,1993-Q4,87461,,,F,1,A,6,EUR
OECD.SDD.NAD:DSD_NAMAIN1@DF_QNA(1.1),Q,Y,DEU,S1,S1,P7,_Z,_Z,_Z,XDC,V,N,T0102,1993-Q3,87773,,,F,1,A,6,EUR
OECD.SDD.NAD:DSD_NAMAIN1@DF_QNA(1.1),Q,Y,DEU,S1,S1,P7,_Z,_Z,_Z,XDC,V,N,T0102,1993-Q2,86679,,,F,1,A,6,EUR
OECD.SDD.NAD:DSD_NAMAIN1@DF_QNA(1.1),Q,Y,DEU,S1,S1,P7,_Z,_Z,_Z,XDC,V,N,T0102,1993-Q1,86438,,,F,1,A,6,EUR
OECD.SDD.NAD:DSD_NAMAIN1@DF_QNA(1.1),Q,Y,DEU,S1,S1,P6,_Z,_Z,_Z,XDC,V,N,T0102,1997-Q3,125838,,,F,1,A,6,EUR
OECD.SDD.NAD:DSD_NAMAIN1@DF_QNA(1.1),Q,Y,DEU,S1,S1,P6,_Z,_Z,_Z,XDC,V,N,T0102,2019-Q3,377179,,,F,1,A,6,EUR
OECD.SDD.NAD:DSD_NAMAIN1@DF_QNA(1.1),Q,Y,DEU,S1,S1,P6,_Z,_Z,_Z,XDC,V,N,T0102,2017-Q3,354274,,,F,1,A,6,EUR
OECD.SDD.NAD:DSD_NAMAIN1@DF_QNA(1.1),Q,Y,DEU,S1,S1,P6,_Z,_Z,_Z,XDC,V,N,T0102,2014-Q4,320572,,,F,1,A,6,EUR
OECD.SDD.NAD:DSD_NAMAIN1@DF_QNA(1.1),Q,Y,DEU,S1,S1,P6,_Z,_Z,_Z,XDC,V,N,T0102,2015-Q1,323560,,,F,1,A,6,EUR
OECD.SDD.NAD:DSD_NAMAIN1@DF_QNA(1.1),Q,Y,DEU,S1,S1,P6,_Z,_Z,_Z,XDC,V,N,T0102,2016-Q2,331216,,,F,1,A,6,EUR
OECD.SDD.NAD:DSD_NAMAIN1@DF_QNA(1.1),Q,Y,DEU,S1,S1,P6,_Z,_Z,_Z,XDC,V,N,T0102,2016-Q3,331601,,,F,1,A,6,EUR
OECD.SDD.NAD:DSD_NAMAIN1@DF_QNA(1.1),Q,Y,DEU,S1,S1,P6,_Z,_Z,_Z,XDC,V,N,T0102,2021-Q3,388928,,,F,1,A,6,EUR
OECD.SDD.NAD:DSD_NAMAIN1@DF_QNA(1.1),Q,Y,DEU,S1,S1,P6,_Z,_Z,_Z,XDC,V,N,T0102,2021-Q4,416440,,,F,1,A,6,EUR
OECD.SDD.NAD:DSD_NAMAIN1@DF_QNA(1.1),Q,Y,DEU,S1,S1,P6,_Z,_Z,_Z,XDC,V,N,T0102,2022-Q1,433766,,,F,1,A,6,EUR
OECD.SDD.NAD:DSD_NAMAIN1@DF_QNA(1.1),Q,Y,DEU,S1,S1,P6,_Z,_Z,_Z,XDC,V,N,T0102,2022-Q2,448156,,,F,1,A,6,EUR
OECD.SDD.NAD:DSD_NAMAIN1@DF_QNA(1.1),Q,Y,DEU,S1,S1,P6,_Z,_Z,_Z,XDC,V,N,T0102,1994-Q3,95108,,,F,1,A,6,EUR
OECD.SDD.NAD:DSD_NAMAIN1@DF_QNA(1.1),Q,Y,DEU,S1,S1,P6,_Z,_Z,_Z,XDC,V,N,T0102,1994-Q4,96346,,,F,1,A,6,EUR
OECD.SDD.NAD:DSD_NAMAIN1@DF_QNA(1.1),Q,Y,DEU,S1,S1,P6,_Z,_Z,_Z,XDC,V,N,T0102,1995-Q1,100719,,,F,1,A,6,EUR
OECD.SDD.NAD:DSD_NAMAIN1@DF_QNA(1.1),Q,Y,ITA,S1,S1,B1GQ,_Z,_Z,_Z,XDC,V,N,T0102,2012-Q3,407661.9,,,F,1,A,6,EUR
OECD.SDD.NAD:DSD_NAMAIN1@DF_QNA(1.1),Q,Y,ITA,S1,S1,B1GQ,_Z,_Z,_Z,XDC,V,N,T0102,2012-Q4,405838.2,,,F,1,A,6,EUR
OECD.SDD.NAD:DSD_NAMAIN1@DF_QNA(1.1),Q,Y,ITA,S1,S1,B1GQ,_Z,_Z,_Z,XDC,V,N,T0102,2013-Q4,407679.2,,,F,1,A,6,EUR
OECD.SDD.NAD:DSD_NAMAIN1@DF_QNA(1.1),Q,Y,ITA,S1,S1,B1GQ,_Z,_Z,_Z,XDC,V,N,T0102,2015-Q2,415398.4,,,F,1,A,6,EUR
OECD.SDD.NAD:DSD_NAMAIN1@DF_QNA(1.1),Q,Y,ITA,S1,S1,B1GQ,_Z,_Z,_Z,XDC,V,N,T0102,2017-Q1,432794,,,F,1,A,6,EUR
OECD.SDD.NAD:DSD_NAMAIN1@DF_QNA(1.1),Q,Y,ITA,S1,S1,B1GQ,_Z,_Z,_Z,XDC,V,N,T0102,2017-Q2,435898.3,,,F,1,A,6,EUR
OECD.SDD.NAD:DSD_NAMAIN1@DF_QNA(1.1),Q,Y,ITA,S1,S1,B1GQ,_Z,_Z,_Z,XDC,V,N,T0102,1999-Q4,300072.3,,,F,1,A,6,EUR
OECD.SDD.NAD:DSD_NAMAIN1@DF_QNA(1.1),Q,Y,ITA,S1,S1,B1GQ,_Z,_Z,_Z,XDC,V,N,T0102,2000-Q3,313088.5,,,F,1,A,6,EUR
OECD.SDD.NAD:DSD_NAMAIN1@DF_QNA(1.1),Q,Y,ITA,S1,S1,B1GQ,_Z,_Z,_Z,XDC,V,N,T0102,2000-Q4,318104.9,,,F,1,A,6,EUR
OECD.SDD.NAD:DSD_NAMAIN1@DF_QNA(1.1),Q,Y,ITA,S1,S1,B1GQ,_Z,_Z,_Z,XDC,V,N,T0102,2001-Q1,323346.2,,,F,1,A,6,EUR
OECD.SDD.NAD:DSD_NAMAIN1@DF_QNA(1.1),Q,Y,ITA,S1,S1,B1GQ,_Z,_Z,_Z,XDC,V,N,T0102,2001-Q2,326056.7,,,F,1,A,6,EUR
OECD.SDD.NAD:DSD_NAMAIN1@DF_QNA(1.1),Q,Y,ITA,S1,S1,B1GQ,_Z,_Z,_Z,XDC,V,N,T0102,2004-Q2,362769.4,,,F,1,A,6,EUR
OECD.SDD.NAD:DSD_NAMAIN1@DF_QNA(1.1),Q,Y,ITA,S1,S1,B1GQ,_Z,_Z,_Z,XDC,V,N,T0102,2004-Q3,365185.3,,,F,1,A,6,EUR
OECD.SDD.NAD:DSD_NAMAIN1@DF_QNA(1.1),Q,Y,ITA,S1,S1,B1GQ,_Z,_Z,_Z,XDC,V,N,T0102,2004-Q4,368967.2,,,F,1,A,6,EUR
OECD.SDD.NAD:DSD_NAMAIN1@DF_QNA(1.1),Q,Y,ITA,S1,S1,B1GQ,_Z,_Z,_Z,XDC,V,N,T0102,2005-Q1,369421.9,,,F,1,A,6,EUR
OECD.SDD.NAD:DSD_NAMAIN1@DF_QNA(1.1),Q,Y,ITA,S1,S1,B1GQ,_Z,_Z,_Z,XDC,V,N,T0102,2006-Q2,389344,,,F,1,A,6,EUR
OECD.SDD.NAD:DSD_NAMAIN1@DF_QNA(1.1),Q,Y,ITA,S1,S1,B1GQ,_Z,_Z,_Z,XDC,V,N,T0102,2011-Q3,415005.1,,,F,1,A,6,EUR
OECD.SDD.NAD:DSD_NAMAIN1@DF_QNA(1.1),Q,Y,ITA,S1,S1,B1GQ,_Z,_Z,_Z,XDC,V,N,T0102,2005-Q4,382662,,,F,1,A,6,EUR
OECD.SDD.NAD:DSD_NAMAIN1@DF_QNA(1.1),Q,Y,ITA,S1,S1,B1GQ,_Z,_Z,_Z,XDC,V,N,T0102,2006-Q1,383577.7,,,F,1,A,6,EUR
OECD.SDD.NAD:DSD_NAMAIN1@DF_QNA(1.1),Q,Y,ITA,S1,S1,B1GQ,_Z,_Z,_Z,XDC,V,N,T0102,2007-Q2,403615,,,F,1,A,6,EUR
OECD.SDD.NAD:DSD_NAMAIN1@DF_QNA(1.1),Q,Y,ITA,S1,S1,B1GQ,_Z,_Z,_Z,XDC,V,N,T0102,2011-Q2,414680.2,,,F,1,A,6,EUR
OECD.SDD.NAD:DSD_NAMAIN1@DF_QNA(1.1),Q,Y,ITA,S1,S1,B1GQ,_Z,_Z,_Z,XDC,V,N,T0102,2013-Q3,407068.2,,,F,1,A,6,EUR
OECD.SDD.NAD:DSD_NAMAIN1@DF_QNA(1.1),Q,Y,ITA,S1,S1,B1GQ,_Z,_Z,_Z,XDC,V,N,T0102,2014-Q3,409321,,,F,1,A,6,EUR
OECD.SDD.NAD:DSD_NAMAIN1@DF_QNA(1.1),Q,Y,ITA,S1,S1,B1GQ,_Z,_Z,_Z,XDC,V,N,T0102,2016-Q1,423405.1,,,F,1,A,6,EUR
OECD.SDD.NAD:DSD_NAMAIN1@DF_QNA(1.1),Q,Y,ITA,S1,S1,B1GQ,_Z,_Z,_Z,XDC,V,N,T0102,2017-Q3,436958.9,,,F,1,A,6,EUR
OECD.SDD.NAD:DSD_NAMAIN1@DF_QNA(1.1),Q,Y,ITA,S1,S1,B1GQ,_Z,_Z,_Z,XDC,V,N,T0102,2018-Q3,444633.1,,,F,1,A,6,EUR
OECD.SDD.NAD:DSD_NAMAIN1@DF_QNA(1.1),Q,Y,ITA,S1,S1,B1GQ,_Z,_Z,_Z,XDC,V,N,T0102,2018-Q4,446352.5,,,F,1,A,6,EUR
OECD.SDD.NAD:DSD_NAMAIN1@DF_QNA(1.1),Q,Y,ITA,S1,S1,B1GQ,_Z,_Z,_Z,XDC,V,N,T0102,2019-Q2,451213.1,,,F,1,A,6,EUR
OECD.SDD.NAD:DSD_NAMAIN1@DF_QNA(1.1),Q,Y,ITA,S1,S1,B1GQ,_Z,_Z,_Z,XDC,V,N,T0102,2001-Q3,327972.3,,,F,1,A,6,EUR
OECD.SDD.NAD:DSD_NAMAIN1@DF_QNA(1.1),Q,Y,ITA,S1,S1,B1GQ,_Z,_Z,_Z,XDC,V,N,T0102,2002-Q3,340321.7,,,F,1,A,6,EUR
OECD.SDD.NAD:DSD_NAMAIN1@DF_QNA(1.1),Q,Y,ITA,S1,S1,B1GQ,_Z,_Z,_Z,XDC,V,N,T0102,2002-Q4,343140.9,,,F,1,A,6,EUR
OECD.SDD.NAD:DSD_NAMAIN1@DF_QNA(1.1),Q,Y,ITA,S1,S1,B1GQ,_Z,_Z,_Z,XDC,V,N,T0102,2003-Q3,351889.9,,,F,1,A,6,EUR
OECD.SDD.NAD:DSD_NAMAIN1@DF_QNA(1.1),Q,Y,ITA,S1,S1,B1GQ,_Z,_Z,_Z,XDC,V,N,T0102,2010-Q3,404776.4,,,F,1,A,6,EUR
OECD.SDD.NAD:DSD_NAMAIN1@DF_QNA(1.1),Q,Y,ITA,S1,S1,B1GQ,_Z,_Z,_Z,XDC,V,N,T0102,2013-Q1,402110,,,F,1,A,6,EUR
OECD.SDD.NAD:DSD_NAMAIN1@DF_QNA(1.1),Q,Y,ITA,S1,S1,B1GQ,_Z,_Z,_Z,XDC,V,N,T0102,2013-Q2,405130.4,,,F,1,A,6,EUR
OECD.SDD.NAD:DSD_NAMAIN1@DF_QNA(1.1),Q,Y,ITA,S1,S1,P7,_Z,_Z,_Z,XDC,V,N,T0102,2025-Q3,170697.1,,,F,1,A,6,EUR
OECD.SDD.NAD:DSD_NAMAIN1@DF_QNA(1.1),Q,Y,ITA,S1,S1,P7,_Z,_Z,_Z,XDC,V,N,T0102,2025-Q2,168054.2,,,F,1,A,6,EUR
OECD.SDD.NAD:DSD_NAMAIN1@DF_QNA(1.1),Q,Y,ITA,S1,S1,P7,_Z,_Z,_Z,XDC,V,N,T0102,2025-Q1,172364.1,,,F,1,A,6,EUR
OECD.SDD.NAD:DSD_NAMAIN1@DF_QNA(1.1),Q,Y,ITA,S1,S1,P7,_Z,_Z,_Z,XDC,V,N,T0102,2024-Q4,167744.7,,,F,1,A,6,EUR
OECD.SDD.NAD:DSD_NAMAIN1@DF_QNA(1.1),Q,Y,ITA,S1,S1,P7,_Z,_Z,_Z,XDC,V,N,T0102,2024-Q3,167558.3,,,F,1,A,6,EUR
OECD.SDD.NAD:DSD_NAMAIN1@DF_QNA(1.1),Q,Y,ITA,S1,S1,P7,_Z,_Z,_Z,XDC,V,N,T0102,2024-Q2,165690.8,,,F,1,A,6,EUR
OECD.SDD.NAD:DSD_NAMAIN1@DF_QNA(1.1),Q,Y,ITA,S1,S1,P7,_Z,_Z,_Z,XDC,V,N,T0102,2024-Q1,163300.9,,,F,1,A,6,EUR
OECD.SDD.NAD:DSD_NAMAIN1@DF_QNA(1.1),Q,Y,ITA,S1,S1,P7,_Z,_Z,_Z,XDC,V,N,T0102,2023-Q2,171578.4,,,F,1,A,6,EUR
OECD.SDD.NAD:DSD_NAMAIN1@DF_QNA(1.1),Q,Y,ITA,S1,S1,P7,_Z,_Z,_Z,XDC,V,N,T0102,2023-Q1,176804.6,,,F,1,A,6,EUR
OECD.SDD.NAD:DSD_NAMAIN1@DF_QNA(1.1),Q,Y,ITA,S1,S1,P7,_Z,_Z,_Z,XDC,V,N,T0102,2022-Q3,197789.7,,,F,1,A,6,EUR
OECD.SDD.NAD:DSD_NAMAIN1@DF_QNA(1.1),Q,Y,ITA,S1,S1,P7,_Z,_Z,_Z,XDC,V,N,T0102,2022-Q2,184670.1,,,F,1,A,6,EUR
OECD.SDD.NAD:DSD_NAMAIN1@DF_QNA(1.1),Q,Y,ITA,S1,S1,P7,_Z,_Z,_Z,XDC,V,N,T0102,2022-Q1,170176.4,,,F,1,A,6,EUR
OECD.SDD.NAD:DSD_NAMAIN1@DF_QNA(1.1),Q,Y,ITA,S1,S1,P7,_Z,_Z,_Z,XDC,V,N,T0102,2002-Q2,79616.7,,,F,1,A,6,EUR
OECD.SDD.NAD:DSD_NAMAIN1@DF_QNA(1.1),Q,Y,ITA,S1,S1,P7,_Z,_Z,_Z,XDC,V,N,T0102,1996-Q2,49072,,,F,1,A,6,EUR
OECD.SDD.NAD:DSD_NAMAIN1@DF_QNA(1.1),Q,Y,ITA,S1,S1,P7,_Z,_Z,_Z,XDC,V,N,T0102,1996-Q1,51857.6,,,F,1,A,6,EUR
OECD.SDD.NAD:DSD_NAMAIN1@DF_QNA(1.1),Q,Y,ITA,S1,S1,P7,_Z,_Z,_Z,XDC,V,N,T0102,2022-Q4,185865.9,,,F,1,A,6,EUR
OECD.SDD.NAD:DSD_NAMAIN1@DF_QNA(1.1),Q,Y,ITA,S1,S1,P7,_Z,_Z,_Z,XDC,V,N,T0102,2023-Q4,168269.1,,,F,1,A,6,EUR
OECD.SDD.NAD:DSD_NAMAIN1@DF_QNA(1.1),Q,Y,ITA,S1,S1,P7,_Z,_Z,_Z,XDC,V,N,T0102,2023-Q3,167192.3,,,F,1,A,6,EUR
OECD.SDD.NAD:DSD_NAMAIN1@DF_QNA(1.1),Q,Y,ITA,S1,S1,P7,_Z,_Z,_Z,XDC,V,N,T0102,1995-Q4,53318.7,,,F,1,A,6,EUR
OECD.SDD.NAD:DSD_NAMAIN1@DF_QNA(1.1),Q,Y,ITA,S1,S1,P7,_Z,_Z,_Z,XDC,V,N,T0102,1995-Q3,52892.3,,,F,1,A,6,EUR
OECD.SDD.NAD:DSD_NAMAIN1@DF_QNA(1.1),Q,Y,ITA,S1,S1,P7,_Z,_Z,_Z,XDC,V,N,T0102,1995-Q2,52966.2,,,F,1,A,6,EUR
OECD.SDD.NAD:DSD_NAMAIN1@DF_QNA(1.1),Q,Y,ITA,S1,S1,P7,_Z,_Z,_Z,XDC,V,N,T0102,1995-Q1,49955.4,,,F,1,A,6,EUR
OECD.SDD.NAD:DSD_NAMAIN1@DF_QNA(1.1),Q,Y,ITA,S1,S1,P7,_Z,_Z,_Z,XDC,V,N,T0102,2006-Q3,105907.4,,,F,1,A,6,EUR
OECD.SDD.NAD:DSD_NAMAIN1@DF_QNA(1.1),Q,Y,ITA,S1,S1,P7,_Z,_Z,_Z,XDC,V,N,T0102,2003-Q4,79274.7,,,F,1,A,6,EUR
OECD.SDD.NAD:DSD_NAMAIN1@DF_QNA(1.1),Q,Y,ITA,S1,S1,P7,_Z,_Z,_Z,XDC,V,N,T0102,2011-Q4,112920.3,,,F,1,A,6,EUR
OECD.SDD.NAD:DSD_NAMAIN1@DF_QNA(1.1),Q,Y,ITA,S1,S1,P7,_Z,_Z,_Z,XDC,V,N,T0102,2010-Q4,115139.7,,,F,1,A,6,EUR
OECD.SDD.NAD:DSD_NAMAIN1@DF_QNA(1.1),Q,Y,ITA,S1,S1,P7,_Z,_Z,_Z,XDC,V,N,T0102,2009-Q4,92758.4,,,F,1,A,6,EUR
OECD.SDD.NAD:DSD_NAMAIN1@DF_QNA(1.1),Q,Y,DEU,S1,S1,B1GQ,_Z,_Z,_Z,XDC,V,N,T0102,2014-Q2,744468,,,F,1,A,6,EUR
OECD.SDD.NAD:DSD_NAMAIN1@DF_QNA(1.1),Q,Y,DEU,S1,S1,B1GQ,_Z,_Z,_Z,XDC,V,N,T0102,2015-Q3,776704,,,F,1,A,6,EUR
OECD.SDD.NAD:DSD_NAMAIN1@DF_QNA(1.1),Q,Y,DEU,S1,S1,B1GQ,_Z,_Z,_Z,XDC,V,N,T0102,2015-Q4,782462,,,F,1,A,6,EUR
OECD.SDD.NAD:DSD_NAMAIN1@DF_QNA(1.1),Q,Y,DEU,S1,S1,B1GQ,_Z,_Z,_Z,XDC,V,N,T0102,2016-Q4,808358,,,F,1,A,6,EUR
OECD.SDD.NAD:DSD_NAMAIN1@DF_QNA(1.1),Q,Y,DEU,S1,S1,B1GQ,_Z,_Z,_Z,XDC,V,N,T0102,2018-Q2,862510,,,F,1,A,6,EUR
OECD.SDD.NAD:DSD_NAMAIN1@DF_QNA(1.1),Q,Y,DEU,S1,S1,B1GQ,_Z,_Z,_Z,XDC,V,N,T0102,1991-Q1,389792,,,F,1,A,6,EUR
OECD.SDD.NAD:DSD_NAMAIN1@DF_QNA(1.1),Q,Y,DEU,S1,S1,B1GQ,_Z,_Z,_Z,XDC,V,N,T0102,1991-Q2,396758,,,F,1,A,6,EUR
OECD.SDD.NAD:DSD_NAMAIN1@DF_QNA(1.1),Q,Y,DEU,S1,S1,B1GQ,_Z,_Z,_Z,XDC,V,N,T0102,1991-Q3,397729,,,F,1,A,6,EUR
OECD.SDD.NAD:DSD_NAMAIN1@DF_QNA(1.1),Q,Y,ITA,S1,S1,P7,_Z,_Z,_Z,XDC,V,N,T0102,2004-Q1,81597.2,,,F,1,A,6,EUR
OECD.SDD.NAD:DSD_NAMAIN1@DF_QNA(1.1),Q,Y,ITA,S1,S1,P7,_Z,_Z,_Z,XDC,V,N,T0102,2016-Q2,108282,,,F,1,A,6,EUR
OECD.SDD.NAD:DSD_NAMAIN1@DF_QNA(1.1),Q,Y,ITA,S1,S1,P7,_Z,_Z,_Z,XDC,V,N,T0102,2015-Q1,108356.2,,,F,1,A,6,EUR
OECD.SDD.NAD:DSD_NAMAIN1@DF_QNA(1.1),Q,Y,ITA,S1,S1,P7,_Z,_Z,_Z,XDC,V,N,T0102,2014-Q4,105232.1,,,F,1,A,6,EUR
OECD.SDD.NAD:DSD_NAMAIN1@DF_QNA(1.1),Q,Y,ITA,S1,S1,P7,_Z,_Z,_Z,XDC,V,N,T0102,2003-Q2,78986.2,,,F,1,A,6,EUR
OECD.SDD.NAD:DSD_NAMAIN1@DF_QNA(1.1),Q,Y,ITA,S1,S1,P7,_Z,_Z,_Z,XDC,V,N,T0102,2003-Q1,82413.4,,,F,1,A,6,EUR
OECD.SDD.NAD:DSD_NAMAIN1@DF_QNA(1.1),Q,Y,ITA,S1,S1,P7,_Z,_Z,_Z,XDC,V,N,T0102,2001-Q4,76815.4,,,F,1,A,6,EUR
OECD.SDD.NAD:DSD_NAMAIN1@DF_QNA(1.1),Q,Y,ITA,S1,S1,P7,_Z,_Z,_Z,XDC,V,N,T0102,1998-Q1,61093.3,,,F,1,A,6,EUR
OECD.SDD.NAD:DSD_NAMAIN1@DF_QNA(1.1),Q,Y,ITA,S1,S1,P7,_Z,_Z,_Z,XDC,V,N,T0102,1997-Q4,58594.8,,,F,1,A,6,EUR
OECD.SDD.NAD:DSD_NAMAIN1@DF_QNA(1.1),Q,Y,ITA,S1,S1,P7,_Z,_Z,_Z,XDC,V,N,T0102,1997-Q3,57506.9,,,F,1,A,6,EUR
OECD.SDD.NAD:DSD_NAMAIN1@DF_QNA(1.1),Q,Y,ITA,S1,S1,P7,_Z,_Z,_Z,XDC,V,N,T0102,1999-Q3,63488.1,,,F,1,A,6,EUR
OECD.SDD.NAD:DSD_NAMAIN1@DF_QNA(1.1),Q,Y,ITA,S1,S1,P7,_Z,_Z,_Z,XDC,V,N,T0102,2001-Q3,80163.7,,,F,1,A,6,EUR
OECD.SDD.NAD:DSD_NAMAIN1@DF_QNA(1.1),Q,Y,ITA,S1,S1,P7,_Z,_Z,_Z,XDC,V,N,T0102,2000-Q2,75197.8,,,F,1,A,6,EUR
OECD.SDD.NAD:DSD_NAMAIN1@DF_QNA(1.1),Q,Y,ITA,S1,S1,P7,_Z,_Z,_Z,XDC,V,N,T0102,2018-Q2,125931.5,,,F,1,A,6,EUR
OECD.SDD.NAD:DSD_NAMAIN1@DF_QNA(1.1),Q,Y,ITA,S1,S1,B1GQ,_Z,_Z,_Z,XDC,V,N,T0102,2017-Q4,442069.9,,,F,1,A,6,EUR
OECD.SDD.NAD:DSD_NAMAIN1@DF_QNA(1.1),Q,Y,ITA,S1,S1,B1GQ,_Z,_Z,_Z,XDC,V,N,T0102,2008-Q2,416288,,,F,1,A,6,EUR
OECD.SDD.NAD:DSD_NAMAIN1@DF_QNA(1.1),Q,Y,ITA,S1,S1,B1GQ,_Z,_Z,_Z,XDC,V,N,T0102,2009-Q3,396421.5,,,F,1,A,6,EUR
OECD.SDD.NAD:DSD_NAMAIN1@DF_QNA(1.1),Q,Y,ITA,S1,S1,B1GQ,_Z,_Z,_Z,XDC,V,N,T0102,2009-Q4,397733,,,F,1,A,6,EUR
OECD.SDD.NAD:DSD_NAMAIN1@DF_QNA(1.1),Q,Y,ITA,S1,S1,B1GQ,_Z,_Z,_Z,XDC,V,N,T0102,2018-Q1,443204.3,,,F,1,A,6,EUR
OECD.SDD.NAD:DSD_NAMAIN1@DF_QNA(1.1),Q,Y,ITA,S1,S1,B1GQ,_Z,_Z,_Z,XDC,V,N,T0102,2019-Q1,448866.9,,,F,1,A,6,EUR
OECD.SDD.NAD:DSD_NAMAIN1@DF_QNA(1.1),Q,Y,ITA,S1,S1,B1GQ,_Z,_Z,_Z,XDC,V,N,T0102,2019-Q4,452771.7,,,F,1,A,6,EUR
OECD.SDD.NAD:DSD_NAMAIN1@DF_QNA(1.1),Q,Y,ITA,S1,S1,B1GQ,_Z,_Z,_Z,XDC,V,N,T0102,2020-Q1,426225.3,,,F,1,A,6,EUR
OECD.SDD.NAD:DSD_NAMAIN1@DF_QNA(1.1),Q,Y,ITA,S1,S1,B1GQ,_Z,_Z,_Z,XDC,V,N,T0102,2020-Q2,378913.4,,,F,1,A,6,EUR
OECD.SDD.NAD:DSD_NAMAIN1@DF_QNA(1.1),Q,Y,ITA,S1,S1,B1GQ,_Z,_Z,_Z,XDC,V,N,T0102,2020-Q3,430092.9,,,F,1,A,6,EUR
OECD.SDD.NAD:DSD_NAMAIN1@DF_QNA(1.1),Q,Y,ITA,S1,S1,B1GQ,_Z,_Z,_Z,XDC,V,N,T0102,1996-Q1,258893.2,,,F,1,A,6,EUR
OECD.SDD.NAD:DSD_NAMAIN1@DF_QNA(1.1),Q,Y,ITA,S1,S1,B1GQ,_Z,_Z,_Z,XDC,V,N,T0102,1996-Q2,261096.3,,,F,1,A,6,EUR
OECD.SDD.NAD:DSD_NAMAIN1@DF_QNA(1.1),Q,Y,ITA,S1,S1,B1GQ,_Z,_Z,_Z,XDC,V,N,T0102,2002-Q2,336769.8,,,F,1,A,6,EUR
OECD.SDD.NAD:DSD_NAMAIN1@DF_QNA(1.1),Q,Y,ITA,S1,S1,B1GQ,_Z,_Z,_Z,XDC,V,N,T0102,2010-Q4,409353.6,,,F,1,A,6,EUR
OECD.SDD.NAD:DSD_NAMAIN1@DF_QNA(1.1),Q,Y,ITA,S1,S1,P7,_Z,_Z,_Z,XDC,V,N,T0102,1997-Q2,55113.9,,,F,1,A,6,EUR
OECD.SDD.NAD:DSD_NAMAIN1@DF_QNA(1.1),Q,Y,ITA,S1,S1,P7,_Z,_Z,_Z,XDC,V,N,T0102,2002-Q1,78676.9,,,F,1,A,6,EUR
OECD.SDD.NAD:DSD_NAMAIN1@DF_QNA(1.1),Q,Y,ITA,S1,S1,P7,_Z,_Z,_Z,XDC,V,N,T0102,1997-Q1,52041.9,,,F,1,A,6,EUR
OECD.SDD.NAD:DSD_NAMAIN1@DF_QNA(1.1),Q,Y,ITA,S1,S1,B1GQ,_Z,_Z,_Z,XDC,V,N,T0102,2021-Q3,468200.3,,,F,1,A,6,EUR
OECD.SDD.NAD:DSD_NAMAIN1@DF_QNA(1.1),Q,Y,ITA,S1,S1,B1GQ,_Z,_Z,_Z,XDC,V,N,T0102,2021-Q4,476737.6,,,F,1,A,6,EUR
OECD.SDD.NAD:DSD_NAMAIN1@DF_QNA(1.1),Q,Y,ITA,S1,S1,B1GQ,_Z,_Z,_Z,XDC,V,N,T0102,2023-Q4,542554.2,,,F,1,A,6,EUR
OECD.SDD.NAD:DSD_NAMAIN1@DF_QNA(1.1),Q,Y,ITA,S1,S1,B1GQ,_Z,_Z,_Z,XDC,V,N,T0102,2023-Q1,527295.7,,,F,1,A,6,EUR
OECD.SDD.NAD:DSD_NAMAIN1@DF_QNA(1.1),Q,Y,ITA,S1,S1,P6,_Z,_Z,_Z,XDC,V,N,T0102,2024-Q1,178680.3,,,F,1,A,6,EUR
OECD.SDD.NAD:DSD_NAMAIN1@DF_QNA(1.1),Q,Y,ITA,S1,S1,P6,_Z,_Z,_Z,XDC,V,N,T0102,2024-Q2,176887.3,,,F,1,A,6,EUR
OECD.SDD.NAD:DSD_NAMAIN1@DF_QNA(1.1),Q,Y,ITA,S1,S1,P6,_Z,_Z,_Z,XDC,V,N,T0102,2024-Q3,177387,,,F,1,A,6,EUR
OECD.SDD.NAD:DSD_NAMAIN1@DF_QNA(1.1),Q,Y,ITA,S1,S1,P6,_Z,_Z,_Z,XDC,V,N,T0102,2024-Q4,177439.6,,,F,1,A,6,EUR
OECD.SDD.NAD:DSD_NAMAIN1@DF_QNA(1.1),Q,Y,ITA,S1,S1,P6,_Z,_Z,_Z,XDC,V,N,T0102,2025-Q1,183054.6,,,F,1,A,6,EUR
OECD.SDD.NAD:DSD_NAMAIN1@DF_QNA(1.1),Q,Y,ITA,S1,S1,P6,_Z,_Z,_Z,XDC,V,N,T0102,2025-Q2,179484,,,F,1,A,6,EUR
OECD.SDD.NAD:DSD_NAMAIN1@DF_QNA(1.1),Q,Y,ITA,S1,S1,P6,_Z,_Z,_Z,XDC,V,N,T0102,2025-Q3,182983.7,,,F,1,A,6,EUR
OECD.SDD.NAD:DSD_NAMAIN1@DF_QNA(1.1),Q,Y,ITA,S1,S1,P6,_Z,_Z,_Z,XDC,V,N,T0102,2025-Q4,181937.7,,,F,1,A,6,EUR
OECD.SDD.NAD:DSD_NAMAIN1@DF_QNA(1.1),Q,Y,ITA,S1,S1,P6,_Z,_Z,_Z,XDC,V,N,T0102,2026-Q1,188164.8,,,F,1,A,6,EUR
OECD.SDD.NAD:DSD_NAMAIN1@DF_QNA(1.1),Q,Y,ITA,S1,S1,P6,_Z,_Z,_Z,XDC,V,N,T0102,2026-Q2,192900.3,,,F,1,A,6,EUR
OECD.SDD.NAD:DSD_NAMAIN1@DF_QNA(1.1),Q,Y,ITA,S1,S1,P6,_Z,_Z,_Z,XDC,V,N,T0102,2002-Q1,82857.8,,,F,1,A,6,EUR
OECD.SDD.NAD:DSD_NAMAIN1@DF_QNA(1.1),Q,Y,ITA,S1,S1,P6,_Z,_Z,_Z,XDC,V,N,T0102,2003-Q1,82359.7,,,F,1,A,6,EUR
OECD.SDD.NAD:DSD_NAMAIN1@DF_QNA(1.1),Q,Y,ITA,S1,S1,P6,_Z,_Z,_Z,XDC,V,N,T0102,2003-Q2,79228.7,,,F,1,A,6,EUR
OECD.SDD.NAD:DSD_NAMAIN1@DF_QNA(1.1),Q,Y,ITA,S1,S1,P6,_Z,_Z,_Z,XDC,V,N,T0102,2005-Q2,91320.8,,,F,1,A,6,EUR
OECD.SDD.NAD:DSD_NAMAIN1@DF_QNA(1.1),Q,Y,ITA,S1,S1,P6,_Z,_Z,_Z,XDC,V,N,T0102,2004-Q4,87647,,,F,1,A,6,EUR
OECD.SDD.NAD:DSD_NAMAIN1@DF_QNA(1.1),Q,Y,ITA,S1,S1,P6,_Z,_Z,_Z,XDC,V,N,T0102,2011-Q3,111271.4,,,F,1,A,6,EUR
OECD.SDD.NAD:DSD_NAMAIN1@DF_QNA(1.1),Q,Y,ITA,S1,S1,P6,_Z,_Z,_Z,XDC,V,N,T0102,2011-Q4,111031.5,,,F,1,A,6,EUR
OECD.SDD.NAD:DSD_NAMAIN1@DF_QNA(1.1),Q,Y,ITA,S1,S1,P6,_Z,_Z,_Z,XDC,V,N,T0102,2012-Q2,114141.9,,,F,1,A,6,EUR
OECD.SDD.NAD:DSD_NAMAIN1@DF_QNA(1.1),Q,Y,ITA,S1,S1,P7,_Z,_Z,_Z,XDC,V,N,T0102,2012-Q1,112009.1,,,F,1,A,6,EUR
OECD.SDD.NAD:DSD_NAMAIN1@DF_QNA(1.1),Q,Y,ITA,S1,S1,P7,_Z,_Z,_Z,XDC,V,N,T0102,2008-Q1,115004,,,F,1,A,6,EUR
OECD.SDD.NAD:DSD_NAMAIN1@DF_QNA(1.1),Q,Y,ITA,S1,S1,P7,_Z,_Z,_Z,XDC,V,N,T0102,2006-Q4,109346.9,,,F,1,A,6,EUR
OECD.SDD.NAD:DSD_NAMAIN1@DF_QNA(1.1),Q,Y,ITA,S1,S1,P7,_Z,_Z,_Z,XDC,V,N,T0102,2019-Q1,125284.2,,,F,1,A,6,EUR
OECD.SDD.NAD:DSD_NAMAIN1@DF_QNA(1.1),Q,Y,ITA,S1,S1,P7,_Z,_Z,_Z,XDC,V,N,T0102,2018-Q1,122344.6,,,F,1,A,6,EUR
OECD.SDD.NAD:DSD_NAMAIN1@DF_QNA(1.1),Q,Y,ITA,S1,S1,P7,_Z,_Z,_Z,XDC,V,N,T0102,2017-Q4,124249.2,,,F,1,A,6,EUR
OECD.SDD.NAD:DSD_NAMAIN1@DF_QNA(1.1),Q,Y,ITA,S1,S1,P7,_Z,_Z,_Z,XDC,V,N,T0102,2002-Q4,82471.3,,,F,1,A,6,EUR
OECD.SDD.NAD:DSD_NAMAIN1@DF_QNA(1.1),Q,Y,ITA,S1,S1,P7,_Z,_Z,_Z,XDC,V,N,T0102,2013-Q2,103639.9,,,F,1,A,6,EUR
OECD.SDD.NAD:DSD_NAMAIN1@DF_QNA(1.1),Q,Y,ITA,S1,S1,P7,_Z,_Z,_Z,XDC,V,N,T0102,2007-Q3,113203.2,,,F,1,A,6,EUR
OECD.SDD.NAD:DSD_NAMAIN1@DF_QNA(1.1),Q,Y,ITA,S1,S1,P7,_Z,_Z,_Z,XDC,V,N,T0102,2014-Q3,106516.3,,,F,1,A,6,EUR
OECD.SDD.NAD:DSD_NAMAIN1@DF_QNA(1.1),Q,Y,ITA,S1,S1,P7,_Z,_Z,_Z,XDC,V,N,T0102,2013-Q3,105819.9,,,F,1,A,6,EUR
OECD.SDD.NAD:DSD_NAMAIN1@DF_QNA(1.1),Q,Y,ITA,S1,S1,P7,_Z,_Z,_Z,XDC,V,N,T0102,2011-Q2,117120.9,,,F,1,A,6,EUR
OECD.SDD.NAD:DSD_NAMAIN1@DF_QNA(1.1),Q,Y,ITA,S1,S1,P7,_Z,_Z,_Z,XDC,V,N,T0102,2011-Q1,117437.2,,,F,1,A,6,EUR
OECD.SDD.NAD:DSD_NAMAIN1@DF_QNA(1.1),Q,Y,ITA,S1,S1,P7,_Z,_Z,_Z,XDC,V,N,T0102,2010-Q1,99818.6,,,F,1,A,6,EUR
OECD.SDD.NAD:DSD_NAMAIN1@DF_QNA(1.1),Q,Y,ITA,S1,S1,P7,_Z,_Z,_Z,XDC,V,N,T0102,2009-Q1,91810.1,,,F,1,A,6,EUR
OECD.SDD.NAD:DSD_NAMAIN1@DF_QNA(1.1),Q,Y,ITA,S1,S1,P7,_Z,_Z,_Z,XDC,V,N,T0102,2008-Q4,105081.9,,,F,1,A,6,EUR
OECD.SDD.NAD:DSD_NAMAIN1@DF_QNA(1.1),Q,Y,ITA,S1,S1,P7,_Z,_Z,_Z,XDC,V,N,T0102,2008-Q2,115450.3,,,F,1,A,6,EUR
OECD.SDD.NAD:DSD_NAMAIN1@DF_QNA(1.1),Q,Y,ITA,S1,S1,P7,_Z,_Z,_Z,XDC,V,N,T0102,2002-Q3,79085.6,,,F,1,A,6,EUR
OECD.SDD.NAD:DSD_NAMAIN1@DF_QNA(1.1),Q,Y,ITA,S1,S1,P7,_Z,_Z,_Z,XDC,V,N,T0102,2019-Q3,124876.6,,,F,1,A,6,EUR
OECD.SDD.NAD:DSD_NAMAIN1@DF_QNA(1.1),Q,Y,ITA,S1,S1,P7,_Z,_Z,_Z,XDC,V,N,T0102,2019-Q2,126734.5,,,F,1,A,6,EUR
OECD.SDD.NAD:DSD_NAMAIN1@DF_QNA(1.1),Q,Y,DEU,S1,S1,P6,_Z,_Z,_Z,XDC,V,N,T0102,2011-Q1,280193,,,F,1,A,6,EUR
OECD.SDD.NAD:DSD_NAMAIN1@DF_QNA(1.1),Q,Y,DEU,S1,S1,P6,_Z,_Z,_Z,XDC,V,N,T0102,2011-Q2,284389,,,F,1,A,6,EUR
OECD.SDD.NAD:DSD_NAMAIN1@DF_QNA(1.1),Q,Y,DEU,S1,S1,P6,_Z,_Z,_Z,XDC,V,N,T0102,2013-Q2,297003,,,F,1,A,6,EUR
OECD.SDD.NAD:DSD_NAMAIN1@DF_QNA(1.1),Q,Y,DEU,S1,S1,P6,_Z,_Z,_Z,XDC,V,N,T0102,2013-Q3,300711,,,F,1,A,6,EUR
OECD.SDD.NAD:DSD_NAMAIN1@DF_QNA(1.1),Q,Y,DEU,S1,S1,P6,_Z,_Z,_Z,XDC,V,N,T0102,2014-Q3,314110,,,F,1,A,6,EUR
OECD.SDD.NAD:DSD_NAMAIN1@DF_QNA(1.1),Q,Y,DEU,S1,S1,P6,_Z,_Z,_Z,XDC,V,N,T0102,2018-Q3,366094,,,F,1,A,6,EUR
OECD.SDD.NAD:DSD_NAMAIN1@DF_QNA(1.1),Q,Y,DEU,S1,S1,P6,_Z,_Z,_Z,XDC,V,N,T0102,2018-Q4,368371,,,F,1,A,6,EUR
OECD.SDD.NAD:DSD_NAMAIN1@DF_QNA(1.1),Q,Y,DEU,S1,S1,P6,_Z,_Z,_Z,XDC,V,N,T0102,2019-Q2,372965,,,F,1,A,6,EUR
OECD.SDD.NAD:DSD_NAMAIN1@DF_QNA(1.1),Q,Y,DEU,S1,S1,P6,_Z,_Z,_Z,XDC,V,N,T0102,1996-Q4,112584,,,F,1,A,6,EUR
OECD.SDD.NAD:DSD_NAMAIN1@DF_QNA(1.1),Q,Y,DEU,S1,S1,P6,_Z,_Z,_Z,XDC,V,N,T0102,1997-Q1,115202,,,F,1,A,6,EUR
OECD.SDD.NAD:DSD_NAMAIN1@DF_QNA(1.1),Q,Y,DEU,S1,S1,P6,_Z,_Z,_Z,XDC,V,N,T0102,1997-Q2,118859,,,F,1,A,6,EUR
OECD.SDD.NAD:DSD_NAMAIN1@DF_QNA(1.1),Q,Y,ITA,S1,S1,P7,_Z,_Z,_Z,XDC,V,N,T0102,2006-Q1,102294.3,,,F,1,A,6,EUR
OECD.SDD.NAD:DSD_NAMAIN1@DF_QNA(1.1),Q,Y,ITA,S1,S1,P7,_Z,_Z,_Z,XDC,V,N,T0102,2005-Q1,88138.2,,,F,1,A,6,EUR
OECD.SDD.NAD:DSD_NAMAIN1@DF_QNA(1.1),Q,Y,ITA,S1,S1,P7,_Z,_Z,_Z,XDC,V,N,T0102,2004-Q4,87276.3,,,F,1,A,6,EUR
OECD.SDD.NAD:DSD_NAMAIN1@DF_QNA(1.1),Q,Y,ITA,S1,S1,P7,_Z,_Z,_Z,XDC,V,N,T0102,2004-Q3,85634.2,,,F,1,A,6,EUR
OECD.SDD.NAD:DSD_NAMAIN1@DF_QNA(1.1),Q,Y,ITA,S1,S1,P7,_Z,_Z,_Z,XDC,V,N,T0102,2000-Q4,82131.3,,,F,1,A,6,EUR
OECD.SDD.NAD:DSD_NAMAIN1@DF_QNA(1.1),Q,Y,ITA,S1,S1,P7,_Z,_Z,_Z,XDC,V,N,T0102,2000-Q3,79658.3,,,F,1,A,6,EUR
OECD.SDD.NAD:DSD_NAMAIN1@DF_QNA(1.1),Q,Y,ITA,S1,S1,P7,_Z,_Z,_Z,XDC,V,N,T0102,2000-Q1,71836.1,,,F,1,A,6,EUR
OECD.SDD.NAD:DSD_NAMAIN1@DF_QNA(1.1),Q,Y,ITA,S1,S1,P7,_Z,_Z,_Z,XDC,V,N,T0102,2004-Q2,84015.1,,,F,1,A,6,EUR
OECD.SDD.NAD:DSD_NAMAIN1@DF_QNA(1.1),Q,Y,ITA,S1,S1,P7,_Z,_Z,_Z,XDC,V,N,T0102,2001-Q2,81834.1,,,F,1,A,6,EUR
OECD.SDD.NAD:DSD_NAMAIN1@DF_QNA(1.1),Q,Y,ITA,S1,S1,P7,_Z,_Z,_Z,XDC,V,N,T0102,2001-Q1,79269.3,,,F,1,A,6,EUR
OECD.SDD.NAD:DSD_NAMAIN1@DF_QNA(1.1),Q,Y,ITA,S1,S1,P7,_Z,_Z,_Z,XDC,V,N,T0102,2012-Q2,110046.2,,,F,1,A,6,EUR
OECD.SDD.NAD:DSD_NAMAIN1@DF_QNA(1.1),Q,Y,ITA,S1,S1,B1GQ,_Z,_Z,_Z,XDC,V,N,T0102,2006-Q3,392188.8,,,F,1,A,6,EUR
OECD.SDD.NAD:DSD_NAMAIN1@DF_QNA(1.1),Q,Y,ITA,S1,S1,B1GQ,_Z,_Z,_Z,XDC,V,N,T0102,2011-Q4,413464.3,,,F,1,A,6,EUR
OECD.SDD.NAD:DSD_NAMAIN1@DF_QNA(1.1),Q,Y,ITA,S1,S1,B1GQ,_Z,_Z,_Z,XDC,V,N,T0102,2012-Q2,408648.7,,,F,1,A,6,EUR
OECD.SDD.NAD:DSD_NAMAIN1@DF_QNA(1.1),Q,Y,ITA,S1,S1,P6,_Z,_Z,_Z,XDC,V,N,T0102,2002-Q4,83334.2,,,F,1,A,6,EUR
OECD.SDD.NAD:DSD_NAMAIN1@DF_QNA(1.1),Q,Y,ITA,S1,S1,P6,_Z,_Z,_Z,XDC,V,N,T0102,2005-Q4,95329.8,,,F,1,A,6,EUR
OECD.SDD.NAD:DSD_NAMAIN1@DF_QNA(1.1),Q,Y,ITA,S1,S1,P6,_Z,_Z,_Z,XDC,V,N,T0102,2019-Q4,140020.5,,,F,1,A,6,EUR
OECD.SDD.NAD:DSD_NAMAIN1@DF_QNA(1.1),Q,Y,ITA,S1,S1,P6,_Z,_Z,_Z,XDC,V,N,T0102,2020-Q1,128785.3,,,F,1,A,6,EUR
OECD.SDD.NAD:DSD_NAMAIN1@DF_QNA(1.1),Q,Y,ITA,S1,S1,P6,_Z,_Z,_Z,XDC,V,N,T0102,2011-Q2,110761.7,,,F,1,A,6,EUR
OECD.SDD.NAD:DSD_NAMAIN1@DF_QNA(1.1),Q,Y,ITA,S1,S1,P6,_Z,_Z,_Z,XDC,V,N,T0102,2013-Q2,113635.8,,,F,1,A,6,EUR
OECD.SDD.NAD:DSD_NAMAIN1@DF_QNA(1.1),Q,Y,ITA,S1,S1,P6,_Z,_Z,_Z,XDC,V,N,T0102,2003-Q3,81025.5,,,F,1,A,6,EUR
OECD.SDD.NAD:DSD_NAMAIN1@DF_QNA(1.1),Q,Y,ITA,S1,S1,P6,_Z,_Z,_Z,XDC,V,N,T0102,2010-Q1,94063.3,,,F,1,A,6,EUR
OECD.SDD.NAD:DSD_NAMAIN1@DF_QNA(1.1),Q,Y,ITA,S1,S1,P6,_Z,_Z,_Z,XDC,V,N,T0102,2020-Q4,130415.3,,,F,1,A,6,EUR
OECD.SDD.NAD:DSD_NAMAIN1@DF_QNA(1.1),Q,Y,ITA,S1,S1,P6,_Z,_Z,_Z,XDC,V,N,T0102,2021-Q1,134233.1,,,F,1,A,6,EUR
OECD.SDD.NAD:DSD_NAMAIN1@DF_QNA(1.1),Q,Y,ITA,S1,S1,P6,_Z,_Z,_Z,XDC,V,N,T0102,2021-Q2,137802.4,,,F,1,A,6,EUR
OECD.SDD.NAD:DSD_NAMAIN1@DF_QNA(1.1),Q,Y,ITA,S1,S1,B1GQ,_Z,_Z,_Z,XDC,V,N,T0102,1998-Q3,285131.9,,,F,1,A,6,EUR
OECD.SDD.NAD:DSD_NAMAIN1@DF_QNA(1.1),Q,Y,ITA,S1,S1,B1GQ,_Z,_Z,_Z,XDC,V,N,T0102,1998-Q4,287727.6,,,F,1,A,6,EUR
OECD.SDD.NAD:DSD_NAMAIN1@DF_QNA(1.1),Q,Y,ITA,S1,S1,B1GQ,_Z,_Z,_Z,XDC,V,N,T0102,1999-Q1,289464.9,,,F,1,A,6,EUR
OECD.SDD.NAD:DSD_NAMAIN1@DF_QNA(1.1),Q,Y,ITA,S1,S1,B1GQ,_Z,_Z,_Z,XDC,V,N,T0102,1999-Q2,290786.6,,,F,1,A,6,EUR
OECD.SDD.NAD:DSD_NAMAIN1@DF_QNA(1.1),Q,Y,ITA,S1,S1,B1GQ,_Z,_Z,_Z,XDC,V,N,T0102,2000-Q1,305830.5,,,F,1,A,6,EUR
OECD.SDD.NAD:DSD_NAMAIN1@DF_QNA(1.1),Q,Y,ITA,S1,S1,B1GQ,_Z,_Z,_Z,XDC,V,N,T0102,2007-Q4,411236.1,,,F,1,A,6,EUR
OECD.SDD.NAD:DSD_NAMAIN1@DF_QNA(1.1),Q,Y,ITA,S1,S1,P6,_Z,_Z,_Z,XDC,V,N,T0102,2018-Q2,135935.3,,,F,1,A,6,EUR
OECD.SDD.NAD:DSD_NAMAIN1@DF_QNA(1.1),Q,Y,ITA,S1,S1,P6,_Z,_Z,_Z,XDC,V,N,T0102,1997-Q1,63403.4,,,F,1,A,6,EUR
OECD.SDD.NAD:DSD_NAMAIN1@DF_QNA(1.1),Q,Y,ITA,S1,S1,P6,_Z,_Z,_Z,XDC,V,N,T0102,2022-Q1,164615.1,,,F,1,A,6,EUR
OECD.SDD.NAD:DSD_NAMAIN1@DF_QNA(1.1),Q,Y,ITA,S1,S1,P6,_Z,_Z,_Z,XDC,V,N,T0102,2022-Q2,176679.1,,,F,1,A,6,EUR
OECD.SDD.NAD:DSD_NAMAIN1@DF_QNA(1.1),Q,Y,ITA,S1,S1,P6,_Z,_Z,_Z,XDC,V,N,T0102,2022-Q3,179175.7,,,F,1,A,6,EUR
OECD.SDD.NAD:DSD_NAMAIN1@DF_QNA(1.1),Q,Y,ITA,S1,S1,P6,_Z,_Z,_Z,XDC,V,N,T0102,2023-Q2,177581.9,,,F,1,A,6,EUR
OECD.SDD.NAD:DSD_NAMAIN1@DF_QNA(1.1),Q,Y,ITA,S1,S1,P6,_Z,_Z,_Z,XDC,V,N,T0102,2023-Q3,179024.1,,,F,1,A,6,EUR
OECD.SDD.NAD:DSD_NAMAIN1@DF_QNA(1.1),Q,Y,ITA,S1,S1,P6,_Z,_Z,_Z,XDC,V,N,T0102,1996-Q3,61406.8,,,F,1,A,6,EUR
OECD.SDD.NAD:DSD_NAMAIN1@DF_QNA(1.1),Q,Y,ITA,S1,S1,P6,_Z,_Z,_Z,XDC,V,N,T0102,1996-Q4,62406.8,,,F,1,A,6,EUR
OECD.SDD.NAD:DSD_NAMAIN1@DF_QNA(1.1),Q,Y,ITA,S1,S1,P6,_Z,_Z,_Z,XDC,V,N,T0102,2014-Q1,115685.2,,,F,1,A,6,EUR
OECD.SDD.NAD:DSD_NAMAIN1@DF_QNA(1.1),Q,Y,ITA,S1,S1,P6,_Z,_Z,_Z,XDC,V,N,T0102,2018-Q4,138806.8,,,F,1,A,6,EUR
OECD.SDD.NAD:DSD_NAMAIN1@DF_QNA(1.1),Q,Y,ITA,S1,S1,P6,_Z,_Z,_Z,XDC,V,N,T0102,2019-Q2,140163.8,,,F,1,A,6,EUR
OECD.SDD.NAD:DSD_NAMAIN1@DF_QNA(1.1),Q,Y,ITA,S1,S1,P6,_Z,_Z,_Z,XDC,V,N,T0102,2019-Q3,140458.9,,,F,1,A,6,EUR
OECD.SDD.NAD:DSD_NAMAIN1@DF_QNA(1.1),Q,Y,ITA,S1,S1,P6,_Z,_Z,_Z,XDC,V,N,T0102,2018-Q3,138121,,,F,1,A,6,EUR
OECD.SDD.NAD:DSD_NAMAIN1@DF_QNA(1.1),Q,Y,ITA,S1,S1,P6,_Z,_Z,_Z,XDC,V,N,T0102,2005-Q3,92758.4,,,F,1,A,6,EUR
OECD.SDD.NAD:DSD_NAMAIN1@DF_QNA(1.1),Q,Y,ITA,S1,S1,P6,_Z,_Z,_Z,XDC,V,N,T0102,2007-Q1,107977.2,,,F,1,A,6,EUR
OECD.SDD.NAD:DSD_NAMAIN1@DF_QNA(1.1),Q,Y,ITA,S1,S1,P6,_Z,_Z,_Z,XDC,V,N,T0102,2008-Q3,109653.2,,,F,1,A,6,EUR
OECD.SDD.NAD:DSD_NAMAIN1@DF_QNA(1.1),Q,Y,ITA,S1,S1,P6,_Z,_Z,_Z,XDC,V,N,T0102,2009-Q2,85640.6,,,F,1,A,6,EUR
OECD.SDD.NAD:DSD_NAMAIN1@DF_QNA(1.1),Q,Y,ITA,S1,S1,B1GQ,_Z,_Z,_Z,XDC,V,N,T0102,2014-Q1,408470.9,,,F,1,A,6,EUR
OECD.SDD.NAD:DSD_NAMAIN1@DF_QNA(1.1),Q,Y,ITA,S1,S1,B1GQ,_Z,_Z,_Z,XDC,V,N,T0102,2014-Q2,409286.5,,,F,1,A,6,EUR
OECD.SDD.NAD:DSD_NAMAIN1@DF_QNA(1.1),Q,Y,ITA,S1,S1,B1GQ,_Z,_Z,_Z,XDC,V,N,T0102,2015-Q3,416849.9,,,F,1,A,6,EUR
OECD.SDD.NAD:DSD_NAMAIN1@DF_QNA(1.1),Q,Y,ITA,S1,S1,B1GQ,_Z,_Z,_Z,XDC,V,N,T0102,2015-Q4,418015,,,F,1,A,6,EUR
OECD.SDD.NAD:DSD_NAMAIN1@DF_QNA(1.1),Q,Y,ITA,S1,S1,B1GQ,_Z,_Z,_Z,XDC,V,N,T0102,2016-Q4,430245.9,,,F,1,A,6,EUR
OECD.SDD.NAD:DSD_NAMAIN1@DF_QNA(1.1),Q,Y,ITA,S1,S1,B1GQ,_Z,_Z,_Z,XDC,V,N,T0102,2018-Q2,444284.1,,,F,1,A,6,EUR
OECD.SDD.NAD:DSD_NAMAIN1@DF_QNA(1.1),Q,Y,ITA,S1,S1,B1GQ,_Z,_Z,_Z,XDC,V,N,T0102,1998-Q1,281219.2,,,F,1,A,6,EUR
OECD.SDD.NAD:DSD_NAMAIN1@DF_QNA(1.1),Q,Y,ITA,S1,S1,B1GQ,_Z,_Z,_Z,XDC,V,N,T0102,2001-Q4,330211,,,F,1,A,6,EUR
OECD.SDD.NAD:DSD_NAMAIN1@DF_QNA(1.1),Q,Y,ITA,S1,S1,B1GQ,_Z,_Z,_Z,XDC,V,N,T0102,2002-Q1,333921,,,F,1,A,6,EUR
OECD.SDD.NAD:DSD_NAMAIN1@DF_QNA(1.1),Q,Y,ITA,S1,S1,B1GQ,_Z,_Z,_Z,XDC,V,N,T0102,2003-Q1,345693.7,,,F,1,A,6,EUR
OECD.SDD.NAD:DSD_NAMAIN1@DF_QNA(1.1),Q,Y,ITA,S1,S1,B1GQ,_Z,_Z,_Z,XDC,V,N,T0102,2003-Q2,348074.7,,,F,1,A,6,EUR
OECD.SDD.NAD:DSD_NAMAIN1@DF_QNA(1.1),Q,Y,ITA,S1,S1,B1GQ,_Z,_Z,_Z,XDC,V,N,T0102,2005-Q2,372465.4,,,F,1,A,6,EUR
OECD.SDD.NAD:DSD_NAMAIN1@DF_QNA(1.1),Q,Y,ITA,S1,S1,B1GQ,_Z,_Z,_Z,XDC,V,N,T0102,2005-Q3,376627.1,,,F,1,A,6,EUR
OECD.SDD.NAD:DSD_NAMAIN1@DF_QNA(1.1),Q,Y,ITA,S1,S1,B1GQ,_Z,_Z,_Z,XDC,V,N,T0102,2008-Q3,410922,,,F,1,A,6,EUR
OECD.SDD.NAD:DSD_NAMAIN1@DF_QNA(1.1),Q,Y,ITA,S1,S1,B1GQ,_Z,_Z,_Z,XDC,V,N,T0102,2009-Q2,394287.6,,,F,1,A,6,EUR
OECD.SDD.NAD:DSD_NAMAIN1@DF_QNA(1.1),Q,Y,ITA,S1,S1,B1GQ,_Z,_Z,_Z,XDC,V,N,T0102,1997-Q1,267471,,,F,1,A,6,EUR
OECD.SDD.NAD:DSD_NAMAIN1@DF_QNA(1.1),Q,Y,ITA,S1,S1,B1GQ,_Z,_Z,_Z,XDC,V,N,T0102,1997-Q2,272005.1,,,F,1,A,6,EUR
OECD.SDD.NAD:DSD_NAMAIN1@DF_QNA(1.1),Q,Y,ITA,S1,S1,B1GQ,_Z,_Z,_Z,XDC,V,N,T0102,2007-Q1,400019.8,,,F,1,A,6,EUR
OECD.SDD.NAD:DSD_NAMAIN1@DF_QNA(1.1),Q,Y,ITA,S1,S1,B1GQ,_Z,_Z,_Z,XDC,V,N,T0102,1996-Q3,262817.9,,,F,1,A,6,EUR
OECD.SDD.NAD:DSD_NAMAIN1@DF_QNA(1.1),Q,Y,ITA,S1,S1,B1GQ,_Z,_Z,_Z,XDC,V,N,T0102,1996-Q4,264022.6,,,F,1,A,6,EUR
OECD.SDD.NAD:DSD_NAMAIN1@DF_QNA(1.1),Q,Y,ITA,S1,S1,B1GQ,_Z,_Z,_Z,XDC,V,N,T0102,1997-Q3,275493.4,,,F,1,A,6,EUR
OECD.SDD.NAD:DSD_NAMAIN1@DF_QNA(1.1),Q,Y,ITA,S1,S1,P7,_Z,_Z,_Z,XDC,V,N,T0102,2009-Q3,89853.1,,,F,1,A,6,EUR
OECD.SDD.NAD:DSD_NAMAIN1@DF_QNA(1.1),Q,Y,ITA,S1,S1,P7,_Z,_Z,_Z,XDC,V,N,T0102,2021-Q4,152466,,,F,1,A,6,EUR
OECD.SDD.NAD:DSD_NAMAIN1@DF_QNA(1.1),Q,Y,ITA,S1,S1,P7,_Z,_Z,_Z,XDC,V,N,T0102,2021-Q3,136724.6,,,F,1,A,6,EUR
OECD.SDD.NAD:DSD_NAMAIN1@DF_QNA(1.1),Q,Y,ITA,S1,S1,P7,_Z,_Z,_Z,XDC,V,N,T0102,2021-Q2,126293.3,,,F,1,A,6,EUR
OECD.SDD.NAD:DSD_NAMAIN1@DF_QNA(1.1),Q,Y,ITA,S1,S1,P7,_Z,_Z,_Z,XDC,V,N,T0102,2021-Q1,118531.7,,,F,1,A,6,EUR
OECD.SDD.NAD:DSD_NAMAIN1@DF_QNA(1.1),Q,Y,ITA,S1,S1,P7,_Z,_Z,_Z,XDC,V,N,T0102,2020-Q4,111967.8,,,F,1,A,6,EUR
OECD.SDD.NAD:DSD_NAMAIN1@DF_QNA(1.1),Q,Y,ITA,S1,S1,P7,_Z,_Z,_Z,XDC,V,N,T0102,2020-Q3,104165.7,,,F,1,A,6,EUR
OECD.SDD.NAD:DSD_NAMAIN1@DF_QNA(1.1),Q,Y,ITA,S1,S1,P7,_Z,_Z,_Z,XDC,V,N,T0102,2020-Q2,87493.1,,,F,1,A,6,EUR
OECD.SDD.NAD:DSD_NAMAIN1@DF_QNA(1.1),Q,Y,ITA,S1,S1,P7,_Z,_Z,_Z,XDC,V,N,T0102,2020-Q1,115064.8,,,F,1,A,6,EUR
OECD.SDD.NAD:DSD_NAMAIN1@DF_QNA(1.1),Q,Y,ITA,S1,S1,P7,_Z,_Z,_Z,XDC,V,N,T0102,2019-Q4,123937.7,,,F,1,A,6,EUR
OECD.SDD.NAD:DSD_NAMAIN1@DF_QNA(1.1),Q,Y,ITA,S1,S1,P7,_Z,_Z,_Z,XDC,V,N,T0102,2016-Q3,109599.8,,,F,1,A,6,EUR
OECD.SDD.NAD:DSD_NAMAIN1@DF_QNA(1.1),Q,Y,ITA,S1,S1,P7,_Z,_Z,_Z,XDC,V,N,T0102,2007-Q2,110751,,,F,1,A,6,EUR
OECD.SDD.NAD:DSD_NAMAIN1@DF_QNA(1.1),Q,Y,ITA,S1,S1,P7,_Z,_Z,_Z,XDC,V,N,T0102,2005-Q4,96597.2,,,F,1,A,6,EUR
OECD.SDD.NAD:DSD_NAMAIN1@DF_QNA(1.1),Q,Y,ITA,S1,S1,P7,_Z,_Z,_Z,XDC,V,N,T0102,2003-Q3,78033.7,,,F,1,A,6,EUR
OECD.SDD.NAD:DSD_NAMAIN1@DF_QNA(1.1),Q,Y,ITA,S1,S1,B1GQ,_Z,_Z,_Z,XDC,V,N,T0102,2024-Q1,546885.1,,,F,1,A,6,EUR
OECD.SDD.NAD:DSD_NAMAIN1@DF_QNA(1.1),Q,Y,ITA,S1,S1,B1GQ,_Z,_Z,_Z,XDC,V,N,T0102,2024-Q2,547313,,,F,1,A,6,EUR
OECD.SDD.NAD:DSD_NAMAIN1@DF_QNA(1.1),Q,Y,ITA,S1,S1,B1GQ,_Z,_Z,_Z,XDC,V,N,T0102,2024-Q3,550196,,,F,1,A,6,EUR
OECD.SDD.NAD:DSD_NAMAIN1@DF_QNA(1.1),Q,Y,ITA,S1,S1,B1GQ,_Z,_Z,_Z,XDC,V,N,T0102,2024-Q4,554710.4,,,F,1,A,6,EUR
OECD.SDD.NAD:DSD_NAMAIN1@DF_QNA(1.1),Q,Y,ITA,S1,S1,B1GQ,_Z,_Z,_Z,XDC,V,N,T0102,2025-Q1,558135.9,,,F,1,A,6,EUR
OECD.SDD.NAD:DSD_NAMAIN1@DF_QNA(1.1),Q,Y,ITA,S1,S1,B1GQ,_Z,_Z,_Z,XDC,V,N,T0102,2025-Q2,562127.1,,,F,1,A,6,EUR
OECD.SDD.NAD:DSD_NAMAIN1@DF_QNA(1.1),Q,Y,ITA,S1,S1,B1GQ,_Z,_Z,_Z,XDC,V,N,T0102,2025-Q3,566052.8,,,F,1,A,6,EUR
OECD.SDD.NAD:DSD_NAMAIN1@DF_QNA(1.1),Q,Y,ITA,S1,S1,B1GQ,_Z,_Z,_Z,XDC,V,N,T0102,2025-Q4,571511.6,,,F,1,A,6,EUR
OECD.SDD.NAD:DSD_NAMAIN1@DF_QNA(1.1),Q,Y,ITA,S1,S1,B1GQ,_Z,_Z,_Z,XDC,V,N,T0102,2026-Q1,573653.5,,,F,1,A,6,EUR
OECD.SDD.NAD:DSD_NAMAIN1@DF_QNA(1.1),Q,Y,ITA,S1,S1,B1GQ,_Z,_Z,_Z,XDC,V,N,T0102,2026-Q2,574778.5,,,F,1,A,6,EUR
OECD.SDD.NAD:DSD_NAMAIN1@DF_QNA(1.1),Q,Y,ITA,S1,S1,B1GQ,_Z,_Z,_Z,XDC,V,N,T0102,2003-Q4,353425.9,,,F,1,A,6,EUR
OECD.SDD.NAD:DSD_NAMAIN1@DF_QNA(1.1),Q,Y,ITA,S1,S1,B1GQ,_Z,_Z,_Z,XDC,V,N,T0102,2004-Q1,357024.9,,,F,1,A,6,EUR
OECD.SDD.NAD:DSD_NAMAIN1@DF_QNA(1.1),Q,Y,ITA,S1,S1,B1GQ,_Z,_Z,_Z,XDC,V,N,T0102,2016-Q2,424706.8,,,F,1,A,6,EUR
OECD.SDD.NAD:DSD_NAMAIN1@DF_QNA(1.1),Q,Y,ITA,S1,S1,B1GQ,_Z,_Z,_Z,XDC,V,N,T0102,2016-Q3,428225.8,,,F,1,A,6,EUR
OECD.SDD.NAD:DSD_NAMAIN1@DF_QNA(1.1),Q,Y,ITA,S1,S1,B1GQ,_Z,_Z,_Z,XDC,V,N,T0102,2023-Q3,538795.4,,,F,1,A,6,EUR
OECD.SDD.NAD:DSD_NAMAIN1@DF_QNA(1.1),Q,Y,ITA,S1,S1,B1GQ,_Z,_Z,_Z,XDC,V,N,T0102,1998-Q2,284899.2,,,F,1,A,6,EUR
OECD.SDD.NAD:DSD_NAMAIN1@DF_QNA(1.1),Q,Y,ITA,S1,S1,B1GQ,_Z,_Z,_Z,XDC,V,N,T0102,1999-Q3,294324,,,F,1,A,6,EUR
OECD.SDD.NAD:DSD_NAMAIN1@DF_QNA(1.1),Q,Y,ITA,S1,S1,B1GQ,_Z,_Z,_Z,XDC,V,N,T0102,2000-Q2,308532.6,,,F,1,A,6,EUR
OECD.SDD.NAD:DSD_NAMAIN1@DF_QNA(1.1),Q,Y,ITA,S1,S1,B1GQ,_Z,_Z,_Z,XDC,V,N,T0102,2007-Q3,407691,,,F,1,A,6,EUR
OECD.SDD.NAD:DSD_NAMAIN1@DF_QNA(1.1),Q,Y,ITA,S1,S1,B1GQ,_Z,_Z,_Z,XDC,V,N,T0102,2008-Q4,402468.4,,,F,1,A,6,EUR
OECD.SDD.NAD:DSD_NAMAIN1@DF_QNA(1.1),Q,Y,ITA,S1,S1,B1GQ,_Z,_Z,_Z,XDC,V,N,T0102,2009-Q1,395565.1,,,F,1,A,6,EUR
OECD.SDD.NAD:DSD_NAMAIN1@DF_QNA(1.1),Q,Y,ITA,S1,S1,B1GQ,_Z,_Z,_Z,XDC,V,N,T0102,2010-Q1,399391.2,,,F,1,A,6,EUR
OECD.SDD.NAD:DSD_NAMAIN1@DF_QNA(1.1),Q,Y,ITA,S1,S1,B1GQ,_Z,_Z,_Z,XDC,V,N,T0102,2010-Q2,403562,,,F,1,A,6,EUR
OECD.SDD.NAD:DSD_NAMAIN1@DF_QNA(1.1),Q,Y,ITA,S1,S1,B1GQ,_Z,_Z,_Z,XDC,V,N,T0102,2022-Q1,485546.6,,,F,1,A,6,EUR
OECD.SDD.NAD:DSD_NAMAIN1@DF_QNA(1.1),Q,Y,ITA,S1,S1,B1GQ,_Z,_Z,_Z,XDC,V,N,T0102,2022-Q2,499059.2,,,F,1,A,6,EUR
OECD.SDD.NAD:DSD_NAMAIN1@DF_QNA(1.1),Q,Y,ITA,S1,S1,B1GQ,_Z,_Z,_Z,XDC,V,N,T0102,2022-Q3,502165.3,,,F,1,A,6,EUR
OECD.SDD.NAD:DSD_NAMAIN1@DF_QNA(1.1),Q,Y,ITA,S1,S1,B1GQ,_Z,_Z,_Z,XDC,V,N,T0102,2019-Q3,451757,,,F,1,A,6,EUR
OECD.SDD.NAD:DSD_NAMAIN1@DF_QNA(1.1),Q,Y,ITA,S1,S1,B1GQ,_Z,_Z,_Z,XDC,V,N,T0102,2006-Q4,398336.9,,,F,1,A,6,EUR
OECD.SDD.NAD:DSD_NAMAIN1@DF_QNA(1.1),Q,Y,ITA,S1,S1,B1GQ,_Z,_Z,_Z,XDC,V,N,T0102,2008-Q1,414295.2,,,F,1,A,6,EUR
OECD.SDD.NAD:DSD_NAMAIN1@DF_QNA(1.1),Q,Y,ITA,S1,S1,B1GQ,_Z,_Z,_Z,XDC,V,N,T0102,1995-Q3,249686.2,,,F,1,A,6,EUR
OECD.SDD.NAD:DSD_NAMAIN1@DF_QNA(1.1),Q,Y,ITA,S1,S1,B1GQ,_Z,_Z,_Z,XDC,V,N,T0102,1995-Q4,255453.2,,,F,1,A,6,EUR
OECD.SDD.NAD:DSD_NAMAIN1@DF_QNA(1.1),Q,Y,ITA,S1,S1,B1GQ,_Z,_Z,_Z,XDC,V,N,T0102,2011-Q1,415962,,,F,1,A,6,EUR
OECD.SDD.NAD:DSD_NAMAIN1@DF_QNA(1.1),Q,Y,ITA,S1,S1,B1GQ,_Z,_Z,_Z,XDC,V,N,T0102,1995-Q1,241050.6,,,F,1,A,6,EUR
OECD.SDD.NAD:DSD_NAMAIN1@DF_QNA(1.1),Q,Y,ITA,S1,S1,B1GQ,_Z,_Z,_Z,XDC,V,N,T0102,1995-Q2,245179.4,,,F,1,A,6,EUR
OECD.SDD.NAD:DSD_NAMAIN1@DF_QNA(1.1),Q,Y,ITA,S1,S1,B1GQ,_Z,_Z,_Z,XDC,V,N,T0102,2012-Q1,411627.2,,,F,1,A,6,EUR
OECD.SDD.NAD:DSD_NAMAIN1@DF_QNA(1.1),Q,Y,ITA,S1,S1,B1GQ,_Z,_Z,_Z,XDC,V,N,T0102,2014-Q4,410789.7,,,F,1,A,6,EUR
OECD.SDD.NAD:DSD_NAMAIN1@DF_QNA(1.1),Q,Y,ITA,S1,S1,B1GQ,_Z,_Z,_Z,XDC,V,N,T0102,2015-Q1,412736,,,F,1,A,6,EUR
OECD.SDD.NAD:DSD_NAMAIN1@DF_QNA(1.1),Q,Y,ITA,S1,S1,B1GQ,_Z,_Z,_Z,XDC,V,N,T0102,2020-Q4,433721.8,,,F,1,A,6,EUR
OECD.SDD.NAD:DSD_NAMAIN1@DF_QNA(1.1),Q,Y,ITA,S1,S1,B1GQ,_Z,_Z,_Z,XDC,V,N,T0102,2021-Q1,440177.8,,,F,1,A,6,EUR
OECD.SDD.NAD:DSD_NAMAIN1@DF_QNA(1.1),Q,Y,ITA,S1,S1,B1GQ,_Z,_Z,_Z,XDC,V,N,T0102,2021-Q2,454084.2,,,F,1,A,6,EUR
OECD.SDD.NAD:DSD_NAMAIN1@DF_QNA(1.1),Q,Y,ITA,S1,S1,P6,_Z,_Z,_Z,XDC,V,N,T0102,2013-Q1,114524.9,,,F,1,A,6,EUR
OECD.SDD.NAD:DSD_NAMAIN1@DF_QNA(1.1),Q,Y,ITA,S1,S1,P6,_Z,_Z,_Z,XDC,V,N,T0102,1997-Q2,65658.4,,,F,1,A,6,EUR
OECD.SDD.NAD:DSD_NAMAIN1@DF_QNA(1.1),Q,Y,ITA,S1,S1,P6,_Z,_Z,_Z,XDC,V,N,T0102,1997-Q3,67057.8,,,F,1,A,6,EUR
OECD.SDD.NAD:DSD_NAMAIN1@DF_QNA(1.1),Q,Y,ITA,S1,S1,P6,_Z,_Z,_Z,XDC,V,N,T0102,1997-Q4,67890.5,,,F,1,A,6,EUR
OECD.SDD.NAD:DSD_NAMAIN1@DF_QNA(1.1),Q,Y,ITA,S1,S1,P6,_Z,_Z,_Z,XDC,V,N,T0102,1998-Q1,70238.4,,,F,1,A,6,EUR
OECD.SDD.NAD:DSD_NAMAIN1@DF_QNA(1.1),Q,Y,ITA,S1,S1,P6,_Z,_Z,_Z,XDC,V,N,T0102,2001-Q4,82547.5,,,F,1,A,6,EUR
OECD.SDD.NAD:DSD_NAMAIN1@DF_QNA(1.1),Q,Y,ITA,S1,S1,P6,_Z,_Z,_Z,XDC,V,N,T0102,2012-Q3,116071,,,F,1,A,6,EUR
OECD.SDD.NAD:DSD_NAMAIN1@DF_QNA(1.1),Q,Y,ITA,S1,S1,P6,_Z,_Z,_Z,XDC,V,N,T0102,2012-Q4,114014.3,,,F,1,A,6,EUR
OECD.SDD.NAD:DSD_NAMAIN1@DF_QNA(1.1),Q,Y,ITA,S1,S1,P6,_Z,_Z,_Z,XDC,V,N,T0102,2013-Q4,114310.4,,,F,1,A,6,EUR
OECD.SDD.NAD:DSD_NAMAIN1@DF_QNA(1.1),Q,Y,ITA,S1,S1,P6,_Z,_Z,_Z,XDC,V,N,T0102,2015-Q2,122350.3,,,F,1,A,6,EUR
OECD.SDD.NAD:DSD_NAMAIN1@DF_QNA(1.1),Q,Y,ITA,S1,S1,P6,_Z,_Z,_Z,XDC,V,N,T0102,1998-Q3,67658.7,,,F,1,A,6,EUR
OECD.SDD.NAD:DSD_NAMAIN1@DF_QNA(1.1),Q,Y,ITA,S1,S1,P6,_Z,_Z,_Z,XDC,V,N,T0102,1998-Q4,65997.9,,,F,1,A,6,EUR
OECD.SDD.NAD:DSD_NAMAIN1@DF_QNA(1.1),Q,Y,ITA,S1,S1,P6,_Z,_Z,_Z,XDC,V,N,T0102,1999-Q1,65619,,,F,1,A,6,EUR
OECD.SDD.NAD:DSD_NAMAIN1@DF_QNA(1.1),Q,Y,ITA,S1,S1,P6,_Z,_Z,_Z,XDC,V,N,T0102,2004-Q3,88277.2,,,F,1,A,6,EUR
OECD.SDD.NAD:DSD_NAMAIN1@DF_QNA(1.1),Q,Y,ITA,S1,S1,P6,_Z,_Z,_Z,XDC,V,N,T0102,2000-Q3,81463.2,,,F,1,A,6,EUR
OECD.SDD.NAD:DSD_NAMAIN1@DF_QNA(1.1),Q,Y,ITA,S1,S1,P6,_Z,_Z,_Z,XDC,V,N,T0102,2000-Q4,84023.1,,,F,1,A,6,EUR
OECD.SDD.NAD:DSD_NAMAIN1@DF_QNA(1.1),Q,Y,ITA,S1,S1,P6,_Z,_Z,_Z,XDC,V,N,T0102,2001-Q1,83647.8,,,F,1,A,6,EUR
OECD.SDD.NAD:DSD_NAMAIN1@DF_QNA(1.1),Q,Y,ITA,S1,S1,P6,_Z,_Z,_Z,XDC,V,N,T0102,2001-Q2,85306,,,F,1,A,6,EUR
OECD.SDD.NAD:DSD_NAMAIN1@DF_QNA(1.1),Q,Y,ITA,S1,S1,P6,_Z,_Z,_Z,XDC,V,N,T0102,2004-Q2,86920.4,,,F,1,A,6,EUR
OECD.SDD.NAD:DSD_NAMAIN1@DF_QNA(1.1),Q,Y,ITA,S1,S1,P6,_Z,_Z,_Z,XDC,V,N,T0102,2006-Q2,101081.8,,,F,1,A,6,EUR
OECD.SDD.NAD:DSD_NAMAIN1@DF_QNA(1.1),Q,Y,ITA,S1,S1,P6,_Z,_Z,_Z,XDC,V,N,T0102,2007-Q4,111743.7,,,F,1,A,6,EUR
OECD.SDD.NAD:DSD_NAMAIN1@DF_QNA(1.1),Q,Y,ITA,S1,S1,P6,_Z,_Z,_Z,XDC,V,N,T0102,1999-Q2,66090.4,,,F,1,A,6,EUR
OECD.SDD.NAD:DSD_NAMAIN1@DF_QNA(1.1),Q,Y,ITA,S1,S1,P6,_Z,_Z,_Z,XDC,V,N,T0102,1999-Q4,71601.6,,,F,1,A,6,EUR
OECD.SDD.NAD:DSD_NAMAIN1@DF_QNA(1.1),Q,Y,ITA,S1,S1,P6,_Z,_Z,_Z,XDC,V,N,T0102,2000-Q1,76305.5,,,F,1,A,6,EUR
OECD.SDD.NAD:DSD_NAMAIN1@DF_QNA(1.1),Q,Y,ITA,S1,S1,P6,_Z,_Z,_Z,XDC,V,N,T0102,2005-Q1,88897.1,,,F,1,A,6,EUR
OECD.SDD.NAD:DSD_NAMAIN1@DF_QNA(1.1),Q,Y,ITA,S1,S1,P6,_Z,_Z,_Z,XDC,V,N,T0102,2017-Q1,130266.8,,,F,1,A,6,EUR
OECD.SDD.NAD:DSD_NAMAIN1@DF_QNA(1.1),Q,Y,ITA,S1,S1,P6,_Z,_Z,_Z,XDC,V,N,T0102,2017-Q2,130561.4,,,F,1,A,6,EUR
OECD.SDD.NAD:DSD_NAMAIN1@DF_QNA(1.1),Q,Y,ITA,S1,S1,P7,_Z,_Z,_Z,XDC,V,N,T0102,2018-Q4,130152.2,,,F,1,A,6,EUR
OECD.SDD.NAD:DSD_NAMAIN1@DF_QNA(1.1),Q,Y,ITA,S1,S1,P7,_Z,_Z,_Z,XDC,V,N,T0102,2018-Q3,127170.8,,,F,1,A,6,EUR
OECD.SDD.NAD:DSD_NAMAIN1@DF_QNA(1.1),Q,Y,ITA,S1,S1,P7,_Z,_Z,_Z,XDC,V,N,T0102,2017-Q3,119690,,,F,1,A,6,EUR
OECD.SDD.NAD:DSD_NAMAIN1@DF_QNA(1.1),Q,Y,ITA,S1,S1,P7,_Z,_Z,_Z,XDC,V,N,T0102,2016-Q1,106265.6,,,F,1,A,6,EUR
OECD.SDD.NAD:DSD_NAMAIN1@DF_QNA(1.1),Q,Y,ITA,S1,S1,P7,_Z,_Z,_Z,XDC,V,N,T0102,2012-Q4,106522.8,,,F,1,A,6,EUR
OECD.SDD.NAD:DSD_NAMAIN1@DF_QNA(1.1),Q,Y,ITA,S1,S1,P7,_Z,_Z,_Z,XDC,V,N,T0102,2012-Q3,110820.5,,,F,1,A,6,EUR
OECD.SDD.NAD:DSD_NAMAIN1@DF_QNA(1.1),Q,Y,ITA,S1,S1,P7,_Z,_Z,_Z,XDC,V,N,T0102,2017-Q2,119764,,,F,1,A,6,EUR
OECD.SDD.NAD:DSD_NAMAIN1@DF_QNA(1.1),Q,Y,ITA,S1,S1,P7,_Z,_Z,_Z,XDC,V,N,T0102,2017-Q1,117368.5,,,F,1,A,6,EUR
OECD.SDD.NAD:DSD_NAMAIN1@DF_QNA(1.1),Q,Y,ITA,S1,S1,P7,_Z,_Z,_Z,XDC,V,N,T0102,2015-Q2,111328.1,,,F,1,A,6,EUR
OECD.SDD.NAD:DSD_NAMAIN1@DF_QNA(1.1),Q,Y,ITA,S1,S1,P7,_Z,_Z,_Z,XDC,V,N,T0102,2013-Q4,104399.1,,,F,1,A,6,EUR
OECD.SDD.NAD:DSD_NAMAIN1@DF_QNA(1.1),Q,Y,ITA,S1,S1,P7,_Z,_Z,_Z,XDC,V,N,T0102,1999-Q4,67335.7,,,F,1,A,6,EUR
OECD.SDD.NAD:DSD_NAMAIN1@DF_QNA(1.1),Q,Y,ITA,S1,S1,P7,_Z,_Z,_Z,XDC,V,N,T0102,1999-Q1,59395.1,,,F,1,A,6,EUR
OECD.SDD.NAD:DSD_NAMAIN1@DF_QNA(1.1),Q,Y,ITA,S1,S1,P7,_Z,_Z,_Z,XDC,V,N,T0102,1998-Q4,59142.3,,,F,1,A,6,EUR
OECD.SDD.NAD:DSD_NAMAIN1@DF_QNA(1.1),Q,Y,ITA,S1,S1,P7,_Z,_Z,_Z,XDC,V,N,T0102,1998-Q3,58830.6,,,F,1,A,6,EUR
OECD.SDD.NAD:DSD_NAMAIN1@DF_QNA(1.1),Q,Y,ITA,S1,S1,P7,_Z,_Z,_Z,XDC,V,N,T0102,2011-Q3,116120.3,,,F,1,A,6,EUR
OECD.SDD.NAD:DSD_NAMAIN1@DF_QNA(1.1),Q,Y,ITA,S1,S1,P7,_Z,_Z,_Z,XDC,V,N,T0102,2007-Q4,113364.6,,,F,1,A,6,EUR
OECD.SDD.NAD:DSD_NAMAIN1@DF_QNA(1.1),Q,Y,ITA,S1,S1,P7,_Z,_Z,_Z,XDC,V,N,T0102,2006-Q2,103787,,,F,1,A,6,EUR
OECD.SDD.NAD:DSD_NAMAIN1@DF_QNA(1.1),Q,Y,ITA,S1,S1,P6,_Z,_Z,_Z,XDC,V,N,T0102,2010-Q4,105184.3,,,F,1,A,6,EUR
OECD.SDD.NAD:DSD_NAMAIN1@DF_QNA(1.1),Q,Y,ITA,S1,S1,P6,_Z,_Z,_Z,XDC,V,N,T0102,1995-Q1,59366.8,,,F,1,A,6,EUR
OECD.SDD.NAD:DSD_NAMAIN1@DF_QNA(1.1),Q,Y,ITA,S1,S1,P6,_Z,_Z,_Z,XDC,V,N,T0102,1995-Q2,62186.8,,,F,1,A,6,EUR
OECD.SDD.NAD:DSD_NAMAIN1@DF_QNA(1.1),Q,Y,ITA,S1,S1,P6,_Z,_Z,_Z,XDC,V,N,T0102,1995-Q3,61061.1,,,F,1,A,6,EUR
OECD.SDD.NAD:DSD_NAMAIN1@DF_QNA(1.1),Q,Y,ITA,S1,S1,P6,_Z,_Z,_Z,XDC,V,N,T0102,2006-Q3,101664.6,,,F,1,A,6,EUR
OECD.SDD.NAD:DSD_NAMAIN1@DF_QNA(1.1),Q,Y,ITA,S1,S1,P6,_Z,_Z,_Z,XDC,V,N,T0102,2006-Q4,107608.7,,,F,1,A,6,EUR
OECD.SDD.NAD:DSD_NAMAIN1@DF_QNA(1.1),Q,Y,ITA,S1,S1,P6,_Z,_Z,_Z,XDC,V,N,T0102,2013-Q3,115477.4,,,F,1,A,6,EUR
OECD.SDD.NAD:DSD_NAMAIN1@DF_QNA(1.1),Q,Y,ITA,S1,S1,P6,_Z,_Z,_Z,XDC,V,N,T0102,2014-Q3,117390.6,,,F,1,A,6,EUR
OECD.SDD.NAD:DSD_NAMAIN1@DF_QNA(1.1),Q,Y,ITA,S1,S1,P6,_Z,_Z,_Z,XDC,V,N,T0102,2016-Q1,119762,,,F,1,A,6,EUR
OECD.SDD.NAD:DSD_NAMAIN1@DF_QNA(1.1),Q,Y,ITA,S1,S1,P6,_Z,_Z,_Z,XDC,V,N,T0102,2017-Q3,132308,,,F,1,A,6,EUR
OECD.SDD.NAD:DSD_NAMAIN1@DF_QNA(1.1),Q,Y,ITA,S1,S1,P6,_Z,_Z,_Z,XDC,V,N,T0102,1999-Q3,67732.1,,,F,1,A,6,EUR
OECD.SDD.NAD:DSD_NAMAIN1@DF_QNA(1.1),Q,Y,ITA,S1,S1,P6,_Z,_Z,_Z,XDC,V,N,T0102,2000-Q2,77457.5,,,F,1,A,6,EUR
OECD.SDD.NAD:DSD_NAMAIN1@DF_QNA(1.1),Q,Y,ITA,S1,S1,P6,_Z,_Z,_Z,XDC,V,N,T0102,2001-Q3,82897.2,,,F,1,A,6,EUR
OECD.SDD.NAD:DSD_NAMAIN1@DF_QNA(1.1),Q,Y,ITA,S1,S1,P6,_Z,_Z,_Z,XDC,V,N,T0102,2002-Q3,82300.7,,,F,1,A,6,EUR
OECD.SDD.NAD:DSD_NAMAIN1@DF_QNA(1.1),Q,Y,DEU,S1,S1,P7,_Z,_Z,_Z,XDC,V,N,T0102,2023-Q2,421413,,,F,1,P,6,EUR
OECD.SDD.NAD:DSD_NAMAIN1@DF_QNA(1.1),Q,Y,DEU,S1,S1,P6,_Z,_Z,_Z,XDC,V,N,T0102,2023-Q2,453322,,,F,1,P,6,EUR
OECD.SDD.NAD:DSD_NAMAIN1@DF_QNA(1.1),Q,Y,DEU,S1,S1,B1GQ,_Z,_Z,_Z,XDC,V,N,T0102,2024-Q2,1092383,,,F,1,P,6,EUR
OECD.SDD.NAD:DSD_NAMAIN1@DF_QNA(1.1),Q,Y,DEU,S1,S1,B1GQ,_Z,_Z,_Z,XDC,V,N,T0102,2024-Q4,1110167,,,F,1,P,6,EUR
OECD.SDD.NAD:DSD_NAMAIN1@DF_QNA(1.1),Q,Y,DEU,S1,S1,B1GQ,_Z,_Z,_Z,XDC,V,N,T0102,2023-Q1,1047148,,,F,1,P,6,EUR
OECD.SDD.NAD:DSD_NAMAIN1@DF_QNA(1.1),Q,Y,DEU,S1,S1,B1GQ,_Z,_Z,_Z,XDC,V,N,T0102,2023-Q2,1058111,,,F,1,P,6,EUR
OECD.SDD.NAD:DSD_NAMAIN1@DF_QNA(1.1),Q,Y,DEU,S1,S1,B1GQ,_Z,_Z,_Z,XDC,V,N,T0102,2023-Q3,1069963,,,F,1,P,6,EUR
OECD.SDD.NAD:DSD_NAMAIN1@DF_QNA(1.1),Q,Y,DEU,S1,S1,B1GQ,_Z,_Z,_Z,XDC,V,N,T0102,2023-Q4,1080795,,,F,1,P,6,EUR
OECD.SDD.NAD:DSD_NAMAIN1@DF_QNA(1.1),Q,Y,DEU,S1,S1,P6,_Z,_Z,_Z,XDC,V,N,T0102,2024-Q1,453305,,,F,1,P,6,EUR
OECD.SDD.NAD:DSD_NAMAIN1@DF_QNA(1.1),Q,Y,DEU,S1,S1,B1GQ,_Z,_Z,_Z,XDC,V,N,T0102,2026-Q1,1159664,,,F,1,P,6,EUR
OECD.SDD.NAD:DSD_NAMAIN1@DF_QNA(1.1),Q,Y,DEU,S1,S1,B1GQ,_Z,_Z,_Z,XDC,V,N,T0102,2024-Q1,1087616,,,F,1,P,6,EUR
OECD.SDD.NAD:DSD_NAMAIN1@DF_QNA(1.1),Q,Y,DEU,S1,S1,B1GQ,_Z,_Z,_Z,XDC,V,N,T0102,2024-Q3,1099243,,,F,1,P,6,EUR
OECD.SDD.NAD:DSD_NAMAIN1@DF_QNA(1.1),Q,Y,DEU,S1,S1,B1GQ,_Z,_Z,_Z,XDC,V,N,T0102,2025-Q2,1129281,,,F,1,P,6,EUR
OECD.SDD.NAD:DSD_NAMAIN1@DF_QNA(1.1),Q,Y,DEU,S1,S1,B1GQ,_Z,_Z,_Z,XDC,V,N,T0102,2026-Q2,1171696,,,F,1,P,6,EUR
OECD.SDD.NAD:DSD_NAMAIN1@DF_QNA(1.1),Q,Y,DEU,S1,S1,B1GQ,_Z,_Z,_Z,XDC,V,N,T0102,2025-Q1,1121547,,,F,1,P,6,EUR
OECD.SDD.NAD:DSD_NAMAIN1@DF_QNA(1.1),Q,Y,DEU,S1,S1,B1GQ,_Z,_Z,_Z,XDC,V,N,T0102,2025-Q3,1137192,,,F,1,P,6,EUR
OECD.SDD.NAD:DSD_NAMAIN1@DF_QNA(1.1),Q,Y,DEU,S1,S1,B1GQ,_Z,_Z,_Z,XDC,V,N,T0102,2025-Q4,1149224,,,F,1,P,6,EUR
OECD.SDD.NAD:DSD_NAMAIN1@DF_QNA(1.1),Q,Y,DEU,S1,S1,P7,_Z,_Z,_Z,XDC,V,N,T0102,2024-Q4,420918,,,F,1,P,6,EUR
OECD.SDD.NAD:DSD_NAMAIN1@DF_QNA(1.1),Q,Y,DEU,S1,S1,P7,_Z,_Z,_Z,XDC,V,N,T0102,2024-Q1,405308,,,F,1,P,6,EUR
OECD.SDD.NAD:DSD_NAMAIN1@DF_QNA(1.1),Q,Y,DEU,S1,S1,P7,_Z,_Z,_Z,XDC,V,N,T0102,2024-Q2,414167,,,F,1,P,6,EUR
OECD.SDD.NAD:DSD_NAMAIN1@DF_QNA(1.1),Q,Y,DEU,S1,S1,P6,_Z,_Z,_Z,XDC,V,N,T0102,2024-Q2,457165,,,F,1,P,6,EUR
OECD.SDD.NAD:DSD_NAMAIN1@DF_QNA(1.1),Q,Y,DEU,S1,S1,P6,_Z,_Z,_Z,XDC,V,N,T0102,2025-Q4,453101,,,F,1,P,6,EUR
OECD.SDD.NAD:DSD_NAMAIN1@DF_QNA(1.1),Q,Y,DEU,S1,S1,P6,_Z,_Z,_Z,XDC,V,N,T0102,2026-Q1,471018,,,F,1,P,6,EUR
OECD.SDD.NAD:DSD_NAMAIN1@DF_QNA(1.1),Q,Y,DEU,S1,S1,P6,_Z,_Z,_Z,XDC,V,N,T0102,2024-Q3,452520,,,F,1,P,6,EUR
OECD.SDD.NAD:DSD_NAMAIN1@DF_QNA(1.1),Q,Y,DEU,S1,S1,P6,_Z,_Z,_Z,XDC,V,N,T0102,2025-Q2,454736,,,F,1,P,6,EUR
OECD.SDD.NAD:DSD_NAMAIN1@DF_QNA(1.1),Q,Y,DEU,S1,S1,P6,_Z,_Z,_Z,XDC,V,N,T0102,2026-Q2,488212,,,F,1,P,6,EUR
OECD.SDD.NAD:DSD_NAMAIN1@DF_QNA(1.1),Q,Y,DEU,S1,S1,P6,_Z,_Z,_Z,XDC,V,N,T0102,2025-Q1,463217,,,F,1,P,6,EUR
OECD.SDD.NAD:DSD_NAMAIN1@DF_QNA(1.1),Q,Y,DEU,S1,S1,P6,_Z,_Z,_Z,XDC,V,N,T0102,2025-Q3,450916,,,F,1,P,6,EUR
OECD.SDD.NAD:DSD_NAMAIN1@DF_QNA(1.1),Q,Y,DEU,S1,S1,P6,_Z,_Z,_Z,XDC,V,N,T0102,2024-Q4,452743,,,F,1,P,6,EUR
OECD.SDD.NAD:DSD_NAMAIN1@DF_QNA(1.1),Q,Y,DEU,S1,S1,P6,_Z,_Z,_Z,XDC,V,N,T0102,2023-Q1,462032,,,F,1,P,6,EUR
OECD.SDD.NAD:DSD_NAMAIN1@DF_QNA(1.1),Q,Y,DEU,S1,S1,P6,_Z,_Z,_Z,XDC,V,N,T0102,2023-Q4,458133,,,F,1,P,6,EUR
OECD.SDD.NAD:DSD_NAMAIN1@DF_QNA(1.1),Q,Y,DEU,S1,S1,P6,_Z,_Z,_Z,XDC,V,N,T0102,2023-Q3,453161,,,F,1,P,6,EUR
OECD.SDD.NAD:DSD_NAMAIN1@DF_QNA(1.1),Q,Y,DEU,S1,S1,P7,_Z,_Z,_Z,XDC,V,N,T0102,2023-Q3,412536,,,F,1,P,6,EUR
OECD.SDD.NAD:DSD_NAMAIN1@DF_QNA(1.1),Q,Y,DEU,S1,S1,P7,_Z,_Z,_Z,XDC,V,N,T0102,2023-Q4,409829,,,F,1,P,6,EUR
OECD.SDD.NAD:DSD_NAMAIN1@DF_QNA(1.1),Q,Y,DEU,S1,S1,P7,_Z,_Z,_Z,XDC,V,N,T0102,2023-Q1,427572,,,F,1,P,6,EUR
OECD.SDD.NAD:DSD_NAMAIN1@DF_QNA(1.1),Q,Y,DEU,S1,S1,P7,_Z,_Z,_Z,XDC,V,N,T0102,2025-Q3,426218,,,F,1,P,6,EUR
OECD.SDD.NAD:DSD_NAMAIN1@DF_QNA(1.1),Q,Y,DEU,S1,S1,P7,_Z,_Z,_Z,XDC,V,N,T0102,2025-Q1,432512,,,F,1,P,6,EUR
OECD.SDD.NAD:DSD_NAMAIN1@DF_QNA(1.1),Q,Y,DEU,S1,S1,P7,_Z,_Z,_Z,XDC,V,N,T0102,2026-Q2,462050,,,F,1,P,6,EUR
OECD.SDD.NAD:DSD_NAMAIN1@DF_QNA(1.1),Q,Y,DEU,S1,S1,P7,_Z,_Z,_Z,XDC,V,N,T0102,2025-Q2,429456,,,F,1,P,6,EUR
OECD.SDD.NAD:DSD_NAMAIN1@DF_QNA(1.1),Q,Y,DEU,S1,S1,P7,_Z,_Z,_Z,XDC,V,N,T0102,2024-Q3,417794,,,F,1,P,6,EUR
OECD.SDD.NAD:DSD_NAMAIN1@DF_QNA(1.1),Q,Y,DEU,S1,S1,P7,_Z,_Z,_Z,XDC,V,N,T0102,2026-Q1,440018,,,F,1,P,6,EUR
OECD.SDD.NAD:DSD_NAMAIN1@DF_QNA(1.1),Q,Y,ITA,S1,S1,P6,_Z,_Z,_Z,XDC,V,N,T0102,2010-Q3,102402.7,,,F,1,A,6,EUR
OECD.SDD.NAD:DSD_NAMAIN1@DF_QNA(1.1),Q,Y,DEU,S1,S1,P6,_Z,_Z,_Z,XDC,V,N,T0102,1997-Q4,127627,,,F,1,A,6,EUR
OECD.SDD.NAD:DSD_NAMAIN1@DF_QNA(1.1),Q,Y,FRA,S1,S1,P6,_Z,_Z,_Z,XDC,V,N,T0102,1992-Q1,63827.2,,,F,1,A,6,EUR
OECD.SDD.NAD:DSD_NAMAIN1@DF_QNA(1.1),Q,Y,AUT,S1,S1,P6,_Z,_Z,_Z,XDC,V,N,T0102,2018-Q3,53783.6,,,F,1,A,6,EUR
OECD.SDD.NAD:DSD_NAMAIN1@DF_QNA(1.1),Q,Y,ITA,S1,S1,P6,_Z,_Z,_Z,XDC,V,N,T0102,2012-Q1,112902.2,,,F,1,A,6,EUR
OECD.SDD.NAD:DSD_NAMAIN1@DF_QNA(1.1),Q,Y,ITA,S1,S1,P6,_Z,_Z,_Z,XDC,V,N,T0102,2014-Q4,119017.5,,,F,1,A,6,EUR
OECD.SDD.NAD:DSD_NAMAIN1@DF_QNA(1.1),Q,Y,ITA,S1,S1,P6,_Z,_Z,_Z,XDC,V,N,T0102,2015-Q1,120373.4,,,F,1,A,6,EUR
OECD.SDD.NAD:DSD_NAMAIN1@DF_QNA(1.1),Q,Y,ITA,S1,S1,P6,_Z,_Z,_Z,XDC,V,N,T0102,2016-Q2,121660.4,,,F,1,A,6,EUR
OECD.SDD.NAD:DSD_NAMAIN1@DF_QNA(1.1),Q,Y,ITA,S1,S1,P6,_Z,_Z,_Z,XDC,V,N,T0102,2016-Q3,123082.1,,,F,1,A,6,EUR
OECD.SDD.NAD:DSD_NAMAIN1@DF_QNA(1.1),Q,Y,ITA,S1,S1,P6,_Z,_Z,_Z,XDC,V,N,T0102,2017-Q4,135237.7,,,F,1,A,6,EUR
OECD.SDD.NAD:DSD_NAMAIN1@DF_QNA(1.1),Q,Y,ITA,S1,S1,P6,_Z,_Z,_Z,XDC,V,N,T0102,2018-Q1,134487.9,,,F,1,A,6,EUR
OECD.SDD.NAD:DSD_NAMAIN1@DF_QNA(1.1),Q,Y,ITA,S1,S1,P6,_Z,_Z,_Z,XDC,V,N,T0102,2019-Q1,138707.5,,,F,1,A,6,EUR
OECD.SDD.NAD:DSD_NAMAIN1@DF_QNA(1.1),Q,Y,ITA,S1,S1,P6,_Z,_Z,_Z,XDC,V,N,T0102,2020-Q2,94124.2,,,F,1,A,6,EUR
OECD.SDD.NAD:DSD_NAMAIN1@DF_QNA(1.1),Q,Y,ITA,S1,S1,P6,_Z,_Z,_Z,XDC,V,N,T0102,2020-Q3,123238.7,,,F,1,A,6,EUR
OECD.SDD.NAD:DSD_NAMAIN1@DF_QNA(1.1),Q,Y,ITA,S1,S1,P6,_Z,_Z,_Z,XDC,V,N,T0102,2023-Q4,181962.9,,,F,1,A,6,EUR
OECD.SDD.NAD:DSD_NAMAIN1@DF_QNA(1.1),Q,Y,ITA,S1,S1,P6,_Z,_Z,_Z,XDC,V,N,T0102,2022-Q4,181516.9,,,F,1,A,6,EUR
OECD.SDD.NAD:DSD_NAMAIN1@DF_QNA(1.1),Q,Y,ITA,S1,S1,P6,_Z,_Z,_Z,XDC,V,N,T0102,2023-Q1,178564.4,,,F,1,A,6,EUR
OECD.SDD.NAD:DSD_NAMAIN1@DF_QNA(1.1),Q,Y,ITA,S1,S1,P6,_Z,_Z,_Z,XDC,V,N,T0102,2007-Q2,110109.6,,,F,1,A,6,EUR
OECD.SDD.NAD:DSD_NAMAIN1@DF_QNA(1.1),Q,Y,ITA,S1,S1,P6,_Z,_Z,_Z,XDC,V,N,T0102,2007-Q3,111702.5,,,F,1,A,6,EUR
OECD.SDD.NAD:DSD_NAMAIN1@DF_QNA(1.1),Q,Y,ITA,S1,S1,P6,_Z,_Z,_Z,XDC,V,N,T0102,2008-Q4,101250.1,,,F,1,A,6,EUR
OECD.SDD.NAD:DSD_NAMAIN1@DF_QNA(1.1),Q,Y,ITA,S1,S1,P6,_Z,_Z,_Z,XDC,V,N,T0102,2009-Q1,88546.6,,,F,1,A,6,EUR
OECD.SDD.NAD:DSD_NAMAIN1@DF_QNA(1.1),Q,Y,ITA,S1,S1,P6,_Z,_Z,_Z,XDC,V,N,T0102,2021-Q4,152993.4,,,F,1,A,6,EUR
OECD.SDD.NAD:DSD_NAMAIN1@DF_QNA(1.1),Q,Y,ITA,S1,S1,P6,_Z,_Z,_Z,XDC,V,N,T0102,2008-Q1,114652.2,,,F,1,A,6,EUR
OECD.SDD.NAD:DSD_NAMAIN1@DF_QNA(1.1),Q,Y,ITA,S1,S1,P6,_Z,_Z,_Z,XDC,V,N,T0102,2008-Q2,112707.7,,,F,1,A,6,EUR
OECD.SDD.NAD:DSD_NAMAIN1@DF_QNA(1.1),Q,Y,ITA,S1,S1,P6,_Z,_Z,_Z,XDC,V,N,T0102,2006-Q1,98404.5,,,F,1,A,6,EUR
OECD.SDD.NAD:DSD_NAMAIN1@DF_QNA(1.1),Q,Y,ITA,S1,S1,P6,_Z,_Z,_Z,XDC,V,N,T0102,2009-Q3,88089,,,F,1,A,6,EUR
OECD.SDD.NAD:DSD_NAMAIN1@DF_QNA(1.1),Q,Y,ITA,S1,S1,P6,_Z,_Z,_Z,XDC,V,N,T0102,2009-Q4,90216.4,,,F,1,A,6,EUR
OECD.SDD.NAD:DSD_NAMAIN1@DF_QNA(1.1),Q,Y,ITA,S1,S1,P6,_Z,_Z,_Z,XDC,V,N,T0102,2021-Q3,146046.8,,,F,1,A,6,EUR
OECD.SDD.NAD:DSD_NAMAIN1@DF_QNA(1.1),Q,Y,ITA,S1,S1,P6,_Z,_Z,_Z,XDC,V,N,T0102,1995-Q4,62874.1,,,F,1,A,6,EUR
OECD.SDD.NAD:DSD_NAMAIN1@DF_QNA(1.1),Q,Y,ITA,S1,S1,P6,_Z,_Z,_Z,XDC,V,N,T0102,1996-Q1,62077.4,,,F,1,A,6,EUR
OECD.SDD.NAD:DSD_NAMAIN1@DF_QNA(1.1),Q,Y,ITA,S1,S1,P6,_Z,_Z,_Z,XDC,V,N,T0102,1996-Q2,61654,,,F,1,A,6,EUR
OECD.SDD.NAD:DSD_NAMAIN1@DF_QNA(1.1),Q,Y,ITA,S1,S1,P6,_Z,_Z,_Z,XDC,V,N,T0102,2002-Q2,82110,,,F,1,A,6,EUR
OECD.SDD.NAD:DSD_NAMAIN1@DF_QNA(1.1),Q,Y,ITA,S1,S1,P6,_Z,_Z,_Z,XDC,V,N,T0102,2003-Q4,82556.5,,,F,1,A,6,EUR
OECD.SDD.NAD:DSD_NAMAIN1@DF_QNA(1.1),Q,Y,ITA,S1,S1,P6,_Z,_Z,_Z,XDC,V,N,T0102,2004-Q1,83589.1,,,F,1,A,6,EUR
OECD.SDD.NAD:DSD_NAMAIN1@DF_QNA(1.1),Q,Y,ITA,S1,S1,P6,_Z,_Z,_Z,XDC,V,N,T0102,2011-Q1,108621,,,F,1,A,6,EUR
OECD.SDD.NAD:DSD_NAMAIN1@DF_QNA(1.1),Q,Y,ITA,S1,S1,P6,_Z,_Z,_Z,XDC,V,N,T0102,1998-Q2,69557.8,,,F,1,A,6,EUR
OECD.SDD.NAD:DSD_NAMAIN1@DF_QNA(1.1),Q,Y,ITA,S1,S1,P6,_Z,_Z,_Z,XDC,V,N,T0102,2014-Q2,116113.1,,,F,1,A,6,EUR
OECD.SDD.NAD:DSD_NAMAIN1@DF_QNA(1.1),Q,Y,ITA,S1,S1,P6,_Z,_Z,_Z,XDC,V,N,T0102,2015-Q3,119835.2,,,F,1,A,6,EUR
OECD.SDD.NAD:DSD_NAMAIN1@DF_QNA(1.1),Q,Y,ITA,S1,S1,P6,_Z,_Z,_Z,XDC,V,N,T0102,2015-Q4,121454.6,,,F,1,A,6,EUR
OECD.SDD.NAD:DSD_NAMAIN1@DF_QNA(1.1),Q,Y,ITA,S1,S1,P6,_Z,_Z,_Z,XDC,V,N,T0102,2016-Q4,126230.8,,,F,1,A,6,EUR
OECD.SDD.NAD:DSD_NAMAIN1@DF_QNA(1.1),Q,Y,ITA,S1,S1,B1GQ,_Z,_Z,_Z,XDC,V,N,T0102,1997-Q4,279697.4,,,F,1,A,6,EUR
OECD.SDD.NAD:DSD_NAMAIN1@DF_QNA(1.1),Q,Y,GBR,S1,S1,P6,_Z,_Z,_Z,XDC,V,N,T0102,1983-Q3,21259,,,F,1,A,6,GBP
OECD.SDD.NAD:DSD_NAMAIN1@DF_QNA(1.1),Q,Y,GBR,S1,S1,P7,_Z,_Z,_Z,XDC,V,N,T0102,2025-Q3,240551,,,F,1,A,6,GBP
OECD.SDD.NAD:DSD_NAMAIN1@DF_QNA(1.1),Q,Y,GBR,S1,S1,P6,_Z,_Z,_Z,XDC,V,N,T0102,1988-Q2,28581,,,F,1,A,6,GBP
OECD.SDD.NAD:DSD_NAMAIN1@DF_QNA(1.1),Q,Y,GBR,S1,S1,P7,_Z,_Z,_Z,XDC,V,N,T0102,2012-Q4,133238,,,F,1,A,6,GBP
OECD.SDD.NAD:DSD_NAMAIN1@DF_QNA(1.1),Q,Y,GBR,S1,S1,P7,_Z,_Z,_Z,XDC,V,N,T0102,2025-Q4,246684,,,F,1,A,6,GBP
OECD.SDD.NAD:DSD_NAMAIN1@DF_QNA(1.1),Q,Y,GBR,S1,S1,P7,_Z,_Z,_Z,XDC,V,N,T0102,2024-Q2,235844,,,F,1,A,6,GBP
OECD.SDD.NAD:DSD_NAMAIN1@DF_QNA(1.1),Q,Y,GBR,S1,S1,P7,_Z,_Z,_Z,XDC,V,N,T0102,2024-Q1,221794,,,F,1,A,6,GBP
OECD.SDD.NAD:DSD_NAMAIN1@DF_QNA(1.1),Q,Y,GBR,S1,S1,P7,_Z,_Z,_Z,XDC,V,N,T0102,2024-Q3,225395,,,F,1,A,6,GBP
OECD.SDD.NAD:DSD_NAMAIN1@DF_QNA(1.1),Q,Y,GBR,S1,S1,P7,_Z,_Z,_Z,XDC,V,N,T0102,2000-Q3,75493,,,F,1,A,6,GBP
OECD.SDD.NAD:DSD_NAMAIN1@DF_QNA(1.1),Q,Y,GBR,S1,S1,P7,_Z,_Z,_Z,XDC,V,N,T0102,2017-Q2,169190,,,F,1,A,6,GBP
OECD.SDD.NAD:DSD_NAMAIN1@DF_QNA(1.1),Q,Y,GBR,S1,S1,P7,_Z,_Z,_Z,XDC,V,N,T0102,2024-Q4,234702,,,F,1,A,6,GBP
OECD.SDD.NAD:DSD_NAMAIN1@DF_QNA(1.1),Q,Y,GBR,S1,S1,P7,_Z,_Z,_Z,XDC,V,N,T0102,2026-Q2,259991,,,F,1,A,6,GBP
OECD.SDD.NAD:DSD_NAMAIN1@DF_QNA(1.1),Q,Y,GBR,S1,S1,P7,_Z,_Z,_Z,XDC,V,N,T0102,2011-Q4,135733,,,F,1,A,6,GBP
OECD.SDD.NAD:DSD_NAMAIN1@DF_QNA(1.1),Q,Y,GBR,S1,S1,P7,_Z,_Z,_Z,XDC,V,N,T0102,2000-Q4,77960,,,F,1,A,6,GBP
OECD.SDD.NAD:DSD_NAMAIN1@DF_QNA(1.1),Q,Y,GBR,S1,S1,P7,_Z,_Z,_Z,XDC,V,N,T0102,2013-Q3,141798,,,F,1,A,6,GBP
OECD.SDD.NAD:DSD_NAMAIN1@DF_QNA(1.1),Q,Y,GBR,S1,S1,P7,_Z,_Z,_Z,XDC,V,N,T0102,2006-Q1,113118,,,F,1,A,6,GBP
OECD.SDD.NAD:DSD_NAMAIN1@DF_QNA(1.1),Q,Y,GBR,S1,S1,P7,_Z,_Z,_Z,XDC,V,N,T0102,2005-Q4,100728,,,F,1,A,6,GBP
OECD.SDD.NAD:DSD_NAMAIN1@DF_QNA(1.1),Q,Y,GBR,S1,S1,P7,_Z,_Z,_Z,XDC,V,N,T0102,2009-Q1,108605,,,F,1,A,6,GBP
OECD.SDD.NAD:DSD_NAMAIN1@DF_QNA(1.1),Q,Y,GBR,S1,S1,P7,_Z,_Z,_Z,XDC,V,N,T0102,2008-Q4,112332,,,F,1,A,6,GBP
OECD.SDD.NAD:DSD_NAMAIN1@DF_QNA(1.1),Q,Y,GBR,S1,S1,P7,_Z,_Z,_Z,XDC,V,N,T0102,2007-Q3,107827,,,F,1,A,6,GBP
OECD.SDD.NAD:DSD_NAMAIN1@DF_QNA(1.1),Q,Y,GBR,S1,S1,P7,_Z,_Z,_Z,XDC,V,N,T0102,2007-Q2,103709,,,F,1,A,6,GBP
OECD.SDD.NAD:DSD_NAMAIN1@DF_QNA(1.1),Q,Y,GBR,S1,S1,P7,_Z,_Z,_Z,XDC,V,N,T0102,2016-Q1,145476,,,F,1,A,6,GBP
OECD.SDD.NAD:DSD_NAMAIN1@DF_QNA(1.1),Q,Y,GBR,S1,S1,P7,_Z,_Z,_Z,XDC,V,N,T0102,2014-Q3,140680,,,F,1,A,6,GBP
OECD.SDD.NAD:DSD_NAMAIN1@DF_QNA(1.1),Q,Y,GBR,S1,S1,P7,_Z,_Z,_Z,XDC,V,N,T0102,2011-Q2,134980,,,F,1,A,6,GBP
OECD.SDD.NAD:DSD_NAMAIN1@DF_QNA(1.1),Q,Y,GBR,S1,S1,P7,_Z,_Z,_Z,XDC,V,N,T0102,2010-Q2,121263,,,F,1,A,6,GBP
OECD.SDD.NAD:DSD_NAMAIN1@DF_QNA(1.1),Q,Y,GBR,S1,S1,P7,_Z,_Z,_Z,XDC,V,N,T0102,2010-Q1,115941,,,F,1,A,6,GBP
OECD.SDD.NAD:DSD_NAMAIN1@DF_QNA(1.1),Q,Y,GBR,S1,S1,P7,_Z,_Z,_Z,XDC,V,N,T0102,2018-Q4,185746,,,F,1,A,6,GBP
OECD.SDD.NAD:DSD_NAMAIN1@DF_QNA(1.1),Q,Y,GBR,S1,S1,P7,_Z,_Z,_Z,XDC,V,N,T0102,2025-Q2,240478,,,F,1,A,6,GBP
OECD.SDD.NAD:DSD_NAMAIN1@DF_QNA(1.1),Q,Y,GBR,S1,S1,P7,_Z,_Z,_Z,XDC,V,N,T0102,2025-Q1,241575,,,F,1,A,6,GBP
OECD.SDD.NAD:DSD_NAMAIN1@DF_QNA(1.1),Q,Y,GBR,S1,S1,P7,_Z,_Z,_Z,XDC,V,N,T0102,2026-Q1,254048,,,F,1,A,6,GBP
OECD.SDD.NAD:DSD_NAMAIN1@DF_QNA(1.1),Q,Y,GBR,S1,S1,P7,_Z,_Z,_Z,XDC,V,N,T0102,1957-Q1,1241,,,F,1,A,6,GBP
OECD.SDD.NAD:DSD_NAMAIN1@DF_QNA(1.1),Q,Y,GBR,S1,S1,P7,_Z,_Z,_Z,XDC,V,N,T0102,1956-Q4,1155,,,F,1,A,6,GBP
OECD.SDD.NAD:DSD_NAMAIN1@DF_QNA(1.1),Q,Y,GBR,S1,S1,P7,_Z,_Z,_Z,XDC,V,N,T0102,1956-Q3,1153,,,F,1,A,6,GBP
OECD.SDD.NAD:DSD_NAMAIN1@DF_QNA(1.1),Q,Y,GBR,S1,S1,P7,_Z,_Z,_Z,XDC,V,N,T0102,1956-Q2,1146,,,F,1,A,6,GBP
OECD.SDD.NAD:DSD_NAMAIN1@DF_QNA(1.1),Q,Y,GBR,S1,S1,P7,_Z,_Z,_Z,XDC,V,N,T0102,1956-Q1,1149,,,F,1,A,6,GBP
OECD.SDD.NAD:DSD_NAMAIN1@DF_QNA(1.1),Q,Y,GBR,S1,S1,P7,_Z,_Z,_Z,XDC,V,N,T0102,2013-Q2,142790,,,F,1,A,6,GBP
OECD.SDD.NAD:DSD_NAMAIN1@DF_QNA(1.1),Q,Y,GBR,S1,S1,P7,_Z,_Z,_Z,XDC,V,N,T0102,2013-Q1,137605,,,F,1,A,6,GBP
OECD.SDD.NAD:DSD_NAMAIN1@DF_QNA(1.1),Q,Y,GBR,S1,S1,P7,_Z,_Z,_Z,XDC,V,N,T0102,2005-Q3,97803,,,F,1,A,6,GBP
OECD.SDD.NAD:DSD_NAMAIN1@DF_QNA(1.1),Q,Y,GBR,S1,S1,P7,_Z,_Z,_Z,XDC,V,N,T0102,2005-Q2,94123,,,F,1,A,6,GBP
OECD.SDD.NAD:DSD_NAMAIN1@DF_QNA(1.1),Q,Y,GBR,S1,S1,P7,_Z,_Z,_Z,XDC,V,N,T0102,2003-Q2,81077,,,F,1,A,6,GBP
OECD.SDD.NAD:DSD_NAMAIN1@DF_QNA(1.1),Q,Y,GBR,S1,S1,P7,_Z,_Z,_Z,XDC,V,N,T0102,2003-Q1,82082,,,F,1,A,6,GBP
OECD.SDD.NAD:DSD_NAMAIN1@DF_QNA(1.1),Q,Y,GBR,S1,S1,P7,_Z,_Z,_Z,XDC,V,N,T0102,2002-Q1,78371,,,F,1,A,6,GBP
OECD.SDD.NAD:DSD_NAMAIN1@DF_QNA(1.1),Q,Y,GBR,S1,S1,P7,_Z,_Z,_Z,XDC,V,N,T0102,1996-Q4,59472,,,F,1,A,6,GBP
OECD.SDD.NAD:DSD_NAMAIN1@DF_QNA(1.1),Q,Y,GBR,S1,S1,P7,_Z,_Z,_Z,XDC,V,N,T0102,2001-Q4,75908,,,F,1,A,6,GBP
OECD.SDD.NAD:DSD_NAMAIN1@DF_QNA(1.1),Q,Y,GBR,S1,S1,P7,_Z,_Z,_Z,XDC,V,N,T0102,1998-Q1,61744,,,F,1,A,6,GBP
OECD.SDD.NAD:DSD_NAMAIN1@DF_QNA(1.1),Q,Y,GBR,S1,S1,P7,_Z,_Z,_Z,XDC,V,N,T0102,1997-Q4,61059,,,F,1,A,6,GBP
OECD.SDD.NAD:DSD_NAMAIN1@DF_QNA(1.1),Q,Y,GBR,S1,S1,P7,_Z,_Z,_Z,XDC,V,N,T0102,1997-Q3,59688,,,F,1,A,6,GBP
OECD.SDD.NAD:DSD_NAMAIN1@DF_QNA(1.1),Q,Y,GBR,S1,S1,P7,_Z,_Z,_Z,XDC,V,N,T0102,1997-Q2,60769,,,F,1,A,6,GBP
OECD.SDD.NAD:DSD_NAMAIN1@DF_QNA(1.1),Q,Y,GBR,S1,S1,P7,_Z,_Z,_Z,XDC,V,N,T0102,1997-Q1,58939,,,F,1,A,6,GBP
OECD.SDD.NAD:DSD_NAMAIN1@DF_QNA(1.1),Q,Y,GBR,S1,S1,P7,_Z,_Z,_Z,XDC,V,N,T0102,2016-Q4,160813,,,F,1,A,6,GBP
OECD.SDD.NAD:DSD_NAMAIN1@DF_QNA(1.1),Q,Y,GBR,S1,S1,P7,_Z,_Z,_Z,XDC,V,N,T0102,2015-Q4,141936,,,F,1,A,6,GBP
OECD.SDD.NAD:DSD_NAMAIN1@DF_QNA(1.1),Q,Y,GBR,S1,S1,P7,_Z,_Z,_Z,XDC,V,N,T0102,2015-Q3,138155,,,F,1,A,6,GBP
OECD.SDD.NAD:DSD_NAMAIN1@DF_QNA(1.1),Q,Y,GBR,S1,S1,P7,_Z,_Z,_Z,XDC,V,N,T0102,2014-Q2,138748,,,F,1,A,6,GBP
OECD.SDD.NAD:DSD_NAMAIN1@DF_QNA(1.1),Q,Y,GBR,S1,S1,P7,_Z,_Z,_Z,XDC,V,N,T0102,2008-Q3,119568,,,F,1,A,6,GBP
OECD.SDD.NAD:DSD_NAMAIN1@DF_QNA(1.1),Q,Y,GBR,S1,S1,P7,_Z,_Z,_Z,XDC,V,N,T0102,2007-Q1,102752,,,F,1,A,6,GBP
OECD.SDD.NAD:DSD_NAMAIN1@DF_QNA(1.1),Q,Y,GBR,S1,S1,P7,_Z,_Z,_Z,XDC,V,N,T0102,1996-Q3,58883,,,F,1,A,6,GBP
OECD.SDD.NAD:DSD_NAMAIN1@DF_QNA(1.1),Q,Y,GBR,S1,S1,P7,_Z,_Z,_Z,XDC,V,N,T0102,2018-Q2,177854,,,F,1,A,6,GBP
OECD.SDD.NAD:DSD_NAMAIN1@DF_QNA(1.1),Q,Y,GBR,S1,S1,P7,_Z,_Z,_Z,XDC,V,N,T0102,2010-Q3,124490,,,F,1,A,6,GBP
OECD.SDD.NAD:DSD_NAMAIN1@DF_QNA(1.1),Q,Y,GBR,S1,S1,P7,_Z,_Z,_Z,XDC,V,N,T0102,2009-Q2,106383,,,F,1,A,6,GBP
OECD.SDD.NAD:DSD_NAMAIN1@DF_QNA(1.1),Q,Y,GBR,S1,S1,P7,_Z,_Z,_Z,XDC,V,N,T0102,1996-Q2,59005,,,F,1,A,6,GBP
OECD.SDD.NAD:DSD_NAMAIN1@DF_QNA(1.1),Q,Y,GBR,S1,S1,P7,_Z,_Z,_Z,XDC,V,N,T0102,1996-Q1,58264,,,F,1,A,6,GBP
OECD.SDD.NAD:DSD_NAMAIN1@DF_QNA(1.1),Q,Y,GBR,S1,S1,P7,_Z,_Z,_Z,XDC,V,N,T0102,1995-Q4,55708,,,F,1,A,6,GBP
OECD.SDD.NAD:DSD_NAMAIN1@DF_QNA(1.1),Q,Y,GBR,S1,S1,P7,_Z,_Z,_Z,XDC,V,N,T0102,1995-Q3,55294,,,F,1,A,6,GBP
OECD.SDD.NAD:DSD_NAMAIN1@DF_QNA(1.1),Q,Y,GBR,S1,S1,P7,_Z,_Z,_Z,XDC,V,N,T0102,2010-Q4,127983,,,F,1,A,6,GBP
OECD.SDD.NAD:DSD_NAMAIN1@DF_QNA(1.1),Q,Y,GBR,S1,S1,P7,_Z,_Z,_Z,XDC,V,N,T0102,2009-Q4,112291,,,F,1,A,6,GBP
OECD.SDD.NAD:DSD_NAMAIN1@DF_QNA(1.1),Q,Y,GBR,S1,S1,P7,_Z,_Z,_Z,XDC,V,N,T0102,2009-Q3,108518,,,F,1,A,6,GBP
OECD.SDD.NAD:DSD_NAMAIN1@DF_QNA(1.1),Q,Y,GBR,S1,S1,P7,_Z,_Z,_Z,XDC,V,N,T0102,2012-Q3,135500,,,F,1,A,6,GBP
OECD.SDD.NAD:DSD_NAMAIN1@DF_QNA(1.1),Q,Y,GBR,S1,S1,P7,_Z,_Z,_Z,XDC,V,N,T0102,2012-Q2,136940,,,F,1,A,6,GBP
OECD.SDD.NAD:DSD_NAMAIN1@DF_QNA(1.1),Q,Y,GBR,S1,S1,P7,_Z,_Z,_Z,XDC,V,N,T0102,1975-Q4,7732,,,F,1,A,6,GBP
OECD.SDD.NAD:DSD_NAMAIN1@DF_QNA(1.1),Q,Y,GBR,S1,S1,P7,_Z,_Z,_Z,XDC,V,N,T0102,1975-Q3,7565,,,F,1,A,6,GBP
OECD.SDD.NAD:DSD_NAMAIN1@DF_QNA(1.1),Q,Y,GBR,S1,S1,P7,_Z,_Z,_Z,XDC,V,N,T0102,1975-Q2,6905,,,F,1,A,6,GBP
OECD.SDD.NAD:DSD_NAMAIN1@DF_QNA(1.1),Q,Y,GBR,S1,S1,P7,_Z,_Z,_Z,XDC,V,N,T0102,1975-Q1,7162,,,F,1,A,6,GBP
OECD.SDD.NAD:DSD_NAMAIN1@DF_QNA(1.1),Q,Y,GBR,S1,S1,P7,_Z,_Z,_Z,XDC,V,N,T0102,1974-Q4,7208,,,F,1,A,6,GBP
OECD.SDD.NAD:DSD_NAMAIN1@DF_QNA(1.1),Q,Y,GBR,S1,S1,P7,_Z,_Z,_Z,XDC,V,N,T0102,1974-Q3,7117,,,F,1,A,6,GBP
OECD.SDD.NAD:DSD_NAMAIN1@DF_QNA(1.1),Q,Y,GBR,S1,S1,P7,_Z,_Z,_Z,XDC,V,N,T0102,1974-Q2,7002,,,F,1,A,6,GBP
OECD.SDD.NAD:DSD_NAMAIN1@DF_QNA(1.1),Q,Y,GBR,S1,S1,P7,_Z,_Z,_Z,XDC,V,N,T0102,1971-Q1,2993,,,F,1,A,6,GBP
OECD.SDD.NAD:DSD_NAMAIN1@DF_QNA(1.1),Q,Y,GBR,S1,S1,P7,_Z,_Z,_Z,XDC,V,N,T0102,2019-Q1,199414,,,F,1,A,6,GBP
OECD.SDD.NAD:DSD_NAMAIN1@DF_QNA(1.1),Q,Y,GBR,S1,S1,P7,_Z,_Z,_Z,XDC,V,N,T0102,2018-Q1,174095,,,F,1,A,6,GBP
OECD.SDD.NAD:DSD_NAMAIN1@DF_QNA(1.1),Q,Y,GBR,S1,S1,P7,_Z,_Z,_Z,XDC,V,N,T0102,2017-Q4,169988,,,F,1,A,6,GBP
OECD.SDD.NAD:DSD_NAMAIN1@DF_QNA(1.1),Q,Y,GBR,S1,S1,P7,_Z,_Z,_Z,XDC,V,N,T0102,2016-Q3,161121,,,F,1,A,6,GBP
OECD.SDD.NAD:DSD_NAMAIN1@DF_QNA(1.1),Q,Y,GBR,S1,S1,P7,_Z,_Z,_Z,XDC,V,N,T0102,2016-Q2,149613,,,F,1,A,6,GBP
OECD.SDD.NAD:DSD_NAMAIN1@DF_QNA(1.1),Q,Y,GBR,S1,S1,P7,_Z,_Z,_Z,XDC,V,N,T0102,2015-Q1,143598,,,F,1,A,6,GBP
OECD.SDD.NAD:DSD_NAMAIN1@DF_QNA(1.1),Q,Y,GBR,S1,S1,P7,_Z,_Z,_Z,XDC,V,N,T0102,2014-Q4,148526,,,F,1,A,6,GBP
OECD.SDD.NAD:DSD_NAMAIN1@DF_QNA(1.1),Q,Y,GBR,S1,S1,P7,_Z,_Z,_Z,XDC,V,N,T0102,2022-Q3,230308,,,F,1,A,6,GBP
OECD.SDD.NAD:DSD_NAMAIN1@DF_QNA(1.1),Q,Y,GBR,S1,S1,P7,_Z,_Z,_Z,XDC,V,N,T0102,2022-Q2,230409,,,F,1,A,6,GBP
OECD.SDD.NAD:DSD_NAMAIN1@DF_QNA(1.1),Q,Y,GBR,S1,S1,P7,_Z,_Z,_Z,XDC,V,N,T0102,1994-Q4,50404,,,F,1,A,6,GBP
OECD.SDD.NAD:DSD_NAMAIN1@DF_QNA(1.1),Q,Y,GBR,S1,S1,P7,_Z,_Z,_Z,XDC,V,N,T0102,1994-Q3,48303,,,F,1,A,6,GBP
OECD.SDD.NAD:DSD_NAMAIN1@DF_QNA(1.1),Q,Y,GBR,S1,S1,P7,_Z,_Z,_Z,XDC,V,N,T0102,2011-Q1,128567,,,F,1,A,6,GBP
OECD.SDD.NAD:DSD_NAMAIN1@DF_QNA(1.1),Q,Y,GBR,S1,S1,P7,_Z,_Z,_Z,XDC,V,N,T0102,2012-Q1,136132,,,F,1,A,6,GBP
OECD.SDD.NAD:DSD_NAMAIN1@DF_QNA(1.1),Q,Y,GBR,S1,S1,P7,_Z,_Z,_Z,XDC,V,N,T0102,2023-Q4,226458,,,F,1,A,6,GBP
OECD.SDD.NAD:DSD_NAMAIN1@DF_QNA(1.1),Q,Y,GBR,S1,S1,P7,_Z,_Z,_Z,XDC,V,N,T0102,2023-Q3,222131,,,F,1,A,6,GBP
OECD.SDD.NAD:DSD_NAMAIN1@DF_QNA(1.1),Q,Y,GBR,S1,S1,P7,_Z,_Z,_Z,XDC,V,N,T0102,2023-Q2,230353,,,F,1,A,6,GBP
OECD.SDD.NAD:DSD_NAMAIN1@DF_QNA(1.1),Q,Y,GBR,S1,S1,P7,_Z,_Z,_Z,XDC,V,N,T0102,2023-Q1,231477,,,F,1,A,6,GBP
OECD.SDD.NAD:DSD_NAMAIN1@DF_QNA(1.1),Q,Y,GBR,S1,S1,P7,_Z,_Z,_Z,XDC,V,N,T0102,2022-Q4,233077,,,F,1,A,6,GBP
OECD.SDD.NAD:DSD_NAMAIN1@DF_QNA(1.1),Q,Y,GBR,S1,S1,P7,_Z,_Z,_Z,XDC,V,N,T0102,2006-Q4,101748,,,F,1,A,6,GBP
OECD.SDD.NAD:DSD_NAMAIN1@DF_QNA(1.1),Q,Y,GBR,S1,S1,P7,_Z,_Z,_Z,XDC,V,N,T0102,2006-Q3,102666,,,F,1,A,6,GBP
OECD.SDD.NAD:DSD_NAMAIN1@DF_QNA(1.1),Q,Y,GBR,S1,S1,P7,_Z,_Z,_Z,XDC,V,N,T0102,2020-Q4,173153,,,F,1,A,6,GBP
OECD.SDD.NAD:DSD_NAMAIN1@DF_QNA(1.1),Q,Y,GBR,S1,S1,P7,_Z,_Z,_Z,XDC,V,N,T0102,2020-Q3,149213,,,F,1,A,6,GBP
OECD.SDD.NAD:DSD_NAMAIN1@DF_QNA(1.1),Q,Y,GBR,S1,S1,P7,_Z,_Z,_Z,XDC,V,N,T0102,2020-Q2,127035,,,F,1,A,6,GBP
OECD.SDD.NAD:DSD_NAMAIN1@DF_QNA(1.1),Q,Y,GBR,S1,S1,P7,_Z,_Z,_Z,XDC,V,N,T0102,2020-Q1,171256,,,F,1,A,6,GBP
OECD.SDD.NAD:DSD_NAMAIN1@DF_QNA(1.1),Q,Y,GBR,S1,S1,P7,_Z,_Z,_Z,XDC,V,N,T0102,2019-Q4,177573,,,F,1,A,6,GBP
OECD.SDD.NAD:DSD_NAMAIN1@DF_QNA(1.1),Q,Y,GBR,S1,S1,P7,_Z,_Z,_Z,XDC,V,N,T0102,1995-Q2,53281,,,F,1,A,6,GBP
OECD.SDD.NAD:DSD_NAMAIN1@DF_QNA(1.1),Q,Y,GBR,S1,S1,P7,_Z,_Z,_Z,XDC,V,N,T0102,1995-Q1,50587,,,F,1,A,6,GBP
OECD.SDD.NAD:DSD_NAMAIN1@DF_QNA(1.1),Q,Y,GBR,S1,S1,P7,_Z,_Z,_Z,XDC,V,N,T0102,1955-Q2,1052,,,F,1,A,6,GBP
OECD.SDD.NAD:DSD_NAMAIN1@DF_QNA(1.1),Q,Y,GBR,S1,S1,P7,_Z,_Z,_Z,XDC,V,N,T0102,1967-Q2,1950,,,F,1,A,6,GBP
OECD.SDD.NAD:DSD_NAMAIN1@DF_QNA(1.1),Q,Y,GBR,S1,S1,P7,_Z,_Z,_Z,XDC,V,N,T0102,1967-Q1,1942,,,F,1,A,6,GBP
OECD.SDD.NAD:DSD_NAMAIN1@DF_QNA(1.1),Q,Y,GBR,S1,S1,P7,_Z,_Z,_Z,XDC,V,N,T0102,1966-Q4,1794,,,F,1,A,6,GBP
OECD.SDD.NAD:DSD_NAMAIN1@DF_QNA(1.1),Q,Y,GBR,S1,S1,P7,_Z,_Z,_Z,XDC,V,N,T0102,1966-Q3,1893,,,F,1,A,6,GBP
OECD.SDD.NAD:DSD_NAMAIN1@DF_QNA(1.1),Q,Y,GBR,S1,S1,P7,_Z,_Z,_Z,XDC,V,N,T0102,1966-Q2,1831,,,F,1,A,6,GBP
OECD.SDD.NAD:DSD_NAMAIN1@DF_QNA(1.1),Q,Y,GBR,S1,S1,P7,_Z,_Z,_Z,XDC,V,N,T0102,1966-Q1,1870,,,F,1,A,6,GBP
OECD.SDD.NAD:DSD_NAMAIN1@DF_QNA(1.1),Q,Y,GBR,S1,S1,P7,_Z,_Z,_Z,XDC,V,N,T0102,1965-Q4,1822,,,F,1,A,6,GBP
OECD.SDD.NAD:DSD_NAMAIN1@DF_QNA(1.1),Q,Y,GBR,S1,S1,P7,_Z,_Z,_Z,XDC,V,N,T0102,1965-Q3,1789,,,F,1,A,6,GBP
OECD.SDD.NAD:DSD_NAMAIN1@DF_QNA(1.1),Q,Y,GBR,S1,S1,P7,_Z,_Z,_Z,XDC,V,N,T0102,1965-Q2,1764,,,F,1,A,6,GBP
OECD.SDD.NAD:DSD_NAMAIN1@DF_QNA(1.1),Q,Y,GBR,S1,S1,P7,_Z,_Z,_Z,XDC,V,N,T0102,1965-Q1,1704,,,F,1,A,6,GBP
OECD.SDD.NAD:DSD_NAMAIN1@DF_QNA(1.1),Q,Y,GBR,S1,S1,P7,_Z,_Z,_Z,XDC,V,N,T0102,1964-Q4,1772,,,F,1,A,6,GBP
OECD.SDD.NAD:DSD_NAMAIN1@DF_QNA(1.1),Q,Y,GBR,S1,S1,P7,_Z,_Z,_Z,XDC,V,N,T0102,1964-Q3,1725,,,F,1,A,6,GBP
OECD.SDD.NAD:DSD_NAMAIN1@DF_QNA(1.1),Q,Y,GBR,S1,S1,P7,_Z,_Z,_Z,XDC,V,N,T0102,1964-Q2,1698,,,F,1,A,6,GBP
OECD.SDD.NAD:DSD_NAMAIN1@DF_QNA(1.1),Q,Y,GBR,S1,S1,P7,_Z,_Z,_Z,XDC,V,N,T0102,1964-Q1,1717,,,F,1,A,6,GBP
OECD.SDD.NAD:DSD_NAMAIN1@DF_QNA(1.1),Q,Y,GBR,S1,S1,P7,_Z,_Z,_Z,XDC,V,N,T0102,1963-Q4,1604,,,F,1,A,6,GBP
OECD.SDD.NAD:DSD_NAMAIN1@DF_QNA(1.1),Q,Y,GBR,S1,S1,P7,_Z,_Z,_Z,XDC,V,N,T0102,1963-Q3,1550,,,F,1,A,6,GBP
OECD.SDD.NAD:DSD_NAMAIN1@DF_QNA(1.1),Q,Y,GBR,S1,S1,P7,_Z,_Z,_Z,XDC,V,N,T0102,1963-Q2,1502,,,F,1,A,6,GBP
OECD.SDD.NAD:DSD_NAMAIN1@DF_QNA(1.1),Q,Y,GBR,S1,S1,P7,_Z,_Z,_Z,XDC,V,N,T0102,1963-Q1,1447,,,F,1,A,6,GBP
OECD.SDD.NAD:DSD_NAMAIN1@DF_QNA(1.1),Q,Y,GBR,S1,S1,P7,_Z,_Z,_Z,XDC,V,N,T0102,1962-Q4,1428,,,F,1,A,6,GBP
OECD.SDD.NAD:DSD_NAMAIN1@DF_QNA(1.1),Q,Y,GBR,S1,S1,P7,_Z,_Z,_Z,XDC,V,N,T0102,1962-Q3,1435,,,F,1,A,6,GBP
OECD.SDD.NAD:DSD_NAMAIN1@DF_QNA(1.1),Q,Y,GBR,S1,S1,P7,_Z,_Z,_Z,XDC,V,N,T0102,1962-Q2,1422,,,F,1,A,6,GBP
OECD.SDD.NAD:DSD_NAMAIN1@DF_QNA(1.1),Q,Y,GBR,S1,S1,P7,_Z,_Z,_Z,XDC,V,N,T0102,1962-Q1,1397,,,F,1,A,6,GBP
OECD.SDD.NAD:DSD_NAMAIN1@DF_QNA(1.1),Q,Y,GBR,S1,S1,P7,_Z,_Z,_Z,XDC,V,N,T0102,1961-Q4,1373,,,F,1,A,6,GBP
OECD.SDD.NAD:DSD_NAMAIN1@DF_QNA(1.1),Q,Y,GBR,S1,S1,P7,_Z,_Z,_Z,XDC,V,N,T0102,1961-Q3,1368,,,F,1,A,6,GBP
OECD.SDD.NAD:DSD_NAMAIN1@DF_QNA(1.1),Q,Y,GBR,S1,S1,P7,_Z,_Z,_Z,XDC,V,N,T0102,1961-Q2,1409,,,F,1,A,6,GBP
OECD.SDD.NAD:DSD_NAMAIN1@DF_QNA(1.1),Q,Y,GBR,S1,S1,P7,_Z,_Z,_Z,XDC,V,N,T0102,1961-Q1,1432,,,F,1,A,6,GBP
OECD.SDD.NAD:DSD_NAMAIN1@DF_QNA(1.1),Q,Y,GBR,S1,S1,P7,_Z,_Z,_Z,XDC,V,N,T0102,1960-Q4,1427,,,F,1,A,6,GBP
OECD.SDD.NAD:DSD_NAMAIN1@DF_QNA(1.1),Q,Y,GBR,S1,S1,P7,_Z,_Z,_Z,XDC,V,N,T0102,1960-Q3,1419,,,F,1,A,6,GBP
OECD.SDD.NAD:DSD_NAMAIN1@DF_QNA(1.1),Q,Y,GBR,S1,S1,P7,_Z,_Z,_Z,XDC,V,N,T0102,1960-Q2,1399,,,F,1,A,6,GBP
OECD.SDD.NAD:DSD_NAMAIN1@DF_QNA(1.1),Q,Y,GBR,S1,S1,P7,_Z,_Z,_Z,XDC,V,N,T0102,1960-Q1,1371,,,F,1,A,6,GBP
OECD.SDD.NAD:DSD_NAMAIN1@DF_QNA(1.1),Q,Y,GBR,S1,S1,P7,_Z,_Z,_Z,XDC,V,N,T0102,1959-Q4,1319,,,F,1,A,6,GBP
OECD.SDD.NAD:DSD_NAMAIN1@DF_QNA(1.1),Q,Y,GBR,S1,S1,P7,_Z,_Z,_Z,XDC,V,N,T0102,1959-Q3,1234,,,F,1,A,6,GBP
OECD.SDD.NAD:DSD_NAMAIN1@DF_QNA(1.1),Q,Y,GBR,S1,S1,P7,_Z,_Z,_Z,XDC,V,N,T0102,1959-Q2,1213,,,F,1,A,6,GBP
OECD.SDD.NAD:DSD_NAMAIN1@DF_QNA(1.1),Q,Y,GBR,S1,S1,P7,_Z,_Z,_Z,XDC,V,N,T0102,1959-Q1,1173,,,F,1,A,6,GBP
OECD.SDD.NAD:DSD_NAMAIN1@DF_QNA(1.1),Q,Y,GBR,S1,S1,P7,_Z,_Z,_Z,XDC,V,N,T0102,1958-Q4,1184,,,F,1,A,6,GBP
OECD.SDD.NAD:DSD_NAMAIN1@DF_QNA(1.1),Q,Y,GBR,S1,S1,P7,_Z,_Z,_Z,XDC,V,N,T0102,1958-Q3,1195,,,F,1,A,6,GBP
OECD.SDD.NAD:DSD_NAMAIN1@DF_QNA(1.1),Q,Y,GBR,S1,S1,P7,_Z,_Z,_Z,XDC,V,N,T0102,1958-Q2,1119,,,F,1,A,6,GBP
OECD.SDD.NAD:DSD_NAMAIN1@DF_QNA(1.1),Q,Y,GBR,S1,S1,P7,_Z,_Z,_Z,XDC,V,N,T0102,1958-Q1,1139,,,F,1,A,6,GBP
OECD.SDD.NAD:DSD_NAMAIN1@DF_QNA(1.1),Q,Y,GBR,S1,S1,P7,_Z,_Z,_Z,XDC,V,N,T0102,1957-Q4,1161,,,F,1,A,6,GBP
OECD.SDD.NAD:DSD_NAMAIN1@DF_QNA(1.1),Q,Y,GBR,S1,S1,P7,_Z,_Z,_Z,XDC,V,N,T0102,1957-Q3,1213,,,F,1,A,6,GBP
OECD.SDD.NAD:DSD_NAMAIN1@DF_QNA(1.1),Q,Y,GBR,S1,S1,P7,_Z,_Z,_Z,XDC,V,N,T0102,1957-Q2,1217,,,F,1,A,6,GBP
OECD.SDD.NAD:DSD_NAMAIN1@DF_QNA(1.1),Q,Y,GBR,S1,S1,B1GQ,_Z,_Z,_Z,XDC,V,N,T0102,2001-Q3,289333,,,F,1,A,6,GBP
OECD.SDD.NAD:DSD_NAMAIN1@DF_QNA(1.1),Q,Y,GBR,S1,S1,B1GQ,_Z,_Z,_Z,XDC,V,N,T0102,2009-Q1,389775,,,F,1,A,6,GBP
OECD.SDD.NAD:DSD_NAMAIN1@DF_QNA(1.1),Q,Y,GBR,S1,S1,B1GQ,_Z,_Z,_Z,XDC,V,N,T0102,2010-Q1,398126,,,F,1,A,6,GBP
OECD.SDD.NAD:DSD_NAMAIN1@DF_QNA(1.1),Q,Y,GBR,S1,S1,B1GQ,_Z,_Z,_Z,XDC,V,N,T0102,2011-Q1,416521,,,F,1,A,6,GBP
OECD.SDD.NAD:DSD_NAMAIN1@DF_QNA(1.1),Q,Y,GBR,S1,S1,B1GQ,_Z,_Z,_Z,XDC,V,N,T0102,2011-Q2,414040,,,F,1,A,6,GBP
OECD.SDD.NAD:DSD_NAMAIN1@DF_QNA(1.1),Q,Y,GBR,S1,S1,P7,_Z,_Z,_Z,XDC,V,N,T0102,1955-Q4,1154,,,F,1,A,6,GBP
OECD.SDD.NAD:DSD_NAMAIN1@DF_QNA(1.1),Q,Y,GBR,S1,S1,P7,_Z,_Z,_Z,XDC,V,N,T0102,1955-Q3,1165,,,F,1,A,6,GBP
OECD.SDD.NAD:DSD_NAMAIN1@DF_QNA(1.1),Q,Y,GBR,S1,S1,P7,_Z,_Z,_Z,XDC,V,N,T0102,1998-Q2,62401,,,F,1,A,6,GBP
OECD.SDD.NAD:DSD_NAMAIN1@DF_QNA(1.1),Q,Y,GBR,S1,S1,P7,_Z,_Z,_Z,XDC,V,N,T0102,2018-Q3,180119,,,F,1,A,6,GBP
OECD.SDD.NAD:DSD_NAMAIN1@DF_QNA(1.1),Q,Y,GBR,S1,S1,P7,_Z,_Z,_Z,XDC,V,N,T0102,2017-Q3,171638,,,F,1,A,6,GBP
OECD.SDD.NAD:DSD_NAMAIN1@DF_QNA(1.1),Q,Y,GBR,S1,S1,P7,_Z,_Z,_Z,XDC,V,N,T0102,2019-Q3,187169,,,F,1,A,6,GBP
OECD.SDD.NAD:DSD_NAMAIN1@DF_QNA(1.1),Q,Y,GBR,S1,S1,P7,_Z,_Z,_Z,XDC,V,N,T0102,2019-Q2,181590,,,F,1,A,6,GBP
OECD.SDD.NAD:DSD_NAMAIN1@DF_QNA(1.1),Q,Y,GBR,S1,S1,P7,_Z,_Z,_Z,XDC,V,N,T0102,2003-Q3,82289,,,F,1,A,6,GBP
OECD.SDD.NAD:DSD_NAMAIN1@DF_QNA(1.1),Q,Y,GBR,S1,S1,P7,_Z,_Z,_Z,XDC,V,N,T0102,2002-Q4,79946,,,F,1,A,6,GBP
OECD.SDD.NAD:DSD_NAMAIN1@DF_QNA(1.1),Q,Y,GBR,S1,S1,P7,_Z,_Z,_Z,XDC,V,N,T0102,2002-Q3,80241,,,F,1,A,6,GBP
OECD.SDD.NAD:DSD_NAMAIN1@DF_QNA(1.1),Q,Y,GBR,S1,S1,P7,_Z,_Z,_Z,XDC,V,N,T0102,2001-Q3,77474,,,F,1,A,6,GBP
OECD.SDD.NAD:DSD_NAMAIN1@DF_QNA(1.1),Q,Y,GBR,S1,S1,P7,_Z,_Z,_Z,XDC,V,N,T0102,2000-Q2,72444,,,F,1,A,6,GBP
OECD.SDD.NAD:DSD_NAMAIN1@DF_QNA(1.1),Q,Y,GBR,S1,S1,P7,_Z,_Z,_Z,XDC,V,N,T0102,1999-Q3,67061,,,F,1,A,6,GBP
OECD.SDD.NAD:DSD_NAMAIN1@DF_QNA(1.1),Q,Y,GBR,S1,S1,P7,_Z,_Z,_Z,XDC,V,N,T0102,2014-Q1,139985,,,F,1,A,6,GBP
OECD.SDD.NAD:DSD_NAMAIN1@DF_QNA(1.1),Q,Y,GBR,S1,S1,P7,_Z,_Z,_Z,XDC,V,N,T0102,1998-Q3,62257,,,F,1,A,6,GBP
OECD.SDD.NAD:DSD_NAMAIN1@DF_QNA(1.1),Q,Y,GBR,S1,S1,P7,_Z,_Z,_Z,XDC,V,N,T0102,1994-Q2,47406,,,F,1,A,6,GBP
OECD.SDD.NAD:DSD_NAMAIN1@DF_QNA(1.1),Q,Y,GBR,S1,S1,P7,_Z,_Z,_Z,XDC,V,N,T0102,1994-Q1,46363,,,F,1,A,6,GBP
OECD.SDD.NAD:DSD_NAMAIN1@DF_QNA(1.1),Q,Y,GBR,S1,S1,P7,_Z,_Z,_Z,XDC,V,N,T0102,1993-Q3,44250,,,F,1,A,6,GBP
OECD.SDD.NAD:DSD_NAMAIN1@DF_QNA(1.1),Q,Y,GBR,S1,S1,P7,_Z,_Z,_Z,XDC,V,N,T0102,1993-Q2,43472,,,F,1,A,6,GBP
OECD.SDD.NAD:DSD_NAMAIN1@DF_QNA(1.1),Q,Y,GBR,S1,S1,P7,_Z,_Z,_Z,XDC,V,N,T0102,1993-Q1,43643,,,F,1,A,6,GBP
OECD.SDD.NAD:DSD_NAMAIN1@DF_QNA(1.1),Q,Y,GBR,S1,S1,P7,_Z,_Z,_Z,XDC,V,N,T0102,1992-Q4,41565,,,F,1,A,6,GBP
OECD.SDD.NAD:DSD_NAMAIN1@DF_QNA(1.1),Q,Y,GBR,S1,S1,P7,_Z,_Z,_Z,XDC,V,N,T0102,1993-Q4,45135,,,F,1,A,6,GBP
OECD.SDD.NAD:DSD_NAMAIN1@DF_QNA(1.1),Q,Y,GBR,S1,S1,P7,_Z,_Z,_Z,XDC,V,N,T0102,1991-Q3,37464,,,F,1,A,6,GBP
OECD.SDD.NAD:DSD_NAMAIN1@DF_QNA(1.1),Q,Y,GBR,S1,S1,P7,_Z,_Z,_Z,XDC,V,N,T0102,1991-Q2,36523,,,F,1,A,6,GBP
OECD.SDD.NAD:DSD_NAMAIN1@DF_QNA(1.1),Q,Y,GBR,S1,S1,P7,_Z,_Z,_Z,XDC,V,N,T0102,1991-Q1,35766,,,F,1,A,6,GBP
OECD.SDD.NAD:DSD_NAMAIN1@DF_QNA(1.1),Q,Y,GBR,S1,S1,P7,_Z,_Z,_Z,XDC,V,N,T0102,1990-Q4,37204,,,F,1,A,6,GBP
OECD.SDD.NAD:DSD_NAMAIN1@DF_QNA(1.1),Q,Y,GBR,S1,S1,P7,_Z,_Z,_Z,XDC,V,N,T0102,1990-Q3,37398,,,F,1,A,6,GBP
OECD.SDD.NAD:DSD_NAMAIN1@DF_QNA(1.1),Q,Y,GBR,S1,S1,P7,_Z,_Z,_Z,XDC,V,N,T0102,1990-Q2,39293,,,F,1,A,6,GBP
OECD.SDD.NAD:DSD_NAMAIN1@DF_QNA(1.1),Q,Y,GBR,S1,S1,P7,_Z,_Z,_Z,XDC,V,N,T0102,1990-Q1,39126,,,F,1,A,6,GBP
OECD.SDD.NAD:DSD_NAMAIN1@DF_QNA(1.1),Q,Y,GBR,S1,S1,P7,_Z,_Z,_Z,XDC,V,N,T0102,1989-Q4,37421,,,F,1,A,6,GBP
OECD.SDD.NAD:DSD_NAMAIN1@DF_QNA(1.1),Q,Y,GBR,S1,S1,P7,_Z,_Z,_Z,XDC,V,N,T0102,1989-Q3,37746,,,F,1,A,6,GBP
OECD.SDD.NAD:DSD_NAMAIN1@DF_QNA(1.1),Q,Y,GBR,S1,S1,P7,_Z,_Z,_Z,XDC,V,N,T0102,1989-Q2,36350,,,F,1,A,6,GBP
OECD.SDD.NAD:DSD_NAMAIN1@DF_QNA(1.1),Q,Y,GBR,S1,S1,P7,_Z,_Z,_Z,XDC,V,N,T0102,1989-Q1,35448,,,F,1,A,6,GBP
OECD.SDD.NAD:DSD_NAMAIN1@DF_QNA(1.1),Q,Y,GBR,S1,S1,P7,_Z,_Z,_Z,XDC,V,N,T0102,1988-Q4,33948,,,F,1,A,6,GBP
OECD.SDD.NAD:DSD_NAMAIN1@DF_QNA(1.1),Q,Y,GBR,S1,S1,P7,_Z,_Z,_Z,XDC,V,N,T0102,1988-Q3,33099,,,F,1,A,6,GBP
OECD.SDD.NAD:DSD_NAMAIN1@DF_QNA(1.1),Q,Y,GBR,S1,S1,P7,_Z,_Z,_Z,XDC,V,N,T0102,1988-Q2,31481,,,F,1,A,6,GBP
OECD.SDD.NAD:DSD_NAMAIN1@DF_QNA(1.1),Q,Y,GBR,S1,S1,P7,_Z,_Z,_Z,XDC,V,N,T0102,1988-Q1,29984,,,F,1,A,6,GBP
OECD.SDD.NAD:DSD_NAMAIN1@DF_QNA(1.1),Q,Y,GBR,S1,S1,P7,_Z,_Z,_Z,XDC,V,N,T0102,1987-Q4,29993,,,F,1,A,6,GBP
OECD.SDD.NAD:DSD_NAMAIN1@DF_QNA(1.1),Q,Y,GBR,S1,S1,P7,_Z,_Z,_Z,XDC,V,N,T0102,1987-Q3,29651,,,F,1,A,6,GBP
OECD.SDD.NAD:DSD_NAMAIN1@DF_QNA(1.1),Q,Y,GBR,S1,S1,P7,_Z,_Z,_Z,XDC,V,N,T0102,2008-Q2,119018,,,F,1,A,6,GBP
OECD.SDD.NAD:DSD_NAMAIN1@DF_QNA(1.1),Q,Y,GBR,S1,S1,P7,_Z,_Z,_Z,XDC,V,N,T0102,2008-Q1,114640,,,F,1,A,6,GBP
OECD.SDD.NAD:DSD_NAMAIN1@DF_QNA(1.1),Q,Y,GBR,S1,S1,P7,_Z,_Z,_Z,XDC,V,N,T0102,2017-Q1,164827,,,F,1,A,6,GBP
OECD.SDD.NAD:DSD_NAMAIN1@DF_QNA(1.1),Q,Y,GBR,S1,S1,P7,_Z,_Z,_Z,XDC,V,N,T0102,2015-Q2,140178,,,F,1,A,6,GBP
OECD.SDD.NAD:DSD_NAMAIN1@DF_QNA(1.1),Q,Y,GBR,S1,S1,P7,_Z,_Z,_Z,XDC,V,N,T0102,2013-Q4,141578,,,F,1,A,6,GBP
OECD.SDD.NAD:DSD_NAMAIN1@DF_QNA(1.1),Q,Y,GBR,S1,S1,P7,_Z,_Z,_Z,XDC,V,N,T0102,1984-Q3,24246,,,F,1,A,6,GBP
OECD.SDD.NAD:DSD_NAMAIN1@DF_QNA(1.1),Q,Y,GBR,S1,S1,P7,_Z,_Z,_Z,XDC,V,N,T0102,1984-Q2,23261,,,F,1,A,6,GBP
OECD.SDD.NAD:DSD_NAMAIN1@DF_QNA(1.1),Q,Y,GBR,S1,S1,P7,_Z,_Z,_Z,XDC,V,N,T0102,1984-Q1,21596,,,F,1,A,6,GBP
OECD.SDD.NAD:DSD_NAMAIN1@DF_QNA(1.1),Q,Y,GBR,S1,S1,P7,_Z,_Z,_Z,XDC,V,N,T0102,1983-Q4,20919,,,F,1,A,6,GBP
OECD.SDD.NAD:DSD_NAMAIN1@DF_QNA(1.1),Q,Y,GBR,S1,S1,P7,_Z,_Z,_Z,XDC,V,N,T0102,1983-Q3,20022,,,F,1,A,6,GBP
OECD.SDD.NAD:DSD_NAMAIN1@DF_QNA(1.1),Q,Y,GBR,S1,S1,P7,_Z,_Z,_Z,XDC,V,N,T0102,1983-Q2,19718,,,F,1,A,6,GBP
OECD.SDD.NAD:DSD_NAMAIN1@DF_QNA(1.1),Q,Y,GBR,S1,S1,P7,_Z,_Z,_Z,XDC,V,N,T0102,1983-Q1,18910,,,F,1,A,6,GBP
OECD.SDD.NAD:DSD_NAMAIN1@DF_QNA(1.1),Q,Y,GBR,S1,S1,P7,_Z,_Z,_Z,XDC,V,N,T0102,1982-Q4,17534,,,F,1,A,6,GBP
OECD.SDD.NAD:DSD_NAMAIN1@DF_QNA(1.1),Q,Y,GBR,S1,S1,P7,_Z,_Z,_Z,XDC,V,N,T0102,1982-Q3,17406,,,F,1,A,6,GBP
OECD.SDD.NAD:DSD_NAMAIN1@DF_QNA(1.1),Q,Y,GBR,S1,S1,P7,_Z,_Z,_Z,XDC,V,N,T0102,1982-Q2,17811,,,F,1,A,6,GBP
OECD.SDD.NAD:DSD_NAMAIN1@DF_QNA(1.1),Q,Y,GBR,S1,S1,P7,_Z,_Z,_Z,XDC,V,N,T0102,1982-Q1,16812,,,F,1,A,6,GBP
OECD.SDD.NAD:DSD_NAMAIN1@DF_QNA(1.1),Q,Y,GBR,S1,S1,P7,_Z,_Z,_Z,XDC,V,N,T0102,1981-Q4,17066,,,F,1,A,6,GBP
OECD.SDD.NAD:DSD_NAMAIN1@DF_QNA(1.1),Q,Y,GBR,S1,S1,P7,_Z,_Z,_Z,XDC,V,N,T0102,1981-Q3,16994,,,F,1,A,6,GBP
OECD.SDD.NAD:DSD_NAMAIN1@DF_QNA(1.1),Q,Y,GBR,S1,S1,P7,_Z,_Z,_Z,XDC,V,N,T0102,1981-Q2,14596,,,F,1,A,6,GBP
OECD.SDD.NAD:DSD_NAMAIN1@DF_QNA(1.1),Q,Y,GBR,S1,S1,P7,_Z,_Z,_Z,XDC,V,N,T0102,1981-Q1,13352,,,F,1,A,6,GBP
OECD.SDD.NAD:DSD_NAMAIN1@DF_QNA(1.1),Q,Y,GBR,S1,S1,P7,_Z,_Z,_Z,XDC,V,N,T0102,1980-Q4,13823,,,F,1,A,6,GBP
OECD.SDD.NAD:DSD_NAMAIN1@DF_QNA(1.1),Q,Y,GBR,S1,S1,P7,_Z,_Z,_Z,XDC,V,N,T0102,1980-Q3,14110,,,F,1,A,6,GBP
OECD.SDD.NAD:DSD_NAMAIN1@DF_QNA(1.1),Q,Y,GBR,S1,S1,P7,_Z,_Z,_Z,XDC,V,N,T0102,1980-Q2,15433,,,F,1,A,6,GBP
OECD.SDD.NAD:DSD_NAMAIN1@DF_QNA(1.1),Q,Y,GBR,S1,S1,P7,_Z,_Z,_Z,XDC,V,N,T0102,1980-Q1,15609,,,F,1,A,6,GBP
OECD.SDD.NAD:DSD_NAMAIN1@DF_QNA(1.1),Q,Y,GBR,S1,S1,P7,_Z,_Z,_Z,XDC,V,N,T0102,1979-Q4,14924,,,F,1,A,6,GBP
OECD.SDD.NAD:DSD_NAMAIN1@DF_QNA(1.1),Q,Y,GBR,S1,S1,P7,_Z,_Z,_Z,XDC,V,N,T0102,1979-Q3,13953,,,F,1,A,6,GBP
OECD.SDD.NAD:DSD_NAMAIN1@DF_QNA(1.1),Q,Y,GBR,S1,S1,P7,_Z,_Z,_Z,XDC,V,N,T0102,1979-Q2,14093,,,F,1,A,6,GBP
OECD.SDD.NAD:DSD_NAMAIN1@DF_QNA(1.1),Q,Y,GBR,S1,S1,P7,_Z,_Z,_Z,XDC,V,N,T0102,1979-Q1,12524,,,F,1,A,6,GBP
OECD.SDD.NAD:DSD_NAMAIN1@DF_QNA(1.1),Q,Y,GBR,S1,S1,P7,_Z,_Z,_Z,XDC,V,N,T0102,1978-Q4,11880,,,F,1,A,6,GBP
OECD.SDD.NAD:DSD_NAMAIN1@DF_QNA(1.1),Q,Y,GBR,S1,S1,P7,_Z,_Z,_Z,XDC,V,N,T0102,1978-Q3,11846,,,F,1,A,6,GBP
OECD.SDD.NAD:DSD_NAMAIN1@DF_QNA(1.1),Q,Y,GBR,S1,S1,P7,_Z,_Z,_Z,XDC,V,N,T0102,1978-Q2,11385,,,F,1,A,6,GBP
OECD.SDD.NAD:DSD_NAMAIN1@DF_QNA(1.1),Q,Y,GBR,S1,S1,P7,_Z,_Z,_Z,XDC,V,N,T0102,1978-Q1,11247,,,F,1,A,6,GBP
OECD.SDD.NAD:DSD_NAMAIN1@DF_QNA(1.1),Q,Y,GBR,S1,S1,P7,_Z,_Z,_Z,XDC,V,N,T0102,1977-Q4,10665,,,F,1,A,6,GBP
OECD.SDD.NAD:DSD_NAMAIN1@DF_QNA(1.1),Q,Y,GBR,S1,S1,P7,_Z,_Z,_Z,XDC,V,N,T0102,1977-Q3,10918,,,F,1,A,6,GBP
OECD.SDD.NAD:DSD_NAMAIN1@DF_QNA(1.1),Q,Y,GBR,S1,S1,P7,_Z,_Z,_Z,XDC,V,N,T0102,1977-Q2,11084,,,F,1,A,6,GBP
OECD.SDD.NAD:DSD_NAMAIN1@DF_QNA(1.1),Q,Y,GBR,S1,S1,P7,_Z,_Z,_Z,XDC,V,N,T0102,1977-Q1,10631,,,F,1,A,6,GBP
OECD.SDD.NAD:DSD_NAMAIN1@DF_QNA(1.1),Q,Y,GBR,S1,S1,P7,_Z,_Z,_Z,XDC,V,N,T0102,1976-Q4,10470,,,F,1,A,6,GBP
OECD.SDD.NAD:DSD_NAMAIN1@DF_QNA(1.1),Q,Y,GBR,S1,S1,P7,_Z,_Z,_Z,XDC,V,N,T0102,1976-Q3,9770,,,F,1,A,6,GBP
OECD.SDD.NAD:DSD_NAMAIN1@DF_QNA(1.1),Q,Y,GBR,S1,S1,P7,_Z,_Z,_Z,XDC,V,N,T0102,1976-Q2,9227,,,F,1,A,6,GBP
OECD.SDD.NAD:DSD_NAMAIN1@DF_QNA(1.1),Q,Y,GBR,S1,S1,P7,_Z,_Z,_Z,XDC,V,N,T0102,1976-Q1,7911,,,F,1,A,6,GBP
OECD.SDD.NAD:DSD_NAMAIN1@DF_QNA(1.1),Q,Y,GBR,S1,S1,B1GQ,_Z,_Z,_Z,XDC,V,N,T0102,1970-Q1,13223,,,F,1,A,6,GBP
OECD.SDD.NAD:DSD_NAMAIN1@DF_QNA(1.1),Q,Y,GBR,S1,S1,B1GQ,_Z,_Z,_Z,XDC,V,N,T0102,1970-Q2,13806,,,F,1,A,6,GBP
OECD.SDD.NAD:DSD_NAMAIN1@DF_QNA(1.1),Q,Y,GBR,S1,S1,P7,_Z,_Z,_Z,XDC,V,N,T0102,1970-Q4,3039,,,F,1,A,6,GBP
OECD.SDD.NAD:DSD_NAMAIN1@DF_QNA(1.1),Q,Y,GBR,S1,S1,P7,_Z,_Z,_Z,XDC,V,N,T0102,1970-Q3,2860,,,F,1,A,6,GBP
OECD.SDD.NAD:DSD_NAMAIN1@DF_QNA(1.1),Q,Y,GBR,S1,S1,P7,_Z,_Z,_Z,XDC,V,N,T0102,1970-Q2,2813,,,F,1,A,6,GBP
OECD.SDD.NAD:DSD_NAMAIN1@DF_QNA(1.1),Q,Y,GBR,S1,S1,P7,_Z,_Z,_Z,XDC,V,N,T0102,1970-Q1,2658,,,F,1,A,6,GBP
OECD.SDD.NAD:DSD_NAMAIN1@DF_QNA(1.1),Q,Y,GBR,S1,S1,P7,_Z,_Z,_Z,XDC,V,N,T0102,1969-Q4,2624,,,F,1,A,6,GBP
OECD.SDD.NAD:DSD_NAMAIN1@DF_QNA(1.1),Q,Y,GBR,S1,S1,P7,_Z,_Z,_Z,XDC,V,N,T0102,1969-Q3,2516,,,F,1,A,6,GBP
OECD.SDD.NAD:DSD_NAMAIN1@DF_QNA(1.1),Q,Y,GBR,S1,S1,P7,_Z,_Z,_Z,XDC,V,N,T0102,1969-Q2,2512,,,F,1,A,6,GBP
OECD.SDD.NAD:DSD_NAMAIN1@DF_QNA(1.1),Q,Y,GBR,S1,S1,P7,_Z,_Z,_Z,XDC,V,N,T0102,1974-Q1,6286,,,F,1,A,6,GBP
OECD.SDD.NAD:DSD_NAMAIN1@DF_QNA(1.1),Q,Y,GBR,S1,S1,P7,_Z,_Z,_Z,XDC,V,N,T0102,1973-Q4,5579,,,F,1,A,6,GBP
OECD.SDD.NAD:DSD_NAMAIN1@DF_QNA(1.1),Q,Y,GBR,S1,S1,P7,_Z,_Z,_Z,XDC,V,N,T0102,2021-Q1,158607,,,F,1,A,6,GBP
OECD.SDD.NAD:DSD_NAMAIN1@DF_QNA(1.1),Q,Y,GBR,S1,S1,P7,_Z,_Z,_Z,XDC,V,N,T0102,2022-Q1,213074,,,F,1,A,6,GBP
OECD.SDD.NAD:DSD_NAMAIN1@DF_QNA(1.1),Q,Y,GBR,S1,S1,P7,_Z,_Z,_Z,XDC,V,N,T0102,2021-Q4,187241,,,F,1,A,6,GBP
OECD.SDD.NAD:DSD_NAMAIN1@DF_QNA(1.1),Q,Y,GBR,S1,S1,P7,_Z,_Z,_Z,XDC,V,N,T0102,2021-Q3,172794,,,F,1,A,6,GBP
OECD.SDD.NAD:DSD_NAMAIN1@DF_QNA(1.1),Q,Y,GBR,S1,S1,P7,_Z,_Z,_Z,XDC,V,N,T0102,2021-Q2,160710,,,F,1,A,6,GBP
OECD.SDD.NAD:DSD_NAMAIN1@DF_QNA(1.1),Q,Y,GBR,S1,S1,P7,_Z,_Z,_Z,XDC,V,N,T0102,2004-Q1,83717,,,F,1,A,6,GBP
OECD.SDD.NAD:DSD_NAMAIN1@DF_QNA(1.1),Q,Y,GBR,S1,S1,P7,_Z,_Z,_Z,XDC,V,N,T0102,2003-Q4,84058,,,F,1,A,6,GBP
OECD.SDD.NAD:DSD_NAMAIN1@DF_QNA(1.1),Q,Y,GBR,S1,S1,P7,_Z,_Z,_Z,XDC,V,N,T0102,2002-Q2,81663,,,F,1,A,6,GBP
OECD.SDD.NAD:DSD_NAMAIN1@DF_QNA(1.1),Q,Y,GBR,S1,S1,B1GQ,_Z,_Z,_Z,XDC,V,N,T0102,2022-Q1,623014,,,F,1,A,6,GBP
OECD.SDD.NAD:DSD_NAMAIN1@DF_QNA(1.1),Q,Y,GBR,S1,S1,B1GQ,_Z,_Z,_Z,XDC,V,N,T0102,2022-Q2,639293,,,F,1,A,6,GBP
OECD.SDD.NAD:DSD_NAMAIN1@DF_QNA(1.1),Q,Y,GBR,S1,S1,B1GQ,_Z,_Z,_Z,XDC,V,N,T0102,2022-Q3,650233,,,F,1,A,6,GBP
OECD.SDD.NAD:DSD_NAMAIN1@DF_QNA(1.1),Q,Y,GBR,S1,S1,B1GQ,_Z,_Z,_Z,XDC,V,N,T0102,2022-Q4,668409,,,F,1,A,6,GBP
OECD.SDD.NAD:DSD_NAMAIN1@DF_QNA(1.1),Q,Y,GBR,S1,S1,B1GQ,_Z,_Z,_Z,XDC,V,N,T0102,2023-Q1,679194,,,F,1,A,6,GBP
OECD.SDD.NAD:DSD_NAMAIN1@DF_QNA(1.1),Q,Y,GBR,S1,S1,B1GQ,_Z,_Z,_Z,XDC,V,N,T0102,2023-Q2,689618,,,F,1,A,6,GBP
OECD.SDD.NAD:DSD_NAMAIN1@DF_QNA(1.1),Q,Y,GBR,S1,S1,B1GQ,_Z,_Z,_Z,XDC,V,N,T0102,2023-Q3,692982,,,F,1,A,6,GBP
OECD.SDD.NAD:DSD_NAMAIN1@DF_QNA(1.1),Q,Y,GBR,S1,S1,B1GQ,_Z,_Z,_Z,XDC,V,N,T0102,2023-Q4,690370,,,F,1,A,6,GBP
OECD.SDD.NAD:DSD_NAMAIN1@DF_QNA(1.1),Q,Y,GBR,S1,S1,B1GQ,_Z,_Z,_Z,XDC,V,N,T0102,2008-Q2,402687,,,F,1,A,6,GBP
OECD.SDD.NAD:DSD_NAMAIN1@DF_QNA(1.1),Q,Y,GBR,S1,S1,B1GQ,_Z,_Z,_Z,XDC,V,N,T0102,2009-Q3,391179,,,F,1,A,6,GBP
OECD.SDD.NAD:DSD_NAMAIN1@DF_QNA(1.1),Q,Y,GBR,S1,S1,B1GQ,_Z,_Z,_Z,XDC,V,N,T0102,2009-Q4,389300,,,F,1,A,6,GBP
OECD.SDD.NAD:DSD_NAMAIN1@DF_QNA(1.1),Q,Y,GBR,S1,S1,B1GQ,_Z,_Z,_Z,XDC,V,N,T0102,2010-Q4,408599,,,F,1,A,6,GBP
OECD.SDD.NAD:DSD_NAMAIN1@DF_QNA(1.1),Q,Y,GBR,S1,S1,B1GQ,_Z,_Z,_Z,XDC,V,N,T0102,2011-Q4,421265,,,F,1,A,6,GBP
OECD.SDD.NAD:DSD_NAMAIN1@DF_QNA(1.1),Q,Y,GBR,S1,S1,B1GQ,_Z,_Z,_Z,XDC,V,N,T0102,2012-Q1,426653,,,F,1,A,6,GBP
OECD.SDD.NAD:DSD_NAMAIN1@DF_QNA(1.1),Q,Y,GBR,S1,S1,B1GQ,_Z,_Z,_Z,XDC,V,N,T0102,2014-Q4,475602,,,F,1,A,6,GBP
OECD.SDD.NAD:DSD_NAMAIN1@DF_QNA(1.1),Q,Y,GBR,S1,S1,B1GQ,_Z,_Z,_Z,XDC,V,N,T0102,2015-Q1,478016,,,F,1,A,6,GBP
OECD.SDD.NAD:DSD_NAMAIN1@DF_QNA(1.1),Q,Y,GBR,S1,S1,B1GQ,_Z,_Z,_Z,XDC,V,N,T0102,2016-Q2,497056,,,F,1,A,6,GBP
OECD.SDD.NAD:DSD_NAMAIN1@DF_QNA(1.1),Q,Y,GBR,S1,S1,B1GQ,_Z,_Z,_Z,XDC,V,N,T0102,2016-Q3,504373,,,F,1,A,6,GBP
OECD.SDD.NAD:DSD_NAMAIN1@DF_QNA(1.1),Q,Y,GBR,S1,S1,B1GQ,_Z,_Z,_Z,XDC,V,N,T0102,2020-Q4,543809,,,F,1,A,6,GBP
OECD.SDD.NAD:DSD_NAMAIN1@DF_QNA(1.1),Q,Y,GBR,S1,S1,B1GQ,_Z,_Z,_Z,XDC,V,N,T0102,2021-Q1,545116,,,F,1,A,6,GBP
OECD.SDD.NAD:DSD_NAMAIN1@DF_QNA(1.1),Q,Y,GBR,S1,S1,B1GQ,_Z,_Z,_Z,XDC,V,N,T0102,2021-Q2,576525,,,F,1,A,6,GBP
OECD.SDD.NAD:DSD_NAMAIN1@DF_QNA(1.1),Q,Y,GBR,S1,S1,B1GQ,_Z,_Z,_Z,XDC,V,N,T0102,2021-Q3,592707,,,F,1,A,6,GBP
OECD.SDD.NAD:DSD_NAMAIN1@DF_QNA(1.1),Q,Y,GBR,S1,S1,P7,_Z,_Z,_Z,XDC,V,N,T0102,1955-Q1,1149,,,F,1,A,6,GBP
OECD.SDD.NAD:DSD_NAMAIN1@DF_QNA(1.1),Q,Y,GBR,S1,S1,P7,_Z,_Z,_Z,XDC,V,N,T0102,1969-Q1,2504,,,F,1,A,6,GBP
OECD.SDD.NAD:DSD_NAMAIN1@DF_QNA(1.1),Q,Y,GBR,S1,S1,P7,_Z,_Z,_Z,XDC,V,N,T0102,1968-Q4,2442,,,F,1,A,6,GBP
OECD.SDD.NAD:DSD_NAMAIN1@DF_QNA(1.1),Q,Y,GBR,S1,S1,P7,_Z,_Z,_Z,XDC,V,N,T0102,1968-Q3,2431,,,F,1,A,6,GBP
OECD.SDD.NAD:DSD_NAMAIN1@DF_QNA(1.1),Q,Y,GBR,S1,S1,P7,_Z,_Z,_Z,XDC,V,N,T0102,1968-Q2,2341,,,F,1,A,6,GBP
OECD.SDD.NAD:DSD_NAMAIN1@DF_QNA(1.1),Q,Y,GBR,S1,S1,P7,_Z,_Z,_Z,XDC,V,N,T0102,1968-Q1,2357,,,F,1,A,6,GBP
OECD.SDD.NAD:DSD_NAMAIN1@DF_QNA(1.1),Q,Y,GBR,S1,S1,P7,_Z,_Z,_Z,XDC,V,N,T0102,1967-Q4,2147,,,F,1,A,6,GBP
OECD.SDD.NAD:DSD_NAMAIN1@DF_QNA(1.1),Q,Y,GBR,S1,S1,P7,_Z,_Z,_Z,XDC,V,N,T0102,1967-Q3,1976,,,F,1,A,6,GBP
OECD.SDD.NAD:DSD_NAMAIN1@DF_QNA(1.1),Q,Y,GBR,S1,S1,B1GQ,_Z,_Z,_Z,XDC,V,N,T0102,1996-Q1,222304,,,F,1,A,6,GBP
OECD.SDD.NAD:DSD_NAMAIN1@DF_QNA(1.1),Q,Y,GBR,S1,S1,B1GQ,_Z,_Z,_Z,XDC,V,N,T0102,1996-Q2,227104,,,F,1,A,6,GBP
OECD.SDD.NAD:DSD_NAMAIN1@DF_QNA(1.1),Q,Y,GBR,S1,S1,B1GQ,_Z,_Z,_Z,XDC,V,N,T0102,2002-Q2,297001,,,F,1,A,6,GBP
OECD.SDD.NAD:DSD_NAMAIN1@DF_QNA(1.1),Q,Y,GBR,S1,S1,B1GQ,_Z,_Z,_Z,XDC,V,N,T0102,2003-Q4,322428,,,F,1,A,6,GBP
OECD.SDD.NAD:DSD_NAMAIN1@DF_QNA(1.1),Q,Y,GBR,S1,S1,B1GQ,_Z,_Z,_Z,XDC,V,N,T0102,2004-Q1,324300,,,F,1,A,6,GBP
OECD.SDD.NAD:DSD_NAMAIN1@DF_QNA(1.1),Q,Y,GBR,S1,S1,B1GQ,_Z,_Z,_Z,XDC,V,N,T0102,2006-Q3,372582,,,F,1,A,6,GBP
OECD.SDD.NAD:DSD_NAMAIN1@DF_QNA(1.1),Q,Y,GBR,S1,S1,B1GQ,_Z,_Z,_Z,XDC,V,N,T0102,2006-Q4,374381,,,F,1,A,6,GBP
OECD.SDD.NAD:DSD_NAMAIN1@DF_QNA(1.1),Q,Y,GBR,S1,S1,B1GQ,_Z,_Z,_Z,XDC,V,N,T0102,2008-Q1,399716,,,F,1,A,6,GBP
OECD.SDD.NAD:DSD_NAMAIN1@DF_QNA(1.1),Q,Y,GBR,S1,S1,B1GQ,_Z,_Z,_Z,XDC,V,N,T0102,1998-Q1,247175,,,F,1,A,6,GBP
OECD.SDD.NAD:DSD_NAMAIN1@DF_QNA(1.1),Q,Y,GBR,S1,S1,B1GQ,_Z,_Z,_Z,XDC,V,N,T0102,2001-Q4,289882,,,F,1,A,6,GBP
OECD.SDD.NAD:DSD_NAMAIN1@DF_QNA(1.1),Q,Y,GBR,S1,S1,B1GQ,_Z,_Z,_Z,XDC,V,N,T0102,2002-Q1,293878,,,F,1,A,6,GBP
OECD.SDD.NAD:DSD_NAMAIN1@DF_QNA(1.1),Q,Y,GBR,S1,S1,B1GQ,_Z,_Z,_Z,XDC,V,N,T0102,2003-Q1,307576,,,F,1,A,6,GBP
OECD.SDD.NAD:DSD_NAMAIN1@DF_QNA(1.1),Q,Y,GBR,S1,S1,B1GQ,_Z,_Z,_Z,XDC,V,N,T0102,2005-Q2,349602,,,F,1,A,6,GBP
OECD.SDD.NAD:DSD_NAMAIN1@DF_QNA(1.1),Q,Y,GBR,S1,S1,B1GQ,_Z,_Z,_Z,XDC,V,N,T0102,2005-Q3,353424,,,F,1,A,6,GBP
OECD.SDD.NAD:DSD_NAMAIN1@DF_QNA(1.1),Q,Y,GBR,S1,S1,B1GQ,_Z,_Z,_Z,XDC,V,N,T0102,2007-Q1,378672,,,F,1,A,6,GBP
OECD.SDD.NAD:DSD_NAMAIN1@DF_QNA(1.1),Q,Y,GBR,S1,S1,B1GQ,_Z,_Z,_Z,XDC,V,N,T0102,2008-Q3,402137,,,F,1,A,6,GBP
OECD.SDD.NAD:DSD_NAMAIN1@DF_QNA(1.1),Q,Y,GBR,S1,S1,B1GQ,_Z,_Z,_Z,XDC,V,N,T0102,2009-Q2,389151,,,F,1,A,6,GBP
OECD.SDD.NAD:DSD_NAMAIN1@DF_QNA(1.1),Q,Y,GBR,S1,S1,B1GQ,_Z,_Z,_Z,XDC,V,N,T0102,2010-Q2,402937,,,F,1,A,6,GBP
OECD.SDD.NAD:DSD_NAMAIN1@DF_QNA(1.1),Q,Y,GBR,S1,S1,B1GQ,_Z,_Z,_Z,XDC,V,N,T0102,2003-Q2,313623,,,F,1,A,6,GBP
OECD.SDD.NAD:DSD_NAMAIN1@DF_QNA(1.1),Q,Y,GBR,S1,S1,B1GQ,_Z,_Z,_Z,XDC,V,N,T0102,1996-Q3,230833,,,F,1,A,6,GBP
OECD.SDD.NAD:DSD_NAMAIN1@DF_QNA(1.1),Q,Y,GBR,S1,S1,B1GQ,_Z,_Z,_Z,XDC,V,N,T0102,1996-Q4,233368,,,F,1,A,6,GBP
OECD.SDD.NAD:DSD_NAMAIN1@DF_QNA(1.1),Q,Y,GBR,S1,S1,B1GQ,_Z,_Z,_Z,XDC,V,N,T0102,1997-Q1,233344,,,F,1,A,6,GBP
OECD.SDD.NAD:DSD_NAMAIN1@DF_QNA(1.1),Q,Y,GBR,S1,S1,B1GQ,_Z,_Z,_Z,XDC,V,N,T0102,1997-Q2,237250,,,F,1,A,6,GBP
OECD.SDD.NAD:DSD_NAMAIN1@DF_QNA(1.1),Q,Y,GBR,S1,S1,B1GQ,_Z,_Z,_Z,XDC,V,N,T0102,1997-Q3,245353,,,F,1,A,6,GBP
OECD.SDD.NAD:DSD_NAMAIN1@DF_QNA(1.1),Q,Y,GBR,S1,S1,B1GQ,_Z,_Z,_Z,XDC,V,N,T0102,1997-Q4,242592,,,F,1,A,6,GBP
OECD.SDD.NAD:DSD_NAMAIN1@DF_QNA(1.1),Q,Y,GBR,S1,S1,B1GQ,_Z,_Z,_Z,XDC,V,N,T0102,2007-Q2,387949,,,F,1,A,6,GBP
OECD.SDD.NAD:DSD_NAMAIN1@DF_QNA(1.1),Q,Y,GBR,S1,S1,B1GQ,_Z,_Z,_Z,XDC,V,N,T0102,2007-Q3,390894,,,F,1,A,6,GBP
OECD.SDD.NAD:DSD_NAMAIN1@DF_QNA(1.1),Q,Y,GBR,S1,S1,B1GQ,_Z,_Z,_Z,XDC,V,N,T0102,2008-Q4,397677,,,F,1,A,6,GBP
OECD.SDD.NAD:DSD_NAMAIN1@DF_QNA(1.1),Q,Y,GBR,S1,S1,B1GQ,_Z,_Z,_Z,XDC,V,N,T0102,2014-Q3,474115,,,F,1,A,6,GBP
OECD.SDD.NAD:DSD_NAMAIN1@DF_QNA(1.1),Q,Y,GBR,S1,S1,B1GQ,_Z,_Z,_Z,XDC,V,N,T0102,2016-Q1,492644,,,F,1,A,6,GBP
OECD.SDD.NAD:DSD_NAMAIN1@DF_QNA(1.1),Q,Y,GBR,S1,S1,B1GQ,_Z,_Z,_Z,XDC,V,N,T0102,2017-Q3,525161,,,F,1,A,6,GBP
OECD.SDD.NAD:DSD_NAMAIN1@DF_QNA(1.1),Q,Y,GBR,S1,S1,B1GQ,_Z,_Z,_Z,XDC,V,N,T0102,2018-Q3,545160,,,F,1,A,6,GBP
OECD.SDD.NAD:DSD_NAMAIN1@DF_QNA(1.1),Q,Y,GBR,S1,S1,B1GQ,_Z,_Z,_Z,XDC,V,N,T0102,2018-Q4,550517,,,F,1,A,6,GBP
OECD.SDD.NAD:DSD_NAMAIN1@DF_QNA(1.1),Q,Y,GBR,S1,S1,B1GQ,_Z,_Z,_Z,XDC,V,N,T0102,2019-Q2,560995,,,F,1,A,6,GBP
OECD.SDD.NAD:DSD_NAMAIN1@DF_QNA(1.1),Q,Y,GBR,S1,S1,B1GQ,_Z,_Z,_Z,XDC,V,N,T0102,2019-Q3,567451,,,F,1,A,6,GBP
OECD.SDD.NAD:DSD_NAMAIN1@DF_QNA(1.1),Q,Y,GBR,S1,S1,B1GQ,_Z,_Z,_Z,XDC,V,N,T0102,2013-Q3,450725,,,F,1,A,6,GBP
OECD.SDD.NAD:DSD_NAMAIN1@DF_QNA(1.1),Q,Y,GBR,S1,S1,B1GQ,_Z,_Z,_Z,XDC,V,N,T0102,2002-Q3,299863,,,F,1,A,6,GBP
OECD.SDD.NAD:DSD_NAMAIN1@DF_QNA(1.1),Q,Y,GBR,S1,S1,B1GQ,_Z,_Z,_Z,XDC,V,N,T0102,2002-Q4,303904,,,F,1,A,6,GBP
OECD.SDD.NAD:DSD_NAMAIN1@DF_QNA(1.1),Q,Y,GBR,S1,S1,B1GQ,_Z,_Z,_Z,XDC,V,N,T0102,2003-Q3,318875,,,F,1,A,6,GBP
OECD.SDD.NAD:DSD_NAMAIN1@DF_QNA(1.1),Q,Y,GBR,S1,S1,B1GQ,_Z,_Z,_Z,XDC,V,N,T0102,2005-Q4,358384,,,F,1,A,6,GBP
OECD.SDD.NAD:DSD_NAMAIN1@DF_QNA(1.1),Q,Y,GBR,S1,S1,B1GQ,_Z,_Z,_Z,XDC,V,N,T0102,1998-Q2,249234,,,F,1,A,6,GBP
OECD.SDD.NAD:DSD_NAMAIN1@DF_QNA(1.1),Q,Y,GBR,S1,S1,B1GQ,_Z,_Z,_Z,XDC,V,N,T0102,1999-Q2,258836,,,F,1,A,6,GBP
OECD.SDD.NAD:DSD_NAMAIN1@DF_QNA(1.1),Q,Y,GBR,S1,S1,P7,_Z,_Z,_Z,XDC,V,N,T0102,1992-Q3,38762,,,F,1,A,6,GBP
OECD.SDD.NAD:DSD_NAMAIN1@DF_QNA(1.1),Q,Y,GBR,S1,S1,P7,_Z,_Z,_Z,XDC,V,N,T0102,2005-Q1,90956,,,F,1,A,6,GBP
OECD.SDD.NAD:DSD_NAMAIN1@DF_QNA(1.1),Q,Y,GBR,S1,S1,P7,_Z,_Z,_Z,XDC,V,N,T0102,2004-Q4,91089,,,F,1,A,6,GBP
OECD.SDD.NAD:DSD_NAMAIN1@DF_QNA(1.1),Q,Y,GBR,S1,S1,P7,_Z,_Z,_Z,XDC,V,N,T0102,2004-Q3,88387,,,F,1,A,6,GBP
OECD.SDD.NAD:DSD_NAMAIN1@DF_QNA(1.1),Q,Y,GBR,S1,S1,P7,_Z,_Z,_Z,XDC,V,N,T0102,2004-Q2,85899,,,F,1,A,6,GBP
OECD.SDD.NAD:DSD_NAMAIN1@DF_QNA(1.1),Q,Y,GBR,S1,S1,P7,_Z,_Z,_Z,XDC,V,N,T0102,2001-Q2,79720,,,F,1,A,6,GBP
OECD.SDD.NAD:DSD_NAMAIN1@DF_QNA(1.1),Q,Y,GBR,S1,S1,P7,_Z,_Z,_Z,XDC,V,N,T0102,2000-Q1,69976,,,F,1,A,6,GBP
OECD.SDD.NAD:DSD_NAMAIN1@DF_QNA(1.1),Q,Y,GBR,S1,S1,P7,_Z,_Z,_Z,XDC,V,N,T0102,2001-Q1,79672,,,F,1,A,6,GBP
OECD.SDD.NAD:DSD_NAMAIN1@DF_QNA(1.1),Q,Y,GBR,S1,S1,P7,_Z,_Z,_Z,XDC,V,N,T0102,1999-Q4,68464,,,F,1,A,6,GBP
OECD.SDD.NAD:DSD_NAMAIN1@DF_QNA(1.1),Q,Y,GBR,S1,S1,P7,_Z,_Z,_Z,XDC,V,N,T0102,1999-Q2,64644,,,F,1,A,6,GBP
OECD.SDD.NAD:DSD_NAMAIN1@DF_QNA(1.1),Q,Y,GBR,S1,S1,P7,_Z,_Z,_Z,XDC,V,N,T0102,1999-Q1,64212,,,F,1,A,6,GBP
OECD.SDD.NAD:DSD_NAMAIN1@DF_QNA(1.1),Q,Y,GBR,S1,S1,P7,_Z,_Z,_Z,XDC,V,N,T0102,1998-Q4,62489,,,F,1,A,6,GBP
OECD.SDD.NAD:DSD_NAMAIN1@DF_QNA(1.1),Q,Y,GBR,S1,S1,B1GQ,_Z,_Z,_Z,XDC,V,N,T0102,1990-Q3,170618,,,F,1,A,6,GBP
OECD.SDD.NAD:DSD_NAMAIN1@DF_QNA(1.1),Q,Y,GBR,S1,S1,B1GQ,_Z,_Z,_Z,XDC,V,N,T0102,1990-Q4,171505,,,F,1,A,6,GBP
OECD.SDD.NAD:DSD_NAMAIN1@DF_QNA(1.1),Q,Y,GBR,S1,S1,B1GQ,_Z,_Z,_Z,XDC,V,N,T0102,1991-Q1,173745,,,F,1,A,6,GBP
OECD.SDD.NAD:DSD_NAMAIN1@DF_QNA(1.1),Q,Y,GBR,S1,S1,B1GQ,_Z,_Z,_Z,XDC,V,N,T0102,1991-Q2,176366,,,F,1,A,6,GBP
OECD.SDD.NAD:DSD_NAMAIN1@DF_QNA(1.1),Q,Y,GBR,S1,S1,B1GQ,_Z,_Z,_Z,XDC,V,N,T0102,1991-Q3,177818,,,F,1,A,6,GBP
OECD.SDD.NAD:DSD_NAMAIN1@DF_QNA(1.1),Q,Y,GBR,S1,S1,B1GQ,_Z,_Z,_Z,XDC,V,N,T0102,1991-Q4,180143,,,F,1,A,6,GBP
OECD.SDD.NAD:DSD_NAMAIN1@DF_QNA(1.1),Q,Y,GBR,S1,S1,B1GQ,_Z,_Z,_Z,XDC,V,N,T0102,1992-Q1,182024,,,F,1,A,6,GBP
OECD.SDD.NAD:DSD_NAMAIN1@DF_QNA(1.1),Q,Y,GBR,S1,S1,B1GQ,_Z,_Z,_Z,XDC,V,N,T0102,1992-Q2,182472,,,F,1,A,6,GBP
OECD.SDD.NAD:DSD_NAMAIN1@DF_QNA(1.1),Q,Y,GBR,S1,S1,B1GQ,_Z,_Z,_Z,XDC,V,N,T0102,2010-Q3,406177,,,F,1,A,6,GBP
OECD.SDD.NAD:DSD_NAMAIN1@DF_QNA(1.1),Q,Y,GBR,S1,S1,B1GQ,_Z,_Z,_Z,XDC,V,N,T0102,2013-Q1,440038,,,F,1,A,6,GBP
OECD.SDD.NAD:DSD_NAMAIN1@DF_QNA(1.1),Q,Y,GBR,S1,S1,B1GQ,_Z,_Z,_Z,XDC,V,N,T0102,2014-Q1,460682,,,F,1,A,6,GBP
OECD.SDD.NAD:DSD_NAMAIN1@DF_QNA(1.1),Q,Y,GBR,S1,S1,B1GQ,_Z,_Z,_Z,XDC,V,N,T0102,2014-Q2,464667,,,F,1,A,6,GBP
OECD.SDD.NAD:DSD_NAMAIN1@DF_QNA(1.1),Q,Y,GBR,S1,S1,B1GQ,_Z,_Z,_Z,XDC,V,N,T0102,2015-Q3,482690,,,F,1,A,6,GBP
OECD.SDD.NAD:DSD_NAMAIN1@DF_QNA(1.1),Q,Y,GBR,S1,S1,B1GQ,_Z,_Z,_Z,XDC,V,N,T0102,2015-Q4,487928,,,F,1,A,6,GBP
OECD.SDD.NAD:DSD_NAMAIN1@DF_QNA(1.1),Q,Y,GBR,S1,S1,B1GQ,_Z,_Z,_Z,XDC,V,N,T0102,2016-Q4,510682,,,F,1,A,6,GBP
OECD.SDD.NAD:DSD_NAMAIN1@DF_QNA(1.1),Q,Y,GBR,S1,S1,B1GQ,_Z,_Z,_Z,XDC,V,N,T0102,2018-Q2,540719,,,F,1,A,6,GBP
OECD.SDD.NAD:DSD_NAMAIN1@DF_QNA(1.1),Q,Y,GBR,S1,S1,B1GQ,_Z,_Z,_Z,XDC,V,N,T0102,2024-Q1,705040,,,F,1,A,6,GBP
OECD.SDD.NAD:DSD_NAMAIN1@DF_QNA(1.1),Q,Y,GBR,S1,S1,B1GQ,_Z,_Z,_Z,XDC,V,N,T0102,2024-Q2,717844,,,F,1,A,6,GBP
OECD.SDD.NAD:DSD_NAMAIN1@DF_QNA(1.1),Q,Y,GBR,S1,S1,B1GQ,_Z,_Z,_Z,XDC,V,N,T0102,2024-Q3,730062,,,F,1,A,6,GBP
OECD.SDD.NAD:DSD_NAMAIN1@DF_QNA(1.1),Q,Y,GBR,S1,S1,P7,_Z,_Z,_Z,XDC,V,N,T0102,1987-Q2,28146,,,F,1,A,6,GBP
OECD.SDD.NAD:DSD_NAMAIN1@DF_QNA(1.1),Q,Y,GBR,S1,S1,P7,_Z,_Z,_Z,XDC,V,N,T0102,1987-Q1,27212,,,F,1,A,6,GBP
OECD.SDD.NAD:DSD_NAMAIN1@DF_QNA(1.1),Q,Y,GBR,S1,S1,P7,_Z,_Z,_Z,XDC,V,N,T0102,1986-Q4,27421,,,F,1,A,6,GBP
OECD.SDD.NAD:DSD_NAMAIN1@DF_QNA(1.1),Q,Y,GBR,S1,S1,P7,_Z,_Z,_Z,XDC,V,N,T0102,1986-Q3,25985,,,F,1,A,6,GBP
OECD.SDD.NAD:DSD_NAMAIN1@DF_QNA(1.1),Q,Y,GBR,S1,S1,P7,_Z,_Z,_Z,XDC,V,N,T0102,1986-Q2,25418,,,F,1,A,6,GBP
OECD.SDD.NAD:DSD_NAMAIN1@DF_QNA(1.1),Q,Y,GBR,S1,S1,P7,_Z,_Z,_Z,XDC,V,N,T0102,1986-Q1,24889,,,F,1,A,6,GBP
OECD.SDD.NAD:DSD_NAMAIN1@DF_QNA(1.1),Q,Y,GBR,S1,S1,P7,_Z,_Z,_Z,XDC,V,N,T0102,1985-Q4,24410,,,F,1,A,6,GBP
OECD.SDD.NAD:DSD_NAMAIN1@DF_QNA(1.1),Q,Y,GBR,S1,S1,P7,_Z,_Z,_Z,XDC,V,N,T0102,1985-Q3,24241,,,F,1,A,6,GBP
OECD.SDD.NAD:DSD_NAMAIN1@DF_QNA(1.1),Q,Y,GBR,S1,S1,P7,_Z,_Z,_Z,XDC,V,N,T0102,1985-Q2,25667,,,F,1,A,6,GBP
OECD.SDD.NAD:DSD_NAMAIN1@DF_QNA(1.1),Q,Y,GBR,S1,S1,P7,_Z,_Z,_Z,XDC,V,N,T0102,1985-Q1,27022,,,F,1,A,6,GBP
OECD.SDD.NAD:DSD_NAMAIN1@DF_QNA(1.1),Q,Y,GBR,S1,S1,P7,_Z,_Z,_Z,XDC,V,N,T0102,1984-Q4,25884,,,F,1,A,6,GBP
OECD.SDD.NAD:DSD_NAMAIN1@DF_QNA(1.1),Q,Y,GBR,S1,S1,B1GQ,_Z,_Z,_Z,XDC,V,N,T0102,1961-Q2,6883,,,F,1,A,6,GBP
OECD.SDD.NAD:DSD_NAMAIN1@DF_QNA(1.1),Q,Y,GBR,S1,S1,B1GQ,_Z,_Z,_Z,XDC,V,N,T0102,1961-Q3,7121,,,F,1,A,6,GBP
OECD.SDD.NAD:DSD_NAMAIN1@DF_QNA(1.1),Q,Y,GBR,S1,S1,B1GQ,_Z,_Z,_Z,XDC,V,N,T0102,1961-Q4,7037,,,F,1,A,6,GBP
OECD.SDD.NAD:DSD_NAMAIN1@DF_QNA(1.1),Q,Y,GBR,S1,S1,B1GQ,_Z,_Z,_Z,XDC,V,N,T0102,1962-Q1,7134,,,F,1,A,6,GBP
OECD.SDD.NAD:DSD_NAMAIN1@DF_QNA(1.1),Q,Y,GBR,S1,S1,B1GQ,_Z,_Z,_Z,XDC,V,N,T0102,1962-Q2,7309,,,F,1,A,6,GBP
OECD.SDD.NAD:DSD_NAMAIN1@DF_QNA(1.1),Q,Y,GBR,S1,S1,B1GQ,_Z,_Z,_Z,XDC,V,N,T0102,1962-Q3,7383,,,F,1,A,6,GBP
OECD.SDD.NAD:DSD_NAMAIN1@DF_QNA(1.1),Q,Y,GBR,S1,S1,B1GQ,_Z,_Z,_Z,XDC,V,N,T0102,1962-Q4,7416,,,F,1,A,6,GBP
OECD.SDD.NAD:DSD_NAMAIN1@DF_QNA(1.1),Q,Y,GBR,S1,S1,B1GQ,_Z,_Z,_Z,XDC,V,N,T0102,1963-Q1,7367,,,F,1,A,6,GBP
OECD.SDD.NAD:DSD_NAMAIN1@DF_QNA(1.1),Q,Y,GBR,S1,S1,B1GQ,_Z,_Z,_Z,XDC,V,N,T0102,1963-Q2,7752,,,F,1,A,6,GBP
OECD.SDD.NAD:DSD_NAMAIN1@DF_QNA(1.1),Q,Y,GBR,S1,S1,B1GQ,_Z,_Z,_Z,XDC,V,N,T0102,1963-Q3,7871,,,F,1,A,6,GBP
OECD.SDD.NAD:DSD_NAMAIN1@DF_QNA(1.1),Q,Y,GBR,S1,S1,B1GQ,_Z,_Z,_Z,XDC,V,N,T0102,1963-Q4,8117,,,F,1,A,6,GBP
OECD.SDD.NAD:DSD_NAMAIN1@DF_QNA(1.1),Q,Y,GBR,S1,S1,B1GQ,_Z,_Z,_Z,XDC,V,N,T0102,1964-Q1,8144,,,F,1,A,6,GBP
OECD.SDD.NAD:DSD_NAMAIN1@DF_QNA(1.1),Q,Y,GBR,S1,S1,B1GQ,_Z,_Z,_Z,XDC,V,N,T0102,1964-Q2,8435,,,F,1,A,6,GBP
OECD.SDD.NAD:DSD_NAMAIN1@DF_QNA(1.1),Q,Y,GBR,S1,S1,B1GQ,_Z,_Z,_Z,XDC,V,N,T0102,1964-Q3,8620,,,F,1,A,6,GBP
OECD.SDD.NAD:DSD_NAMAIN1@DF_QNA(1.1),Q,Y,GBR,S1,S1,B1GQ,_Z,_Z,_Z,XDC,V,N,T0102,1964-Q4,8857,,,F,1,A,6,GBP
OECD.SDD.NAD:DSD_NAMAIN1@DF_QNA(1.1),Q,Y,GBR,S1,S1,B1GQ,_Z,_Z,_Z,XDC,V,N,T0102,1965-Q1,9021,,,F,1,A,6,GBP
OECD.SDD.NAD:DSD_NAMAIN1@DF_QNA(1.1),Q,Y,GBR,S1,S1,B1GQ,_Z,_Z,_Z,XDC,V,N,T0102,1965-Q2,9065,,,F,1,A,6,GBP
OECD.SDD.NAD:DSD_NAMAIN1@DF_QNA(1.1),Q,Y,GBR,S1,S1,B1GQ,_Z,_Z,_Z,XDC,V,N,T0102,1965-Q3,9286,,,F,1,A,6,GBP
OECD.SDD.NAD:DSD_NAMAIN1@DF_QNA(1.1),Q,Y,GBR,S1,S1,B1GQ,_Z,_Z,_Z,XDC,V,N,T0102,1965-Q4,9467,,,F,1,A,6,GBP
OECD.SDD.NAD:DSD_NAMAIN1@DF_QNA(1.1),Q,Y,GBR,S1,S1,B1GQ,_Z,_Z,_Z,XDC,V,N,T0102,1966-Q1,9609,,,F,1,A,6,GBP
OECD.SDD.NAD:DSD_NAMAIN1@DF_QNA(1.1),Q,Y,GBR,S1,S1,B1GQ,_Z,_Z,_Z,XDC,V,N,T0102,1966-Q2,9775,,,F,1,A,6,GBP
OECD.SDD.NAD:DSD_NAMAIN1@DF_QNA(1.1),Q,Y,GBR,S1,S1,B1GQ,_Z,_Z,_Z,XDC,V,N,T0102,1966-Q3,9959,,,F,1,A,6,GBP
OECD.SDD.NAD:DSD_NAMAIN1@DF_QNA(1.1),Q,Y,GBR,S1,S1,B1GQ,_Z,_Z,_Z,XDC,V,N,T0102,1966-Q4,10064,,,F,1,A,6,GBP
OECD.SDD.NAD:DSD_NAMAIN1@DF_QNA(1.1),Q,Y,GBR,S1,S1,B1GQ,_Z,_Z,_Z,XDC,V,N,T0102,1967-Q1,10161,,,F,1,A,6,GBP
OECD.SDD.NAD:DSD_NAMAIN1@DF_QNA(1.1),Q,Y,GBR,S1,S1,B1GQ,_Z,_Z,_Z,XDC,V,N,T0102,1967-Q2,10417,,,F,1,A,6,GBP
OECD.SDD.NAD:DSD_NAMAIN1@DF_QNA(1.1),Q,Y,GBR,S1,S1,B1GQ,_Z,_Z,_Z,XDC,V,N,T0102,1967-Q3,10487,,,F,1,A,6,GBP
OECD.SDD.NAD:DSD_NAMAIN1@DF_QNA(1.1),Q,Y,GBR,S1,S1,B1GQ,_Z,_Z,_Z,XDC,V,N,T0102,1967-Q4,10622,,,F,1,A,6,GBP
OECD.SDD.NAD:DSD_NAMAIN1@DF_QNA(1.1),Q,Y,GBR,S1,S1,B1GQ,_Z,_Z,_Z,XDC,V,N,T0102,1968-Q1,11102,,,F,1,A,6,GBP
OECD.SDD.NAD:DSD_NAMAIN1@DF_QNA(1.1),Q,Y,GBR,S1,S1,B1GQ,_Z,_Z,_Z,XDC,V,N,T0102,1968-Q2,11235,,,F,1,A,6,GBP
OECD.SDD.NAD:DSD_NAMAIN1@DF_QNA(1.1),Q,Y,GBR,S1,S1,B1GQ,_Z,_Z,_Z,XDC,V,N,T0102,1968-Q3,11591,,,F,1,A,6,GBP
OECD.SDD.NAD:DSD_NAMAIN1@DF_QNA(1.1),Q,Y,GBR,S1,S1,B1GQ,_Z,_Z,_Z,XDC,V,N,T0102,1968-Q4,11883,,,F,1,A,6,GBP
OECD.SDD.NAD:DSD_NAMAIN1@DF_QNA(1.1),Q,Y,GBR,S1,S1,B1GQ,_Z,_Z,_Z,XDC,V,N,T0102,1969-Q1,12091,,,F,1,A,6,GBP
OECD.SDD.NAD:DSD_NAMAIN1@DF_QNA(1.1),Q,Y,GBR,S1,S1,B1GQ,_Z,_Z,_Z,XDC,V,N,T0102,1969-Q2,12271,,,F,1,A,6,GBP
OECD.SDD.NAD:DSD_NAMAIN1@DF_QNA(1.1),Q,Y,GBR,S1,S1,B1GQ,_Z,_Z,_Z,XDC,V,N,T0102,1969-Q3,12545,,,F,1,A,6,GBP
OECD.SDD.NAD:DSD_NAMAIN1@DF_QNA(1.1),Q,Y,GBR,S1,S1,B1GQ,_Z,_Z,_Z,XDC,V,N,T0102,1969-Q4,12869,,,F,1,A,6,GBP
OECD.SDD.NAD:DSD_NAMAIN1@DF_QNA(1.1),Q,Y,GBR,S1,S1,B1GQ,_Z,_Z,_Z,XDC,V,N,T0102,1977-Q3,40335,,,F,1,A,6,GBP
OECD.SDD.NAD:DSD_NAMAIN1@DF_QNA(1.1),Q,Y,GBR,S1,S1,B1GQ,_Z,_Z,_Z,XDC,V,N,T0102,1977-Q4,42163,,,F,1,A,6,GBP
OECD.SDD.NAD:DSD_NAMAIN1@DF_QNA(1.1),Q,Y,GBR,S1,S1,B1GQ,_Z,_Z,_Z,XDC,V,N,T0102,1978-Q1,44136,,,F,1,A,6,GBP
OECD.SDD.NAD:DSD_NAMAIN1@DF_QNA(1.1),Q,Y,GBR,S1,S1,P7,_Z,_Z,_Z,XDC,V,N,T0102,1973-Q3,4993,,,F,1,A,6,GBP
OECD.SDD.NAD:DSD_NAMAIN1@DF_QNA(1.1),Q,Y,GBR,S1,S1,P7,_Z,_Z,_Z,XDC,V,N,T0102,1973-Q2,4504,,,F,1,A,6,GBP
OECD.SDD.NAD:DSD_NAMAIN1@DF_QNA(1.1),Q,Y,GBR,S1,S1,P7,_Z,_Z,_Z,XDC,V,N,T0102,1973-Q1,4249,,,F,1,A,6,GBP
OECD.SDD.NAD:DSD_NAMAIN1@DF_QNA(1.1),Q,Y,GBR,S1,S1,P7,_Z,_Z,_Z,XDC,V,N,T0102,1972-Q4,3972,,,F,1,A,6,GBP
OECD.SDD.NAD:DSD_NAMAIN1@DF_QNA(1.1),Q,Y,GBR,S1,S1,P7,_Z,_Z,_Z,XDC,V,N,T0102,1972-Q3,3419,,,F,1,A,6,GBP
OECD.SDD.NAD:DSD_NAMAIN1@DF_QNA(1.1),Q,Y,GBR,S1,S1,P7,_Z,_Z,_Z,XDC,V,N,T0102,1972-Q2,3349,,,F,1,A,6,GBP
OECD.SDD.NAD:DSD_NAMAIN1@DF_QNA(1.1),Q,Y,GBR,S1,S1,P7,_Z,_Z,_Z,XDC,V,N,T0102,1972-Q1,3315,,,F,1,A,6,GBP
OECD.SDD.NAD:DSD_NAMAIN1@DF_QNA(1.1),Q,Y,GBR,S1,S1,P7,_Z,_Z,_Z,XDC,V,N,T0102,1971-Q4,3196,,,F,1,A,6,GBP
OECD.SDD.NAD:DSD_NAMAIN1@DF_QNA(1.1),Q,Y,GBR,S1,S1,P7,_Z,_Z,_Z,XDC,V,N,T0102,1971-Q3,3111,,,F,1,A,6,GBP
OECD.SDD.NAD:DSD_NAMAIN1@DF_QNA(1.1),Q,Y,GBR,S1,S1,P7,_Z,_Z,_Z,XDC,V,N,T0102,1971-Q2,3157,,,F,1,A,6,GBP
OECD.SDD.NAD:DSD_NAMAIN1@DF_QNA(1.1),Q,Y,GBR,S1,S1,P7,_Z,_Z,_Z,XDC,V,N,T0102,1992-Q2,39157,,,F,1,A,6,GBP
OECD.SDD.NAD:DSD_NAMAIN1@DF_QNA(1.1),Q,Y,GBR,S1,S1,P7,_Z,_Z,_Z,XDC,V,N,T0102,1992-Q1,37723,,,F,1,A,6,GBP
OECD.SDD.NAD:DSD_NAMAIN1@DF_QNA(1.1),Q,Y,GBR,S1,S1,P7,_Z,_Z,_Z,XDC,V,N,T0102,1991-Q4,37484,,,F,1,A,6,GBP
OECD.SDD.NAD:DSD_NAMAIN1@DF_QNA(1.1),Q,Y,GBR,S1,S1,P7,_Z,_Z,_Z,XDC,V,N,T0102,2011-Q3,136090,,,F,1,A,6,GBP
OECD.SDD.NAD:DSD_NAMAIN1@DF_QNA(1.1),Q,Y,GBR,S1,S1,P7,_Z,_Z,_Z,XDC,V,N,T0102,2007-Q4,109976,,,F,1,A,6,GBP
OECD.SDD.NAD:DSD_NAMAIN1@DF_QNA(1.1),Q,Y,GBR,S1,S1,P7,_Z,_Z,_Z,XDC,V,N,T0102,2006-Q2,115426,,,F,1,A,6,GBP
OECD.SDD.NAD:DSD_NAMAIN1@DF_QNA(1.1),Q,Y,GBR,S1,S1,B1GQ,_Z,_Z,_Z,XDC,V,N,T0102,1984-Q2,93603,,,F,1,A,6,GBP
OECD.SDD.NAD:DSD_NAMAIN1@DF_QNA(1.1),Q,Y,GBR,S1,S1,B1GQ,_Z,_Z,_Z,XDC,V,N,T0102,1984-Q3,95037,,,F,1,A,6,GBP
OECD.SDD.NAD:DSD_NAMAIN1@DF_QNA(1.1),Q,Y,GBR,S1,S1,B1GQ,_Z,_Z,_Z,XDC,V,N,T0102,1984-Q4,98146,,,F,1,A,6,GBP
OECD.SDD.NAD:DSD_NAMAIN1@DF_QNA(1.1),Q,Y,GBR,S1,S1,B1GQ,_Z,_Z,_Z,XDC,V,N,T0102,1985-Q1,99621,,,F,1,A,6,GBP
OECD.SDD.NAD:DSD_NAMAIN1@DF_QNA(1.1),Q,Y,GBR,S1,S1,B1GQ,_Z,_Z,_Z,XDC,V,N,T0102,1985-Q2,103408,,,F,1,A,6,GBP
OECD.SDD.NAD:DSD_NAMAIN1@DF_QNA(1.1),Q,Y,GBR,S1,S1,B1GQ,_Z,_Z,_Z,XDC,V,N,T0102,1985-Q3,105374,,,F,1,A,6,GBP
OECD.SDD.NAD:DSD_NAMAIN1@DF_QNA(1.1),Q,Y,GBR,S1,S1,B1GQ,_Z,_Z,_Z,XDC,V,N,T0102,1985-Q4,107052,,,F,1,A,6,GBP
OECD.SDD.NAD:DSD_NAMAIN1@DF_QNA(1.1),Q,Y,GBR,S1,S1,B1GQ,_Z,_Z,_Z,XDC,V,N,T0102,1971-Q2,15501,,,F,1,A,6,GBP
OECD.SDD.NAD:DSD_NAMAIN1@DF_QNA(1.1),Q,Y,GBR,S1,S1,B1GQ,_Z,_Z,_Z,XDC,V,N,T0102,1971-Q3,15997,,,F,1,A,6,GBP
OECD.SDD.NAD:DSD_NAMAIN1@DF_QNA(1.1),Q,Y,GBR,S1,S1,B1GQ,_Z,_Z,_Z,XDC,V,N,T0102,1971-Q4,16398,,,F,1,A,6,GBP
OECD.SDD.NAD:DSD_NAMAIN1@DF_QNA(1.1),Q,Y,GBR,S1,S1,B1GQ,_Z,_Z,_Z,XDC,V,N,T0102,1972-Q1,16603,,,F,1,A,6,GBP
OECD.SDD.NAD:DSD_NAMAIN1@DF_QNA(1.1),Q,Y,GBR,S1,S1,B1GQ,_Z,_Z,_Z,XDC,V,N,T0102,1972-Q2,17392,,,F,1,A,6,GBP
OECD.SDD.NAD:DSD_NAMAIN1@DF_QNA(1.1),Q,Y,GBR,S1,S1,B1GQ,_Z,_Z,_Z,XDC,V,N,T0102,1972-Q3,17763,,,F,1,A,6,GBP
OECD.SDD.NAD:DSD_NAMAIN1@DF_QNA(1.1),Q,Y,GBR,S1,S1,B1GQ,_Z,_Z,_Z,XDC,V,N,T0102,1972-Q4,18837,,,F,1,A,6,GBP
OECD.SDD.NAD:DSD_NAMAIN1@DF_QNA(1.1),Q,Y,GBR,S1,S1,B1GQ,_Z,_Z,_Z,XDC,V,N,T0102,1973-Q1,20050,,,F,1,A,6,GBP
OECD.SDD.NAD:DSD_NAMAIN1@DF_QNA(1.1),Q,Y,GBR,S1,S1,B1GQ,_Z,_Z,_Z,XDC,V,N,T0102,1973-Q2,19879,,,F,1,A,6,GBP
OECD.SDD.NAD:DSD_NAMAIN1@DF_QNA(1.1),Q,Y,GBR,S1,S1,B1GQ,_Z,_Z,_Z,XDC,V,N,T0102,2021-Q4,608304,,,F,1,A,6,GBP
OECD.SDD.NAD:DSD_NAMAIN1@DF_QNA(1.1),Q,Y,GBR,S1,S1,B1GQ,_Z,_Z,_Z,XDC,V,N,T0102,2017-Q4,533139,,,F,1,A,6,GBP
OECD.SDD.NAD:DSD_NAMAIN1@DF_QNA(1.1),Q,Y,GBR,S1,S1,B1GQ,_Z,_Z,_Z,XDC,V,N,T0102,2018-Q1,535163,,,F,1,A,6,GBP
OECD.SDD.NAD:DSD_NAMAIN1@DF_QNA(1.1),Q,Y,GBR,S1,S1,B1GQ,_Z,_Z,_Z,XDC,V,N,T0102,2019-Q1,553984,,,F,1,A,6,GBP
OECD.SDD.NAD:DSD_NAMAIN1@DF_QNA(1.1),Q,Y,GBR,S1,S1,B1GQ,_Z,_Z,_Z,XDC,V,N,T0102,2019-Q4,570531,,,F,1,A,6,GBP
OECD.SDD.NAD:DSD_NAMAIN1@DF_QNA(1.1),Q,Y,GBR,S1,S1,B1GQ,_Z,_Z,_Z,XDC,V,N,T0102,2020-Q1,559365,,,F,1,A,6,GBP
OECD.SDD.NAD:DSD_NAMAIN1@DF_QNA(1.1),Q,Y,GBR,S1,S1,B1GQ,_Z,_Z,_Z,XDC,V,N,T0102,2020-Q2,481227,,,F,1,A,6,GBP
OECD.SDD.NAD:DSD_NAMAIN1@DF_QNA(1.1),Q,Y,GBR,S1,S1,B1GQ,_Z,_Z,_Z,XDC,V,N,T0102,2020-Q3,540319,,,F,1,A,6,GBP
OECD.SDD.NAD:DSD_NAMAIN1@DF_QNA(1.1),Q,Y,GBR,S1,S1,B1GQ,_Z,_Z,_Z,XDC,V,N,T0102,1994-Q3,203978,,,F,1,A,6,GBP
OECD.SDD.NAD:DSD_NAMAIN1@DF_QNA(1.1),Q,Y,GBR,S1,S1,B1GQ,_Z,_Z,_Z,XDC,V,N,T0102,1994-Q4,207713,,,F,1,A,6,GBP
OECD.SDD.NAD:DSD_NAMAIN1@DF_QNA(1.1),Q,Y,GBR,S1,S1,B1GQ,_Z,_Z,_Z,XDC,V,N,T0102,1995-Q1,209386,,,F,1,A,6,GBP
OECD.SDD.NAD:DSD_NAMAIN1@DF_QNA(1.1),Q,Y,GBR,S1,S1,B1GQ,_Z,_Z,_Z,XDC,V,N,T0102,1995-Q2,211504,,,F,1,A,6,GBP
OECD.SDD.NAD:DSD_NAMAIN1@DF_QNA(1.1),Q,Y,GBR,S1,S1,B1GQ,_Z,_Z,_Z,XDC,V,N,T0102,1995-Q3,215396,,,F,1,A,6,GBP
OECD.SDD.NAD:DSD_NAMAIN1@DF_QNA(1.1),Q,Y,GBR,S1,S1,B1GQ,_Z,_Z,_Z,XDC,V,N,T0102,1995-Q4,218635,,,F,1,A,6,GBP
OECD.SDD.NAD:DSD_NAMAIN1@DF_QNA(1.1),Q,Y,GBR,S1,S1,B1GQ,_Z,_Z,_Z,XDC,V,N,T0102,1956-Q2,5155,,,F,1,A,6,GBP
OECD.SDD.NAD:DSD_NAMAIN1@DF_QNA(1.1),Q,Y,GBR,S1,S1,B1GQ,_Z,_Z,_Z,XDC,V,N,T0102,1956-Q3,5235,,,F,1,A,6,GBP
OECD.SDD.NAD:DSD_NAMAIN1@DF_QNA(1.1),Q,Y,GBR,S1,S1,B1GQ,_Z,_Z,_Z,XDC,V,N,T0102,1956-Q4,5370,,,F,1,A,6,GBP
OECD.SDD.NAD:DSD_NAMAIN1@DF_QNA(1.1),Q,Y,GBR,S1,S1,B1GQ,_Z,_Z,_Z,XDC,V,N,T0102,1957-Q1,5380,,,F,1,A,6,GBP
OECD.SDD.NAD:DSD_NAMAIN1@DF_QNA(1.1),Q,Y,GBR,S1,S1,B1GQ,_Z,_Z,_Z,XDC,V,N,T0102,1957-Q2,5461,,,F,1,A,6,GBP
OECD.SDD.NAD:DSD_NAMAIN1@DF_QNA(1.1),Q,Y,GBR,S1,S1,B1GQ,_Z,_Z,_Z,XDC,V,N,T0102,1957-Q3,5578,,,F,1,A,6,GBP
OECD.SDD.NAD:DSD_NAMAIN1@DF_QNA(1.1),Q,Y,GBR,S1,S1,B1GQ,_Z,_Z,_Z,XDC,V,N,T0102,1957-Q4,5688,,,F,1,A,6,GBP
OECD.SDD.NAD:DSD_NAMAIN1@DF_QNA(1.1),Q,Y,GBR,S1,S1,B1GQ,_Z,_Z,_Z,XDC,V,N,T0102,1958-Q1,5800,,,F,1,A,6,GBP
OECD.SDD.NAD:DSD_NAMAIN1@DF_QNA(1.1),Q,Y,GBR,S1,S1,B1GQ,_Z,_Z,_Z,XDC,V,N,T0102,1958-Q2,5725,,,F,1,A,6,GBP
OECD.SDD.NAD:DSD_NAMAIN1@DF_QNA(1.1),Q,Y,GBR,S1,S1,B1GQ,_Z,_Z,_Z,XDC,V,N,T0102,2006-Q2,368522,,,F,1,A,6,GBP
OECD.SDD.NAD:DSD_NAMAIN1@DF_QNA(1.1),Q,Y,GBR,S1,S1,B1GQ,_Z,_Z,_Z,XDC,V,N,T0102,2012-Q3,433287,,,F,1,A,6,GBP
OECD.SDD.NAD:DSD_NAMAIN1@DF_QNA(1.1),Q,Y,GBR,S1,S1,B1GQ,_Z,_Z,_Z,XDC,V,N,T0102,2012-Q4,435070,,,F,1,A,6,GBP
OECD.SDD.NAD:DSD_NAMAIN1@DF_QNA(1.1),Q,Y,GBR,S1,S1,B1GQ,_Z,_Z,_Z,XDC,V,N,T0102,2013-Q4,454683,,,F,1,A,6,GBP
OECD.SDD.NAD:DSD_NAMAIN1@DF_QNA(1.1),Q,Y,GBR,S1,S1,B1GQ,_Z,_Z,_Z,XDC,V,N,T0102,2015-Q2,479382,,,F,1,A,6,GBP
OECD.SDD.NAD:DSD_NAMAIN1@DF_QNA(1.1),Q,Y,GBR,S1,S1,B1GQ,_Z,_Z,_Z,XDC,V,N,T0102,2017-Q1,517306,,,F,1,A,6,GBP
OECD.SDD.NAD:DSD_NAMAIN1@DF_QNA(1.1),Q,Y,GBR,S1,S1,B1GQ,_Z,_Z,_Z,XDC,V,N,T0102,2017-Q2,521616,,,F,1,A,6,GBP
OECD.SDD.NAD:DSD_NAMAIN1@DF_QNA(1.1),Q,Y,GBR,S1,S1,B1GQ,_Z,_Z,_Z,XDC,V,N,T0102,1998-Q3,251492,,,F,1,A,6,GBP
OECD.SDD.NAD:DSD_NAMAIN1@DF_QNA(1.1),Q,Y,GBR,S1,S1,B1GQ,_Z,_Z,_Z,XDC,V,N,T0102,1998-Q4,254903,,,F,1,A,6,GBP
OECD.SDD.NAD:DSD_NAMAIN1@DF_QNA(1.1),Q,Y,GBR,S1,S1,B1GQ,_Z,_Z,_Z,XDC,V,N,T0102,1999-Q1,257115,,,F,1,A,6,GBP
OECD.SDD.NAD:DSD_NAMAIN1@DF_QNA(1.1),Q,Y,GBR,S1,S1,B1GQ,_Z,_Z,_Z,XDC,V,N,T0102,2005-Q1,341839,,,F,1,A,6,GBP
OECD.SDD.NAD:DSD_NAMAIN1@DF_QNA(1.1),Q,Y,GBR,S1,S1,B1GQ,_Z,_Z,_Z,XDC,V,N,T0102,2006-Q1,362595,,,F,1,A,6,GBP
OECD.SDD.NAD:DSD_NAMAIN1@DF_QNA(1.1),Q,Y,GBR,S1,S1,B1GQ,_Z,_Z,_Z,XDC,V,N,T0102,2000-Q1,273551,,,F,1,A,6,GBP
OECD.SDD.NAD:DSD_NAMAIN1@DF_QNA(1.1),Q,Y,GBR,S1,S1,B1GQ,_Z,_Z,_Z,XDC,V,N,T0102,2000-Q3,277076,,,F,1,A,6,GBP
OECD.SDD.NAD:DSD_NAMAIN1@DF_QNA(1.1),Q,Y,GBR,S1,S1,B1GQ,_Z,_Z,_Z,XDC,V,N,T0102,2000-Q4,279029,,,F,1,A,6,GBP
OECD.SDD.NAD:DSD_NAMAIN1@DF_QNA(1.1),Q,Y,GBR,S1,S1,B1GQ,_Z,_Z,_Z,XDC,V,N,T0102,2001-Q1,283724,,,F,1,A,6,GBP
OECD.SDD.NAD:DSD_NAMAIN1@DF_QNA(1.1),Q,Y,GBR,S1,S1,B1GQ,_Z,_Z,_Z,XDC,V,N,T0102,2001-Q2,287603,,,F,1,A,6,GBP
OECD.SDD.NAD:DSD_NAMAIN1@DF_QNA(1.1),Q,Y,GBR,S1,S1,B1GQ,_Z,_Z,_Z,XDC,V,N,T0102,2004-Q2,331067,,,F,1,A,6,GBP
OECD.SDD.NAD:DSD_NAMAIN1@DF_QNA(1.1),Q,Y,GBR,S1,S1,B1GQ,_Z,_Z,_Z,XDC,V,N,T0102,2004-Q3,332518,,,F,1,A,6,GBP
OECD.SDD.NAD:DSD_NAMAIN1@DF_QNA(1.1),Q,Y,GBR,S1,S1,B1GQ,_Z,_Z,_Z,XDC,V,N,T0102,2004-Q4,339258,,,F,1,A,6,GBP
OECD.SDD.NAD:DSD_NAMAIN1@DF_QNA(1.1),Q,Y,GBR,S1,S1,B1GQ,_Z,_Z,_Z,XDC,V,N,T0102,2007-Q4,394214,,,F,1,A,6,GBP
OECD.SDD.NAD:DSD_NAMAIN1@DF_QNA(1.1),Q,Y,GBR,S1,S1,B1GQ,_Z,_Z,_Z,XDC,V,N,T0102,2011-Q3,418119,,,F,1,A,6,GBP
OECD.SDD.NAD:DSD_NAMAIN1@DF_QNA(1.1),Q,Y,GBR,S1,S1,B1GQ,_Z,_Z,_Z,XDC,V,N,T0102,2012-Q2,426698,,,F,1,A,6,GBP
OECD.SDD.NAD:DSD_NAMAIN1@DF_QNA(1.1),Q,Y,GBR,S1,S1,B1GQ,_Z,_Z,_Z,XDC,V,N,T0102,1992-Q3,183139,,,F,1,A,6,GBP
OECD.SDD.NAD:DSD_NAMAIN1@DF_QNA(1.1),Q,Y,GBR,S1,S1,B1GQ,_Z,_Z,_Z,XDC,V,N,T0102,1992-Q4,185586,,,F,1,A,6,GBP
OECD.SDD.NAD:DSD_NAMAIN1@DF_QNA(1.1),Q,Y,GBR,S1,S1,B1GQ,_Z,_Z,_Z,XDC,V,N,T0102,2013-Q2,443626,,,F,1,A,6,GBP
OECD.SDD.NAD:DSD_NAMAIN1@DF_QNA(1.1),Q,Y,GBR,S1,S1,B1GQ,_Z,_Z,_Z,XDC,V,N,T0102,2000-Q2,275103,,,F,1,A,6,GBP
OECD.SDD.NAD:DSD_NAMAIN1@DF_QNA(1.1),Q,Y,GBR,S1,S1,B1GQ,_Z,_Z,_Z,XDC,V,N,T0102,1986-Q1,108967,,,F,1,A,6,GBP
OECD.SDD.NAD:DSD_NAMAIN1@DF_QNA(1.1),Q,Y,GBR,S1,S1,B1GQ,_Z,_Z,_Z,XDC,V,N,T0102,1986-Q2,110308,,,F,1,A,6,GBP
OECD.SDD.NAD:DSD_NAMAIN1@DF_QNA(1.1),Q,Y,GBR,S1,S1,B1GQ,_Z,_Z,_Z,XDC,V,N,T0102,1986-Q3,112237,,,F,1,A,6,GBP
OECD.SDD.NAD:DSD_NAMAIN1@DF_QNA(1.1),Q,Y,GBR,S1,S1,B1GQ,_Z,_Z,_Z,XDC,V,N,T0102,1986-Q4,116049,,,F,1,A,6,GBP
OECD.SDD.NAD:DSD_NAMAIN1@DF_QNA(1.1),Q,Y,GBR,S1,S1,B1GQ,_Z,_Z,_Z,XDC,V,N,T0102,1987-Q1,118411,,,F,1,A,6,GBP
OECD.SDD.NAD:DSD_NAMAIN1@DF_QNA(1.1),Q,Y,GBR,S1,S1,B1GQ,_Z,_Z,_Z,XDC,V,N,T0102,1987-Q2,122020,,,F,1,A,6,GBP
OECD.SDD.NAD:DSD_NAMAIN1@DF_QNA(1.1),Q,Y,GBR,S1,S1,B1GQ,_Z,_Z,_Z,XDC,V,N,T0102,1987-Q3,127443,,,F,1,A,6,GBP
OECD.SDD.NAD:DSD_NAMAIN1@DF_QNA(1.1),Q,Y,GBR,S1,S1,B1GQ,_Z,_Z,_Z,XDC,V,N,T0102,1987-Q4,130166,,,F,1,A,6,GBP
OECD.SDD.NAD:DSD_NAMAIN1@DF_QNA(1.1),Q,Y,GBR,S1,S1,B1GQ,_Z,_Z,_Z,XDC,V,N,T0102,1988-Q1,133648,,,F,1,A,6,GBP
OECD.SDD.NAD:DSD_NAMAIN1@DF_QNA(1.1),Q,Y,GBR,S1,S1,B1GQ,_Z,_Z,_Z,XDC,V,N,T0102,1988-Q2,137021,,,F,1,A,6,GBP
OECD.SDD.NAD:DSD_NAMAIN1@DF_QNA(1.1),Q,Y,GBR,S1,S1,B1GQ,_Z,_Z,_Z,XDC,V,N,T0102,1988-Q3,141211,,,F,1,A,6,GBP
OECD.SDD.NAD:DSD_NAMAIN1@DF_QNA(1.1),Q,Y,GBR,S1,S1,B1GQ,_Z,_Z,_Z,XDC,V,N,T0102,1988-Q4,145397,,,F,1,A,6,GBP
OECD.SDD.NAD:DSD_NAMAIN1@DF_QNA(1.1),Q,Y,GBR,S1,S1,B1GQ,_Z,_Z,_Z,XDC,V,N,T0102,1989-Q1,149089,,,F,1,A,6,GBP
OECD.SDD.NAD:DSD_NAMAIN1@DF_QNA(1.1),Q,Y,GBR,S1,S1,B1GQ,_Z,_Z,_Z,XDC,V,N,T0102,1989-Q2,151744,,,F,1,A,6,GBP
OECD.SDD.NAD:DSD_NAMAIN1@DF_QNA(1.1),Q,Y,GBR,S1,S1,B1GQ,_Z,_Z,_Z,XDC,V,N,T0102,1989-Q3,155873,,,F,1,A,6,GBP
OECD.SDD.NAD:DSD_NAMAIN1@DF_QNA(1.1),Q,Y,GBR,S1,S1,B1GQ,_Z,_Z,_Z,XDC,V,N,T0102,1989-Q4,159889,,,F,1,A,6,GBP
OECD.SDD.NAD:DSD_NAMAIN1@DF_QNA(1.1),Q,Y,GBR,S1,S1,B1GQ,_Z,_Z,_Z,XDC,V,N,T0102,1990-Q1,163591,,,F,1,A,6,GBP
OECD.SDD.NAD:DSD_NAMAIN1@DF_QNA(1.1),Q,Y,GBR,S1,S1,B1GQ,_Z,_Z,_Z,XDC,V,N,T0102,1990-Q2,167263,,,F,1,A,6,GBP
OECD.SDD.NAD:DSD_NAMAIN1@DF_QNA(1.1),Q,Y,GBR,S1,S1,P6,_Z,_Z,_Z,XDC,V,N,T0102,2011-Q2,129473,,,F,1,A,6,GBP
OECD.SDD.NAD:DSD_NAMAIN1@DF_QNA(1.1),Q,Y,GBR,S1,S1,P6,_Z,_Z,_Z,XDC,V,N,T0102,2009-Q4,108239,,,F,1,A,6,GBP
OECD.SDD.NAD:DSD_NAMAIN1@DF_QNA(1.1),Q,Y,GBR,S1,S1,P6,_Z,_Z,_Z,XDC,V,N,T0102,2022-Q4,244155,,,F,1,A,6,GBP
OECD.SDD.NAD:DSD_NAMAIN1@DF_QNA(1.1),Q,Y,GBR,S1,S1,P6,_Z,_Z,_Z,XDC,V,N,T0102,2023-Q1,227335,,,F,1,A,6,GBP
OECD.SDD.NAD:DSD_NAMAIN1@DF_QNA(1.1),Q,Y,GBR,S1,S1,P6,_Z,_Z,_Z,XDC,V,N,T0102,2023-Q2,221330,,,F,1,A,6,GBP
OECD.SDD.NAD:DSD_NAMAIN1@DF_QNA(1.1),Q,Y,GBR,S1,S1,P6,_Z,_Z,_Z,XDC,V,N,T0102,2023-Q3,215466,,,F,1,A,6,GBP
OECD.SDD.NAD:DSD_NAMAIN1@DF_QNA(1.1),Q,Y,GBR,S1,S1,P6,_Z,_Z,_Z,XDC,V,N,T0102,2023-Q4,214147,,,F,1,A,6,GBP
OECD.SDD.NAD:DSD_NAMAIN1@DF_QNA(1.1),Q,Y,GBR,S1,S1,P6,_Z,_Z,_Z,XDC,V,N,T0102,2016-Q2,144130,,,F,1,A,6,GBP
OECD.SDD.NAD:DSD_NAMAIN1@DF_QNA(1.1),Q,Y,GBR,S1,S1,P6,_Z,_Z,_Z,XDC,V,N,T0102,2016-Q3,145189,,,F,1,A,6,GBP
OECD.SDD.NAD:DSD_NAMAIN1@DF_QNA(1.1),Q,Y,GBR,S1,S1,P6,_Z,_Z,_Z,XDC,V,N,T0102,2014-Q4,134905,,,F,1,A,6,GBP
OECD.SDD.NAD:DSD_NAMAIN1@DF_QNA(1.1),Q,Y,GBR,S1,S1,P6,_Z,_Z,_Z,XDC,V,N,T0102,2015-Q1,133630,,,F,1,A,6,GBP
OECD.SDD.NAD:DSD_NAMAIN1@DF_QNA(1.1),Q,Y,GBR,S1,S1,P6,_Z,_Z,_Z,XDC,V,N,T0102,2019-Q1,174019,,,F,1,A,6,GBP
OECD.SDD.NAD:DSD_NAMAIN1@DF_QNA(1.1),Q,Y,GBR,S1,S1,P6,_Z,_Z,_Z,XDC,V,N,T0102,2019-Q4,188921,,,F,1,A,6,GBP
OECD.SDD.NAD:DSD_NAMAIN1@DF_QNA(1.1),Q,Y,GBR,S1,S1,B1GQ,_Z,_Z,_Z,XDC,V,N,T0102,2024-Q4,737308,,,F,1,A,6,GBP
OECD.SDD.NAD:DSD_NAMAIN1@DF_QNA(1.1),Q,Y,GBR,S1,S1,B1GQ,_Z,_Z,_Z,XDC,V,N,T0102,2025-Q1,747609,,,F,1,A,6,GBP
OECD.SDD.NAD:DSD_NAMAIN1@DF_QNA(1.1),Q,Y,GBR,S1,S1,B1GQ,_Z,_Z,_Z,XDC,V,N,T0102,2026-Q2,786629,,,F,1,A,6,GBP
OECD.SDD.NAD:DSD_NAMAIN1@DF_QNA(1.1),Q,Y,GBR,S1,S1,B1GQ,_Z,_Z,_Z,XDC,V,N,T0102,2026-Q1,780594,,,F,1,A,6,GBP
OECD.SDD.NAD:DSD_NAMAIN1@DF_QNA(1.1),Q,Y,GBR,S1,S1,B1GQ,_Z,_Z,_Z,XDC,V,N,T0102,2025-Q3,762832,,,F,1,A,6,GBP
OECD.SDD.NAD:DSD_NAMAIN1@DF_QNA(1.1),Q,Y,GBR,S1,S1,B1GQ,_Z,_Z,_Z,XDC,V,N,T0102,2025-Q4,767478,,,F,1,A,6,GBP
OECD.SDD.NAD:DSD_NAMAIN1@DF_QNA(1.1),Q,Y,GBR,S1,S1,B1GQ,_Z,_Z,_Z,XDC,V,N,T0102,1958-Q3,5824,,,F,1,A,6,GBP
OECD.SDD.NAD:DSD_NAMAIN1@DF_QNA(1.1),Q,Y,GBR,S1,S1,B1GQ,_Z,_Z,_Z,XDC,V,N,T0102,1958-Q4,5874,,,F,1,A,6,GBP
OECD.SDD.NAD:DSD_NAMAIN1@DF_QNA(1.1),Q,Y,GBR,S1,S1,B1GQ,_Z,_Z,_Z,XDC,V,N,T0102,1959-Q1,5886,,,F,1,A,6,GBP
OECD.SDD.NAD:DSD_NAMAIN1@DF_QNA(1.1),Q,Y,GBR,S1,S1,B1GQ,_Z,_Z,_Z,XDC,V,N,T0102,1959-Q2,6080,,,F,1,A,6,GBP
OECD.SDD.NAD:DSD_NAMAIN1@DF_QNA(1.1),Q,Y,GBR,S1,S1,B1GQ,_Z,_Z,_Z,XDC,V,N,T0102,1959-Q3,6104,,,F,1,A,6,GBP
OECD.SDD.NAD:DSD_NAMAIN1@DF_QNA(1.1),Q,Y,GBR,S1,S1,B1GQ,_Z,_Z,_Z,XDC,V,N,T0102,1959-Q4,6322,,,F,1,A,6,GBP
OECD.SDD.NAD:DSD_NAMAIN1@DF_QNA(1.1),Q,Y,GBR,S1,S1,B1GQ,_Z,_Z,_Z,XDC,V,N,T0102,1960-Q1,6427,,,F,1,A,6,GBP
OECD.SDD.NAD:DSD_NAMAIN1@DF_QNA(1.1),Q,Y,GBR,S1,S1,B1GQ,_Z,_Z,_Z,XDC,V,N,T0102,1960-Q2,6486,,,F,1,A,6,GBP
OECD.SDD.NAD:DSD_NAMAIN1@DF_QNA(1.1),Q,Y,GBR,S1,S1,B1GQ,_Z,_Z,_Z,XDC,V,N,T0102,1960-Q3,6580,,,F,1,A,6,GBP
OECD.SDD.NAD:DSD_NAMAIN1@DF_QNA(1.1),Q,Y,GBR,S1,S1,B1GQ,_Z,_Z,_Z,XDC,V,N,T0102,1960-Q4,6713,,,F,1,A,6,GBP
OECD.SDD.NAD:DSD_NAMAIN1@DF_QNA(1.1),Q,Y,GBR,S1,S1,B1GQ,_Z,_Z,_Z,XDC,V,N,T0102,1961-Q1,6883,,,F,1,A,6,GBP
OECD.SDD.NAD:DSD_NAMAIN1@DF_QNA(1.1),Q,Y,GBR,S1,S1,P6,_Z,_Z,_Z,XDC,V,N,T0102,2001-Q4,70511,,,F,1,A,6,GBP
OECD.SDD.NAD:DSD_NAMAIN1@DF_QNA(1.1),Q,Y,GBR,S1,S1,P6,_Z,_Z,_Z,XDC,V,N,T0102,2002-Q1,72077,,,F,1,A,6,GBP
OECD.SDD.NAD:DSD_NAMAIN1@DF_QNA(1.1),Q,Y,GBR,S1,S1,P6,_Z,_Z,_Z,XDC,V,N,T0102,1997-Q3,61133,,,F,1,A,6,GBP
OECD.SDD.NAD:DSD_NAMAIN1@DF_QNA(1.1),Q,Y,GBR,S1,S1,P6,_Z,_Z,_Z,XDC,V,N,T0102,2010-Q4,121170,,,F,1,A,6,GBP
OECD.SDD.NAD:DSD_NAMAIN1@DF_QNA(1.1),Q,Y,GBR,S1,S1,P6,_Z,_Z,_Z,XDC,V,N,T0102,2011-Q4,132741,,,F,1,A,6,GBP
OECD.SDD.NAD:DSD_NAMAIN1@DF_QNA(1.1),Q,Y,GBR,S1,S1,P6,_Z,_Z,_Z,XDC,V,N,T0102,2012-Q4,128550,,,F,1,A,6,GBP
OECD.SDD.NAD:DSD_NAMAIN1@DF_QNA(1.1),Q,Y,GBR,S1,S1,P6,_Z,_Z,_Z,XDC,V,N,T0102,2013-Q4,131899,,,F,1,A,6,GBP
OECD.SDD.NAD:DSD_NAMAIN1@DF_QNA(1.1),Q,Y,GBR,S1,S1,P6,_Z,_Z,_Z,XDC,V,N,T0102,2015-Q2,137497,,,F,1,A,6,GBP
OECD.SDD.NAD:DSD_NAMAIN1@DF_QNA(1.1),Q,Y,GBR,S1,S1,P6,_Z,_Z,_Z,XDC,V,N,T0102,1994-Q1,46933,,,F,1,A,6,GBP
OECD.SDD.NAD:DSD_NAMAIN1@DF_QNA(1.1),Q,Y,GBR,S1,S1,P6,_Z,_Z,_Z,XDC,V,N,T0102,1994-Q2,47264,,,F,1,A,6,GBP
OECD.SDD.NAD:DSD_NAMAIN1@DF_QNA(1.1),Q,Y,GBR,S1,S1,P6,_Z,_Z,_Z,XDC,V,N,T0102,2017-Q1,158878,,,F,1,A,6,GBP
OECD.SDD.NAD:DSD_NAMAIN1@DF_QNA(1.1),Q,Y,GBR,S1,S1,P6,_Z,_Z,_Z,XDC,V,N,T0102,2017-Q2,161673,,,F,1,A,6,GBP
OECD.SDD.NAD:DSD_NAMAIN1@DF_QNA(1.1),Q,Y,GBR,S1,S1,P6,_Z,_Z,_Z,XDC,V,N,T0102,2004-Q2,77871,,,F,1,A,6,GBP
OECD.SDD.NAD:DSD_NAMAIN1@DF_QNA(1.1),Q,Y,GBR,S1,S1,P6,_Z,_Z,_Z,XDC,V,N,T0102,2004-Q3,79845,,,F,1,A,6,GBP
OECD.SDD.NAD:DSD_NAMAIN1@DF_QNA(1.1),Q,Y,GBR,S1,S1,P6,_Z,_Z,_Z,XDC,V,N,T0102,1998-Q4,61107,,,F,1,A,6,GBP
OECD.SDD.NAD:DSD_NAMAIN1@DF_QNA(1.1),Q,Y,GBR,S1,S1,P6,_Z,_Z,_Z,XDC,V,N,T0102,2004-Q4,84301,,,F,1,A,6,GBP
OECD.SDD.NAD:DSD_NAMAIN1@DF_QNA(1.1),Q,Y,GBR,S1,S1,P6,_Z,_Z,_Z,XDC,V,N,T0102,2005-Q1,82446,,,F,1,A,6,GBP
OECD.SDD.NAD:DSD_NAMAIN1@DF_QNA(1.1),Q,Y,GBR,S1,S1,P6,_Z,_Z,_Z,XDC,V,N,T0102,2006-Q1,103759,,,F,1,A,6,GBP
OECD.SDD.NAD:DSD_NAMAIN1@DF_QNA(1.1),Q,Y,GBR,S1,S1,P6,_Z,_Z,_Z,XDC,V,N,T0102,2006-Q2,108341,,,F,1,A,6,GBP
OECD.SDD.NAD:DSD_NAMAIN1@DF_QNA(1.1),Q,Y,GBR,S1,S1,P6,_Z,_Z,_Z,XDC,V,N,T0102,2007-Q4,102504,,,F,1,A,6,GBP
OECD.SDD.NAD:DSD_NAMAIN1@DF_QNA(1.1),Q,Y,GBR,S1,S1,P6,_Z,_Z,_Z,XDC,V,N,T0102,2011-Q3,130936,,,F,1,A,6,GBP
OECD.SDD.NAD:DSD_NAMAIN1@DF_QNA(1.1),Q,Y,GBR,S1,S1,P6,_Z,_Z,_Z,XDC,V,N,T0102,2012-Q2,129171,,,F,1,A,6,GBP
OECD.SDD.NAD:DSD_NAMAIN1@DF_QNA(1.1),Q,Y,GBR,S1,S1,P6,_Z,_Z,_Z,XDC,V,N,T0102,2012-Q3,131259,,,F,1,A,6,GBP
OECD.SDD.NAD:DSD_NAMAIN1@DF_QNA(1.1),Q,Y,GBR,S1,S1,P6,_Z,_Z,_Z,XDC,V,N,T0102,2000-Q1,67827,,,F,1,A,6,GBP
OECD.SDD.NAD:DSD_NAMAIN1@DF_QNA(1.1),Q,Y,GBR,S1,S1,P6,_Z,_Z,_Z,XDC,V,N,T0102,2000-Q3,70854,,,F,1,A,6,GBP
OECD.SDD.NAD:DSD_NAMAIN1@DF_QNA(1.1),Q,Y,GBR,S1,S1,P6,_Z,_Z,_Z,XDC,V,N,T0102,2000-Q4,73326,,,F,1,A,6,GBP
OECD.SDD.NAD:DSD_NAMAIN1@DF_QNA(1.1),Q,Y,GBR,S1,S1,P6,_Z,_Z,_Z,XDC,V,N,T0102,1998-Q3,60327,,,F,1,A,6,GBP
OECD.SDD.NAD:DSD_NAMAIN1@DF_QNA(1.1),Q,Y,GBR,S1,S1,P6,_Z,_Z,_Z,XDC,V,N,T0102,1993-Q3,44114,,,F,1,A,6,GBP
OECD.SDD.NAD:DSD_NAMAIN1@DF_QNA(1.1),Q,Y,GBR,S1,S1,P6,_Z,_Z,_Z,XDC,V,N,T0102,1993-Q4,45579,,,F,1,A,6,GBP
OECD.SDD.NAD:DSD_NAMAIN1@DF_QNA(1.1),Q,Y,GBR,S1,S1,P6,_Z,_Z,_Z,XDC,V,N,T0102,2001-Q1,76911,,,F,1,A,6,GBP
OECD.SDD.NAD:DSD_NAMAIN1@DF_QNA(1.1),Q,Y,GBR,S1,S1,P6,_Z,_Z,_Z,XDC,V,N,T0102,1992-Q3,37103,,,F,1,A,6,GBP
OECD.SDD.NAD:DSD_NAMAIN1@DF_QNA(1.1),Q,Y,GBR,S1,S1,B1GQ,_Z,_Z,_Z,XDC,V,N,T0102,1970-Q3,14256,,,F,1,A,6,GBP
OECD.SDD.NAD:DSD_NAMAIN1@DF_QNA(1.1),Q,Y,GBR,S1,S1,B1GQ,_Z,_Z,_Z,XDC,V,N,T0102,1970-Q4,14771,,,F,1,A,6,GBP
OECD.SDD.NAD:DSD_NAMAIN1@DF_QNA(1.1),Q,Y,GBR,S1,S1,B1GQ,_Z,_Z,_Z,XDC,V,N,T0102,1971-Q1,14990,,,F,1,A,6,GBP
OECD.SDD.NAD:DSD_NAMAIN1@DF_QNA(1.1),Q,Y,GBR,S1,S1,B1GQ,_Z,_Z,_Z,XDC,V,N,T0102,1977-Q2,39241,,,F,1,A,6,GBP
OECD.SDD.NAD:DSD_NAMAIN1@DF_QNA(1.1),Q,Y,GBR,S1,S1,B1GQ,_Z,_Z,_Z,XDC,V,N,T0102,1979-Q3,56764,,,F,1,A,6,GBP
OECD.SDD.NAD:DSD_NAMAIN1@DF_QNA(1.1),Q,Y,GBR,S1,S1,B1GQ,_Z,_Z,_Z,XDC,V,N,T0102,1979-Q4,59785,,,F,1,A,6,GBP
OECD.SDD.NAD:DSD_NAMAIN1@DF_QNA(1.1),Q,Y,GBR,S1,S1,B1GQ,_Z,_Z,_Z,XDC,V,N,T0102,1980-Q1,62083,,,F,1,A,6,GBP
OECD.SDD.NAD:DSD_NAMAIN1@DF_QNA(1.1),Q,Y,GBR,S1,S1,B1GQ,_Z,_Z,_Z,XDC,V,N,T0102,1980-Q2,63691,,,F,1,A,6,GBP
OECD.SDD.NAD:DSD_NAMAIN1@DF_QNA(1.1),Q,Y,GBR,S1,S1,B1GQ,_Z,_Z,_Z,XDC,V,N,T0102,1980-Q3,66013,,,F,1,A,6,GBP
OECD.SDD.NAD:DSD_NAMAIN1@DF_QNA(1.1),Q,Y,GBR,S1,S1,B1GQ,_Z,_Z,_Z,XDC,V,N,T0102,1980-Q4,68169,,,F,1,A,6,GBP
OECD.SDD.NAD:DSD_NAMAIN1@DF_QNA(1.1),Q,Y,GBR,S1,S1,B1GQ,_Z,_Z,_Z,XDC,V,N,T0102,1981-Q1,69957,,,F,1,A,6,GBP
OECD.SDD.NAD:DSD_NAMAIN1@DF_QNA(1.1),Q,Y,GBR,S1,S1,B1GQ,_Z,_Z,_Z,XDC,V,N,T0102,1981-Q2,71408,,,F,1,A,6,GBP
OECD.SDD.NAD:DSD_NAMAIN1@DF_QNA(1.1),Q,Y,GBR,S1,S1,B1GQ,_Z,_Z,_Z,XDC,V,N,T0102,1981-Q3,73442,,,F,1,A,6,GBP
OECD.SDD.NAD:DSD_NAMAIN1@DF_QNA(1.1),Q,Y,GBR,S1,S1,B1GQ,_Z,_Z,_Z,XDC,V,N,T0102,1981-Q4,75743,,,F,1,A,6,GBP
OECD.SDD.NAD:DSD_NAMAIN1@DF_QNA(1.1),Q,Y,GBR,S1,S1,B1GQ,_Z,_Z,_Z,XDC,V,N,T0102,1982-Q1,77593,,,F,1,A,6,GBP
OECD.SDD.NAD:DSD_NAMAIN1@DF_QNA(1.1),Q,Y,GBR,S1,S1,B1GQ,_Z,_Z,_Z,XDC,V,N,T0102,1982-Q2,79106,,,F,1,A,6,GBP
OECD.SDD.NAD:DSD_NAMAIN1@DF_QNA(1.1),Q,Y,GBR,S1,S1,B1GQ,_Z,_Z,_Z,XDC,V,N,T0102,1982-Q3,80536,,,F,1,A,6,GBP
OECD.SDD.NAD:DSD_NAMAIN1@DF_QNA(1.1),Q,Y,GBR,S1,S1,B1GQ,_Z,_Z,_Z,XDC,V,N,T0102,1982-Q4,82778,,,F,1,A,6,GBP
OECD.SDD.NAD:DSD_NAMAIN1@DF_QNA(1.1),Q,Y,GBR,S1,S1,B1GQ,_Z,_Z,_Z,XDC,V,N,T0102,1983-Q1,85858,,,F,1,A,6,GBP
OECD.SDD.NAD:DSD_NAMAIN1@DF_QNA(1.1),Q,Y,GBR,S1,S1,B1GQ,_Z,_Z,_Z,XDC,V,N,T0102,1983-Q2,86421,,,F,1,A,6,GBP
OECD.SDD.NAD:DSD_NAMAIN1@DF_QNA(1.1),Q,Y,GBR,S1,S1,B1GQ,_Z,_Z,_Z,XDC,V,N,T0102,1983-Q3,88777,,,F,1,A,6,GBP
OECD.SDD.NAD:DSD_NAMAIN1@DF_QNA(1.1),Q,Y,GBR,S1,S1,B1GQ,_Z,_Z,_Z,XDC,V,N,T0102,1983-Q4,90844,,,F,1,A,6,GBP
OECD.SDD.NAD:DSD_NAMAIN1@DF_QNA(1.1),Q,Y,GBR,S1,S1,B1GQ,_Z,_Z,_Z,XDC,V,N,T0102,1984-Q1,91822,,,F,1,A,6,GBP
OECD.SDD.NAD:DSD_NAMAIN1@DF_QNA(1.1),Q,Y,GBR,S1,S1,P6,_Z,_Z,_Z,XDC,V,N,T0102,1963-Q2,1480,,,F,1,A,6,GBP
OECD.SDD.NAD:DSD_NAMAIN1@DF_QNA(1.1),Q,Y,GBR,S1,S1,P6,_Z,_Z,_Z,XDC,V,N,T0102,1963-Q3,1510,,,F,1,A,6,GBP
OECD.SDD.NAD:DSD_NAMAIN1@DF_QNA(1.1),Q,Y,GBR,S1,S1,P6,_Z,_Z,_Z,XDC,V,N,T0102,1963-Q4,1539,,,F,1,A,6,GBP
OECD.SDD.NAD:DSD_NAMAIN1@DF_QNA(1.1),Q,Y,GBR,S1,S1,P6,_Z,_Z,_Z,XDC,V,N,T0102,1964-Q1,1556,,,F,1,A,6,GBP
OECD.SDD.NAD:DSD_NAMAIN1@DF_QNA(1.1),Q,Y,GBR,S1,S1,P6,_Z,_Z,_Z,XDC,V,N,T0102,1964-Q2,1586,,,F,1,A,6,GBP
OECD.SDD.NAD:DSD_NAMAIN1@DF_QNA(1.1),Q,Y,GBR,S1,S1,P6,_Z,_Z,_Z,XDC,V,N,T0102,1964-Q3,1572,,,F,1,A,6,GBP
OECD.SDD.NAD:DSD_NAMAIN1@DF_QNA(1.1),Q,Y,GBR,S1,S1,P6,_Z,_Z,_Z,XDC,V,N,T0102,1964-Q4,1616,,,F,1,A,6,GBP
OECD.SDD.NAD:DSD_NAMAIN1@DF_QNA(1.1),Q,Y,GBR,S1,S1,P6,_Z,_Z,_Z,XDC,V,N,T0102,1965-Q1,1634,,,F,1,A,6,GBP
OECD.SDD.NAD:DSD_NAMAIN1@DF_QNA(1.1),Q,Y,GBR,S1,S1,P6,_Z,_Z,_Z,XDC,V,N,T0102,1965-Q2,1668,,,F,1,A,6,GBP
OECD.SDD.NAD:DSD_NAMAIN1@DF_QNA(1.1),Q,Y,GBR,S1,S1,P6,_Z,_Z,_Z,XDC,V,N,T0102,1965-Q3,1698,,,F,1,A,6,GBP
OECD.SDD.NAD:DSD_NAMAIN1@DF_QNA(1.1),Q,Y,GBR,S1,S1,B1GQ,_Z,_Z,_Z,XDC,V,N,T0102,1973-Q3,20563,,,F,1,A,6,GBP
OECD.SDD.NAD:DSD_NAMAIN1@DF_QNA(1.1),Q,Y,GBR,S1,S1,B1GQ,_Z,_Z,_Z,XDC,V,N,T0102,1973-Q4,21317,,,F,1,A,6,GBP
OECD.SDD.NAD:DSD_NAMAIN1@DF_QNA(1.1),Q,Y,GBR,S1,S1,B1GQ,_Z,_Z,_Z,XDC,V,N,T0102,1974-Q1,21136,,,F,1,A,6,GBP
OECD.SDD.NAD:DSD_NAMAIN1@DF_QNA(1.1),Q,Y,GBR,S1,S1,B1GQ,_Z,_Z,_Z,XDC,V,N,T0102,1974-Q2,22654,,,F,1,A,6,GBP
OECD.SDD.NAD:DSD_NAMAIN1@DF_QNA(1.1),Q,Y,GBR,S1,S1,B1GQ,_Z,_Z,_Z,XDC,V,N,T0102,1974-Q3,23899,,,F,1,A,6,GBP
OECD.SDD.NAD:DSD_NAMAIN1@DF_QNA(1.1),Q,Y,GBR,S1,S1,B1GQ,_Z,_Z,_Z,XDC,V,N,T0102,1974-Q4,24997,,,F,1,A,6,GBP
OECD.SDD.NAD:DSD_NAMAIN1@DF_QNA(1.1),Q,Y,GBR,S1,S1,B1GQ,_Z,_Z,_Z,XDC,V,N,T0102,1975-Q1,26815,,,F,1,A,6,GBP
OECD.SDD.NAD:DSD_NAMAIN1@DF_QNA(1.1),Q,Y,GBR,S1,S1,B1GQ,_Z,_Z,_Z,XDC,V,N,T0102,1975-Q2,28130,,,F,1,A,6,GBP
OECD.SDD.NAD:DSD_NAMAIN1@DF_QNA(1.1),Q,Y,GBR,S1,S1,B1GQ,_Z,_Z,_Z,XDC,V,N,T0102,1975-Q3,29260,,,F,1,A,6,GBP
OECD.SDD.NAD:DSD_NAMAIN1@DF_QNA(1.1),Q,Y,GBR,S1,S1,B1GQ,_Z,_Z,_Z,XDC,V,N,T0102,1975-Q4,30890,,,F,1,A,6,GBP
OECD.SDD.NAD:DSD_NAMAIN1@DF_QNA(1.1),Q,Y,GBR,S1,S1,B1GQ,_Z,_Z,_Z,XDC,V,N,T0102,1976-Q1,32448,,,F,1,A,6,GBP
OECD.SDD.NAD:DSD_NAMAIN1@DF_QNA(1.1),Q,Y,GBR,S1,S1,B1GQ,_Z,_Z,_Z,XDC,V,N,T0102,1976-Q2,33320,,,F,1,A,6,GBP
OECD.SDD.NAD:DSD_NAMAIN1@DF_QNA(1.1),Q,Y,GBR,S1,S1,B1GQ,_Z,_Z,_Z,XDC,V,N,T0102,1976-Q3,34548,,,F,1,A,6,GBP
OECD.SDD.NAD:DSD_NAMAIN1@DF_QNA(1.1),Q,Y,GBR,S1,S1,B1GQ,_Z,_Z,_Z,XDC,V,N,T0102,1976-Q4,36679,,,F,1,A,6,GBP
OECD.SDD.NAD:DSD_NAMAIN1@DF_QNA(1.1),Q,Y,GBR,S1,S1,B1GQ,_Z,_Z,_Z,XDC,V,N,T0102,1977-Q1,38036,,,F,1,A,6,GBP
OECD.SDD.NAD:DSD_NAMAIN1@DF_QNA(1.1),Q,Y,GBR,S1,S1,B1GQ,_Z,_Z,_Z,XDC,V,N,T0102,1955-Q1,4666,,,F,1,A,6,GBP
OECD.SDD.NAD:DSD_NAMAIN1@DF_QNA(1.1),Q,Y,GBR,S1,S1,B1GQ,_Z,_Z,_Z,XDC,V,N,T0102,1955-Q2,4688,,,F,1,A,6,GBP
OECD.SDD.NAD:DSD_NAMAIN1@DF_QNA(1.1),Q,Y,GBR,S1,S1,B1GQ,_Z,_Z,_Z,XDC,V,N,T0102,1955-Q3,4862,,,F,1,A,6,GBP
OECD.SDD.NAD:DSD_NAMAIN1@DF_QNA(1.1),Q,Y,GBR,S1,S1,B1GQ,_Z,_Z,_Z,XDC,V,N,T0102,1955-Q4,4954,,,F,1,A,6,GBP
OECD.SDD.NAD:DSD_NAMAIN1@DF_QNA(1.1),Q,Y,GBR,S1,S1,B1GQ,_Z,_Z,_Z,XDC,V,N,T0102,1956-Q1,5086,,,F,1,A,6,GBP
OECD.SDD.NAD:DSD_NAMAIN1@DF_QNA(1.1),Q,Y,GBR,S1,S1,P6,_Z,_Z,_Z,XDC,V,N,T0102,1959-Q4,1296,,,F,1,A,6,GBP
OECD.SDD.NAD:DSD_NAMAIN1@DF_QNA(1.1),Q,Y,GBR,S1,S1,P6,_Z,_Z,_Z,XDC,V,N,T0102,1960-Q1,1328,,,F,1,A,6,GBP
OECD.SDD.NAD:DSD_NAMAIN1@DF_QNA(1.1),Q,Y,GBR,S1,S1,P6,_Z,_Z,_Z,XDC,V,N,T0102,1960-Q2,1292,,,F,1,A,6,GBP
OECD.SDD.NAD:DSD_NAMAIN1@DF_QNA(1.1),Q,Y,GBR,S1,S1,P6,_Z,_Z,_Z,XDC,V,N,T0102,1960-Q3,1311,,,F,1,A,6,GBP
OECD.SDD.NAD:DSD_NAMAIN1@DF_QNA(1.1),Q,Y,GBR,S1,S1,P6,_Z,_Z,_Z,XDC,V,N,T0102,1960-Q4,1329,,,F,1,A,6,GBP
OECD.SDD.NAD:DSD_NAMAIN1@DF_QNA(1.1),Q,Y,GBR,S1,S1,P6,_Z,_Z,_Z,XDC,V,N,T0102,1961-Q1,1388,,,F,1,A,6,GBP
OECD.SDD.NAD:DSD_NAMAIN1@DF_QNA(1.1),Q,Y,GBR,S1,S1,P6,_Z,_Z,_Z,XDC,V,N,T0102,1961-Q2,1359,,,F,1,A,6,GBP
OECD.SDD.NAD:DSD_NAMAIN1@DF_QNA(1.1),Q,Y,GBR,S1,S1,P6,_Z,_Z,_Z,XDC,V,N,T0102,1961-Q3,1378,,,F,1,A,6,GBP
OECD.SDD.NAD:DSD_NAMAIN1@DF_QNA(1.1),Q,Y,GBR,S1,S1,P6,_Z,_Z,_Z,XDC,V,N,T0102,1961-Q4,1372,,,F,1,A,6,GBP
OECD.SDD.NAD:DSD_NAMAIN1@DF_QNA(1.1),Q,Y,GBR,S1,S1,P6,_Z,_Z,_Z,XDC,V,N,T0102,1962-Q1,1382,,,F,1,A,6,GBP
OECD.SDD.NAD:DSD_NAMAIN1@DF_QNA(1.1),Q,Y,GBR,S1,S1,P6,_Z,_Z,_Z,XDC,V,N,T0102,1962-Q2,1419,,,F,1,A,6,GBP
OECD.SDD.NAD:DSD_NAMAIN1@DF_QNA(1.1),Q,Y,GBR,S1,S1,P6,_Z,_Z,_Z,XDC,V,N,T0102,1968-Q3,2364,,,F,1,A,6,GBP
OECD.SDD.NAD:DSD_NAMAIN1@DF_QNA(1.1),Q,Y,GBR,S1,S1,P6,_Z,_Z,_Z,XDC,V,N,T0102,1968-Q4,2399,,,F,1,A,6,GBP
OECD.SDD.NAD:DSD_NAMAIN1@DF_QNA(1.1),Q,Y,GBR,S1,S1,P6,_Z,_Z,_Z,XDC,V,N,T0102,1969-Q1,2421,,,F,1,A,6,GBP
OECD.SDD.NAD:DSD_NAMAIN1@DF_QNA(1.1),Q,Y,GBR,S1,S1,P6,_Z,_Z,_Z,XDC,V,N,T0102,1969-Q2,2535,,,F,1,A,6,GBP
OECD.SDD.NAD:DSD_NAMAIN1@DF_QNA(1.1),Q,Y,GBR,S1,S1,P6,_Z,_Z,_Z,XDC,V,N,T0102,1969-Q3,2647,,,F,1,A,6,GBP
OECD.SDD.NAD:DSD_NAMAIN1@DF_QNA(1.1),Q,Y,GBR,S1,S1,P6,_Z,_Z,_Z,XDC,V,N,T0102,1969-Q4,2680,,,F,1,A,6,GBP
OECD.SDD.NAD:DSD_NAMAIN1@DF_QNA(1.1),Q,Y,GBR,S1,S1,P6,_Z,_Z,_Z,XDC,V,N,T0102,1970-Q1,2868,,,F,1,A,6,GBP
OECD.SDD.NAD:DSD_NAMAIN1@DF_QNA(1.1),Q,Y,GBR,S1,S1,P6,_Z,_Z,_Z,XDC,V,N,T0102,1970-Q2,2848,,,F,1,A,6,GBP
OECD.SDD.NAD:DSD_NAMAIN1@DF_QNA(1.1),Q,Y,GBR,S1,S1,P6,_Z,_Z,_Z,XDC,V,N,T0102,1970-Q3,2869,,,F,1,A,6,GBP
OECD.SDD.NAD:DSD_NAMAIN1@DF_QNA(1.1),Q,Y,GBR,S1,S1,P6,_Z,_Z,_Z,XDC,V,N,T0102,1970-Q4,3172,,,F,1,A,6,GBP
OECD.SDD.NAD:DSD_NAMAIN1@DF_QNA(1.1),Q,Y,GBR,S1,S1,P6,_Z,_Z,_Z,XDC,V,N,T0102,1971-Q1,3084,,,F,1,A,6,GBP
OECD.SDD.NAD:DSD_NAMAIN1@DF_QNA(1.1),Q,Y,GBR,S1,S1,P6,_Z,_Z,_Z,XDC,V,N,T0102,1971-Q2,3324,,,F,1,A,6,GBP
OECD.SDD.NAD:DSD_NAMAIN1@DF_QNA(1.1),Q,Y,GBR,S1,S1,P6,_Z,_Z,_Z,XDC,V,N,T0102,1971-Q3,3404,,,F,1,A,6,GBP
OECD.SDD.NAD:DSD_NAMAIN1@DF_QNA(1.1),Q,Y,GBR,S1,S1,P6,_Z,_Z,_Z,XDC,V,N,T0102,1971-Q4,3415,,,F,1,A,6,GBP
OECD.SDD.NAD:DSD_NAMAIN1@DF_QNA(1.1),Q,Y,GBR,S1,S1,P6,_Z,_Z,_Z,XDC,V,N,T0102,1972-Q1,3380,,,F,1,A,6,GBP
OECD.SDD.NAD:DSD_NAMAIN1@DF_QNA(1.1),Q,Y,GBR,S1,S1,P6,_Z,_Z,_Z,XDC,V,N,T0102,1972-Q2,3425,,,F,1,A,6,GBP
OECD.SDD.NAD:DSD_NAMAIN1@DF_QNA(1.1),Q,Y,GBR,S1,S1,P6,_Z,_Z,_Z,XDC,V,N,T0102,1972-Q3,3238,,,F,1,A,6,GBP
OECD.SDD.NAD:DSD_NAMAIN1@DF_QNA(1.1),Q,Y,GBR,S1,S1,B1GQ,_Z,_Z,_Z,XDC,V,N,T0102,1993-Q1,190217,,,F,1,A,6,GBP
OECD.SDD.NAD:DSD_NAMAIN1@DF_QNA(1.1),Q,Y,GBR,S1,S1,B1GQ,_Z,_Z,_Z,XDC,V,N,T0102,1993-Q2,190433,,,F,1,A,6,GBP
OECD.SDD.NAD:DSD_NAMAIN1@DF_QNA(1.1),Q,Y,GBR,S1,S1,B1GQ,_Z,_Z,_Z,XDC,V,N,T0102,1993-Q3,194181,,,F,1,A,6,GBP
OECD.SDD.NAD:DSD_NAMAIN1@DF_QNA(1.1),Q,Y,GBR,S1,S1,B1GQ,_Z,_Z,_Z,XDC,V,N,T0102,1993-Q4,197559,,,F,1,A,6,GBP
OECD.SDD.NAD:DSD_NAMAIN1@DF_QNA(1.1),Q,Y,GBR,S1,S1,B1GQ,_Z,_Z,_Z,XDC,V,N,T0102,1994-Q1,200471,,,F,1,A,6,GBP
OECD.SDD.NAD:DSD_NAMAIN1@DF_QNA(1.1),Q,Y,GBR,S1,S1,B1GQ,_Z,_Z,_Z,XDC,V,N,T0102,1994-Q2,201365,,,F,1,A,6,GBP
OECD.SDD.NAD:DSD_NAMAIN1@DF_QNA(1.1),Q,Y,GBR,S1,S1,B1GQ,_Z,_Z,_Z,XDC,V,N,T0102,1999-Q3,262328,,,F,1,A,6,GBP
OECD.SDD.NAD:DSD_NAMAIN1@DF_QNA(1.1),Q,Y,GBR,S1,S1,P6,_Z,_Z,_Z,XDC,V,N,T0102,2010-Q1,110630,,,F,1,A,6,GBP
OECD.SDD.NAD:DSD_NAMAIN1@DF_QNA(1.1),Q,Y,GBR,S1,S1,P6,_Z,_Z,_Z,XDC,V,N,T0102,2011-Q1,128957,,,F,1,A,6,GBP
OECD.SDD.NAD:DSD_NAMAIN1@DF_QNA(1.1),Q,Y,GBR,S1,S1,P6,_Z,_Z,_Z,XDC,V,N,T0102,2014-Q3,132944,,,F,1,A,6,GBP
OECD.SDD.NAD:DSD_NAMAIN1@DF_QNA(1.1),Q,Y,GBR,S1,S1,P6,_Z,_Z,_Z,XDC,V,N,T0102,2016-Q1,138097,,,F,1,A,6,GBP
OECD.SDD.NAD:DSD_NAMAIN1@DF_QNA(1.1),Q,Y,GBR,S1,S1,P6,_Z,_Z,_Z,XDC,V,N,T0102,2017-Q3,165019,,,F,1,A,6,GBP
OECD.SDD.NAD:DSD_NAMAIN1@DF_QNA(1.1),Q,Y,GBR,S1,S1,P6,_Z,_Z,_Z,XDC,V,N,T0102,2018-Q3,175878,,,F,1,A,6,GBP
OECD.SDD.NAD:DSD_NAMAIN1@DF_QNA(1.1),Q,Y,GBR,S1,S1,P6,_Z,_Z,_Z,XDC,V,N,T0102,2018-Q4,175220,,,F,1,A,6,GBP
OECD.SDD.NAD:DSD_NAMAIN1@DF_QNA(1.1),Q,Y,GBR,S1,S1,P6,_Z,_Z,_Z,XDC,V,N,T0102,2019-Q2,172322,,,F,1,A,6,GBP
OECD.SDD.NAD:DSD_NAMAIN1@DF_QNA(1.1),Q,Y,GBR,S1,S1,P6,_Z,_Z,_Z,XDC,V,N,T0102,1998-Q2,61016,,,F,1,A,6,GBP
OECD.SDD.NAD:DSD_NAMAIN1@DF_QNA(1.1),Q,Y,GBR,S1,S1,P6,_Z,_Z,_Z,XDC,V,N,T0102,1999-Q2,61928,,,F,1,A,6,GBP
OECD.SDD.NAD:DSD_NAMAIN1@DF_QNA(1.1),Q,Y,GBR,S1,S1,P6,_Z,_Z,_Z,XDC,V,N,T0102,1999-Q3,64440,,,F,1,A,6,GBP
OECD.SDD.NAD:DSD_NAMAIN1@DF_QNA(1.1),Q,Y,GBR,S1,S1,P6,_Z,_Z,_Z,XDC,V,N,T0102,2000-Q2,70329,,,F,1,A,6,GBP
OECD.SDD.NAD:DSD_NAMAIN1@DF_QNA(1.1),Q,Y,GBR,S1,S1,P6,_Z,_Z,_Z,XDC,V,N,T0102,2001-Q2,74138,,,F,1,A,6,GBP
OECD.SDD.NAD:DSD_NAMAIN1@DF_QNA(1.1),Q,Y,GBR,S1,S1,P6,_Z,_Z,_Z,XDC,V,N,T0102,2001-Q3,71245,,,F,1,A,6,GBP
OECD.SDD.NAD:DSD_NAMAIN1@DF_QNA(1.1),Q,Y,GBR,S1,S1,P6,_Z,_Z,_Z,XDC,V,N,T0102,2003-Q3,75075,,,F,1,A,6,GBP
OECD.SDD.NAD:DSD_NAMAIN1@DF_QNA(1.1),Q,Y,GBR,S1,S1,P6,_Z,_Z,_Z,XDC,V,N,T0102,2005-Q4,93697,,,F,1,A,6,GBP
OECD.SDD.NAD:DSD_NAMAIN1@DF_QNA(1.1),Q,Y,GBR,S1,S1,P6,_Z,_Z,_Z,XDC,V,N,T0102,2007-Q2,98192,,,F,1,A,6,GBP
OECD.SDD.NAD:DSD_NAMAIN1@DF_QNA(1.1),Q,Y,GBR,S1,S1,P6,_Z,_Z,_Z,XDC,V,N,T0102,2013-Q2,136244,,,F,1,A,6,GBP
OECD.SDD.NAD:DSD_NAMAIN1@DF_QNA(1.1),Q,Y,GBR,S1,S1,P6,_Z,_Z,_Z,XDC,V,N,T0102,2013-Q3,136733,,,F,1,A,6,GBP
OECD.SDD.NAD:DSD_NAMAIN1@DF_QNA(1.1),Q,Y,GBR,S1,S1,P6,_Z,_Z,_Z,XDC,V,N,T0102,1977-Q2,11119,,,F,1,A,6,GBP
OECD.SDD.NAD:DSD_NAMAIN1@DF_QNA(1.1),Q,Y,GBR,S1,S1,P6,_Z,_Z,_Z,XDC,V,N,T0102,1977-Q3,11693,,,F,1,A,6,GBP
OECD.SDD.NAD:DSD_NAMAIN1@DF_QNA(1.1),Q,Y,GBR,S1,S1,P6,_Z,_Z,_Z,XDC,V,N,T0102,1977-Q4,11374,,,F,1,A,6,GBP
OECD.SDD.NAD:DSD_NAMAIN1@DF_QNA(1.1),Q,Y,GBR,S1,S1,P6,_Z,_Z,_Z,XDC,V,N,T0102,1978-Q1,11696,,,F,1,A,6,GBP
OECD.SDD.NAD:DSD_NAMAIN1@DF_QNA(1.1),Q,Y,GBR,S1,S1,P6,_Z,_Z,_Z,XDC,V,N,T0102,1978-Q2,12186,,,F,1,A,6,GBP
OECD.SDD.NAD:DSD_NAMAIN1@DF_QNA(1.1),Q,Y,GBR,S1,S1,P6,_Z,_Z,_Z,XDC,V,N,T0102,1978-Q3,12453,,,F,1,A,6,GBP
OECD.SDD.NAD:DSD_NAMAIN1@DF_QNA(1.1),Q,Y,GBR,S1,S1,P6,_Z,_Z,_Z,XDC,V,N,T0102,1978-Q4,12720,,,F,1,A,6,GBP
OECD.SDD.NAD:DSD_NAMAIN1@DF_QNA(1.1),Q,Y,GBR,S1,S1,P6,_Z,_Z,_Z,XDC,V,N,T0102,2020-Q1,173647,,,F,1,A,6,GBP
OECD.SDD.NAD:DSD_NAMAIN1@DF_QNA(1.1),Q,Y,GBR,S1,S1,P6,_Z,_Z,_Z,XDC,V,N,T0102,2020-Q2,149424,,,F,1,A,6,GBP
OECD.SDD.NAD:DSD_NAMAIN1@DF_QNA(1.1),Q,Y,GBR,S1,S1,P6,_Z,_Z,_Z,XDC,V,N,T0102,2020-Q3,151123,,,F,1,A,6,GBP
OECD.SDD.NAD:DSD_NAMAIN1@DF_QNA(1.1),Q,Y,GBR,S1,S1,P6,_Z,_Z,_Z,XDC,V,N,T0102,2020-Q4,162131,,,F,1,A,6,GBP
OECD.SDD.NAD:DSD_NAMAIN1@DF_QNA(1.1),Q,Y,GBR,S1,S1,P6,_Z,_Z,_Z,XDC,V,N,T0102,2021-Q1,158674,,,F,1,A,6,GBP
OECD.SDD.NAD:DSD_NAMAIN1@DF_QNA(1.1),Q,Y,GBR,S1,S1,P6,_Z,_Z,_Z,XDC,V,N,T0102,1996-Q1,58391,,,F,1,A,6,GBP
OECD.SDD.NAD:DSD_NAMAIN1@DF_QNA(1.1),Q,Y,GBR,S1,S1,P6,_Z,_Z,_Z,XDC,V,N,T0102,1996-Q2,59883,,,F,1,A,6,GBP
OECD.SDD.NAD:DSD_NAMAIN1@DF_QNA(1.1),Q,Y,GBR,S1,S1,P6,_Z,_Z,_Z,XDC,V,N,T0102,2002-Q2,74617,,,F,1,A,6,GBP
OECD.SDD.NAD:DSD_NAMAIN1@DF_QNA(1.1),Q,Y,GBR,S1,S1,P6,_Z,_Z,_Z,XDC,V,N,T0102,2003-Q4,76560,,,F,1,A,6,GBP
OECD.SDD.NAD:DSD_NAMAIN1@DF_QNA(1.1),Q,Y,GBR,S1,S1,P6,_Z,_Z,_Z,XDC,V,N,T0102,1995-Q3,54949,,,F,1,A,6,GBP
OECD.SDD.NAD:DSD_NAMAIN1@DF_QNA(1.1),Q,Y,GBR,S1,S1,P6,_Z,_Z,_Z,XDC,V,N,T0102,1995-Q4,57051,,,F,1,A,6,GBP
OECD.SDD.NAD:DSD_NAMAIN1@DF_QNA(1.1),Q,Y,GBR,S1,S1,P6,_Z,_Z,_Z,XDC,V,N,T0102,1994-Q4,51268,,,F,1,A,6,GBP
OECD.SDD.NAD:DSD_NAMAIN1@DF_QNA(1.1),Q,Y,GBR,S1,S1,P6,_Z,_Z,_Z,XDC,V,N,T0102,1995-Q1,54365,,,F,1,A,6,GBP
OECD.SDD.NAD:DSD_NAMAIN1@DF_QNA(1.1),Q,Y,GBR,S1,S1,P6,_Z,_Z,_Z,XDC,V,N,T0102,2012-Q1,136133,,,F,1,A,6,GBP
OECD.SDD.NAD:DSD_NAMAIN1@DF_QNA(1.1),Q,Y,GBR,S1,S1,P6,_Z,_Z,_Z,XDC,V,N,T0102,2003-Q1,76219,,,F,1,A,6,GBP
OECD.SDD.NAD:DSD_NAMAIN1@DF_QNA(1.1),Q,Y,GBR,S1,S1,P6,_Z,_Z,_Z,XDC,V,N,T0102,2005-Q2,87550,,,F,1,A,6,GBP
OECD.SDD.NAD:DSD_NAMAIN1@DF_QNA(1.1),Q,Y,GBR,S1,S1,P6,_Z,_Z,_Z,XDC,V,N,T0102,2005-Q3,90024,,,F,1,A,6,GBP
OECD.SDD.NAD:DSD_NAMAIN1@DF_QNA(1.1),Q,Y,GBR,S1,S1,P6,_Z,_Z,_Z,XDC,V,N,T0102,1997-Q4,62362,,,F,1,A,6,GBP
OECD.SDD.NAD:DSD_NAMAIN1@DF_QNA(1.1),Q,Y,GBR,S1,S1,P6,_Z,_Z,_Z,XDC,V,N,T0102,1996-Q3,60264,,,F,1,A,6,GBP
OECD.SDD.NAD:DSD_NAMAIN1@DF_QNA(1.1),Q,Y,GBR,S1,S1,P6,_Z,_Z,_Z,XDC,V,N,T0102,1996-Q4,61441,,,F,1,A,6,GBP
OECD.SDD.NAD:DSD_NAMAIN1@DF_QNA(1.1),Q,Y,GBR,S1,S1,P6,_Z,_Z,_Z,XDC,V,N,T0102,1997-Q1,61079,,,F,1,A,6,GBP
OECD.SDD.NAD:DSD_NAMAIN1@DF_QNA(1.1),Q,Y,GBR,S1,S1,P6,_Z,_Z,_Z,XDC,V,N,T0102,1997-Q2,60994,,,F,1,A,6,GBP
OECD.SDD.NAD:DSD_NAMAIN1@DF_QNA(1.1),Q,Y,GBR,S1,S1,P6,_Z,_Z,_Z,XDC,V,N,T0102,1998-Q1,61446,,,F,1,A,6,GBP
OECD.SDD.NAD:DSD_NAMAIN1@DF_QNA(1.1),Q,Y,GBR,S1,S1,P6,_Z,_Z,_Z,XDC,V,N,T0102,2026-Q2,243451,,,F,1,A,6,GBP
OECD.SDD.NAD:DSD_NAMAIN1@DF_QNA(1.1),Q,Y,GBR,S1,S1,P6,_Z,_Z,_Z,XDC,V,N,T0102,1973-Q2,4229,,,F,1,A,6,GBP
OECD.SDD.NAD:DSD_NAMAIN1@DF_QNA(1.1),Q,Y,GBR,S1,S1,P6,_Z,_Z,_Z,XDC,V,N,T0102,1985-Q4,26025,,,F,1,A,6,GBP
OECD.SDD.NAD:DSD_NAMAIN1@DF_QNA(1.1),Q,Y,GBR,S1,S1,P6,_Z,_Z,_Z,XDC,V,N,T0102,1986-Q1,25673,,,F,1,A,6,GBP
OECD.SDD.NAD:DSD_NAMAIN1@DF_QNA(1.1),Q,Y,GBR,S1,S1,P6,_Z,_Z,_Z,XDC,V,N,T0102,1986-Q2,25207,,,F,1,A,6,GBP
OECD.SDD.NAD:DSD_NAMAIN1@DF_QNA(1.1),Q,Y,GBR,S1,S1,P6,_Z,_Z,_Z,XDC,V,N,T0102,1986-Q3,25045,,,F,1,A,6,GBP
OECD.SDD.NAD:DSD_NAMAIN1@DF_QNA(1.1),Q,Y,GBR,S1,S1,P6,_Z,_Z,_Z,XDC,V,N,T0102,1986-Q4,26679,,,F,1,A,6,GBP
OECD.SDD.NAD:DSD_NAMAIN1@DF_QNA(1.1),Q,Y,GBR,S1,S1,P6,_Z,_Z,_Z,XDC,V,N,T0102,1987-Q1,27799,,,F,1,A,6,GBP
OECD.SDD.NAD:DSD_NAMAIN1@DF_QNA(1.1),Q,Y,GBR,S1,S1,P6,_Z,_Z,_Z,XDC,V,N,T0102,1987-Q2,27673,,,F,1,A,6,GBP
OECD.SDD.NAD:DSD_NAMAIN1@DF_QNA(1.1),Q,Y,GBR,S1,S1,P6,_Z,_Z,_Z,XDC,V,N,T0102,1987-Q3,28993,,,F,1,A,6,GBP
OECD.SDD.NAD:DSD_NAMAIN1@DF_QNA(1.1),Q,Y,GBR,S1,S1,P6,_Z,_Z,_Z,XDC,V,N,T0102,2025-Q2,229194,,,F,1,A,6,GBP
OECD.SDD.NAD:DSD_NAMAIN1@DF_QNA(1.1),Q,Y,GBR,S1,S1,P6,_Z,_Z,_Z,XDC,V,N,T0102,2025-Q3,232866,,,F,1,A,6,GBP
OECD.SDD.NAD:DSD_NAMAIN1@DF_QNA(1.1),Q,Y,GBR,S1,S1,P6,_Z,_Z,_Z,XDC,V,N,T0102,2017-Q4,164020,,,F,1,A,6,GBP
OECD.SDD.NAD:DSD_NAMAIN1@DF_QNA(1.1),Q,Y,GBR,S1,S1,P6,_Z,_Z,_Z,XDC,V,N,T0102,2018-Q1,167585,,,F,1,A,6,GBP
OECD.SDD.NAD:DSD_NAMAIN1@DF_QNA(1.1),Q,Y,GBR,S1,S1,P6,_Z,_Z,_Z,XDC,V,N,T0102,2021-Q2,169961,,,F,1,A,6,GBP
OECD.SDD.NAD:DSD_NAMAIN1@DF_QNA(1.1),Q,Y,GBR,S1,S1,P6,_Z,_Z,_Z,XDC,V,N,T0102,2021-Q3,164035,,,F,1,A,6,GBP
OECD.SDD.NAD:DSD_NAMAIN1@DF_QNA(1.1),Q,Y,GBR,S1,S1,P6,_Z,_Z,_Z,XDC,V,N,T0102,2021-Q4,187621,,,F,1,A,6,GBP
OECD.SDD.NAD:DSD_NAMAIN1@DF_QNA(1.1),Q,Y,GBR,S1,S1,P6,_Z,_Z,_Z,XDC,V,N,T0102,2022-Q1,187679,,,F,1,A,6,GBP
OECD.SDD.NAD:DSD_NAMAIN1@DF_QNA(1.1),Q,Y,GBR,S1,S1,P6,_Z,_Z,_Z,XDC,V,N,T0102,2022-Q2,211939,,,F,1,A,6,GBP
OECD.SDD.NAD:DSD_NAMAIN1@DF_QNA(1.1),Q,Y,GBR,S1,S1,P6,_Z,_Z,_Z,XDC,V,N,T0102,2022-Q3,235348,,,F,1,A,6,GBP
OECD.SDD.NAD:DSD_NAMAIN1@DF_QNA(1.1),Q,Y,GBR,S1,S1,P6,_Z,_Z,_Z,XDC,V,N,T0102,2006-Q3,96727,,,F,1,A,6,GBP
OECD.SDD.NAD:DSD_NAMAIN1@DF_QNA(1.1),Q,Y,GBR,S1,S1,P6,_Z,_Z,_Z,XDC,V,N,T0102,2006-Q4,96357,,,F,1,A,6,GBP
OECD.SDD.NAD:DSD_NAMAIN1@DF_QNA(1.1),Q,Y,GBR,S1,S1,P6,_Z,_Z,_Z,XDC,V,N,T0102,1995-Q2,53322,,,F,1,A,6,GBP
OECD.SDD.NAD:DSD_NAMAIN1@DF_QNA(1.1),Q,Y,GBR,S1,S1,P6,_Z,_Z,_Z,XDC,V,N,T0102,2004-Q1,76292,,,F,1,A,6,GBP
OECD.SDD.NAD:DSD_NAMAIN1@DF_QNA(1.1),Q,Y,GBR,S1,S1,P6,_Z,_Z,_Z,XDC,V,N,T0102,1994-Q3,49173,,,F,1,A,6,GBP
OECD.SDD.NAD:DSD_NAMAIN1@DF_QNA(1.1),Q,Y,GBR,S1,S1,P6,_Z,_Z,_Z,XDC,V,N,T0102,1992-Q4,40518,,,F,1,A,6,GBP
OECD.SDD.NAD:DSD_NAMAIN1@DF_QNA(1.1),Q,Y,GBR,S1,S1,P6,_Z,_Z,_Z,XDC,V,N,T0102,1993-Q1,43529,,,F,1,A,6,GBP
OECD.SDD.NAD:DSD_NAMAIN1@DF_QNA(1.1),Q,Y,GBR,S1,S1,P6,_Z,_Z,_Z,XDC,V,N,T0102,1993-Q2,42648,,,F,1,A,6,GBP
OECD.SDD.NAD:DSD_NAMAIN1@DF_QNA(1.1),Q,Y,GBR,S1,S1,P6,_Z,_Z,_Z,XDC,V,N,T0102,1999-Q1,60130,,,F,1,A,6,GBP
OECD.SDD.NAD:DSD_NAMAIN1@DF_QNA(1.1),Q,Y,GBR,S1,S1,P6,_Z,_Z,_Z,XDC,V,N,T0102,1999-Q4,66920,,,F,1,A,6,GBP
OECD.SDD.NAD:DSD_NAMAIN1@DF_QNA(1.1),Q,Y,GBR,S1,S1,B1GQ,_Z,_Z,_Z,XDC,V,N,T0102,1978-Q2,45901,,,F,1,A,6,GBP
OECD.SDD.NAD:DSD_NAMAIN1@DF_QNA(1.1),Q,Y,GBR,S1,S1,B1GQ,_Z,_Z,_Z,XDC,V,N,T0102,1978-Q3,47202,,,F,1,A,6,GBP
OECD.SDD.NAD:DSD_NAMAIN1@DF_QNA(1.1),Q,Y,GBR,S1,S1,B1GQ,_Z,_Z,_Z,XDC,V,N,T0102,1978-Q4,48902,,,F,1,A,6,GBP
OECD.SDD.NAD:DSD_NAMAIN1@DF_QNA(1.1),Q,Y,GBR,S1,S1,B1GQ,_Z,_Z,_Z,XDC,V,N,T0102,1979-Q1,50455,,,F,1,A,6,GBP
OECD.SDD.NAD:DSD_NAMAIN1@DF_QNA(1.1),Q,Y,GBR,S1,S1,B1GQ,_Z,_Z,_Z,XDC,V,N,T0102,1979-Q2,53962,,,F,1,A,6,GBP
OECD.SDD.NAD:DSD_NAMAIN1@DF_QNA(1.1),Q,Y,GBR,S1,S1,P6,_Z,_Z,_Z,XDC,V,N,T0102,1983-Q4,21767,,,F,1,A,6,GBP
OECD.SDD.NAD:DSD_NAMAIN1@DF_QNA(1.1),Q,Y,GBR,S1,S1,P6,_Z,_Z,_Z,XDC,V,N,T0102,1984-Q1,22673,,,F,1,A,6,GBP
OECD.SDD.NAD:DSD_NAMAIN1@DF_QNA(1.1),Q,Y,GBR,S1,S1,P6,_Z,_Z,_Z,XDC,V,N,T0102,1984-Q2,23268,,,F,1,A,6,GBP
OECD.SDD.NAD:DSD_NAMAIN1@DF_QNA(1.1),Q,Y,GBR,S1,S1,P6,_Z,_Z,_Z,XDC,V,N,T0102,1984-Q3,24314,,,F,1,A,6,GBP
OECD.SDD.NAD:DSD_NAMAIN1@DF_QNA(1.1),Q,Y,GBR,S1,S1,P6,_Z,_Z,_Z,XDC,V,N,T0102,1984-Q4,25645,,,F,1,A,6,GBP
OECD.SDD.NAD:DSD_NAMAIN1@DF_QNA(1.1),Q,Y,GBR,S1,S1,P6,_Z,_Z,_Z,XDC,V,N,T0102,1985-Q1,26922,,,F,1,A,6,GBP
OECD.SDD.NAD:DSD_NAMAIN1@DF_QNA(1.1),Q,Y,GBR,S1,S1,P6,_Z,_Z,_Z,XDC,V,N,T0102,1985-Q2,27722,,,F,1,A,6,GBP
OECD.SDD.NAD:DSD_NAMAIN1@DF_QNA(1.1),Q,Y,GBR,S1,S1,P6,_Z,_Z,_Z,XDC,V,N,T0102,1985-Q3,26071,,,F,1,A,6,GBP
OECD.SDD.NAD:DSD_NAMAIN1@DF_QNA(1.1),Q,Y,GBR,S1,S1,P6,_Z,_Z,_Z,XDC,V,N,T0102,2025-Q4,235216,,,F,1,A,6,GBP
OECD.SDD.NAD:DSD_NAMAIN1@DF_QNA(1.1),Q,Y,GBR,S1,S1,P6,_Z,_Z,_Z,XDC,V,N,T0102,2026-Q1,239322,,,F,1,A,6,GBP
OECD.SDD.NAD:DSD_NAMAIN1@DF_QNA(1.1),Q,Y,GBR,S1,S1,P6,_Z,_Z,_Z,XDC,V,N,T0102,2008-Q1,105083,,,F,1,A,6,GBP
OECD.SDD.NAD:DSD_NAMAIN1@DF_QNA(1.1),Q,Y,GBR,S1,S1,P6,_Z,_Z,_Z,XDC,V,N,T0102,2008-Q2,110790,,,F,1,A,6,GBP
OECD.SDD.NAD:DSD_NAMAIN1@DF_QNA(1.1),Q,Y,GBR,S1,S1,P6,_Z,_Z,_Z,XDC,V,N,T0102,2009-Q3,102676,,,F,1,A,6,GBP
OECD.SDD.NAD:DSD_NAMAIN1@DF_QNA(1.1),Q,Y,GBR,S1,S1,P6,_Z,_Z,_Z,XDC,V,N,T0102,2024-Q2,224558,,,F,1,A,6,GBP
OECD.SDD.NAD:DSD_NAMAIN1@DF_QNA(1.1),Q,Y,GBR,S1,S1,P6,_Z,_Z,_Z,XDC,V,N,T0102,2024-Q3,226887,,,F,1,A,6,GBP
OECD.SDD.NAD:DSD_NAMAIN1@DF_QNA(1.1),Q,Y,GBR,S1,S1,P6,_Z,_Z,_Z,XDC,V,N,T0102,2025-Q1,232547,,,F,1,A,6,GBP
OECD.SDD.NAD:DSD_NAMAIN1@DF_QNA(1.1),Q,Y,GBR,S1,S1,P6,_Z,_Z,_Z,XDC,V,N,T0102,2024-Q4,228253,,,F,1,A,6,GBP
OECD.SDD.NAD:DSD_NAMAIN1@DF_QNA(1.1),Q,Y,GBR,S1,S1,P6,_Z,_Z,_Z,XDC,V,N,T0102,1990-Q3,35662,,,F,1,A,6,GBP
OECD.SDD.NAD:DSD_NAMAIN1@DF_QNA(1.1),Q,Y,GBR,S1,S1,P6,_Z,_Z,_Z,XDC,V,N,T0102,1990-Q4,36072,,,F,1,A,6,GBP
OECD.SDD.NAD:DSD_NAMAIN1@DF_QNA(1.1),Q,Y,GBR,S1,S1,P6,_Z,_Z,_Z,XDC,V,N,T0102,1991-Q1,34859,,,F,1,A,6,GBP
OECD.SDD.NAD:DSD_NAMAIN1@DF_QNA(1.1),Q,Y,GBR,S1,S1,P6,_Z,_Z,_Z,XDC,V,N,T0102,1991-Q2,36588,,,F,1,A,6,GBP
OECD.SDD.NAD:DSD_NAMAIN1@DF_QNA(1.1),Q,Y,GBR,S1,S1,P6,_Z,_Z,_Z,XDC,V,N,T0102,1991-Q3,37516,,,F,1,A,6,GBP
OECD.SDD.NAD:DSD_NAMAIN1@DF_QNA(1.1),Q,Y,GBR,S1,S1,P6,_Z,_Z,_Z,XDC,V,N,T0102,1991-Q4,37339,,,F,1,A,6,GBP
OECD.SDD.NAD:DSD_NAMAIN1@DF_QNA(1.1),Q,Y,GBR,S1,S1,P6,_Z,_Z,_Z,XDC,V,N,T0102,1992-Q1,37905,,,F,1,A,6,GBP
OECD.SDD.NAD:DSD_NAMAIN1@DF_QNA(1.1),Q,Y,GBR,S1,S1,P6,_Z,_Z,_Z,XDC,V,N,T0102,1992-Q2,38579,,,F,1,A,6,GBP
OECD.SDD.NAD:DSD_NAMAIN1@DF_QNA(1.1),Q,Y,GBR,S1,S1,P6,_Z,_Z,_Z,XDC,V,N,T0102,1967-Q3,1907,,,F,1,A,6,GBP
OECD.SDD.NAD:DSD_NAMAIN1@DF_QNA(1.1),Q,Y,GBR,S1,S1,P6,_Z,_Z,_Z,XDC,V,N,T0102,1967-Q4,1825,,,F,1,A,6,GBP
OECD.SDD.NAD:DSD_NAMAIN1@DF_QNA(1.1),Q,Y,GBR,S1,S1,P6,_Z,_Z,_Z,XDC,V,N,T0102,1968-Q1,2205,,,F,1,A,6,GBP
OECD.SDD.NAD:DSD_NAMAIN1@DF_QNA(1.1),Q,Y,GBR,S1,S1,P6,_Z,_Z,_Z,XDC,V,N,T0102,1968-Q2,2195,,,F,1,A,6,GBP
OECD.SDD.NAD:DSD_NAMAIN1@DF_QNA(1.1),Q,Y,GBR,S1,S1,P6,_Z,_Z,_Z,XDC,V,N,T0102,2024-Q1,217273,,,F,1,A,6,GBP
OECD.SDD.NAD:DSD_NAMAIN1@DF_QNA(1.1),Q,Y,GBR,S1,S1,P6,_Z,_Z,_Z,XDC,V,N,T0102,2013-Q1,135560,,,F,1,A,6,GBP
OECD.SDD.NAD:DSD_NAMAIN1@DF_QNA(1.1),Q,Y,GBR,S1,S1,P6,_Z,_Z,_Z,XDC,V,N,T0102,2014-Q1,133472,,,F,1,A,6,GBP
OECD.SDD.NAD:DSD_NAMAIN1@DF_QNA(1.1),Q,Y,GBR,S1,S1,P6,_Z,_Z,_Z,XDC,V,N,T0102,2014-Q2,133673,,,F,1,A,6,GBP
OECD.SDD.NAD:DSD_NAMAIN1@DF_QNA(1.1),Q,Y,GBR,S1,S1,P6,_Z,_Z,_Z,XDC,V,N,T0102,2015-Q3,130993,,,F,1,A,6,GBP
OECD.SDD.NAD:DSD_NAMAIN1@DF_QNA(1.1),Q,Y,GBR,S1,S1,P6,_Z,_Z,_Z,XDC,V,N,T0102,2015-Q4,135393,,,F,1,A,6,GBP
OECD.SDD.NAD:DSD_NAMAIN1@DF_QNA(1.1),Q,Y,GBR,S1,S1,P6,_Z,_Z,_Z,XDC,V,N,T0102,2016-Q4,155197,,,F,1,A,6,GBP
OECD.SDD.NAD:DSD_NAMAIN1@DF_QNA(1.1),Q,Y,GBR,S1,S1,P6,_Z,_Z,_Z,XDC,V,N,T0102,2007-Q1,94109,,,F,1,A,6,GBP
OECD.SDD.NAD:DSD_NAMAIN1@DF_QNA(1.1),Q,Y,GBR,S1,S1,P6,_Z,_Z,_Z,XDC,V,N,T0102,2008-Q3,113068,,,F,1,A,6,GBP
OECD.SDD.NAD:DSD_NAMAIN1@DF_QNA(1.1),Q,Y,GBR,S1,S1,P6,_Z,_Z,_Z,XDC,V,N,T0102,2018-Q2,173057,,,F,1,A,6,GBP
OECD.SDD.NAD:DSD_NAMAIN1@DF_QNA(1.1),Q,Y,GBR,S1,S1,P6,_Z,_Z,_Z,XDC,V,N,T0102,2009-Q2,101784,,,F,1,A,6,GBP
OECD.SDD.NAD:DSD_NAMAIN1@DF_QNA(1.1),Q,Y,GBR,S1,S1,P6,_Z,_Z,_Z,XDC,V,N,T0102,2010-Q2,116022,,,F,1,A,6,GBP
OECD.SDD.NAD:DSD_NAMAIN1@DF_QNA(1.1),Q,Y,GBR,S1,S1,P6,_Z,_Z,_Z,XDC,V,N,T0102,2010-Q3,116673,,,F,1,A,6,GBP
OECD.SDD.NAD:DSD_NAMAIN1@DF_QNA(1.1),Q,Y,GBR,S1,S1,P6,_Z,_Z,_Z,XDC,V,N,T0102,1962-Q3,1411,,,F,1,A,6,GBP
OECD.SDD.NAD:DSD_NAMAIN1@DF_QNA(1.1),Q,Y,GBR,S1,S1,P6,_Z,_Z,_Z,XDC,V,N,T0102,1962-Q4,1422,,,F,1,A,6,GBP
OECD.SDD.NAD:DSD_NAMAIN1@DF_QNA(1.1),Q,Y,GBR,S1,S1,P6,_Z,_Z,_Z,XDC,V,N,T0102,1963-Q1,1460,,,F,1,A,6,GBP
OECD.SDD.NAD:DSD_NAMAIN1@DF_QNA(1.1),Q,Y,GBR,S1,S1,P6,_Z,_Z,_Z,XDC,V,N,T0102,1965-Q4,1749,,,F,1,A,6,GBP
OECD.SDD.NAD:DSD_NAMAIN1@DF_QNA(1.1),Q,Y,GBR,S1,S1,P6,_Z,_Z,_Z,XDC,V,N,T0102,1966-Q1,1775,,,F,1,A,6,GBP
OECD.SDD.NAD:DSD_NAMAIN1@DF_QNA(1.1),Q,Y,GBR,S1,S1,P6,_Z,_Z,_Z,XDC,V,N,T0102,1966-Q2,1763,,,F,1,A,6,GBP
OECD.SDD.NAD:DSD_NAMAIN1@DF_QNA(1.1),Q,Y,GBR,S1,S1,P6,_Z,_Z,_Z,XDC,V,N,T0102,1966-Q3,1845,,,F,1,A,6,GBP
OECD.SDD.NAD:DSD_NAMAIN1@DF_QNA(1.1),Q,Y,GBR,S1,S1,P6,_Z,_Z,_Z,XDC,V,N,T0102,1966-Q4,1929,,,F,1,A,6,GBP
OECD.SDD.NAD:DSD_NAMAIN1@DF_QNA(1.1),Q,Y,GBR,S1,S1,P6,_Z,_Z,_Z,XDC,V,N,T0102,1967-Q1,1933,,,F,1,A,6,GBP
OECD.SDD.NAD:DSD_NAMAIN1@DF_QNA(1.1),Q,Y,GBR,S1,S1,P6,_Z,_Z,_Z,XDC,V,N,T0102,1967-Q2,1880,,,F,1,A,6,GBP
OECD.SDD.NAD:DSD_NAMAIN1@DF_QNA(1.1),Q,Y,GBR,S1,S1,P6,_Z,_Z,_Z,XDC,V,N,T0102,1955-Q1,1079,,,F,1,A,6,GBP
OECD.SDD.NAD:DSD_NAMAIN1@DF_QNA(1.1),Q,Y,GBR,S1,S1,P6,_Z,_Z,_Z,XDC,V,N,T0102,1955-Q2,986,,,F,1,A,6,GBP
OECD.SDD.NAD:DSD_NAMAIN1@DF_QNA(1.1),Q,Y,GBR,S1,S1,P6,_Z,_Z,_Z,XDC,V,N,T0102,1955-Q3,1093,,,F,1,A,6,GBP
OECD.SDD.NAD:DSD_NAMAIN1@DF_QNA(1.1),Q,Y,GBR,S1,S1,P6,_Z,_Z,_Z,XDC,V,N,T0102,1955-Q4,1107,,,F,1,A,6,GBP
OECD.SDD.NAD:DSD_NAMAIN1@DF_QNA(1.1),Q,Y,GBR,S1,S1,P6,_Z,_Z,_Z,XDC,V,N,T0102,1956-Q1,1154,,,F,1,A,6,GBP
OECD.SDD.NAD:DSD_NAMAIN1@DF_QNA(1.1),Q,Y,GBR,S1,S1,P6,_Z,_Z,_Z,XDC,V,N,T0102,1956-Q2,1185,,,F,1,A,6,GBP
OECD.SDD.NAD:DSD_NAMAIN1@DF_QNA(1.1),Q,Y,GBR,S1,S1,P6,_Z,_Z,_Z,XDC,V,N,T0102,1956-Q3,1166,,,F,1,A,6,GBP
OECD.SDD.NAD:DSD_NAMAIN1@DF_QNA(1.1),Q,Y,GBR,S1,S1,P6,_Z,_Z,_Z,XDC,V,N,T0102,1956-Q4,1191,,,F,1,A,6,GBP
OECD.SDD.NAD:DSD_NAMAIN1@DF_QNA(1.1),Q,Y,GBR,S1,S1,P6,_Z,_Z,_Z,XDC,V,N,T0102,1957-Q1,1252,,,F,1,A,6,GBP
OECD.SDD.NAD:DSD_NAMAIN1@DF_QNA(1.1),Q,Y,GBR,S1,S1,P6,_Z,_Z,_Z,XDC,V,N,T0102,1957-Q2,1235,,,F,1,A,6,GBP
OECD.SDD.NAD:DSD_NAMAIN1@DF_QNA(1.1),Q,Y,GBR,S1,S1,P6,_Z,_Z,_Z,XDC,V,N,T0102,1957-Q3,1232,,,F,1,A,6,GBP
OECD.SDD.NAD:DSD_NAMAIN1@DF_QNA(1.1),Q,Y,GBR,S1,S1,P6,_Z,_Z,_Z,XDC,V,N,T0102,1957-Q4,1218,,,F,1,A,6,GBP
OECD.SDD.NAD:DSD_NAMAIN1@DF_QNA(1.1),Q,Y,GBR,S1,S1,P6,_Z,_Z,_Z,XDC,V,N,T0102,1958-Q1,1217,,,F,1,A,6,GBP
OECD.SDD.NAD:DSD_NAMAIN1@DF_QNA(1.1),Q,Y,GBR,S1,S1,P6,_Z,_Z,_Z,XDC,V,N,T0102,1958-Q2,1148,,,F,1,A,6,GBP
OECD.SDD.NAD:DSD_NAMAIN1@DF_QNA(1.1),Q,Y,GBR,S1,S1,P6,_Z,_Z,_Z,XDC,V,N,T0102,1958-Q3,1231,,,F,1,A,6,GBP
OECD.SDD.NAD:DSD_NAMAIN1@DF_QNA(1.1),Q,Y,GBR,S1,S1,P6,_Z,_Z,_Z,XDC,V,N,T0102,1958-Q4,1204,,,F,1,A,6,GBP
OECD.SDD.NAD:DSD_NAMAIN1@DF_QNA(1.1),Q,Y,GBR,S1,S1,P6,_Z,_Z,_Z,XDC,V,N,T0102,1959-Q1,1186,,,F,1,A,6,GBP
OECD.SDD.NAD:DSD_NAMAIN1@DF_QNA(1.1),Q,Y,GBR,S1,S1,P6,_Z,_Z,_Z,XDC,V,N,T0102,1959-Q2,1221,,,F,1,A,6,GBP
OECD.SDD.NAD:DSD_NAMAIN1@DF_QNA(1.1),Q,Y,GBR,S1,S1,P6,_Z,_Z,_Z,XDC,V,N,T0102,1959-Q3,1247,,,F,1,A,6,GBP
OECD.SDD.NAD:DSD_NAMAIN1@DF_QNA(1.1),Q,Y,GBR,S1,S1,P6,_Z,_Z,_Z,XDC,V,N,T0102,1972-Q4,3942,,,F,1,A,6,GBP
OECD.SDD.NAD:DSD_NAMAIN1@DF_QNA(1.1),Q,Y,GBR,S1,S1,P6,_Z,_Z,_Z,XDC,V,N,T0102,1973-Q1,4008,,,F,1,A,6,GBP
OECD.SDD.NAD:DSD_NAMAIN1@DF_QNA(1.1),Q,Y,GBR,S1,S1,P6,_Z,_Z,_Z,XDC,V,N,T0102,1987-Q4,28256,,,F,1,A,6,GBP
OECD.SDD.NAD:DSD_NAMAIN1@DF_QNA(1.1),Q,Y,GBR,S1,S1,P6,_Z,_Z,_Z,XDC,V,N,T0102,1988-Q1,27649,,,F,1,A,6,GBP
OECD.SDD.NAD:DSD_NAMAIN1@DF_QNA(1.1),Q,Y,GBR,S1,S1,B1GQ,_Z,_Z,_Z,XDC,V,N,T0102,1999-Q4,268448,,,F,1,A,6,GBP
OECD.SDD.NAD:DSD_NAMAIN1@DF_QNA(1.1),Q,Y,GBR,S1,S1,B1GQ,_Z,_Z,_Z,XDC,V,N,T0102,2025-Q2,755947,,,F,1,A,6,GBP
OECD.SDD.NAD:DSD_NAMAIN1@DF_QNA(1.1),Q,Y,GBR,S1,S1,P6,_Z,_Z,_Z,XDC,V,N,T0102,2019-Q3,183497,,,F,1,A,6,GBP
OECD.SDD.NAD:DSD_NAMAIN1@DF_QNA(1.1),Q,Y,GBR,S1,S1,P6,_Z,_Z,_Z,XDC,V,N,T0102,2002-Q3,73941,,,F,1,A,6,GBP
OECD.SDD.NAD:DSD_NAMAIN1@DF_QNA(1.1),Q,Y,GBR,S1,S1,P6,_Z,_Z,_Z,XDC,V,N,T0102,2002-Q4,71235,,,F,1,A,6,GBP
OECD.SDD.NAD:DSD_NAMAIN1@DF_QNA(1.1),Q,Y,GBR,S1,S1,P6,_Z,_Z,_Z,XDC,V,N,T0102,2003-Q2,74751,,,F,1,A,6,GBP
OECD.SDD.NAD:DSD_NAMAIN1@DF_QNA(1.1),Q,Y,GBR,S1,S1,P6,_Z,_Z,_Z,XDC,V,N,T0102,2007-Q3,99458,,,F,1,A,6,GBP
OECD.SDD.NAD:DSD_NAMAIN1@DF_QNA(1.1),Q,Y,GBR,S1,S1,P6,_Z,_Z,_Z,XDC,V,N,T0102,2008-Q4,109737,,,F,1,A,6,GBP
OECD.SDD.NAD:DSD_NAMAIN1@DF_QNA(1.1),Q,Y,GBR,S1,S1,P6,_Z,_Z,_Z,XDC,V,N,T0102,2009-Q1,103777,,,F,1,A,6,GBP
OECD.SDD.NAD:DSD_NAMAIN1@DF_QNA(1.1),Q,Y,GBR,S1,S1,P6,_Z,_Z,_Z,XDC,V,N,T0102,1988-Q3,29439,,,F,1,A,6,GBP
OECD.SDD.NAD:DSD_NAMAIN1@DF_QNA(1.1),Q,Y,GBR,S1,S1,P6,_Z,_Z,_Z,XDC,V,N,T0102,1988-Q4,29083,,,F,1,A,6,GBP
OECD.SDD.NAD:DSD_NAMAIN1@DF_QNA(1.1),Q,Y,GBR,S1,S1,P6,_Z,_Z,_Z,XDC,V,N,T0102,1989-Q1,30829,,,F,1,A,6,GBP
OECD.SDD.NAD:DSD_NAMAIN1@DF_QNA(1.1),Q,Y,GBR,S1,S1,P6,_Z,_Z,_Z,XDC,V,N,T0102,1989-Q2,31759,,,F,1,A,6,GBP
OECD.SDD.NAD:DSD_NAMAIN1@DF_QNA(1.1),Q,Y,GBR,S1,S1,P6,_Z,_Z,_Z,XDC,V,N,T0102,1989-Q3,33017,,,F,1,A,6,GBP
OECD.SDD.NAD:DSD_NAMAIN1@DF_QNA(1.1),Q,Y,GBR,S1,S1,P6,_Z,_Z,_Z,XDC,V,N,T0102,1989-Q4,34555,,,F,1,A,6,GBP
OECD.SDD.NAD:DSD_NAMAIN1@DF_QNA(1.1),Q,Y,GBR,S1,S1,P6,_Z,_Z,_Z,XDC,V,N,T0102,1990-Q1,35672,,,F,1,A,6,GBP
OECD.SDD.NAD:DSD_NAMAIN1@DF_QNA(1.1),Q,Y,GBR,S1,S1,P6,_Z,_Z,_Z,XDC,V,N,T0102,1990-Q2,36108,,,F,1,A,6,GBP
OECD.SDD.NAD:DSD_NAMAIN1@DF_QNA(1.1),Q,Y,GBR,S1,S1,P6,_Z,_Z,_Z,XDC,V,N,T0102,1973-Q3,4524,,,F,1,A,6,GBP
OECD.SDD.NAD:DSD_NAMAIN1@DF_QNA(1.1),Q,Y,GBR,S1,S1,P6,_Z,_Z,_Z,XDC,V,N,T0102,1973-Q4,4852,,,F,1,A,6,GBP
OECD.SDD.NAD:DSD_NAMAIN1@DF_QNA(1.1),Q,Y,GBR,S1,S1,P6,_Z,_Z,_Z,XDC,V,N,T0102,1974-Q1,5314,,,F,1,A,6,GBP
OECD.SDD.NAD:DSD_NAMAIN1@DF_QNA(1.1),Q,Y,GBR,S1,S1,P6,_Z,_Z,_Z,XDC,V,N,T0102,1974-Q2,5890,,,F,1,A,6,GBP
OECD.SDD.NAD:DSD_NAMAIN1@DF_QNA(1.1),Q,Y,GBR,S1,S1,P6,_Z,_Z,_Z,XDC,V,N,T0102,1974-Q3,6172,,,F,1,A,6,GBP
OECD.SDD.NAD:DSD_NAMAIN1@DF_QNA(1.1),Q,Y,GBR,S1,S1,P6,_Z,_Z,_Z,XDC,V,N,T0102,1974-Q4,6247,,,F,1,A,6,GBP
OECD.SDD.NAD:DSD_NAMAIN1@DF_QNA(1.1),Q,Y,GBR,S1,S1,P6,_Z,_Z,_Z,XDC,V,N,T0102,1975-Q1,6665,,,F,1,A,6,GBP
OECD.SDD.NAD:DSD_NAMAIN1@DF_QNA(1.1),Q,Y,GBR,S1,S1,P6,_Z,_Z,_Z,XDC,V,N,T0102,1975-Q2,6640,,,F,1,A,6,GBP
OECD.SDD.NAD:DSD_NAMAIN1@DF_QNA(1.1),Q,Y,GBR,S1,S1,P6,_Z,_Z,_Z,XDC,V,N,T0102,1975-Q3,6925,,,F,1,A,6,GBP
OECD.SDD.NAD:DSD_NAMAIN1@DF_QNA(1.1),Q,Y,GBR,S1,S1,P6,_Z,_Z,_Z,XDC,V,N,T0102,1975-Q4,7540,,,F,1,A,6,GBP
OECD.SDD.NAD:DSD_NAMAIN1@DF_QNA(1.1),Q,Y,GBR,S1,S1,P6,_Z,_Z,_Z,XDC,V,N,T0102,1976-Q1,8049,,,F,1,A,6,GBP
OECD.SDD.NAD:DSD_NAMAIN1@DF_QNA(1.1),Q,Y,GBR,S1,S1,P6,_Z,_Z,_Z,XDC,V,N,T0102,1976-Q2,8813,,,F,1,A,6,GBP
OECD.SDD.NAD:DSD_NAMAIN1@DF_QNA(1.1),Q,Y,GBR,S1,S1,P6,_Z,_Z,_Z,XDC,V,N,T0102,1976-Q3,9285,,,F,1,A,6,GBP
OECD.SDD.NAD:DSD_NAMAIN1@DF_QNA(1.1),Q,Y,GBR,S1,S1,P6,_Z,_Z,_Z,XDC,V,N,T0102,1976-Q4,10129,,,F,1,A,6,GBP
OECD.SDD.NAD:DSD_NAMAIN1@DF_QNA(1.1),Q,Y,GBR,S1,S1,P6,_Z,_Z,_Z,XDC,V,N,T0102,1977-Q1,10533,,,F,1,A,6,GBP
OECD.SDD.NAD:DSD_NAMAIN1@DF_QNA(1.1),Q,Y,GBR,S1,S1,P6,_Z,_Z,_Z,XDC,V,N,T0102,1979-Q1,12123,,,F,1,A,6,GBP
OECD.SDD.NAD:DSD_NAMAIN1@DF_QNA(1.1),Q,Y,GBR,S1,S1,P6,_Z,_Z,_Z,XDC,V,N,T0102,1979-Q2,14637,,,F,1,A,6,GBP
OECD.SDD.NAD:DSD_NAMAIN1@DF_QNA(1.1),Q,Y,GBR,S1,S1,P6,_Z,_Z,_Z,XDC,V,N,T0102,1979-Q3,14604,,,F,1,A,6,GBP
OECD.SDD.NAD:DSD_NAMAIN1@DF_QNA(1.1),Q,Y,GBR,S1,S1,P6,_Z,_Z,_Z,XDC,V,N,T0102,1979-Q4,15426,,,F,1,A,6,GBP
OECD.SDD.NAD:DSD_NAMAIN1@DF_QNA(1.1),Q,Y,GBR,S1,S1,P6,_Z,_Z,_Z,XDC,V,N,T0102,1980-Q1,16285,,,F,1,A,6,GBP
OECD.SDD.NAD:DSD_NAMAIN1@DF_QNA(1.1),Q,Y,GBR,S1,S1,P6,_Z,_Z,_Z,XDC,V,N,T0102,1980-Q2,16226,,,F,1,A,6,GBP
OECD.SDD.NAD:DSD_NAMAIN1@DF_QNA(1.1),Q,Y,GBR,S1,S1,P6,_Z,_Z,_Z,XDC,V,N,T0102,1980-Q3,16095,,,F,1,A,6,GBP
OECD.SDD.NAD:DSD_NAMAIN1@DF_QNA(1.1),Q,Y,GBR,S1,S1,P6,_Z,_Z,_Z,XDC,V,N,T0102,1980-Q4,16176,,,F,1,A,6,GBP
OECD.SDD.NAD:DSD_NAMAIN1@DF_QNA(1.1),Q,Y,GBR,S1,S1,P6,_Z,_Z,_Z,XDC,V,N,T0102,1981-Q1,16325,,,F,1,A,6,GBP
OECD.SDD.NAD:DSD_NAMAIN1@DF_QNA(1.1),Q,Y,GBR,S1,S1,P6,_Z,_Z,_Z,XDC,V,N,T0102,1981-Q2,16939,,,F,1,A,6,GBP
OECD.SDD.NAD:DSD_NAMAIN1@DF_QNA(1.1),Q,Y,GBR,S1,S1,P6,_Z,_Z,_Z,XDC,V,N,T0102,1981-Q3,18202,,,F,1,A,6,GBP
OECD.SDD.NAD:DSD_NAMAIN1@DF_QNA(1.1),Q,Y,GBR,S1,S1,P6,_Z,_Z,_Z,XDC,V,N,T0102,1981-Q4,18624,,,F,1,A,6,GBP
OECD.SDD.NAD:DSD_NAMAIN1@DF_QNA(1.1),Q,Y,GBR,S1,S1,P6,_Z,_Z,_Z,XDC,V,N,T0102,1982-Q1,18377,,,F,1,A,6,GBP
OECD.SDD.NAD:DSD_NAMAIN1@DF_QNA(1.1),Q,Y,GBR,S1,S1,P6,_Z,_Z,_Z,XDC,V,N,T0102,1982-Q2,18916,,,F,1,A,6,GBP
OECD.SDD.NAD:DSD_NAMAIN1@DF_QNA(1.1),Q,Y,GBR,S1,S1,P6,_Z,_Z,_Z,XDC,V,N,T0102,1982-Q3,18910,,,F,1,A,6,GBP
OECD.SDD.NAD:DSD_NAMAIN1@DF_QNA(1.1),Q,Y,GBR,S1,S1,P6,_Z,_Z,_Z,XDC,V,N,T0102,1982-Q4,19613,,,F,1,A,6,GBP
OECD.SDD.NAD:DSD_NAMAIN1@DF_QNA(1.1),Q,Y,GBR,S1,S1,P6,_Z,_Z,_Z,XDC,V,N,T0102,1983-Q1,20107,,,F,1,A,6,GBP
OECD.SDD.NAD:DSD_NAMAIN1@DF_QNA(1.1),Q,Y,JPN,S1,S1,B1GQ,_Z,_Z,_Z,XDC,V,N,T0102,2011-Q1,125394700,,,F,1,A,6,JPY
OECD.SDD.NAD:DSD_NAMAIN1@DF_QNA(1.1),Q,Y,JPN,S1,S1,P7,_Z,_Z,_Z,XDC,V,N,T0102,2024-Q4,36615425,,,F,1,A,6,JPY
OECD.SDD.NAD:DSD_NAMAIN1@DF_QNA(1.1),Q,Y,JPN,S1,S1,P7,_Z,_Z,_Z,XDC,V,N,T0102,2018-Q2,24994575,,,F,1,A,6,JPY
OECD.SDD.NAD:DSD_NAMAIN1@DF_QNA(1.1),Q,Y,JPN,S1,S1,P6,_Z,_Z,_Z,XDC,V,N,T0102,2005-Q2,17885100,,,F,1,A,6,JPY
OECD.SDD.NAD:DSD_NAMAIN1@DF_QNA(1.1),Q,Y,JPN,S1,S1,P7,_Z,_Z,_Z,XDC,V,N,T0102,2009-Q2,13958375,,,F,1,A,6,JPY
OECD.SDD.NAD:DSD_NAMAIN1@DF_QNA(1.1),Q,Y,JPN,S1,S1,P7,_Z,_Z,_Z,XDC,V,N,T0102,2008-Q3,24564650,,,F,1,A,6,JPY
OECD.SDD.NAD:DSD_NAMAIN1@DF_QNA(1.1),Q,Y,JPN,S1,S1,P7,_Z,_Z,_Z,XDC,V,N,T0102,2025-Q1,37961250,,,F,1,A,6,JPY
OECD.SDD.NAD:DSD_NAMAIN1@DF_QNA(1.1),Q,Y,JPN,S1,S1,P7,_Z,_Z,_Z,XDC,V,N,T0102,2005-Q3,17037050,,,F,1,A,6,JPY
OECD.SDD.NAD:DSD_NAMAIN1@DF_QNA(1.1),Q,Y,JPN,S1,S1,P7,_Z,_Z,_Z,XDC,V,N,T0102,2005-Q2,15994100,,,F,1,A,6,JPY
OECD.SDD.NAD:DSD_NAMAIN1@DF_QNA(1.1),Q,Y,JPN,S1,S1,P7,_Z,_Z,_Z,XDC,V,N,T0102,2003-Q2,12609725,,,F,1,A,6,JPY
OECD.SDD.NAD:DSD_NAMAIN1@DF_QNA(1.1),Q,Y,JPN,S1,S1,P7,_Z,_Z,_Z,XDC,V,N,T0102,2001-Q4,11872550,,,F,1,A,6,JPY
OECD.SDD.NAD:DSD_NAMAIN1@DF_QNA(1.1),Q,Y,JPN,S1,S1,P7,_Z,_Z,_Z,XDC,V,N,T0102,2010-Q3,17312425,,,F,1,A,6,JPY
OECD.SDD.NAD:DSD_NAMAIN1@DF_QNA(1.1),Q,Y,JPN,S1,S1,P7,_Z,_Z,_Z,XDC,V,N,T0102,2011-Q2,18972875,,,F,1,A,6,JPY
OECD.SDD.NAD:DSD_NAMAIN1@DF_QNA(1.1),Q,Y,JPN,S1,S1,P7,_Z,_Z,_Z,XDC,V,N,T0102,2011-Q1,18424325,,,F,1,A,6,JPY
OECD.SDD.NAD:DSD_NAMAIN1@DF_QNA(1.1),Q,Y,JPN,S1,S1,P7,_Z,_Z,_Z,XDC,V,N,T0102,2010-Q1,16453950,,,F,1,A,6,JPY
OECD.SDD.NAD:DSD_NAMAIN1@DF_QNA(1.1),Q,Y,JPN,S1,S1,P7,_Z,_Z,_Z,XDC,V,N,T0102,2019-Q3,25063650,,,F,1,A,6,JPY
OECD.SDD.NAD:DSD_NAMAIN1@DF_QNA(1.1),Q,Y,JPN,S1,S1,P7,_Z,_Z,_Z,XDC,V,N,T0102,2019-Q2,25091450,,,F,1,A,6,JPY
OECD.SDD.NAD:DSD_NAMAIN1@DF_QNA(1.1),Q,Y,JPN,S1,S1,P7,_Z,_Z,_Z,XDC,V,N,T0102,2018-Q4,26674950,,,F,1,A,6,JPY
OECD.SDD.NAD:DSD_NAMAIN1@DF_QNA(1.1),Q,Y,JPN,S1,S1,P7,_Z,_Z,_Z,XDC,V,N,T0102,2018-Q3,25632925,,,F,1,A,6,JPY
OECD.SDD.NAD:DSD_NAMAIN1@DF_QNA(1.1),Q,Y,JPN,S1,S1,P7,_Z,_Z,_Z,XDC,V,N,T0102,2017-Q3,22967525,,,F,1,A,6,JPY
OECD.SDD.NAD:DSD_NAMAIN1@DF_QNA(1.1),Q,Y,JPN,S1,S1,P7,_Z,_Z,_Z,XDC,V,N,T0102,2021-Q2,25416700,,,F,1,A,6,JPY
OECD.SDD.NAD:DSD_NAMAIN1@DF_QNA(1.1),Q,Y,JPN,S1,S1,P7,_Z,_Z,_Z,XDC,V,N,T0102,2021-Q1,23065225,,,F,1,A,6,JPY
OECD.SDD.NAD:DSD_NAMAIN1@DF_QNA(1.1),Q,Y,JPN,S1,S1,P7,_Z,_Z,_Z,XDC,V,N,T0102,2020-Q4,20917675,,,F,1,A,6,JPY
OECD.SDD.NAD:DSD_NAMAIN1@DF_QNA(1.1),Q,Y,JPN,S1,S1,P7,_Z,_Z,_Z,XDC,V,N,T0102,2020-Q3,19886400,,,F,1,A,6,JPY
OECD.SDD.NAD:DSD_NAMAIN1@DF_QNA(1.1),Q,Y,JPN,S1,S1,P7,_Z,_Z,_Z,XDC,V,N,T0102,1998-Q1,12132225,,,F,1,A,6,JPY
OECD.SDD.NAD:DSD_NAMAIN1@DF_QNA(1.1),Q,Y,JPN,S1,S1,P7,_Z,_Z,_Z,XDC,V,N,T0102,2026-Q1,39578350,,,F,1,A,6,JPY
OECD.SDD.NAD:DSD_NAMAIN1@DF_QNA(1.1),Q,Y,JPN,S1,S1,P7,_Z,_Z,_Z,XDC,V,N,T0102,2025-Q4,37843750,,,F,1,A,6,JPY
OECD.SDD.NAD:DSD_NAMAIN1@DF_QNA(1.1),Q,Y,JPN,S1,S1,P7,_Z,_Z,_Z,XDC,V,N,T0102,2014-Q1,26522300,,,F,1,A,6,JPY
OECD.SDD.NAD:DSD_NAMAIN1@DF_QNA(1.1),Q,Y,JPN,S1,S1,P7,_Z,_Z,_Z,XDC,V,N,T0102,2013-Q1,21644550,,,F,1,A,6,JPY
OECD.SDD.NAD:DSD_NAMAIN1@DF_QNA(1.1),Q,Y,JPN,S1,S1,P7,_Z,_Z,_Z,XDC,V,N,T0102,2010-Q2,17377625,,,F,1,A,6,JPY
OECD.SDD.NAD:DSD_NAMAIN1@DF_QNA(1.1),Q,Y,JPN,S1,S1,P7,_Z,_Z,_Z,XDC,V,N,T0102,2022-Q3,38453475,,,F,1,A,6,JPY
OECD.SDD.NAD:DSD_NAMAIN1@DF_QNA(1.1),Q,Y,JPN,S1,S1,P7,_Z,_Z,_Z,XDC,V,N,T0102,2022-Q2,34619600,,,F,1,A,6,JPY
OECD.SDD.NAD:DSD_NAMAIN1@DF_QNA(1.1),Q,Y,JPN,S1,S1,P7,_Z,_Z,_Z,XDC,V,N,T0102,2022-Q1,30667325,,,F,1,A,6,JPY
OECD.SDD.NAD:DSD_NAMAIN1@DF_QNA(1.1),Q,Y,JPN,S1,S1,P7,_Z,_Z,_Z,XDC,V,N,T0102,1997-Q4,12513275,,,F,1,A,6,JPY
OECD.SDD.NAD:DSD_NAMAIN1@DF_QNA(1.1),Q,Y,JPN,S1,S1,B1GQ,_Z,_Z,_Z,XDC,V,N,T0102,2019-Q1,143137100,,,F,1,A,6,JPY
OECD.SDD.NAD:DSD_NAMAIN1@DF_QNA(1.1),Q,Y,JPN,S1,S1,B1GQ,_Z,_Z,_Z,XDC,V,N,T0102,2019-Q4,141153775,,,F,1,A,6,JPY
OECD.SDD.NAD:DSD_NAMAIN1@DF_QNA(1.1),Q,Y,JPN,S1,S1,B1GQ,_Z,_Z,_Z,XDC,V,N,T0102,2020-Q1,141920550,,,F,1,A,6,JPY
OECD.SDD.NAD:DSD_NAMAIN1@DF_QNA(1.1),Q,Y,JPN,S1,S1,B1GQ,_Z,_Z,_Z,XDC,V,N,T0102,2020-Q2,132190025,,,F,1,A,6,JPY
OECD.SDD.NAD:DSD_NAMAIN1@DF_QNA(1.1),Q,Y,JPN,S1,S1,B1GQ,_Z,_Z,_Z,XDC,V,N,T0102,2020-Q3,138688775,,,F,1,A,6,JPY
OECD.SDD.NAD:DSD_NAMAIN1@DF_QNA(1.1),Q,Y,JPN,S1,S1,B1GQ,_Z,_Z,_Z,XDC,V,N,T0102,2020-Q4,141033650,,,F,1,A,6,JPY
OECD.SDD.NAD:DSD_NAMAIN1@DF_QNA(1.1),Q,Y,JPN,S1,S1,B1GQ,_Z,_Z,_Z,XDC,V,N,T0102,2021-Q1,142385125,,,F,1,A,6,JPY
OECD.SDD.NAD:DSD_NAMAIN1@DF_QNA(1.1),Q,Y,JPN,S1,S1,B1GQ,_Z,_Z,_Z,XDC,V,N,T0102,2021-Q2,143332650,,,F,1,A,6,JPY
OECD.SDD.NAD:DSD_NAMAIN1@DF_QNA(1.1),Q,Y,JPN,S1,S1,B1GQ,_Z,_Z,_Z,XDC,V,N,T0102,2021-Q3,143228950,,,F,1,A,6,JPY
OECD.SDD.NAD:DSD_NAMAIN1@DF_QNA(1.1),Q,Y,JPN,S1,S1,B1GQ,_Z,_Z,_Z,XDC,V,N,T0102,2021-Q4,144879725,,,F,1,A,6,JPY
OECD.SDD.NAD:DSD_NAMAIN1@DF_QNA(1.1),Q,Y,JPN,S1,S1,B1GQ,_Z,_Z,_Z,XDC,V,N,T0102,1994-Q3,130724625,,,F,1,A,6,JPY
OECD.SDD.NAD:DSD_NAMAIN1@DF_QNA(1.1),Q,Y,JPN,S1,S1,B1GQ,_Z,_Z,_Z,XDC,V,N,T0102,1994-Q4,130496950,,,F,1,A,6,JPY
OECD.SDD.NAD:DSD_NAMAIN1@DF_QNA(1.1),Q,Y,JPN,S1,S1,B1GQ,_Z,_Z,_Z,XDC,V,N,T0102,1995-Q1,131040875,,,F,1,A,6,JPY
OECD.SDD.NAD:DSD_NAMAIN1@DF_QNA(1.1),Q,Y,JPN,S1,S1,B1GQ,_Z,_Z,_Z,XDC,V,N,T0102,1995-Q2,131895600,,,F,1,A,6,JPY
OECD.SDD.NAD:DSD_NAMAIN1@DF_QNA(1.1),Q,Y,JPN,S1,S1,B1GQ,_Z,_Z,_Z,XDC,V,N,T0102,1995-Q3,133509075,,,F,1,A,6,JPY
OECD.SDD.NAD:DSD_NAMAIN1@DF_QNA(1.1),Q,Y,JPN,S1,S1,B1GQ,_Z,_Z,_Z,XDC,V,N,T0102,1995-Q4,133935400,,,F,1,A,6,JPY
OECD.SDD.NAD:DSD_NAMAIN1@DF_QNA(1.1),Q,Y,JPN,S1,S1,B1GQ,_Z,_Z,_Z,XDC,V,N,T0102,1996-Q1,135126750,,,F,1,A,6,JPY
OECD.SDD.NAD:DSD_NAMAIN1@DF_QNA(1.1),Q,Y,JPN,S1,S1,B1GQ,_Z,_Z,_Z,XDC,V,N,T0102,1996-Q2,136629075,,,F,1,A,6,JPY
OECD.SDD.NAD:DSD_NAMAIN1@DF_QNA(1.1),Q,Y,JPN,S1,S1,B1GQ,_Z,_Z,_Z,XDC,V,N,T0102,2002-Q2,133083025,,,F,1,A,6,JPY
OECD.SDD.NAD:DSD_NAMAIN1@DF_QNA(1.1),Q,Y,JPN,S1,S1,B1GQ,_Z,_Z,_Z,XDC,V,N,T0102,2003-Q4,133089750,,,F,1,A,6,JPY
OECD.SDD.NAD:DSD_NAMAIN1@DF_QNA(1.1),Q,Y,JPN,S1,S1,B1GQ,_Z,_Z,_Z,XDC,V,N,T0102,2004-Q1,133732100,,,F,1,A,6,JPY
OECD.SDD.NAD:DSD_NAMAIN1@DF_QNA(1.1),Q,Y,JPN,S1,S1,B1GQ,_Z,_Z,_Z,XDC,V,N,T0102,2006-Q3,134577425,,,F,1,A,6,JPY
OECD.SDD.NAD:DSD_NAMAIN1@DF_QNA(1.1),Q,Y,JPN,S1,S1,B1GQ,_Z,_Z,_Z,XDC,V,N,T0102,2006-Q4,136509150,,,F,1,A,6,JPY
OECD.SDD.NAD:DSD_NAMAIN1@DF_QNA(1.1),Q,Y,JPN,S1,S1,B1GQ,_Z,_Z,_Z,XDC,V,N,T0102,2008-Q1,135661375,,,F,1,A,6,JPY
OECD.SDD.NAD:DSD_NAMAIN1@DF_QNA(1.1),Q,Y,JPN,S1,S1,B1GQ,_Z,_Z,_Z,XDC,V,N,T0102,2008-Q2,134794325,,,F,1,A,6,JPY
OECD.SDD.NAD:DSD_NAMAIN1@DF_QNA(1.1),Q,Y,JPN,S1,S1,B1GQ,_Z,_Z,_Z,XDC,V,N,T0102,2009-Q3,123809425,,,F,1,A,6,JPY
OECD.SDD.NAD:DSD_NAMAIN1@DF_QNA(1.1),Q,Y,JPN,S1,S1,B1GQ,_Z,_Z,_Z,XDC,V,N,T0102,2009-Q4,125038075,,,F,1,A,6,JPY
OECD.SDD.NAD:DSD_NAMAIN1@DF_QNA(1.1),Q,Y,JPN,S1,S1,B1GQ,_Z,_Z,_Z,XDC,V,N,T0102,2010-Q4,127575800,,,F,1,A,6,JPY
OECD.SDD.NAD:DSD_NAMAIN1@DF_QNA(1.1),Q,Y,JPN,S1,S1,P7,_Z,_Z,_Z,XDC,V,N,T0102,2001-Q1,13116125,,,F,1,A,6,JPY
OECD.SDD.NAD:DSD_NAMAIN1@DF_QNA(1.1),Q,Y,JPN,S1,S1,P7,_Z,_Z,_Z,XDC,V,N,T0102,2006-Q2,18953900,,,F,1,A,6,JPY
OECD.SDD.NAD:DSD_NAMAIN1@DF_QNA(1.1),Q,Y,JPN,S1,S1,P7,_Z,_Z,_Z,XDC,V,N,T0102,2006-Q1,18717450,,,F,1,A,6,JPY
OECD.SDD.NAD:DSD_NAMAIN1@DF_QNA(1.1),Q,Y,JPN,S1,S1,P7,_Z,_Z,_Z,XDC,V,N,T0102,2005-Q1,15102875,,,F,1,A,6,JPY
OECD.SDD.NAD:DSD_NAMAIN1@DF_QNA(1.1),Q,Y,JPN,S1,S1,P7,_Z,_Z,_Z,XDC,V,N,T0102,2014-Q3,25938525,,,F,1,A,6,JPY
OECD.SDD.NAD:DSD_NAMAIN1@DF_QNA(1.1),Q,Y,JPN,S1,S1,P7,_Z,_Z,_Z,XDC,V,N,T0102,2013-Q2,22717825,,,F,1,A,6,JPY
OECD.SDD.NAD:DSD_NAMAIN1@DF_QNA(1.1),Q,Y,JPN,S1,S1,P7,_Z,_Z,_Z,XDC,V,N,T0102,2002-Q3,12527250,,,F,1,A,6,JPY
OECD.SDD.NAD:DSD_NAMAIN1@DF_QNA(1.1),Q,Y,JPN,S1,S1,P7,_Z,_Z,_Z,XDC,V,N,T0102,2016-Q1,21103275,,,F,1,A,6,JPY
OECD.SDD.NAD:DSD_NAMAIN1@DF_QNA(1.1),Q,Y,JPN,S1,S1,B1GQ,_Z,_Z,_Z,XDC,V,N,T0102,1997-Q3,138633825,,,F,1,A,6,JPY
OECD.SDD.NAD:DSD_NAMAIN1@DF_QNA(1.1),Q,Y,JPN,S1,S1,B1GQ,_Z,_Z,_Z,XDC,V,N,T0102,1997-Q4,138764600,,,F,1,A,6,JPY
OECD.SDD.NAD:DSD_NAMAIN1@DF_QNA(1.1),Q,Y,JPN,S1,S1,B1GQ,_Z,_Z,_Z,XDC,V,N,T0102,1998-Q1,136399450,,,F,1,A,6,JPY
OECD.SDD.NAD:DSD_NAMAIN1@DF_QNA(1.1),Q,Y,JPN,S1,S1,B1GQ,_Z,_Z,_Z,XDC,V,N,T0102,2001-Q4,132950225,,,F,1,A,6,JPY
OECD.SDD.NAD:DSD_NAMAIN1@DF_QNA(1.1),Q,Y,JPN,S1,S1,B1GQ,_Z,_Z,_Z,XDC,V,N,T0102,2002-Q1,133499125,,,F,1,A,6,JPY
OECD.SDD.NAD:DSD_NAMAIN1@DF_QNA(1.1),Q,Y,JPN,S1,S1,B1GQ,_Z,_Z,_Z,XDC,V,N,T0102,2003-Q1,131698575,,,F,1,A,6,JPY
OECD.SDD.NAD:DSD_NAMAIN1@DF_QNA(1.1),Q,Y,JPN,S1,S1,B1GQ,_Z,_Z,_Z,XDC,V,N,T0102,2003-Q2,132850400,,,F,1,A,6,JPY
OECD.SDD.NAD:DSD_NAMAIN1@DF_QNA(1.1),Q,Y,JPN,S1,S1,B1GQ,_Z,_Z,_Z,XDC,V,N,T0102,2005-Q2,134231150,,,F,1,A,6,JPY
OECD.SDD.NAD:DSD_NAMAIN1@DF_QNA(1.1),Q,Y,JPN,S1,S1,B1GQ,_Z,_Z,_Z,XDC,V,N,T0102,2005-Q3,134753250,,,F,1,A,6,JPY
OECD.SDD.NAD:DSD_NAMAIN1@DF_QNA(1.1),Q,Y,JPN,S1,S1,B1GQ,_Z,_Z,_Z,XDC,V,N,T0102,2007-Q1,136699750,,,F,1,A,6,JPY
OECD.SDD.NAD:DSD_NAMAIN1@DF_QNA(1.1),Q,Y,JPN,S1,S1,B1GQ,_Z,_Z,_Z,XDC,V,N,T0102,2008-Q3,132230250,,,F,1,A,6,JPY
OECD.SDD.NAD:DSD_NAMAIN1@DF_QNA(1.1),Q,Y,JPN,S1,S1,B1GQ,_Z,_Z,_Z,XDC,V,N,T0102,2026-Q1,169942675,,,F,1,A,6,JPY
OECD.SDD.NAD:DSD_NAMAIN1@DF_QNA(1.1),Q,Y,JPN,S1,S1,B1GQ,_Z,_Z,_Z,XDC,V,N,T0102,2026-Q2,171929550,,,F,1,A,6,JPY
OECD.SDD.NAD:DSD_NAMAIN1@DF_QNA(1.1),Q,Y,JPN,S1,S1,B1GQ,_Z,_Z,_Z,XDC,V,N,T0102,1996-Q3,136674775,,,F,1,A,6,JPY
OECD.SDD.NAD:DSD_NAMAIN1@DF_QNA(1.1),Q,Y,JPN,S1,S1,B1GQ,_Z,_Z,_Z,XDC,V,N,T0102,1996-Q4,137898275,,,F,1,A,6,JPY
OECD.SDD.NAD:DSD_NAMAIN1@DF_QNA(1.1),Q,Y,JPN,S1,S1,B1GQ,_Z,_Z,_Z,XDC,V,N,T0102,1997-Q1,138310200,,,F,1,A,6,JPY
OECD.SDD.NAD:DSD_NAMAIN1@DF_QNA(1.1),Q,Y,JPN,S1,S1,P7,_Z,_Z,_Z,XDC,V,N,T0102,2007-Q1,20090775,,,F,1,A,6,JPY
OECD.SDD.NAD:DSD_NAMAIN1@DF_QNA(1.1),Q,Y,JPN,S1,S1,P7,_Z,_Z,_Z,XDC,V,N,T0102,2024-Q1,35456075,,,F,1,A,6,JPY
OECD.SDD.NAD:DSD_NAMAIN1@DF_QNA(1.1),Q,Y,JPN,S1,S1,P7,_Z,_Z,_Z,XDC,V,N,T0102,2003-Q1,13217600,,,F,1,A,6,JPY
OECD.SDD.NAD:DSD_NAMAIN1@DF_QNA(1.1),Q,Y,JPN,S1,S1,P7,_Z,_Z,_Z,XDC,V,N,T0102,2002-Q1,12193600,,,F,1,A,6,JPY
OECD.SDD.NAD:DSD_NAMAIN1@DF_QNA(1.1),Q,Y,JPN,S1,S1,P7,_Z,_Z,_Z,XDC,V,N,T0102,2015-Q4,23236475,,,F,1,A,6,JPY
OECD.SDD.NAD:DSD_NAMAIN1@DF_QNA(1.1),Q,Y,JPN,S1,S1,P7,_Z,_Z,_Z,XDC,V,N,T0102,2015-Q3,24557000,,,F,1,A,6,JPY
OECD.SDD.NAD:DSD_NAMAIN1@DF_QNA(1.1),Q,Y,JPN,S1,S1,P7,_Z,_Z,_Z,XDC,V,N,T0102,2014-Q2,25006850,,,F,1,A,6,JPY
OECD.SDD.NAD:DSD_NAMAIN1@DF_QNA(1.1),Q,Y,JPN,S1,S1,P7,_Z,_Z,_Z,XDC,V,N,T0102,2017-Q1,22914175,,,F,1,A,6,JPY
OECD.SDD.NAD:DSD_NAMAIN1@DF_QNA(1.1),Q,Y,JPN,S1,S1,P7,_Z,_Z,_Z,XDC,V,N,T0102,2015-Q2,24233675,,,F,1,A,6,JPY
OECD.SDD.NAD:DSD_NAMAIN1@DF_QNA(1.1),Q,Y,JPN,S1,S1,P7,_Z,_Z,_Z,XDC,V,N,T0102,2013-Q4,24567925,,,F,1,A,6,JPY
OECD.SDD.NAD:DSD_NAMAIN1@DF_QNA(1.1),Q,Y,JPN,S1,S1,P7,_Z,_Z,_Z,XDC,V,N,T0102,2012-Q4,19898625,,,F,1,A,6,JPY
OECD.SDD.NAD:DSD_NAMAIN1@DF_QNA(1.1),Q,Y,JPN,S1,S1,P7,_Z,_Z,_Z,XDC,V,N,T0102,2024-Q3,37239400,,,F,1,A,6,JPY
OECD.SDD.NAD:DSD_NAMAIN1@DF_QNA(1.1),Q,Y,JPN,S1,S1,P7,_Z,_Z,_Z,XDC,V,N,T0102,2024-Q2,37005275,,,F,1,A,6,JPY
OECD.SDD.NAD:DSD_NAMAIN1@DF_QNA(1.1),Q,Y,JPN,S1,S1,P7,_Z,_Z,_Z,XDC,V,N,T0102,2016-Q4,21264325,,,F,1,A,6,JPY
OECD.SDD.NAD:DSD_NAMAIN1@DF_QNA(1.1),Q,Y,JPN,S1,S1,P7,_Z,_Z,_Z,XDC,V,N,T0102,2025-Q3,36649325,,,F,1,A,6,JPY
OECD.SDD.NAD:DSD_NAMAIN1@DF_QNA(1.1),Q,Y,JPN,S1,S1,P7,_Z,_Z,_Z,XDC,V,N,T0102,2026-Q2,40885300,,,F,1,A,6,JPY
OECD.SDD.NAD:DSD_NAMAIN1@DF_QNA(1.1),Q,Y,JPN,S1,S1,P7,_Z,_Z,_Z,XDC,V,N,T0102,2025-Q2,36233400,,,F,1,A,6,JPY
OECD.SDD.NAD:DSD_NAMAIN1@DF_QNA(1.1),Q,Y,JPN,S1,S1,B1GQ,_Z,_Z,_Z,XDC,V,N,T0102,1998-Q3,135069975,,,F,1,A,6,JPY
OECD.SDD.NAD:DSD_NAMAIN1@DF_QNA(1.1),Q,Y,JPN,S1,S1,B1GQ,_Z,_Z,_Z,XDC,V,N,T0102,1998-Q4,136483400,,,F,1,A,6,JPY
OECD.SDD.NAD:DSD_NAMAIN1@DF_QNA(1.1),Q,Y,JPN,S1,S1,B1GQ,_Z,_Z,_Z,XDC,V,N,T0102,1999-Q1,133661125,,,F,1,A,6,JPY
OECD.SDD.NAD:DSD_NAMAIN1@DF_QNA(1.1),Q,Y,JPN,S1,S1,B1GQ,_Z,_Z,_Z,XDC,V,N,T0102,1999-Q2,133836100,,,F,1,A,6,JPY
OECD.SDD.NAD:DSD_NAMAIN1@DF_QNA(1.1),Q,Y,JPN,S1,S1,B1GQ,_Z,_Z,_Z,XDC,V,N,T0102,1999-Q4,133491550,,,F,1,A,6,JPY
OECD.SDD.NAD:DSD_NAMAIN1@DF_QNA(1.1),Q,Y,JPN,S1,S1,B1GQ,_Z,_Z,_Z,XDC,V,N,T0102,2000-Q1,135603000,,,F,1,A,6,JPY
OECD.SDD.NAD:DSD_NAMAIN1@DF_QNA(1.1),Q,Y,JPN,S1,S1,B1GQ,_Z,_Z,_Z,XDC,V,N,T0102,2000-Q3,135537300,,,F,1,A,6,JPY
OECD.SDD.NAD:DSD_NAMAIN1@DF_QNA(1.1),Q,Y,JPN,S1,S1,B1GQ,_Z,_Z,_Z,XDC,V,N,T0102,2000-Q4,136557275,,,F,1,A,6,JPY
OECD.SDD.NAD:DSD_NAMAIN1@DF_QNA(1.1),Q,Y,JPN,S1,S1,B1GQ,_Z,_Z,_Z,XDC,V,N,T0102,2001-Q1,137565175,,,F,1,A,6,JPY
OECD.SDD.NAD:DSD_NAMAIN1@DF_QNA(1.1),Q,Y,JPN,S1,S1,B1GQ,_Z,_Z,_Z,XDC,V,N,T0102,2001-Q2,135623125,,,F,1,A,6,JPY
OECD.SDD.NAD:DSD_NAMAIN1@DF_QNA(1.1),Q,Y,JPN,S1,S1,B1GQ,_Z,_Z,_Z,XDC,V,N,T0102,2004-Q2,133408550,,,F,1,A,6,JPY
OECD.SDD.NAD:DSD_NAMAIN1@DF_QNA(1.1),Q,Y,JPN,S1,S1,B1GQ,_Z,_Z,_Z,XDC,V,N,T0102,2004-Q3,133983575,,,F,1,A,6,JPY
OECD.SDD.NAD:DSD_NAMAIN1@DF_QNA(1.1),Q,Y,JPN,S1,S1,B1GQ,_Z,_Z,_Z,XDC,V,N,T0102,2004-Q4,133479225,,,F,1,A,6,JPY
OECD.SDD.NAD:DSD_NAMAIN1@DF_QNA(1.1),Q,Y,JPN,S1,S1,B1GQ,_Z,_Z,_Z,XDC,V,N,T0102,2005-Q1,133608150,,,F,1,A,6,JPY
OECD.SDD.NAD:DSD_NAMAIN1@DF_QNA(1.1),Q,Y,JPN,S1,S1,B1GQ,_Z,_Z,_Z,XDC,V,N,T0102,2006-Q2,134782125,,,F,1,A,6,JPY
OECD.SDD.NAD:DSD_NAMAIN1@DF_QNA(1.1),Q,Y,JPN,S1,S1,B1GQ,_Z,_Z,_Z,XDC,V,N,T0102,2007-Q4,135604575,,,F,1,A,6,JPY
OECD.SDD.NAD:DSD_NAMAIN1@DF_QNA(1.1),Q,Y,JPN,S1,S1,B1GQ,_Z,_Z,_Z,XDC,V,N,T0102,2011-Q3,126137875,,,F,1,A,6,JPY
OECD.SDD.NAD:DSD_NAMAIN1@DF_QNA(1.1),Q,Y,JPN,S1,S1,B1GQ,_Z,_Z,_Z,XDC,V,N,T0102,2011-Q4,126301850,,,F,1,A,6,JPY
OECD.SDD.NAD:DSD_NAMAIN1@DF_QNA(1.1),Q,Y,JPN,S1,S1,B1GQ,_Z,_Z,_Z,XDC,V,N,T0102,2012-Q2,126230925,,,F,1,A,6,JPY
OECD.SDD.NAD:DSD_NAMAIN1@DF_QNA(1.1),Q,Y,JPN,S1,S1,B1GQ,_Z,_Z,_Z,XDC,V,N,T0102,2022-Q4,148553850,,,F,1,A,6,JPY
OECD.SDD.NAD:DSD_NAMAIN1@DF_QNA(1.1),Q,Y,JPN,S1,S1,B1GQ,_Z,_Z,_Z,XDC,V,N,T0102,2023-Q1,151559775,,,F,1,A,6,JPY
OECD.SDD.NAD:DSD_NAMAIN1@DF_QNA(1.1),Q,Y,JPN,S1,S1,B1GQ,_Z,_Z,_Z,XDC,V,N,T0102,2023-Q2,154385050,,,F,1,A,6,JPY
OECD.SDD.NAD:DSD_NAMAIN1@DF_QNA(1.1),Q,Y,JPN,S1,S1,B1GQ,_Z,_Z,_Z,XDC,V,N,T0102,2023-Q3,154550675,,,F,1,A,6,JPY
OECD.SDD.NAD:DSD_NAMAIN1@DF_QNA(1.1),Q,Y,JPN,S1,S1,B1GQ,_Z,_Z,_Z,XDC,V,N,T0102,2023-Q4,156139275,,,F,1,A,6,JPY
OECD.SDD.NAD:DSD_NAMAIN1@DF_QNA(1.1),Q,Y,JPN,S1,S1,P6,_Z,_Z,_Z,XDC,V,N,T0102,2002-Q2,14319775,,,F,1,A,6,JPY
OECD.SDD.NAD:DSD_NAMAIN1@DF_QNA(1.1),Q,Y,JPN,S1,S1,P6,_Z,_Z,_Z,XDC,V,N,T0102,2008-Q1,23834450,,,F,1,A,6,JPY
OECD.SDD.NAD:DSD_NAMAIN1@DF_QNA(1.1),Q,Y,JPN,S1,S1,P6,_Z,_Z,_Z,XDC,V,N,T0102,2008-Q2,23818200,,,F,1,A,6,JPY
OECD.SDD.NAD:DSD_NAMAIN1@DF_QNA(1.1),Q,Y,JPN,S1,S1,P6,_Z,_Z,_Z,XDC,V,N,T0102,2002-Q3,13986350,,,F,1,A,6,JPY
OECD.SDD.NAD:DSD_NAMAIN1@DF_QNA(1.1),Q,Y,JPN,S1,S1,P7,_Z,_Z,_Z,XDC,V,N,T0102,1996-Q4,12524350,,,F,1,A,6,JPY
OECD.SDD.NAD:DSD_NAMAIN1@DF_QNA(1.1),Q,Y,JPN,S1,S1,P7,_Z,_Z,_Z,XDC,V,N,T0102,1995-Q4,10858525,,,F,1,A,6,JPY
OECD.SDD.NAD:DSD_NAMAIN1@DF_QNA(1.1),Q,Y,JPN,S1,S1,P7,_Z,_Z,_Z,XDC,V,N,T0102,1995-Q3,10137450,,,F,1,A,6,JPY
OECD.SDD.NAD:DSD_NAMAIN1@DF_QNA(1.1),Q,Y,JPN,S1,S1,P7,_Z,_Z,_Z,XDC,V,N,T0102,1996-Q2,11960150,,,F,1,A,6,JPY
OECD.SDD.NAD:DSD_NAMAIN1@DF_QNA(1.1),Q,Y,JPN,S1,S1,P7,_Z,_Z,_Z,XDC,V,N,T0102,1994-Q4,9131300,,,F,1,A,6,JPY
OECD.SDD.NAD:DSD_NAMAIN1@DF_QNA(1.1),Q,Y,JPN,S1,S1,P7,_Z,_Z,_Z,XDC,V,N,T0102,1994-Q3,9121800,,,F,1,A,6,JPY
OECD.SDD.NAD:DSD_NAMAIN1@DF_QNA(1.1),Q,Y,JPN,S1,S1,P7,_Z,_Z,_Z,XDC,V,N,T0102,1995-Q2,9167825,,,F,1,A,6,JPY
OECD.SDD.NAD:DSD_NAMAIN1@DF_QNA(1.1),Q,Y,JPN,S1,S1,P7,_Z,_Z,_Z,XDC,V,N,T0102,1995-Q1,9311575,,,F,1,A,6,JPY
OECD.SDD.NAD:DSD_NAMAIN1@DF_QNA(1.1),Q,Y,JPN,S1,S1,P7,_Z,_Z,_Z,XDC,V,N,T0102,2021-Q4,28094175,,,F,1,A,6,JPY
OECD.SDD.NAD:DSD_NAMAIN1@DF_QNA(1.1),Q,Y,JPN,S1,S1,P7,_Z,_Z,_Z,XDC,V,N,T0102,2021-Q3,26336175,,,F,1,A,6,JPY
OECD.SDD.NAD:DSD_NAMAIN1@DF_QNA(1.1),Q,Y,JPN,S1,S1,P7,_Z,_Z,_Z,XDC,V,N,T0102,2023-Q4,35975075,,,F,1,A,6,JPY
OECD.SDD.NAD:DSD_NAMAIN1@DF_QNA(1.1),Q,Y,JPN,S1,S1,P7,_Z,_Z,_Z,XDC,V,N,T0102,2023-Q3,34096525,,,F,1,A,6,JPY
OECD.SDD.NAD:DSD_NAMAIN1@DF_QNA(1.1),Q,Y,JPN,S1,S1,P7,_Z,_Z,_Z,XDC,V,N,T0102,2023-Q2,33273750,,,F,1,A,6,JPY
OECD.SDD.NAD:DSD_NAMAIN1@DF_QNA(1.1),Q,Y,JPN,S1,S1,P7,_Z,_Z,_Z,XDC,V,N,T0102,2023-Q1,35508075,,,F,1,A,6,JPY
OECD.SDD.NAD:DSD_NAMAIN1@DF_QNA(1.1),Q,Y,JPN,S1,S1,P7,_Z,_Z,_Z,XDC,V,N,T0102,2022-Q4,37798275,,,F,1,A,6,JPY
OECD.SDD.NAD:DSD_NAMAIN1@DF_QNA(1.1),Q,Y,JPN,S1,S1,P7,_Z,_Z,_Z,XDC,V,N,T0102,1996-Q1,11307850,,,F,1,A,6,JPY
OECD.SDD.NAD:DSD_NAMAIN1@DF_QNA(1.1),Q,Y,JPN,S1,S1,P7,_Z,_Z,_Z,XDC,V,N,T0102,1996-Q3,12070125,,,F,1,A,6,JPY
OECD.SDD.NAD:DSD_NAMAIN1@DF_QNA(1.1),Q,Y,JPN,S1,S1,P6,_Z,_Z,_Z,XDC,V,N,T0102,2016-Q1,21997225,,,F,1,A,6,JPY
OECD.SDD.NAD:DSD_NAMAIN1@DF_QNA(1.1),Q,Y,JPN,S1,S1,P6,_Z,_Z,_Z,XDC,V,N,T0102,2008-Q4,18934525,,,F,1,A,6,JPY
OECD.SDD.NAD:DSD_NAMAIN1@DF_QNA(1.1),Q,Y,JPN,S1,S1,P6,_Z,_Z,_Z,XDC,V,N,T0102,2009-Q1,13374950,,,F,1,A,6,JPY
OECD.SDD.NAD:DSD_NAMAIN1@DF_QNA(1.1),Q,Y,JPN,S1,S1,P6,_Z,_Z,_Z,XDC,V,N,T0102,1994-Q2,11375025,,,F,1,A,6,JPY
OECD.SDD.NAD:DSD_NAMAIN1@DF_QNA(1.1),Q,Y,JPN,S1,S1,P6,_Z,_Z,_Z,XDC,V,N,T0102,1998-Q3,14287175,,,F,1,A,6,JPY
OECD.SDD.NAD:DSD_NAMAIN1@DF_QNA(1.1),Q,Y,JPN,S1,S1,P6,_Z,_Z,_Z,XDC,V,N,T0102,1998-Q4,13037500,,,F,1,A,6,JPY
OECD.SDD.NAD:DSD_NAMAIN1@DF_QNA(1.1),Q,Y,JPN,S1,S1,P6,_Z,_Z,_Z,XDC,V,N,T0102,1999-Q1,12669250,,,F,1,A,6,JPY
OECD.SDD.NAD:DSD_NAMAIN1@DF_QNA(1.1),Q,Y,JPN,S1,S1,P6,_Z,_Z,_Z,XDC,V,N,T0102,2001-Q2,13488425,,,F,1,A,6,JPY
OECD.SDD.NAD:DSD_NAMAIN1@DF_QNA(1.1),Q,Y,JPN,S1,S1,P6,_Z,_Z,_Z,XDC,V,N,T0102,1994-Q1,11247000,,,F,1,A,6,JPY
OECD.SDD.NAD:DSD_NAMAIN1@DF_QNA(1.1),Q,Y,JPN,S1,S1,P6,_Z,_Z,_Z,XDC,V,N,T0102,1999-Q4,13192300,,,F,1,A,6,JPY
OECD.SDD.NAD:DSD_NAMAIN1@DF_QNA(1.1),Q,Y,JPN,S1,S1,P6,_Z,_Z,_Z,XDC,V,N,T0102,2000-Q1,13659450,,,F,1,A,6,JPY
OECD.SDD.NAD:DSD_NAMAIN1@DF_QNA(1.1),Q,Y,JPN,S1,S1,P6,_Z,_Z,_Z,XDC,V,N,T0102,2020-Q3,20347850,,,F,1,A,6,JPY
OECD.SDD.NAD:DSD_NAMAIN1@DF_QNA(1.1),Q,Y,JPN,S1,S1,P6,_Z,_Z,_Z,XDC,V,N,T0102,2021-Q2,24908000,,,F,1,A,6,JPY
OECD.SDD.NAD:DSD_NAMAIN1@DF_QNA(1.1),Q,Y,JPN,S1,S1,P7,_Z,_Z,_Z,XDC,V,N,T0102,1997-Q3,12551475,,,F,1,A,6,JPY
OECD.SDD.NAD:DSD_NAMAIN1@DF_QNA(1.1),Q,Y,JPN,S1,S1,P7,_Z,_Z,_Z,XDC,V,N,T0102,1997-Q2,12819825,,,F,1,A,6,JPY
OECD.SDD.NAD:DSD_NAMAIN1@DF_QNA(1.1),Q,Y,JPN,S1,S1,P7,_Z,_Z,_Z,XDC,V,N,T0102,1997-Q1,13214500,,,F,1,A,6,JPY
OECD.SDD.NAD:DSD_NAMAIN1@DF_QNA(1.1),Q,Y,JPN,S1,S1,P7,_Z,_Z,_Z,XDC,V,N,T0102,1994-Q2,8881050,,,F,1,A,6,JPY
OECD.SDD.NAD:DSD_NAMAIN1@DF_QNA(1.1),Q,Y,JPN,S1,S1,P7,_Z,_Z,_Z,XDC,V,N,T0102,1994-Q1,8483350,,,F,1,A,6,JPY
OECD.SDD.NAD:DSD_NAMAIN1@DF_QNA(1.1),Q,Y,JPN,S1,S1,P7,_Z,_Z,_Z,XDC,V,N,T0102,2007-Q4,21816925,,,F,1,A,6,JPY
OECD.SDD.NAD:DSD_NAMAIN1@DF_QNA(1.1),Q,Y,JPN,S1,S1,P7,_Z,_Z,_Z,XDC,V,N,T0102,2012-Q3,19969925,,,F,1,A,6,JPY
OECD.SDD.NAD:DSD_NAMAIN1@DF_QNA(1.1),Q,Y,JPN,S1,S1,P7,_Z,_Z,_Z,XDC,V,N,T0102,2012-Q2,20430750,,,F,1,A,6,JPY
OECD.SDD.NAD:DSD_NAMAIN1@DF_QNA(1.1),Q,Y,JPN,S1,S1,P7,_Z,_Z,_Z,XDC,V,N,T0102,2011-Q3,19674925,,,F,1,A,6,JPY
OECD.SDD.NAD:DSD_NAMAIN1@DF_QNA(1.1),Q,Y,JPN,S1,S1,B1GQ,_Z,_Z,_Z,XDC,V,N,T0102,2019-Q3,143862675,,,F,1,A,6,JPY
OECD.SDD.NAD:DSD_NAMAIN1@DF_QNA(1.1),Q,Y,JPN,S1,S1,B1GQ,_Z,_Z,_Z,XDC,V,N,T0102,1998-Q2,135382725,,,F,1,A,6,JPY
OECD.SDD.NAD:DSD_NAMAIN1@DF_QNA(1.1),Q,Y,JPN,S1,S1,B1GQ,_Z,_Z,_Z,XDC,V,N,T0102,1999-Q3,133717500,,,F,1,A,6,JPY
OECD.SDD.NAD:DSD_NAMAIN1@DF_QNA(1.1),Q,Y,JPN,S1,S1,B1GQ,_Z,_Z,_Z,XDC,V,N,T0102,2000-Q2,136038675,,,F,1,A,6,JPY
OECD.SDD.NAD:DSD_NAMAIN1@DF_QNA(1.1),Q,Y,JPN,S1,S1,B1GQ,_Z,_Z,_Z,XDC,V,N,T0102,2001-Q3,133573800,,,F,1,A,6,JPY
OECD.SDD.NAD:DSD_NAMAIN1@DF_QNA(1.1),Q,Y,JPN,S1,S1,B1GQ,_Z,_Z,_Z,XDC,V,N,T0102,2002-Q3,132964300,,,F,1,A,6,JPY
OECD.SDD.NAD:DSD_NAMAIN1@DF_QNA(1.1),Q,Y,JPN,S1,S1,B1GQ,_Z,_Z,_Z,XDC,V,N,T0102,2022-Q1,144826125,,,F,1,A,6,JPY
OECD.SDD.NAD:DSD_NAMAIN1@DF_QNA(1.1),Q,Y,JPN,S1,S1,B1GQ,_Z,_Z,_Z,XDC,V,N,T0102,2022-Q2,145750100,,,F,1,A,6,JPY
OECD.SDD.NAD:DSD_NAMAIN1@DF_QNA(1.1),Q,Y,JPN,S1,S1,B1GQ,_Z,_Z,_Z,XDC,V,N,T0102,2022-Q3,145468425,,,F,1,A,6,JPY
OECD.SDD.NAD:DSD_NAMAIN1@DF_QNA(1.1),Q,Y,JPN,S1,S1,B1GQ,_Z,_Z,_Z,XDC,V,N,T0102,2016-Q3,138810400,,,F,1,A,6,JPY
OECD.SDD.NAD:DSD_NAMAIN1@DF_QNA(1.1),Q,Y,JPN,S1,S1,B1GQ,_Z,_Z,_Z,XDC,V,N,T0102,2017-Q4,142425575,,,F,1,A,6,JPY
OECD.SDD.NAD:DSD_NAMAIN1@DF_QNA(1.1),Q,Y,JPN,S1,S1,B1GQ,_Z,_Z,_Z,XDC,V,N,T0102,2018-Q1,142379125,,,F,1,A,6,JPY
OECD.SDD.NAD:DSD_NAMAIN1@DF_QNA(1.1),Q,Y,JPN,S1,S1,P6,_Z,_Z,_Z,XDC,V,N,T0102,2006-Q4,21706000,,,F,1,A,6,JPY
OECD.SDD.NAD:DSD_NAMAIN1@DF_QNA(1.1),Q,Y,JPN,S1,S1,P6,_Z,_Z,_Z,XDC,V,N,T0102,2009-Q2,14731225,,,F,1,A,6,JPY
OECD.SDD.NAD:DSD_NAMAIN1@DF_QNA(1.1),Q,Y,JPN,S1,S1,P6,_Z,_Z,_Z,XDC,V,N,T0102,2010-Q2,19085725,,,F,1,A,6,JPY
OECD.SDD.NAD:DSD_NAMAIN1@DF_QNA(1.1),Q,Y,JPN,S1,S1,P6,_Z,_Z,_Z,XDC,V,N,T0102,2010-Q3,19073125,,,F,1,A,6,JPY
OECD.SDD.NAD:DSD_NAMAIN1@DF_QNA(1.1),Q,Y,JPN,S1,S1,P6,_Z,_Z,_Z,XDC,V,N,T0102,2015-Q4,22739650,,,F,1,A,6,JPY
OECD.SDD.NAD:DSD_NAMAIN1@DF_QNA(1.1),Q,Y,JPN,S1,S1,P6,_Z,_Z,_Z,XDC,V,N,T0102,2016-Q4,22457200,,,F,1,A,6,JPY
OECD.SDD.NAD:DSD_NAMAIN1@DF_QNA(1.1),Q,Y,JPN,S1,S1,P6,_Z,_Z,_Z,XDC,V,N,T0102,2018-Q2,25519100,,,F,1,A,6,JPY
OECD.SDD.NAD:DSD_NAMAIN1@DF_QNA(1.1),Q,Y,JPN,S1,S1,P6,_Z,_Z,_Z,XDC,V,N,T0102,2008-Q3,24574200,,,F,1,A,6,JPY
OECD.SDD.NAD:DSD_NAMAIN1@DF_QNA(1.1),Q,Y,JPN,S1,S1,P6,_Z,_Z,_Z,XDC,V,N,T0102,2012-Q3,17757225,,,F,1,A,6,JPY
OECD.SDD.NAD:DSD_NAMAIN1@DF_QNA(1.1),Q,Y,JPN,S1,S1,P6,_Z,_Z,_Z,XDC,V,N,T0102,1999-Q2,12924750,,,F,1,A,6,JPY
OECD.SDD.NAD:DSD_NAMAIN1@DF_QNA(1.1),Q,Y,JPN,S1,S1,P6,_Z,_Z,_Z,XDC,V,N,T0102,2000-Q3,14136200,,,F,1,A,6,JPY
OECD.SDD.NAD:DSD_NAMAIN1@DF_QNA(1.1),Q,Y,JPN,S1,S1,P6,_Z,_Z,_Z,XDC,V,N,T0102,2000-Q4,14399100,,,F,1,A,6,JPY
OECD.SDD.NAD:DSD_NAMAIN1@DF_QNA(1.1),Q,Y,JPN,S1,S1,P6,_Z,_Z,_Z,XDC,V,N,T0102,2001-Q1,14034825,,,F,1,A,6,JPY
OECD.SDD.NAD:DSD_NAMAIN1@DF_QNA(1.1),Q,Y,JPN,S1,S1,P6,_Z,_Z,_Z,XDC,V,N,T0102,2004-Q2,16836600,,,F,1,A,6,JPY
OECD.SDD.NAD:DSD_NAMAIN1@DF_QNA(1.1),Q,Y,JPN,S1,S1,P6,_Z,_Z,_Z,XDC,V,N,T0102,2004-Q3,17178000,,,F,1,A,6,JPY
OECD.SDD.NAD:DSD_NAMAIN1@DF_QNA(1.1),Q,Y,JPN,S1,S1,P6,_Z,_Z,_Z,XDC,V,N,T0102,2017-Q2,23660000,,,F,1,A,6,JPY
OECD.SDD.NAD:DSD_NAMAIN1@DF_QNA(1.1),Q,Y,JPN,S1,S1,P6,_Z,_Z,_Z,XDC,V,N,T0102,2012-Q2,18350925,,,F,1,A,6,JPY
OECD.SDD.NAD:DSD_NAMAIN1@DF_QNA(1.1),Q,Y,JPN,S1,S1,P6,_Z,_Z,_Z,XDC,V,N,T0102,2012-Q4,17415400,,,F,1,A,6,JPY
OECD.SDD.NAD:DSD_NAMAIN1@DF_QNA(1.1),Q,Y,JPN,S1,S1,P6,_Z,_Z,_Z,XDC,V,N,T0102,2013-Q4,20478150,,,F,1,A,6,JPY
OECD.SDD.NAD:DSD_NAMAIN1@DF_QNA(1.1),Q,Y,JPN,S1,S1,P6,_Z,_Z,_Z,XDC,V,N,T0102,2015-Q2,23352675,,,F,1,A,6,JPY
OECD.SDD.NAD:DSD_NAMAIN1@DF_QNA(1.1),Q,Y,JPN,S1,S1,P6,_Z,_Z,_Z,XDC,V,N,T0102,2017-Q1,23894950,,,F,1,A,6,JPY
OECD.SDD.NAD:DSD_NAMAIN1@DF_QNA(1.1),Q,Y,JPN,S1,S1,P6,_Z,_Z,_Z,XDC,V,N,T0102,2004-Q4,17391825,,,F,1,A,6,JPY
OECD.SDD.NAD:DSD_NAMAIN1@DF_QNA(1.1),Q,Y,JPN,S1,S1,P6,_Z,_Z,_Z,XDC,V,N,T0102,2005-Q1,17079775,,,F,1,A,6,JPY
OECD.SDD.NAD:DSD_NAMAIN1@DF_QNA(1.1),Q,Y,JPN,S1,S1,P6,_Z,_Z,_Z,XDC,V,N,T0102,2006-Q2,20494925,,,F,1,A,6,JPY
OECD.SDD.NAD:DSD_NAMAIN1@DF_QNA(1.1),Q,Y,JPN,S1,S1,P7,_Z,_Z,_Z,XDC,V,N,T0102,2004-Q4,15102725,,,F,1,A,6,JPY
OECD.SDD.NAD:DSD_NAMAIN1@DF_QNA(1.1),Q,Y,JPN,S1,S1,P7,_Z,_Z,_Z,XDC,V,N,T0102,2004-Q3,14709350,,,F,1,A,6,JPY
OECD.SDD.NAD:DSD_NAMAIN1@DF_QNA(1.1),Q,Y,JPN,S1,S1,P7,_Z,_Z,_Z,XDC,V,N,T0102,2017-Q2,23039450,,,F,1,A,6,JPY
OECD.SDD.NAD:DSD_NAMAIN1@DF_QNA(1.1),Q,Y,JPN,S1,S1,P7,_Z,_Z,_Z,XDC,V,N,T0102,1998-Q3,11884500,,,F,1,A,6,JPY
OECD.SDD.NAD:DSD_NAMAIN1@DF_QNA(1.1),Q,Y,JPN,S1,S1,P7,_Z,_Z,_Z,XDC,V,N,T0102,2004-Q2,14165350,,,F,1,A,6,JPY
OECD.SDD.NAD:DSD_NAMAIN1@DF_QNA(1.1),Q,Y,JPN,S1,S1,P7,_Z,_Z,_Z,XDC,V,N,T0102,2001-Q2,12962175,,,F,1,A,6,JPY
OECD.SDD.NAD:DSD_NAMAIN1@DF_QNA(1.1),Q,Y,JPN,S1,S1,P7,_Z,_Z,_Z,XDC,V,N,T0102,2000-Q4,12991600,,,F,1,A,6,JPY
OECD.SDD.NAD:DSD_NAMAIN1@DF_QNA(1.1),Q,Y,JPN,S1,S1,P7,_Z,_Z,_Z,XDC,V,N,T0102,2000-Q3,12323050,,,F,1,A,6,JPY
OECD.SDD.NAD:DSD_NAMAIN1@DF_QNA(1.1),Q,Y,JPN,S1,S1,P7,_Z,_Z,_Z,XDC,V,N,T0102,2000-Q1,11561125,,,F,1,A,6,JPY
OECD.SDD.NAD:DSD_NAMAIN1@DF_QNA(1.1),Q,Y,JPN,S1,S1,P7,_Z,_Z,_Z,XDC,V,N,T0102,1999-Q4,11286225,,,F,1,A,6,JPY
OECD.SDD.NAD:DSD_NAMAIN1@DF_QNA(1.1),Q,Y,JPN,S1,S1,P7,_Z,_Z,_Z,XDC,V,N,T0102,1999-Q1,10465550,,,F,1,A,6,JPY
OECD.SDD.NAD:DSD_NAMAIN1@DF_QNA(1.1),Q,Y,JPN,S1,S1,P7,_Z,_Z,_Z,XDC,V,N,T0102,1998-Q4,10593875,,,F,1,A,6,JPY
OECD.SDD.NAD:DSD_NAMAIN1@DF_QNA(1.1),Q,Y,JPN,S1,S1,P7,_Z,_Z,_Z,XDC,V,N,T0102,2001-Q3,12456925,,,F,1,A,6,JPY
OECD.SDD.NAD:DSD_NAMAIN1@DF_QNA(1.1),Q,Y,JPN,S1,S1,P7,_Z,_Z,_Z,XDC,V,N,T0102,2000-Q2,11810925,,,F,1,A,6,JPY
OECD.SDD.NAD:DSD_NAMAIN1@DF_QNA(1.1),Q,Y,JPN,S1,S1,P7,_Z,_Z,_Z,XDC,V,N,T0102,2013-Q3,23562800,,,F,1,A,6,JPY
OECD.SDD.NAD:DSD_NAMAIN1@DF_QNA(1.1),Q,Y,JPN,S1,S1,P7,_Z,_Z,_Z,XDC,V,N,T0102,1998-Q2,11693400,,,F,1,A,6,JPY
OECD.SDD.NAD:DSD_NAMAIN1@DF_QNA(1.1),Q,Y,JPN,S1,S1,P7,_Z,_Z,_Z,XDC,V,N,T0102,2007-Q3,20889500,,,F,1,A,6,JPY
OECD.SDD.NAD:DSD_NAMAIN1@DF_QNA(1.1),Q,Y,JPN,S1,S1,P7,_Z,_Z,_Z,XDC,V,N,T0102,1999-Q3,11211075,,,F,1,A,6,JPY
OECD.SDD.NAD:DSD_NAMAIN1@DF_QNA(1.1),Q,Y,JPN,S1,S1,P7,_Z,_Z,_Z,XDC,V,N,T0102,1999-Q2,10953250,,,F,1,A,6,JPY
OECD.SDD.NAD:DSD_NAMAIN1@DF_QNA(1.1),Q,Y,JPN,S1,S1,P7,_Z,_Z,_Z,XDC,V,N,T0102,2009-Q1,14397650,,,F,1,A,6,JPY
OECD.SDD.NAD:DSD_NAMAIN1@DF_QNA(1.1),Q,Y,JPN,S1,S1,P7,_Z,_Z,_Z,XDC,V,N,T0102,2008-Q4,19884125,,,F,1,A,6,JPY
OECD.SDD.NAD:DSD_NAMAIN1@DF_QNA(1.1),Q,Y,JPN,S1,S1,P7,_Z,_Z,_Z,XDC,V,N,T0102,2007-Q2,20949325,,,F,1,A,6,JPY
OECD.SDD.NAD:DSD_NAMAIN1@DF_QNA(1.1),Q,Y,JPN,S1,S1,P7,_Z,_Z,_Z,XDC,V,N,T0102,2005-Q4,17897700,,,F,1,A,6,JPY
OECD.SDD.NAD:DSD_NAMAIN1@DF_QNA(1.1),Q,Y,JPN,S1,S1,P7,_Z,_Z,_Z,XDC,V,N,T0102,2003-Q3,12905100,,,F,1,A,6,JPY
OECD.SDD.NAD:DSD_NAMAIN1@DF_QNA(1.1),Q,Y,JPN,S1,S1,P7,_Z,_Z,_Z,XDC,V,N,T0102,2002-Q4,13110325,,,F,1,A,6,JPY
OECD.SDD.NAD:DSD_NAMAIN1@DF_QNA(1.1),Q,Y,JPN,S1,S1,B1GQ,_Z,_Z,_Z,XDC,V,N,T0102,2012-Q1,128020950,,,F,1,A,6,JPY
OECD.SDD.NAD:DSD_NAMAIN1@DF_QNA(1.1),Q,Y,JPN,S1,S1,B1GQ,_Z,_Z,_Z,XDC,V,N,T0102,2014-Q4,133258700,,,F,1,A,6,JPY
OECD.SDD.NAD:DSD_NAMAIN1@DF_QNA(1.1),Q,Y,JPN,S1,S1,B1GQ,_Z,_Z,_Z,XDC,V,N,T0102,2015-Q1,136381625,,,F,1,A,6,JPY
OECD.SDD.NAD:DSD_NAMAIN1@DF_QNA(1.1),Q,Y,JPN,S1,S1,B1GQ,_Z,_Z,_Z,XDC,V,N,T0102,2016-Q2,138660175,,,F,1,A,6,JPY
OECD.SDD.NAD:DSD_NAMAIN1@DF_QNA(1.1),Q,Y,JPN,S1,S1,B1GQ,_Z,_Z,_Z,XDC,V,N,T0102,2012-Q3,125651475,,,F,1,A,6,JPY
OECD.SDD.NAD:DSD_NAMAIN1@DF_QNA(1.1),Q,Y,JPN,S1,S1,B1GQ,_Z,_Z,_Z,XDC,V,N,T0102,2012-Q4,125627750,,,F,1,A,6,JPY
OECD.SDD.NAD:DSD_NAMAIN1@DF_QNA(1.1),Q,Y,JPN,S1,S1,B1GQ,_Z,_Z,_Z,XDC,V,N,T0102,2009-Q2,125639700,,,F,1,A,6,JPY
OECD.SDD.NAD:DSD_NAMAIN1@DF_QNA(1.1),Q,Y,JPN,S1,S1,B1GQ,_Z,_Z,_Z,XDC,V,N,T0102,2010-Q3,128849825,,,F,1,A,6,JPY
OECD.SDD.NAD:DSD_NAMAIN1@DF_QNA(1.1),Q,Y,JPN,S1,S1,B1GQ,_Z,_Z,_Z,XDC,V,N,T0102,2013-Q1,127076950,,,F,1,A,6,JPY
OECD.SDD.NAD:DSD_NAMAIN1@DF_QNA(1.1),Q,Y,JPN,S1,S1,B1GQ,_Z,_Z,_Z,XDC,V,N,T0102,2014-Q1,131003775,,,F,1,A,6,JPY
OECD.SDD.NAD:DSD_NAMAIN1@DF_QNA(1.1),Q,Y,JPN,S1,S1,B1GQ,_Z,_Z,_Z,XDC,V,N,T0102,2014-Q2,131794050,,,F,1,A,6,JPY
OECD.SDD.NAD:DSD_NAMAIN1@DF_QNA(1.1),Q,Y,JPN,S1,S1,B1GQ,_Z,_Z,_Z,XDC,V,N,T0102,2015-Q3,137665900,,,F,1,A,6,JPY
OECD.SDD.NAD:DSD_NAMAIN1@DF_QNA(1.1),Q,Y,JPN,S1,S1,B1GQ,_Z,_Z,_Z,XDC,V,N,T0102,2015-Q4,137667575,,,F,1,A,6,JPY
OECD.SDD.NAD:DSD_NAMAIN1@DF_QNA(1.1),Q,Y,JPN,S1,S1,B1GQ,_Z,_Z,_Z,XDC,V,N,T0102,2016-Q4,138956825,,,F,1,A,6,JPY
OECD.SDD.NAD:DSD_NAMAIN1@DF_QNA(1.1),Q,Y,JPN,S1,S1,B1GQ,_Z,_Z,_Z,XDC,V,N,T0102,2018-Q2,142814100,,,F,1,A,6,JPY
OECD.SDD.NAD:DSD_NAMAIN1@DF_QNA(1.1),Q,Y,JPN,S1,S1,B1GQ,_Z,_Z,_Z,XDC,V,N,T0102,2024-Q1,155492900,,,F,1,A,6,JPY
OECD.SDD.NAD:DSD_NAMAIN1@DF_QNA(1.1),Q,Y,JPN,S1,S1,B1GQ,_Z,_Z,_Z,XDC,V,N,T0102,2024-Q2,158424700,,,F,1,A,6,JPY
OECD.SDD.NAD:DSD_NAMAIN1@DF_QNA(1.1),Q,Y,JPN,S1,S1,B1GQ,_Z,_Z,_Z,XDC,V,N,T0102,2024-Q3,160529600,,,F,1,A,6,JPY
OECD.SDD.NAD:DSD_NAMAIN1@DF_QNA(1.1),Q,Y,JPN,S1,S1,B1GQ,_Z,_Z,_Z,XDC,V,N,T0102,2024-Q4,162360675,,,F,1,A,6,JPY
OECD.SDD.NAD:DSD_NAMAIN1@DF_QNA(1.1),Q,Y,JPN,S1,S1,B1GQ,_Z,_Z,_Z,XDC,V,N,T0102,2025-Q1,163758275,,,F,1,A,6,JPY
OECD.SDD.NAD:DSD_NAMAIN1@DF_QNA(1.1),Q,Y,JPN,S1,S1,B1GQ,_Z,_Z,_Z,XDC,V,N,T0102,2025-Q2,166744550,,,F,1,A,6,JPY
OECD.SDD.NAD:DSD_NAMAIN1@DF_QNA(1.1),Q,Y,JPN,S1,S1,B1GQ,_Z,_Z,_Z,XDC,V,N,T0102,2025-Q3,167204750,,,F,1,A,6,JPY
OECD.SDD.NAD:DSD_NAMAIN1@DF_QNA(1.1),Q,Y,JPN,S1,S1,B1GQ,_Z,_Z,_Z,XDC,V,N,T0102,2025-Q4,168741800,,,F,1,A,6,JPY
OECD.SDD.NAD:DSD_NAMAIN1@DF_QNA(1.1),Q,Y,JPN,S1,S1,B1GQ,_Z,_Z,_Z,XDC,V,N,T0102,1997-Q2,138696275,,,F,1,A,6,JPY
OECD.SDD.NAD:DSD_NAMAIN1@DF_QNA(1.1),Q,Y,JPN,S1,S1,B1GQ,_Z,_Z,_Z,XDC,V,N,T0102,2017-Q3,142472625,,,F,1,A,6,JPY
OECD.SDD.NAD:DSD_NAMAIN1@DF_QNA(1.1),Q,Y,JPN,S1,S1,B1GQ,_Z,_Z,_Z,XDC,V,N,T0102,2018-Q3,141980650,,,F,1,A,6,JPY
OECD.SDD.NAD:DSD_NAMAIN1@DF_QNA(1.1),Q,Y,JPN,S1,S1,B1GQ,_Z,_Z,_Z,XDC,V,N,T0102,2018-Q4,142030350,,,F,1,A,6,JPY
OECD.SDD.NAD:DSD_NAMAIN1@DF_QNA(1.1),Q,Y,JPN,S1,S1,B1GQ,_Z,_Z,_Z,XDC,V,N,T0102,2019-Q2,143700875,,,F,1,A,6,JPY
OECD.SDD.NAD:DSD_NAMAIN1@DF_QNA(1.1),Q,Y,JPN,S1,S1,B1GQ,_Z,_Z,_Z,XDC,V,N,T0102,2002-Q4,132920000,,,F,1,A,6,JPY
OECD.SDD.NAD:DSD_NAMAIN1@DF_QNA(1.1),Q,Y,JPN,S1,S1,B1GQ,_Z,_Z,_Z,XDC,V,N,T0102,2003-Q3,132750150,,,F,1,A,6,JPY
OECD.SDD.NAD:DSD_NAMAIN1@DF_QNA(1.1),Q,Y,JPN,S1,S1,B1GQ,_Z,_Z,_Z,XDC,V,N,T0102,2005-Q4,134890925,,,F,1,A,6,JPY
OECD.SDD.NAD:DSD_NAMAIN1@DF_QNA(1.1),Q,Y,JPN,S1,S1,B1GQ,_Z,_Z,_Z,XDC,V,N,T0102,2006-Q1,134701750,,,F,1,A,6,JPY
OECD.SDD.NAD:DSD_NAMAIN1@DF_QNA(1.1),Q,Y,JPN,S1,S1,B1GQ,_Z,_Z,_Z,XDC,V,N,T0102,2007-Q2,136925225,,,F,1,A,6,JPY
OECD.SDD.NAD:DSD_NAMAIN1@DF_QNA(1.1),Q,Y,JPN,S1,S1,B1GQ,_Z,_Z,_Z,XDC,V,N,T0102,2007-Q3,135401750,,,F,1,A,6,JPY
OECD.SDD.NAD:DSD_NAMAIN1@DF_QNA(1.1),Q,Y,JPN,S1,S1,B1GQ,_Z,_Z,_Z,XDC,V,N,T0102,2008-Q4,130778475,,,F,1,A,6,JPY
OECD.SDD.NAD:DSD_NAMAIN1@DF_QNA(1.1),Q,Y,JPN,S1,S1,B1GQ,_Z,_Z,_Z,XDC,V,N,T0102,2009-Q1,125028025,,,F,1,A,6,JPY
OECD.SDD.NAD:DSD_NAMAIN1@DF_QNA(1.1),Q,Y,JPN,S1,S1,B1GQ,_Z,_Z,_Z,XDC,V,N,T0102,2010-Q1,126391800,,,F,1,A,6,JPY
OECD.SDD.NAD:DSD_NAMAIN1@DF_QNA(1.1),Q,Y,JPN,S1,S1,B1GQ,_Z,_Z,_Z,XDC,V,N,T0102,2010-Q2,127500050,,,F,1,A,6,JPY
OECD.SDD.NAD:DSD_NAMAIN1@DF_QNA(1.1),Q,Y,JPN,S1,S1,B1GQ,_Z,_Z,_Z,XDC,V,N,T0102,2011-Q2,123581125,,,F,1,A,6,JPY
OECD.SDD.NAD:DSD_NAMAIN1@DF_QNA(1.1),Q,Y,JPN,S1,S1,B1GQ,_Z,_Z,_Z,XDC,V,N,T0102,2013-Q2,128286175,,,F,1,A,6,JPY
OECD.SDD.NAD:DSD_NAMAIN1@DF_QNA(1.1),Q,Y,JPN,S1,S1,B1GQ,_Z,_Z,_Z,XDC,V,N,T0102,2013-Q3,129731575,,,F,1,A,6,JPY
OECD.SDD.NAD:DSD_NAMAIN1@DF_QNA(1.1),Q,Y,JPN,S1,S1,B1GQ,_Z,_Z,_Z,XDC,V,N,T0102,2014-Q3,132033625,,,F,1,A,6,JPY
OECD.SDD.NAD:DSD_NAMAIN1@DF_QNA(1.1),Q,Y,JPN,S1,S1,B1GQ,_Z,_Z,_Z,XDC,V,N,T0102,2016-Q1,139341325,,,F,1,A,6,JPY
OECD.SDD.NAD:DSD_NAMAIN1@DF_QNA(1.1),Q,Y,JPN,S1,S1,B1GQ,_Z,_Z,_Z,XDC,V,N,T0102,2013-Q4,129724450,,,F,1,A,6,JPY
OECD.SDD.NAD:DSD_NAMAIN1@DF_QNA(1.1),Q,Y,JPN,S1,S1,B1GQ,_Z,_Z,_Z,XDC,V,N,T0102,2015-Q2,137201775,,,F,1,A,6,JPY
OECD.SDD.NAD:DSD_NAMAIN1@DF_QNA(1.1),Q,Y,JPN,S1,S1,B1GQ,_Z,_Z,_Z,XDC,V,N,T0102,2017-Q1,139765375,,,F,1,A,6,JPY
OECD.SDD.NAD:DSD_NAMAIN1@DF_QNA(1.1),Q,Y,JPN,S1,S1,B1GQ,_Z,_Z,_Z,XDC,V,N,T0102,2017-Q2,140378975,,,F,1,A,6,JPY
OECD.SDD.NAD:DSD_NAMAIN1@DF_QNA(1.1),Q,Y,JPN,S1,S1,B1GQ,_Z,_Z,_Z,XDC,V,N,T0102,1994-Q1,130485900,,,F,1,A,6,JPY
OECD.SDD.NAD:DSD_NAMAIN1@DF_QNA(1.1),Q,Y,JPN,S1,S1,B1GQ,_Z,_Z,_Z,XDC,V,N,T0102,1994-Q2,129960600,,,F,1,A,6,JPY
OECD.SDD.NAD:DSD_NAMAIN1@DF_QNA(1.1),Q,Y,JPN,S1,S1,P6,_Z,_Z,_Z,XDC,V,N,T0102,2007-Q1,22471750,,,F,1,A,6,JPY
OECD.SDD.NAD:DSD_NAMAIN1@DF_QNA(1.1),Q,Y,JPN,S1,S1,P6,_Z,_Z,_Z,XDC,V,N,T0102,2003-Q1,14666450,,,F,1,A,6,JPY
OECD.SDD.NAD:DSD_NAMAIN1@DF_QNA(1.1),Q,Y,JPN,S1,S1,P6,_Z,_Z,_Z,XDC,V,N,T0102,2026-Q1,39362450,,,F,1,A,6,JPY
OECD.SDD.NAD:DSD_NAMAIN1@DF_QNA(1.1),Q,Y,JPN,S1,S1,P6,_Z,_Z,_Z,XDC,V,N,T0102,2025-Q4,37524350,,,F,1,A,6,JPY
OECD.SDD.NAD:DSD_NAMAIN1@DF_QNA(1.1),Q,Y,JPN,S1,S1,P6,_Z,_Z,_Z,XDC,V,N,T0102,2026-Q2,40906525,,,F,1,A,6,JPY
OECD.SDD.NAD:DSD_NAMAIN1@DF_QNA(1.1),Q,Y,JPN,S1,S1,P6,_Z,_Z,_Z,XDC,V,N,T0102,2024-Q4,36337125,,,F,1,A,6,JPY
OECD.SDD.NAD:DSD_NAMAIN1@DF_QNA(1.1),Q,Y,JPN,S1,S1,P6,_Z,_Z,_Z,XDC,V,N,T0102,2025-Q2,35741200,,,F,1,A,6,JPY
OECD.SDD.NAD:DSD_NAMAIN1@DF_QNA(1.1),Q,Y,JPN,S1,S1,P6,_Z,_Z,_Z,XDC,V,N,T0102,2025-Q3,36038425,,,F,1,A,6,JPY
OECD.SDD.NAD:DSD_NAMAIN1@DF_QNA(1.1),Q,Y,JPN,S1,S1,P6,_Z,_Z,_Z,XDC,V,N,T0102,2019-Q2,24500875,,,F,1,A,6,JPY
OECD.SDD.NAD:DSD_NAMAIN1@DF_QNA(1.1),Q,Y,JPN,S1,S1,P6,_Z,_Z,_Z,XDC,V,N,T0102,2019-Q3,24309450,,,F,1,A,6,JPY
OECD.SDD.NAD:DSD_NAMAIN1@DF_QNA(1.1),Q,Y,JPN,S1,S1,P6,_Z,_Z,_Z,XDC,V,N,T0102,2018-Q3,25571700,,,F,1,A,6,JPY
OECD.SDD.NAD:DSD_NAMAIN1@DF_QNA(1.1),Q,Y,JPN,S1,S1,P6,_Z,_Z,_Z,XDC,V,N,T0102,2018-Q4,25388400,,,F,1,A,6,JPY
OECD.SDD.NAD:DSD_NAMAIN1@DF_QNA(1.1),Q,Y,JPN,S1,S1,P6,_Z,_Z,_Z,XDC,V,N,T0102,2002-Q4,14897925,,,F,1,A,6,JPY
OECD.SDD.NAD:DSD_NAMAIN1@DF_QNA(1.1),Q,Y,JPN,S1,S1,P6,_Z,_Z,_Z,XDC,V,N,T0102,2005-Q4,19891175,,,F,1,A,6,JPY
OECD.SDD.NAD:DSD_NAMAIN1@DF_QNA(1.1),Q,Y,JPN,S1,S1,P7,_Z,_Z,_Z,XDC,V,N,T0102,2020-Q2,21011650,,,F,1,A,6,JPY
OECD.SDD.NAD:DSD_NAMAIN1@DF_QNA(1.1),Q,Y,JPN,S1,S1,P7,_Z,_Z,_Z,XDC,V,N,T0102,2020-Q1,23416875,,,F,1,A,6,JPY
OECD.SDD.NAD:DSD_NAMAIN1@DF_QNA(1.1),Q,Y,JPN,S1,S1,P7,_Z,_Z,_Z,XDC,V,N,T0102,2019-Q4,24268725,,,F,1,A,6,JPY
OECD.SDD.NAD:DSD_NAMAIN1@DF_QNA(1.1),Q,Y,JPN,S1,S1,P7,_Z,_Z,_Z,XDC,V,N,T0102,2019-Q1,24650500,,,F,1,A,6,JPY
OECD.SDD.NAD:DSD_NAMAIN1@DF_QNA(1.1),Q,Y,JPN,S1,S1,P7,_Z,_Z,_Z,XDC,V,N,T0102,2018-Q1,24484950,,,F,1,A,6,JPY
OECD.SDD.NAD:DSD_NAMAIN1@DF_QNA(1.1),Q,Y,JPN,S1,S1,P7,_Z,_Z,_Z,XDC,V,N,T0102,2017-Q4,24165150,,,F,1,A,6,JPY
OECD.SDD.NAD:DSD_NAMAIN1@DF_QNA(1.1),Q,Y,JPN,S1,S1,P7,_Z,_Z,_Z,XDC,V,N,T0102,2016-Q3,20197675,,,F,1,A,6,JPY
OECD.SDD.NAD:DSD_NAMAIN1@DF_QNA(1.1),Q,Y,JPN,S1,S1,P7,_Z,_Z,_Z,XDC,V,N,T0102,2016-Q2,20396125,,,F,1,A,6,JPY
OECD.SDD.NAD:DSD_NAMAIN1@DF_QNA(1.1),Q,Y,JPN,S1,S1,P7,_Z,_Z,_Z,XDC,V,N,T0102,2015-Q1,24742000,,,F,1,A,6,JPY
OECD.SDD.NAD:DSD_NAMAIN1@DF_QNA(1.1),Q,Y,JPN,S1,S1,P7,_Z,_Z,_Z,XDC,V,N,T0102,2014-Q4,26246800,,,F,1,A,6,JPY
OECD.SDD.NAD:DSD_NAMAIN1@DF_QNA(1.1),Q,Y,JPN,S1,S1,P7,_Z,_Z,_Z,XDC,V,N,T0102,2012-Q1,20037275,,,F,1,A,6,JPY
OECD.SDD.NAD:DSD_NAMAIN1@DF_QNA(1.1),Q,Y,JPN,S1,S1,P7,_Z,_Z,_Z,XDC,V,N,T0102,2011-Q4,19671950,,,F,1,A,6,JPY
OECD.SDD.NAD:DSD_NAMAIN1@DF_QNA(1.1),Q,Y,JPN,S1,S1,P7,_Z,_Z,_Z,XDC,V,N,T0102,2010-Q4,17559525,,,F,1,A,6,JPY
OECD.SDD.NAD:DSD_NAMAIN1@DF_QNA(1.1),Q,Y,JPN,S1,S1,P7,_Z,_Z,_Z,XDC,V,N,T0102,2009-Q4,15715150,,,F,1,A,6,JPY
OECD.SDD.NAD:DSD_NAMAIN1@DF_QNA(1.1),Q,Y,JPN,S1,S1,P7,_Z,_Z,_Z,XDC,V,N,T0102,2009-Q3,15214375,,,F,1,A,6,JPY
OECD.SDD.NAD:DSD_NAMAIN1@DF_QNA(1.1),Q,Y,JPN,S1,S1,P7,_Z,_Z,_Z,XDC,V,N,T0102,2008-Q2,22700275,,,F,1,A,6,JPY
OECD.SDD.NAD:DSD_NAMAIN1@DF_QNA(1.1),Q,Y,JPN,S1,S1,P7,_Z,_Z,_Z,XDC,V,N,T0102,2008-Q1,22137800,,,F,1,A,6,JPY
OECD.SDD.NAD:DSD_NAMAIN1@DF_QNA(1.1),Q,Y,JPN,S1,S1,P7,_Z,_Z,_Z,XDC,V,N,T0102,2006-Q4,19571500,,,F,1,A,6,JPY
OECD.SDD.NAD:DSD_NAMAIN1@DF_QNA(1.1),Q,Y,JPN,S1,S1,P7,_Z,_Z,_Z,XDC,V,N,T0102,2006-Q3,19596175,,,F,1,A,6,JPY
OECD.SDD.NAD:DSD_NAMAIN1@DF_QNA(1.1),Q,Y,JPN,S1,S1,P7,_Z,_Z,_Z,XDC,V,N,T0102,2004-Q1,13563825,,,F,1,A,6,JPY
OECD.SDD.NAD:DSD_NAMAIN1@DF_QNA(1.1),Q,Y,JPN,S1,S1,P7,_Z,_Z,_Z,XDC,V,N,T0102,2003-Q4,12906125,,,F,1,A,6,JPY
OECD.SDD.NAD:DSD_NAMAIN1@DF_QNA(1.1),Q,Y,JPN,S1,S1,P7,_Z,_Z,_Z,XDC,V,N,T0102,2002-Q2,12437275,,,F,1,A,6,JPY
OECD.SDD.NAD:DSD_NAMAIN1@DF_QNA(1.1),Q,Y,JPN,S1,S1,P6,_Z,_Z,_Z,XDC,V,N,T0102,2005-Q3,18621075,,,F,1,A,6,JPY
OECD.SDD.NAD:DSD_NAMAIN1@DF_QNA(1.1),Q,Y,JPN,S1,S1,P6,_Z,_Z,_Z,XDC,V,N,T0102,2016-Q2,21369775,,,F,1,A,6,JPY
OECD.SDD.NAD:DSD_NAMAIN1@DF_QNA(1.1),Q,Y,JPN,S1,S1,P6,_Z,_Z,_Z,XDC,V,N,T0102,2023-Q3,33018500,,,F,1,A,6,JPY
OECD.SDD.NAD:DSD_NAMAIN1@DF_QNA(1.1),Q,Y,JPN,S1,S1,P6,_Z,_Z,_Z,XDC,V,N,T0102,1996-Q1,12209300,,,F,1,A,6,JPY
OECD.SDD.NAD:DSD_NAMAIN1@DF_QNA(1.1),Q,Y,JPN,S1,S1,P6,_Z,_Z,_Z,XDC,V,N,T0102,2022-Q4,31795200,,,F,1,A,6,JPY
OECD.SDD.NAD:DSD_NAMAIN1@DF_QNA(1.1),Q,Y,JPN,S1,S1,P6,_Z,_Z,_Z,XDC,V,N,T0102,2023-Q1,30494150,,,F,1,A,6,JPY
OECD.SDD.NAD:DSD_NAMAIN1@DF_QNA(1.1),Q,Y,JPN,S1,S1,P6,_Z,_Z,_Z,XDC,V,N,T0102,2023-Q4,34534650,,,F,1,A,6,JPY
OECD.SDD.NAD:DSD_NAMAIN1@DF_QNA(1.1),Q,Y,JPN,S1,S1,P6,_Z,_Z,_Z,XDC,V,N,T0102,2020-Q4,22096175,,,F,1,A,6,JPY
OECD.SDD.NAD:DSD_NAMAIN1@DF_QNA(1.1),Q,Y,JPN,S1,S1,P6,_Z,_Z,_Z,XDC,V,N,T0102,1995-Q3,11700850,,,F,1,A,6,JPY
OECD.SDD.NAD:DSD_NAMAIN1@DF_QNA(1.1),Q,Y,JPN,S1,S1,P6,_Z,_Z,_Z,XDC,V,N,T0102,1994-Q3,11263450,,,F,1,A,6,JPY
OECD.SDD.NAD:DSD_NAMAIN1@DF_QNA(1.1),Q,Y,JPN,S1,S1,P6,_Z,_Z,_Z,XDC,V,N,T0102,1994-Q4,11277450,,,F,1,A,6,JPY
OECD.SDD.NAD:DSD_NAMAIN1@DF_QNA(1.1),Q,Y,JPN,S1,S1,P6,_Z,_Z,_Z,XDC,V,N,T0102,2006-Q1,20271625,,,F,1,A,6,JPY
OECD.SDD.NAD:DSD_NAMAIN1@DF_QNA(1.1),Q,Y,JPN,S1,S1,P6,_Z,_Z,_Z,XDC,V,N,T0102,2007-Q2,23322400,,,F,1,A,6,JPY
OECD.SDD.NAD:DSD_NAMAIN1@DF_QNA(1.1),Q,Y,JPN,S1,S1,P6,_Z,_Z,_Z,XDC,V,N,T0102,2007-Q3,23565850,,,F,1,A,6,JPY
OECD.SDD.NAD:DSD_NAMAIN1@DF_QNA(1.1),Q,Y,JPN,S1,S1,P6,_Z,_Z,_Z,XDC,V,N,T0102,2003-Q3,15136250,,,F,1,A,6,JPY
OECD.SDD.NAD:DSD_NAMAIN1@DF_QNA(1.1),Q,Y,JPN,S1,S1,P6,_Z,_Z,_Z,XDC,V,N,T0102,2017-Q3,24626925,,,F,1,A,6,JPY
OECD.SDD.NAD:DSD_NAMAIN1@DF_QNA(1.1),Q,Y,JPN,S1,S1,P6,_Z,_Z,_Z,XDC,V,N,T0102,2011-Q1,18943125,,,F,1,A,6,JPY
OECD.SDD.NAD:DSD_NAMAIN1@DF_QNA(1.1),Q,Y,JPN,S1,S1,P6,_Z,_Z,_Z,XDC,V,N,T0102,1998-Q2,14171625,,,F,1,A,6,JPY
OECD.SDD.NAD:DSD_NAMAIN1@DF_QNA(1.1),Q,Y,JPN,S1,S1,P6,_Z,_Z,_Z,XDC,V,N,T0102,1999-Q3,13047425,,,F,1,A,6,JPY
OECD.SDD.NAD:DSD_NAMAIN1@DF_QNA(1.1),Q,Y,JPN,S1,S1,P6,_Z,_Z,_Z,XDC,V,N,T0102,2000-Q2,13873725,,,F,1,A,6,JPY
OECD.SDD.NAD:DSD_NAMAIN1@DF_QNA(1.1),Q,Y,JPN,S1,S1,P6,_Z,_Z,_Z,XDC,V,N,T0102,2001-Q3,13097250,,,F,1,A,6,JPY
OECD.SDD.NAD:DSD_NAMAIN1@DF_QNA(1.1),Q,Y,JPN,S1,S1,P6,_Z,_Z,_Z,XDC,V,N,T0102,2010-Q1,18321125,,,F,1,A,6,JPY
OECD.SDD.NAD:DSD_NAMAIN1@DF_QNA(1.1),Q,Y,JPN,S1,S1,P6,_Z,_Z,_Z,XDC,V,N,T0102,2011-Q2,17445625,,,F,1,A,6,JPY
OECD.SDD.NAD:DSD_NAMAIN1@DF_QNA(1.1),Q,Y,JPN,S1,S1,P6,_Z,_Z,_Z,XDC,V,N,T0102,2013-Q2,20201525,,,F,1,A,6,JPY
OECD.SDD.NAD:DSD_NAMAIN1@DF_QNA(1.1),Q,Y,JPN,S1,S1,P6,_Z,_Z,_Z,XDC,V,N,T0102,1996-Q2,12235600,,,F,1,A,6,JPY
OECD.SDD.NAD:DSD_NAMAIN1@DF_QNA(1.1),Q,Y,JPN,S1,S1,P6,_Z,_Z,_Z,XDC,V,N,T0102,1995-Q1,11263500,,,F,1,A,6,JPY
OECD.SDD.NAD:DSD_NAMAIN1@DF_QNA(1.1),Q,Y,JPN,S1,S1,P6,_Z,_Z,_Z,XDC,V,N,T0102,1995-Q2,11018400,,,F,1,A,6,JPY
OECD.SDD.NAD:DSD_NAMAIN1@DF_QNA(1.1),Q,Y,JPN,S1,S1,P6,_Z,_Z,_Z,XDC,V,N,T0102,1997-Q4,14607075,,,F,1,A,6,JPY
OECD.SDD.NAD:DSD_NAMAIN1@DF_QNA(1.1),Q,Y,JPN,S1,S1,P6,_Z,_Z,_Z,XDC,V,N,T0102,1998-Q1,14220500,,,F,1,A,6,JPY
OECD.SDD.NAD:DSD_NAMAIN1@DF_QNA(1.1),Q,Y,JPN,S1,S1,P6,_Z,_Z,_Z,XDC,V,N,T0102,1996-Q3,12414475,,,F,1,A,6,JPY
OECD.SDD.NAD:DSD_NAMAIN1@DF_QNA(1.1),Q,Y,JPN,S1,S1,P6,_Z,_Z,_Z,XDC,V,N,T0102,1996-Q4,13004725,,,F,1,A,6,JPY
OECD.SDD.NAD:DSD_NAMAIN1@DF_QNA(1.1),Q,Y,JPN,S1,S1,P6,_Z,_Z,_Z,XDC,V,N,T0102,1997-Q1,13783150,,,F,1,A,6,JPY
OECD.SDD.NAD:DSD_NAMAIN1@DF_QNA(1.1),Q,Y,JPN,S1,S1,P6,_Z,_Z,_Z,XDC,V,N,T0102,1997-Q2,14222675,,,F,1,A,6,JPY
OECD.SDD.NAD:DSD_NAMAIN1@DF_QNA(1.1),Q,Y,JPN,S1,S1,P6,_Z,_Z,_Z,XDC,V,N,T0102,1997-Q3,13821850,,,F,1,A,6,JPY
OECD.SDD.NAD:DSD_NAMAIN1@DF_QNA(1.1),Q,Y,JPN,S1,S1,P6,_Z,_Z,_Z,XDC,V,N,T0102,2002-Q1,13696600,,,F,1,A,6,JPY
OECD.SDD.NAD:DSD_NAMAIN1@DF_QNA(1.1),Q,Y,JPN,S1,S1,P6,_Z,_Z,_Z,XDC,V,N,T0102,2013-Q3,20523875,,,F,1,A,6,JPY
OECD.SDD.NAD:DSD_NAMAIN1@DF_QNA(1.1),Q,Y,JPN,S1,S1,P6,_Z,_Z,_Z,XDC,V,N,T0102,2014-Q3,22734750,,,F,1,A,6,JPY
OECD.SDD.NAD:DSD_NAMAIN1@DF_QNA(1.1),Q,Y,JPN,S1,S1,P6,_Z,_Z,_Z,XDC,V,N,T0102,2021-Q3,25329700,,,F,1,A,6,JPY
OECD.SDD.NAD:DSD_NAMAIN1@DF_QNA(1.1),Q,Y,JPN,S1,S1,P6,_Z,_Z,_Z,XDC,V,N,T0102,2021-Q4,26030925,,,F,1,A,6,JPY
OECD.SDD.NAD:DSD_NAMAIN1@DF_QNA(1.1),Q,Y,JPN,S1,S1,P6,_Z,_Z,_Z,XDC,V,N,T0102,2022-Q1,27616800,,,F,1,A,6,JPY
OECD.SDD.NAD:DSD_NAMAIN1@DF_QNA(1.1),Q,Y,JPN,S1,S1,P6,_Z,_Z,_Z,XDC,V,N,T0102,2022-Q2,29803750,,,F,1,A,6,JPY
OECD.SDD.NAD:DSD_NAMAIN1@DF_QNA(1.1),Q,Y,JPN,S1,S1,P6,_Z,_Z,_Z,XDC,V,N,T0102,2022-Q3,31385225,,,F,1,A,6,JPY
OECD.SDD.NAD:DSD_NAMAIN1@DF_QNA(1.1),Q,Y,JPN,S1,S1,P6,_Z,_Z,_Z,XDC,V,N,T0102,2020-Q2,18177025,,,F,1,A,6,JPY
OECD.SDD.NAD:DSD_NAMAIN1@DF_QNA(1.1),Q,Y,JPN,S1,S1,P6,_Z,_Z,_Z,XDC,V,N,T0102,2023-Q2,31570250,,,F,1,A,6,JPY
OECD.SDD.NAD:DSD_NAMAIN1@DF_QNA(1.1),Q,Y,JPN,S1,S1,P6,_Z,_Z,_Z,XDC,V,N,T0102,2021-Q1,23772525,,,F,1,A,6,JPY
OECD.SDD.NAD:DSD_NAMAIN1@DF_QNA(1.1),Q,Y,JPN,S1,S1,P6,_Z,_Z,_Z,XDC,V,N,T0102,2009-Q4,17170650,,,F,1,A,6,JPY
OECD.SDD.NAD:DSD_NAMAIN1@DF_QNA(1.1),Q,Y,JPN,S1,S1,P6,_Z,_Z,_Z,XDC,V,N,T0102,2010-Q4,19023025,,,F,1,A,6,JPY
OECD.SDD.NAD:DSD_NAMAIN1@DF_QNA(1.1),Q,Y,JPN,S1,S1,P6,_Z,_Z,_Z,XDC,V,N,T0102,2016-Q3,21469825,,,F,1,A,6,JPY
OECD.SDD.NAD:DSD_NAMAIN1@DF_QNA(1.1),Q,Y,JPN,S1,S1,P6,_Z,_Z,_Z,XDC,V,N,T0102,2017-Q4,25025700,,,F,1,A,6,JPY
OECD.SDD.NAD:DSD_NAMAIN1@DF_QNA(1.1),Q,Y,JPN,S1,S1,P6,_Z,_Z,_Z,XDC,V,N,T0102,2018-Q1,25395500,,,F,1,A,6,JPY
OECD.SDD.NAD:DSD_NAMAIN1@DF_QNA(1.1),Q,Y,JPN,S1,S1,P6,_Z,_Z,_Z,XDC,V,N,T0102,2011-Q4,18158675,,,F,1,A,6,JPY
OECD.SDD.NAD:DSD_NAMAIN1@DF_QNA(1.1),Q,Y,JPN,S1,S1,P6,_Z,_Z,_Z,XDC,V,N,T0102,2012-Q1,18624525,,,F,1,A,6,JPY
OECD.SDD.NAD:DSD_NAMAIN1@DF_QNA(1.1),Q,Y,JPN,S1,S1,P6,_Z,_Z,_Z,XDC,V,N,T0102,2019-Q1,24748300,,,F,1,A,6,JPY
OECD.SDD.NAD:DSD_NAMAIN1@DF_QNA(1.1),Q,Y,JPN,S1,S1,P6,_Z,_Z,_Z,XDC,V,N,T0102,2009-Q3,16171100,,,F,1,A,6,JPY
OECD.SDD.NAD:DSD_NAMAIN1@DF_QNA(1.1),Q,Y,JPN,S1,S1,P6,_Z,_Z,_Z,XDC,V,N,T0102,1995-Q4,11970500,,,F,1,A,6,JPY
OECD.SDD.NAD:DSD_NAMAIN1@DF_QNA(1.1),Q,Y,JPN,S1,S1,P6,_Z,_Z,_Z,XDC,V,N,T0102,2019-Q4,23854250,,,F,1,A,6,JPY
OECD.SDD.NAD:DSD_NAMAIN1@DF_QNA(1.1),Q,Y,JPN,S1,S1,P6,_Z,_Z,_Z,XDC,V,N,T0102,2020-Q1,23073425,,,F,1,A,6,JPY
OECD.SDD.NAD:DSD_NAMAIN1@DF_QNA(1.1),Q,Y,JPN,S1,S1,P6,_Z,_Z,_Z,XDC,V,N,T0102,2014-Q4,23975175,,,F,1,A,6,JPY
OECD.SDD.NAD:DSD_NAMAIN1@DF_QNA(1.1),Q,Y,JPN,S1,S1,P6,_Z,_Z,_Z,XDC,V,N,T0102,2015-Q1,23793050,,,F,1,A,6,JPY
OECD.SDD.NAD:DSD_NAMAIN1@DF_QNA(1.1),Q,Y,JPN,S1,S1,P6,_Z,_Z,_Z,XDC,V,N,T0102,2024-Q2,35393950,,,F,1,A,6,JPY
OECD.SDD.NAD:DSD_NAMAIN1@DF_QNA(1.1),Q,Y,JPN,S1,S1,P6,_Z,_Z,_Z,XDC,V,N,T0102,2024-Q3,35622425,,,F,1,A,6,JPY
OECD.SDD.NAD:DSD_NAMAIN1@DF_QNA(1.1),Q,Y,JPN,S1,S1,P6,_Z,_Z,_Z,XDC,V,N,T0102,2025-Q1,36053225,,,F,1,A,6,JPY
OECD.SDD.NAD:DSD_NAMAIN1@DF_QNA(1.1),Q,Y,JPN,S1,S1,P6,_Z,_Z,_Z,XDC,V,N,T0102,2024-Q1,33796325,,,F,1,A,6,JPY
OECD.SDD.NAD:DSD_NAMAIN1@DF_QNA(1.1),Q,Y,JPN,S1,S1,P6,_Z,_Z,_Z,XDC,V,N,T0102,2003-Q4,15484025,,,F,1,A,6,JPY
OECD.SDD.NAD:DSD_NAMAIN1@DF_QNA(1.1),Q,Y,JPN,S1,S1,P6,_Z,_Z,_Z,XDC,V,N,T0102,2004-Q1,16216225,,,F,1,A,6,JPY
OECD.SDD.NAD:DSD_NAMAIN1@DF_QNA(1.1),Q,Y,JPN,S1,S1,P6,_Z,_Z,_Z,XDC,V,N,T0102,2006-Q3,21241900,,,F,1,A,6,JPY
OECD.SDD.NAD:DSD_NAMAIN1@DF_QNA(1.1),Q,Y,JPN,S1,S1,P6,_Z,_Z,_Z,XDC,V,N,T0102,2007-Q4,23863325,,,F,1,A,6,JPY
OECD.SDD.NAD:DSD_NAMAIN1@DF_QNA(1.1),Q,Y,JPN,S1,S1,P6,_Z,_Z,_Z,XDC,V,N,T0102,2011-Q3,19032250,,,F,1,A,6,JPY
OECD.SDD.NAD:DSD_NAMAIN1@DF_QNA(1.1),Q,Y,JPN,S1,S1,P6,_Z,_Z,_Z,XDC,V,N,T0102,2013-Q1,19058975,,,F,1,A,6,JPY
OECD.SDD.NAD:DSD_NAMAIN1@DF_QNA(1.1),Q,Y,JPN,S1,S1,P6,_Z,_Z,_Z,XDC,V,N,T0102,2014-Q1,21643450,,,F,1,A,6,JPY
OECD.SDD.NAD:DSD_NAMAIN1@DF_QNA(1.1),Q,Y,JPN,S1,S1,P6,_Z,_Z,_Z,XDC,V,N,T0102,2014-Q2,21929550,,,F,1,A,6,JPY
OECD.SDD.NAD:DSD_NAMAIN1@DF_QNA(1.1),Q,Y,JPN,S1,S1,P6,_Z,_Z,_Z,XDC,V,N,T0102,2015-Q3,23901675,,,F,1,A,6,JPY
OECD.SDD.NAD:DSD_NAMAIN1@DF_QNA(1.1),Q,Y,JPN,S1,S1,P6,_Z,_Z,_Z,XDC,V,N,T0102,2001-Q4,12994450,,,F,1,A,6,JPY
OECD.SDD.NAD:DSD_NAMAIN1@DF_QNA(1.1),Q,Y,USA,S1,S1,P6,_Z,_Z,_Z,XDC,V,N,T0102,1987-Q2,88840,,,F,1,A,6,USD
OECD.SDD.NAD:DSD_NAMAIN1@DF_QNA(1.1),Q,Y,USA,S1,S1,P6,_Z,_Z,_Z,XDC,V,N,T0102,1973-Q3,24394,,,F,1,A,6,USD
OECD.SDD.NAD:DSD_NAMAIN1@DF_QNA(1.1),Q,Y,USA,S1,S1,P6,_Z,_Z,_Z,XDC,V,N,T0102,2008-Q3,480553.8,,,F,1,A,6,USD
OECD.SDD.NAD:DSD_NAMAIN1@DF_QNA(1.1),Q,Y,USA,S1,S1,P6,_Z,_Z,_Z,XDC,V,N,T0102,1990-Q4,142046.5,,,F,1,A,6,USD
OECD.SDD.NAD:DSD_NAMAIN1@DF_QNA(1.1),Q,Y,USA,S1,S1,P7,_Z,_Z,_Z,XDC,V,N,T0102,2013-Q3,691795.8,,,F,1,A,6,USD
OECD.SDD.NAD:DSD_NAMAIN1@DF_QNA(1.1),Q,Y,USA,S1,S1,P7,_Z,_Z,_Z,XDC,V,N,T0102,2011-Q2,674306,,,F,1,A,6,USD
OECD.SDD.NAD:DSD_NAMAIN1@DF_QNA(1.1),Q,Y,USA,S1,S1,P7,_Z,_Z,_Z,XDC,V,N,T0102,2011-Q1,652221,,,F,1,A,6,USD
OECD.SDD.NAD:DSD_NAMAIN1@DF_QNA(1.1),Q,Y,USA,S1,S1,P7,_Z,_Z,_Z,XDC,V,N,T0102,2010-Q1,567267.3,,,F,1,A,6,USD
OECD.SDD.NAD:DSD_NAMAIN1@DF_QNA(1.1),Q,Y,USA,S1,S1,P7,_Z,_Z,_Z,XDC,V,N,T0102,2018-Q4,792905.5,,,F,1,A,6,USD
OECD.SDD.NAD:DSD_NAMAIN1@DF_QNA(1.1),Q,Y,USA,S1,S1,P7,_Z,_Z,_Z,XDC,V,N,T0102,1998-Q2,277406.5,,,F,1,A,6,USD
OECD.SDD.NAD:DSD_NAMAIN1@DF_QNA(1.1),Q,Y,USA,S1,S1,P7,_Z,_Z,_Z,XDC,V,N,T0102,1999-Q2,305531.5,,,F,1,A,6,USD
OECD.SDD.NAD:DSD_NAMAIN1@DF_QNA(1.1),Q,Y,USA,S1,S1,P7,_Z,_Z,_Z,XDC,V,N,T0102,2018-Q3,788436.8,,,F,1,A,6,USD
OECD.SDD.NAD:DSD_NAMAIN1@DF_QNA(1.1),Q,Y,USA,S1,S1,P7,_Z,_Z,_Z,XDC,V,N,T0102,2014-Q1,713422.5,,,F,1,A,6,USD
OECD.SDD.NAD:DSD_NAMAIN1@DF_QNA(1.1),Q,Y,USA,S1,S1,P7,_Z,_Z,_Z,XDC,V,N,T0102,2013-Q1,688819.3,,,F,1,A,6,USD
OECD.SDD.NAD:DSD_NAMAIN1@DF_QNA(1.1),Q,Y,USA,S1,S1,P7,_Z,_Z,_Z,XDC,V,N,T0102,2005-Q2,500515.8,,,F,1,A,6,USD
OECD.SDD.NAD:DSD_NAMAIN1@DF_QNA(1.1),Q,Y,USA,S1,S1,P7,_Z,_Z,_Z,XDC,V,N,T0102,2003-Q2,381834,,,F,1,A,6,USD
OECD.SDD.NAD:DSD_NAMAIN1@DF_QNA(1.1),Q,Y,USA,S1,S1,P7,_Z,_Z,_Z,XDC,V,N,T0102,1995-Q3,226460.8,,,F,1,A,6,USD
OECD.SDD.NAD:DSD_NAMAIN1@DF_QNA(1.1),Q,Y,USA,S1,S1,P7,_Z,_Z,_Z,XDC,V,N,T0102,2009-Q4,544190.8,,,F,1,A,6,USD
OECD.SDD.NAD:DSD_NAMAIN1@DF_QNA(1.1),Q,Y,USA,S1,S1,P7,_Z,_Z,_Z,XDC,V,N,T0102,2009-Q3,504680.5,,,F,1,A,6,USD
OECD.SDD.NAD:DSD_NAMAIN1@DF_QNA(1.1),Q,Y,USA,S1,S1,P7,_Z,_Z,_Z,XDC,V,N,T0102,2008-Q2,670421.5,,,F,1,A,6,USD
OECD.SDD.NAD:DSD_NAMAIN1@DF_QNA(1.1),Q,Y,USA,S1,S1,P7,_Z,_Z,_Z,XDC,V,N,T0102,2000-Q3,379717.3,,,F,1,A,6,USD
OECD.SDD.NAD:DSD_NAMAIN1@DF_QNA(1.1),Q,Y,USA,S1,S1,P7,_Z,_Z,_Z,XDC,V,N,T0102,2013-Q2,689945.8,,,F,1,A,6,USD
OECD.SDD.NAD:DSD_NAMAIN1@DF_QNA(1.1),Q,Y,USA,S1,S1,P7,_Z,_Z,_Z,XDC,V,N,T0102,2009-Q1,483190.3,,,F,1,A,6,USD
OECD.SDD.NAD:DSD_NAMAIN1@DF_QNA(1.1),Q,Y,USA,S1,S1,P7,_Z,_Z,_Z,XDC,V,N,T0102,2005-Q4,538882.3,,,F,1,A,6,USD
OECD.SDD.NAD:DSD_NAMAIN1@DF_QNA(1.1),Q,Y,USA,S1,S1,P7,_Z,_Z,_Z,XDC,V,N,T0102,2003-Q3,389076,,,F,1,A,6,USD
OECD.SDD.NAD:DSD_NAMAIN1@DF_QNA(1.1),Q,Y,USA,S1,S1,P7,_Z,_Z,_Z,XDC,V,N,T0102,2008-Q4,582194.8,,,F,1,A,6,USD
OECD.SDD.NAD:DSD_NAMAIN1@DF_QNA(1.1),Q,Y,USA,S1,S1,P7,_Z,_Z,_Z,XDC,V,N,T0102,2007-Q3,603666,,,F,1,A,6,USD
OECD.SDD.NAD:DSD_NAMAIN1@DF_QNA(1.1),Q,Y,USA,S1,S1,P7,_Z,_Z,_Z,XDC,V,N,T0102,2007-Q2,592142.3,,,F,1,A,6,USD
OECD.SDD.NAD:DSD_NAMAIN1@DF_QNA(1.1),Q,Y,USA,S1,S1,P7,_Z,_Z,_Z,XDC,V,N,T0102,2016-Q1,673409.8,,,F,1,A,6,USD
OECD.SDD.NAD:DSD_NAMAIN1@DF_QNA(1.1),Q,Y,USA,S1,S1,P7,_Z,_Z,_Z,XDC,V,N,T0102,2014-Q3,722137.3,,,F,1,A,6,USD
OECD.SDD.NAD:DSD_NAMAIN1@DF_QNA(1.1),Q,Y,USA,S1,S1,P7,_Z,_Z,_Z,XDC,V,N,T0102,1952-Q3,3812.5,,,F,1,A,6,USD
OECD.SDD.NAD:DSD_NAMAIN1@DF_QNA(1.1),Q,Y,USA,S1,S1,P7,_Z,_Z,_Z,XDC,V,N,T0102,2017-Q3,729005.5,,,F,1,A,6,USD
OECD.SDD.NAD:DSD_NAMAIN1@DF_QNA(1.1),Q,Y,USA,S1,S1,P7,_Z,_Z,_Z,XDC,V,N,T0102,2019-Q3,779488,,,F,1,A,6,USD
OECD.SDD.NAD:DSD_NAMAIN1@DF_QNA(1.1),Q,Y,USA,S1,S1,P7,_Z,_Z,_Z,XDC,V,N,T0102,2019-Q2,791352.5,,,F,1,A,6,USD
OECD.SDD.NAD:DSD_NAMAIN1@DF_QNA(1.1),Q,Y,USA,S1,S1,P7,_Z,_Z,_Z,XDC,V,N,T0102,2026-Q1,1082164.8,,,F,1,A,6,USD
OECD.SDD.NAD:DSD_NAMAIN1@DF_QNA(1.1),Q,Y,USA,S1,S1,P7,_Z,_Z,_Z,XDC,V,N,T0102,2017-Q2,725795,,,F,1,A,6,USD
OECD.SDD.NAD:DSD_NAMAIN1@DF_QNA(1.1),Q,Y,USA,S1,S1,P7,_Z,_Z,_Z,XDC,V,N,T0102,2017-Q1,718287,,,F,1,A,6,USD
OECD.SDD.NAD:DSD_NAMAIN1@DF_QNA(1.1),Q,Y,USA,S1,S1,P7,_Z,_Z,_Z,XDC,V,N,T0102,2015-Q2,702492,,,F,1,A,6,USD
OECD.SDD.NAD:DSD_NAMAIN1@DF_QNA(1.1),Q,Y,USA,S1,S1,P7,_Z,_Z,_Z,XDC,V,N,T0102,2013-Q4,695814.8,,,F,1,A,6,USD
OECD.SDD.NAD:DSD_NAMAIN1@DF_QNA(1.1),Q,Y,USA,S1,S1,P7,_Z,_Z,_Z,XDC,V,N,T0102,2012-Q4,688343.3,,,F,1,A,6,USD
OECD.SDD.NAD:DSD_NAMAIN1@DF_QNA(1.1),Q,Y,USA,S1,S1,P7,_Z,_Z,_Z,XDC,V,N,T0102,2012-Q3,687704.3,,,F,1,A,6,USD
OECD.SDD.NAD:DSD_NAMAIN1@DF_QNA(1.1),Q,Y,USA,S1,S1,P7,_Z,_Z,_Z,XDC,V,N,T0102,2012-Q2,695206.8,,,F,1,A,6,USD
OECD.SDD.NAD:DSD_NAMAIN1@DF_QNA(1.1),Q,Y,USA,S1,S1,P7,_Z,_Z,_Z,XDC,V,N,T0102,2011-Q3,680975.8,,,F,1,A,6,USD
OECD.SDD.NAD:DSD_NAMAIN1@DF_QNA(1.1),Q,Y,USA,S1,S1,P7,_Z,_Z,_Z,XDC,V,N,T0102,1959-Q1,5349,,,F,1,A,6,USD
OECD.SDD.NAD:DSD_NAMAIN1@DF_QNA(1.1),Q,Y,USA,S1,S1,P7,_Z,_Z,_Z,XDC,V,N,T0102,1958-Q4,5205.8,,,F,1,A,6,USD
OECD.SDD.NAD:DSD_NAMAIN1@DF_QNA(1.1),Q,Y,USA,S1,S1,P7,_Z,_Z,_Z,XDC,V,N,T0102,2026-Q2,1157021.8,,,F,1,A,6,USD
OECD.SDD.NAD:DSD_NAMAIN1@DF_QNA(1.1),Q,Y,USA,S1,S1,P6,_Z,_Z,_Z,XDC,V,N,T0102,1979-Q2,55227,,,F,1,A,6,USD
OECD.SDD.NAD:DSD_NAMAIN1@DF_QNA(1.1),Q,Y,USA,S1,S1,P7,_Z,_Z,_Z,XDC,V,N,T0102,1996-Q2,238187.8,,,F,1,A,6,USD
OECD.SDD.NAD:DSD_NAMAIN1@DF_QNA(1.1),Q,Y,USA,S1,S1,P7,_Z,_Z,_Z,XDC,V,N,T0102,1995-Q2,227085.8,,,F,1,A,6,USD
OECD.SDD.NAD:DSD_NAMAIN1@DF_QNA(1.1),Q,Y,USA,S1,S1,P7,_Z,_Z,_Z,XDC,V,N,T0102,1995-Q1,221724.8,,,F,1,A,6,USD
OECD.SDD.NAD:DSD_NAMAIN1@DF_QNA(1.1),Q,Y,USA,S1,S1,P7,_Z,_Z,_Z,XDC,V,N,T0102,1992-Q3,169463.3,,,F,1,A,6,USD
OECD.SDD.NAD:DSD_NAMAIN1@DF_QNA(1.1),Q,Y,USA,S1,S1,P7,_Z,_Z,_Z,XDC,V,N,T0102,2005-Q1,488765.8,,,F,1,A,6,USD
OECD.SDD.NAD:DSD_NAMAIN1@DF_QNA(1.1),Q,Y,USA,S1,S1,P7,_Z,_Z,_Z,XDC,V,N,T0102,2004-Q4,480445,,,F,1,A,6,USD
OECD.SDD.NAD:DSD_NAMAIN1@DF_QNA(1.1),Q,Y,USA,S1,S1,P7,_Z,_Z,_Z,XDC,V,N,T0102,2004-Q3,458214,,,F,1,A,6,USD
OECD.SDD.NAD:DSD_NAMAIN1@DF_QNA(1.1),Q,Y,USA,S1,S1,P7,_Z,_Z,_Z,XDC,V,N,T0102,2004-Q2,446933.5,,,F,1,A,6,USD
OECD.SDD.NAD:DSD_NAMAIN1@DF_QNA(1.1),Q,Y,USA,S1,S1,P7,_Z,_Z,_Z,XDC,V,N,T0102,2001-Q2,355507,,,F,1,A,6,USD
OECD.SDD.NAD:DSD_NAMAIN1@DF_QNA(1.1),Q,Y,USA,S1,S1,P7,_Z,_Z,_Z,XDC,V,N,T0102,2000-Q1,352371.8,,,F,1,A,6,USD
OECD.SDD.NAD:DSD_NAMAIN1@DF_QNA(1.1),Q,Y,USA,S1,S1,P7,_Z,_Z,_Z,XDC,V,N,T0102,1999-Q4,333169.8,,,F,1,A,6,USD
OECD.SDD.NAD:DSD_NAMAIN1@DF_QNA(1.1),Q,Y,USA,S1,S1,P7,_Z,_Z,_Z,XDC,V,N,T0102,2001-Q1,374866,,,F,1,A,6,USD
OECD.SDD.NAD:DSD_NAMAIN1@DF_QNA(1.1),Q,Y,USA,S1,S1,P7,_Z,_Z,_Z,XDC,V,N,T0102,2000-Q4,381130,,,F,1,A,6,USD
OECD.SDD.NAD:DSD_NAMAIN1@DF_QNA(1.1),Q,Y,USA,S1,S1,P7,_Z,_Z,_Z,XDC,V,N,T0102,1999-Q1,293331,,,F,1,A,6,USD
OECD.SDD.NAD:DSD_NAMAIN1@DF_QNA(1.1),Q,Y,USA,S1,S1,P7,_Z,_Z,_Z,XDC,V,N,T0102,1998-Q4,286250,,,F,1,A,6,USD
OECD.SDD.NAD:DSD_NAMAIN1@DF_QNA(1.1),Q,Y,USA,S1,S1,P7,_Z,_Z,_Z,XDC,V,N,T0102,1998-Q3,277474.3,,,F,1,A,6,USD
OECD.SDD.NAD:DSD_NAMAIN1@DF_QNA(1.1),Q,Y,USA,S1,S1,P7,_Z,_Z,_Z,XDC,V,N,T0102,1994-Q2,199390,,,F,1,A,6,USD
OECD.SDD.NAD:DSD_NAMAIN1@DF_QNA(1.1),Q,Y,USA,S1,S1,P7,_Z,_Z,_Z,XDC,V,N,T0102,1994-Q1,190456.8,,,F,1,A,6,USD
OECD.SDD.NAD:DSD_NAMAIN1@DF_QNA(1.1),Q,Y,USA,S1,S1,P7,_Z,_Z,_Z,XDC,V,N,T0102,1993-Q2,179070.3,,,F,1,A,6,USD
OECD.SDD.NAD:DSD_NAMAIN1@DF_QNA(1.1),Q,Y,USA,S1,S1,P7,_Z,_Z,_Z,XDC,V,N,T0102,1993-Q1,174827.5,,,F,1,A,6,USD
OECD.SDD.NAD:DSD_NAMAIN1@DF_QNA(1.1),Q,Y,USA,S1,S1,P7,_Z,_Z,_Z,XDC,V,N,T0102,1950-Q4,3421.3,,,F,1,A,6,USD
OECD.SDD.NAD:DSD_NAMAIN1@DF_QNA(1.1),Q,Y,USA,S1,S1,P7,_Z,_Z,_Z,XDC,V,N,T0102,1950-Q3,3258.3,,,F,1,A,6,USD
OECD.SDD.NAD:DSD_NAMAIN1@DF_QNA(1.1),Q,Y,USA,S1,S1,P7,_Z,_Z,_Z,XDC,V,N,T0102,1950-Q2,2557.3,,,F,1,A,6,USD
OECD.SDD.NAD:DSD_NAMAIN1@DF_QNA(1.1),Q,Y,USA,S1,S1,P7,_Z,_Z,_Z,XDC,V,N,T0102,1950-Q1,2375.3,,,F,1,A,6,USD
OECD.SDD.NAD:DSD_NAMAIN1@DF_QNA(1.1),Q,Y,USA,S1,S1,P7,_Z,_Z,_Z,XDC,V,N,T0102,1949-Q4,2273,,,F,1,A,6,USD
OECD.SDD.NAD:DSD_NAMAIN1@DF_QNA(1.1),Q,Y,USA,S1,S1,P7,_Z,_Z,_Z,XDC,V,N,T0102,1949-Q3,2234,,,F,1,A,6,USD
OECD.SDD.NAD:DSD_NAMAIN1@DF_QNA(1.1),Q,Y,USA,S1,S1,P7,_Z,_Z,_Z,XDC,V,N,T0102,1949-Q2,2341,,,F,1,A,6,USD
OECD.SDD.NAD:DSD_NAMAIN1@DF_QNA(1.1),Q,Y,USA,S1,S1,P7,_Z,_Z,_Z,XDC,V,N,T0102,1949-Q1,2401,,,F,1,A,6,USD
OECD.SDD.NAD:DSD_NAMAIN1@DF_QNA(1.1),Q,Y,USA,S1,S1,P7,_Z,_Z,_Z,XDC,V,N,T0102,1948-Q4,2531,,,F,1,A,6,USD
OECD.SDD.NAD:DSD_NAMAIN1@DF_QNA(1.1),Q,Y,USA,S1,S1,P7,_Z,_Z,_Z,XDC,V,N,T0102,1948-Q3,2614,,,F,1,A,6,USD
OECD.SDD.NAD:DSD_NAMAIN1@DF_QNA(1.1),Q,Y,USA,S1,S1,P7,_Z,_Z,_Z,XDC,V,N,T0102,1948-Q2,2509,,,F,1,A,6,USD
OECD.SDD.NAD:DSD_NAMAIN1@DF_QNA(1.1),Q,Y,USA,S1,S1,P7,_Z,_Z,_Z,XDC,V,N,T0102,1948-Q1,2406,,,F,1,A,6,USD
OECD.SDD.NAD:DSD_NAMAIN1@DF_QNA(1.1),Q,Y,USA,S1,S1,P7,_Z,_Z,_Z,XDC,V,N,T0102,1947-Q4,2086.8,,,F,1,A,6,USD
OECD.SDD.NAD:DSD_NAMAIN1@DF_QNA(1.1),Q,Y,USA,S1,S1,P7,_Z,_Z,_Z,XDC,V,N,T0102,1947-Q3,1915.8,,,F,1,A,6,USD
OECD.SDD.NAD:DSD_NAMAIN1@DF_QNA(1.1),Q,Y,USA,S1,S1,P7,_Z,_Z,_Z,XDC,V,N,T0102,1947-Q2,2050.8,,,F,1,A,6,USD
OECD.SDD.NAD:DSD_NAMAIN1@DF_QNA(1.1),Q,Y,USA,S1,S1,P7,_Z,_Z,_Z,XDC,V,N,T0102,1947-Q1,1879.8,,,F,1,A,6,USD
OECD.SDD.NAD:DSD_NAMAIN1@DF_QNA(1.1),Q,Y,USA,S1,S1,P7,_Z,_Z,_Z,XDC,V,N,T0102,1970-Q2,13801,,,F,1,A,6,USD
OECD.SDD.NAD:DSD_NAMAIN1@DF_QNA(1.1),Q,Y,USA,S1,S1,P7,_Z,_Z,_Z,XDC,V,N,T0102,1970-Q1,13379.3,,,F,1,A,6,USD
OECD.SDD.NAD:DSD_NAMAIN1@DF_QNA(1.1),Q,Y,USA,S1,S1,P7,_Z,_Z,_Z,XDC,V,N,T0102,1969-Q4,13281.5,,,F,1,A,6,USD
OECD.SDD.NAD:DSD_NAMAIN1@DF_QNA(1.1),Q,Y,USA,S1,S1,P7,_Z,_Z,_Z,XDC,V,N,T0102,1969-Q3,13091.3,,,F,1,A,6,USD
OECD.SDD.NAD:DSD_NAMAIN1@DF_QNA(1.1),Q,Y,USA,S1,S1,P7,_Z,_Z,_Z,XDC,V,N,T0102,1969-Q2,13167.8,,,F,1,A,6,USD
OECD.SDD.NAD:DSD_NAMAIN1@DF_QNA(1.1),Q,Y,USA,S1,S1,P7,_Z,_Z,_Z,XDC,V,N,T0102,1969-Q1,10951,,,F,1,A,6,USD
OECD.SDD.NAD:DSD_NAMAIN1@DF_QNA(1.1),Q,Y,USA,S1,S1,P7,_Z,_Z,_Z,XDC,V,N,T0102,1968-Q4,12042.5,,,F,1,A,6,USD
OECD.SDD.NAD:DSD_NAMAIN1@DF_QNA(1.1),Q,Y,USA,S1,S1,P7,_Z,_Z,_Z,XDC,V,N,T0102,1968-Q3,12060,,,F,1,A,6,USD
OECD.SDD.NAD:DSD_NAMAIN1@DF_QNA(1.1),Q,Y,USA,S1,S1,P7,_Z,_Z,_Z,XDC,V,N,T0102,1968-Q2,11354,,,F,1,A,6,USD
OECD.SDD.NAD:DSD_NAMAIN1@DF_QNA(1.1),Q,Y,USA,S1,S1,P7,_Z,_Z,_Z,XDC,V,N,T0102,1968-Q1,11099.8,,,F,1,A,6,USD
OECD.SDD.NAD:DSD_NAMAIN1@DF_QNA(1.1),Q,Y,USA,S1,S1,P7,_Z,_Z,_Z,XDC,V,N,T0102,1967-Q4,10413,,,F,1,A,6,USD
OECD.SDD.NAD:DSD_NAMAIN1@DF_QNA(1.1),Q,Y,USA,S1,S1,P7,_Z,_Z,_Z,XDC,V,N,T0102,2002-Q4,374833.8,,,F,1,A,6,USD
OECD.SDD.NAD:DSD_NAMAIN1@DF_QNA(1.1),Q,Y,USA,S1,S1,P7,_Z,_Z,_Z,XDC,V,N,T0102,2002-Q3,365776.8,,,F,1,A,6,USD
OECD.SDD.NAD:DSD_NAMAIN1@DF_QNA(1.1),Q,Y,USA,S1,S1,P7,_Z,_Z,_Z,XDC,V,N,T0102,2001-Q3,342384,,,F,1,A,6,USD
OECD.SDD.NAD:DSD_NAMAIN1@DF_QNA(1.1),Q,Y,USA,S1,S1,P7,_Z,_Z,_Z,XDC,V,N,T0102,2003-Q1,382365.8,,,F,1,A,6,USD
OECD.SDD.NAD:DSD_NAMAIN1@DF_QNA(1.1),Q,Y,USA,S1,S1,P7,_Z,_Z,_Z,XDC,V,N,T0102,2002-Q1,339010.3,,,F,1,A,6,USD
OECD.SDD.NAD:DSD_NAMAIN1@DF_QNA(1.1),Q,Y,USA,S1,S1,P7,_Z,_Z,_Z,XDC,V,N,T0102,2001-Q4,330802,,,F,1,A,6,USD
OECD.SDD.NAD:DSD_NAMAIN1@DF_QNA(1.1),Q,Y,USA,S1,S1,P7,_Z,_Z,_Z,XDC,V,N,T0102,1996-Q4,248155,,,F,1,A,6,USD
OECD.SDD.NAD:DSD_NAMAIN1@DF_QNA(1.1),Q,Y,USA,S1,S1,P7,_Z,_Z,_Z,XDC,V,N,T0102,1996-Q3,243439.3,,,F,1,A,6,USD
OECD.SDD.NAD:DSD_NAMAIN1@DF_QNA(1.1),Q,Y,USA,S1,S1,P7,_Z,_Z,_Z,XDC,V,N,T0102,1998-Q1,274559,,,F,1,A,6,USD
OECD.SDD.NAD:DSD_NAMAIN1@DF_QNA(1.1),Q,Y,USA,S1,S1,P7,_Z,_Z,_Z,XDC,V,N,T0102,1997-Q4,271336,,,F,1,A,6,USD
OECD.SDD.NAD:DSD_NAMAIN1@DF_QNA(1.1),Q,Y,USA,S1,S1,P7,_Z,_Z,_Z,XDC,V,N,T0102,1997-Q3,267722,,,F,1,A,6,USD
OECD.SDD.NAD:DSD_NAMAIN1@DF_QNA(1.1),Q,Y,USA,S1,S1,P7,_Z,_Z,_Z,XDC,V,N,T0102,1997-Q2,259912.8,,,F,1,A,6,USD
OECD.SDD.NAD:DSD_NAMAIN1@DF_QNA(1.1),Q,Y,USA,S1,S1,P7,_Z,_Z,_Z,XDC,V,N,T0102,1997-Q1,256803.3,,,F,1,A,6,USD
OECD.SDD.NAD:DSD_NAMAIN1@DF_QNA(1.1),Q,Y,USA,S1,S1,P7,_Z,_Z,_Z,XDC,V,N,T0102,2015-Q4,686379.3,,,F,1,A,6,USD
OECD.SDD.NAD:DSD_NAMAIN1@DF_QNA(1.1),Q,Y,USA,S1,S1,P7,_Z,_Z,_Z,XDC,V,N,T0102,2015-Q3,699701.5,,,F,1,A,6,USD
OECD.SDD.NAD:DSD_NAMAIN1@DF_QNA(1.1),Q,Y,USA,S1,S1,P7,_Z,_Z,_Z,XDC,V,N,T0102,2014-Q2,725143,,,F,1,A,6,USD
OECD.SDD.NAD:DSD_NAMAIN1@DF_QNA(1.1),Q,Y,USA,S1,S1,P7,_Z,_Z,_Z,XDC,V,N,T0102,2008-Q3,677392.3,,,F,1,A,6,USD
OECD.SDD.NAD:DSD_NAMAIN1@DF_QNA(1.1),Q,Y,USA,S1,S1,P7,_Z,_Z,_Z,XDC,V,N,T0102,2007-Q1,579316,,,F,1,A,6,USD
OECD.SDD.NAD:DSD_NAMAIN1@DF_QNA(1.1),Q,Y,USA,S1,S1,P7,_Z,_Z,_Z,XDC,V,N,T0102,2005-Q3,513318.8,,,F,1,A,6,USD
OECD.SDD.NAD:DSD_NAMAIN1@DF_QNA(1.1),Q,Y,USA,S1,S1,P7,_Z,_Z,_Z,XDC,V,N,T0102,2025-Q4,1033895.3,,,F,1,A,6,USD
OECD.SDD.NAD:DSD_NAMAIN1@DF_QNA(1.1),Q,Y,USA,S1,S1,P7,_Z,_Z,_Z,XDC,V,N,T0102,2025-Q3,1030859.3,,,F,1,A,6,USD
OECD.SDD.NAD:DSD_NAMAIN1@DF_QNA(1.1),Q,Y,USA,S1,S1,P7,_Z,_Z,_Z,XDC,V,N,T0102,2025-Q2,1041826.3,,,F,1,A,6,USD
OECD.SDD.NAD:DSD_NAMAIN1@DF_QNA(1.1),Q,Y,USA,S1,S1,P7,_Z,_Z,_Z,XDC,V,N,T0102,2025-Q1,1139566.3,,,F,1,A,6,USD
OECD.SDD.NAD:DSD_NAMAIN1@DF_QNA(1.1),Q,Y,USA,S1,S1,P7,_Z,_Z,_Z,XDC,V,N,T0102,2024-Q4,1046730.3,,,F,1,A,6,USD
OECD.SDD.NAD:DSD_NAMAIN1@DF_QNA(1.1),Q,Y,USA,S1,S1,P7,_Z,_Z,_Z,XDC,V,N,T0102,2024-Q3,1048702.8,,,F,1,A,6,USD
OECD.SDD.NAD:DSD_NAMAIN1@DF_QNA(1.1),Q,Y,USA,S1,S1,P7,_Z,_Z,_Z,XDC,V,N,T0102,2024-Q2,1021750.5,,,F,1,A,6,USD
OECD.SDD.NAD:DSD_NAMAIN1@DF_QNA(1.1),Q,Y,USA,S1,S1,P7,_Z,_Z,_Z,XDC,V,N,T0102,2024-Q1,996644.8,,,F,1,A,6,USD
OECD.SDD.NAD:DSD_NAMAIN1@DF_QNA(1.1),Q,Y,USA,S1,S1,P7,_Z,_Z,_Z,XDC,V,N,T0102,2018-Q2,776498.8,,,F,1,A,6,USD
OECD.SDD.NAD:DSD_NAMAIN1@DF_QNA(1.1),Q,Y,USA,S1,S1,P7,_Z,_Z,_Z,XDC,V,N,T0102,2016-Q4,699786.3,,,F,1,A,6,USD
OECD.SDD.NAD:DSD_NAMAIN1@DF_QNA(1.1),Q,Y,USA,S1,S1,P7,_Z,_Z,_Z,XDC,V,N,T0102,2010-Q3,607798.8,,,F,1,A,6,USD
OECD.SDD.NAD:DSD_NAMAIN1@DF_QNA(1.1),Q,Y,USA,S1,S1,P7,_Z,_Z,_Z,XDC,V,N,T0102,2010-Q2,590563.8,,,F,1,A,6,USD
OECD.SDD.NAD:DSD_NAMAIN1@DF_QNA(1.1),Q,Y,USA,S1,S1,P7,_Z,_Z,_Z,XDC,V,N,T0102,2009-Q2,469865.3,,,F,1,A,6,USD
OECD.SDD.NAD:DSD_NAMAIN1@DF_QNA(1.1),Q,Y,USA,S1,S1,P7,_Z,_Z,_Z,XDC,V,N,T0102,1996-Q1,234183.8,,,F,1,A,6,USD
OECD.SDD.NAD:DSD_NAMAIN1@DF_QNA(1.1),Q,Y,USA,S1,S1,P7,_Z,_Z,_Z,XDC,V,N,T0102,1995-Q4,227300.3,,,F,1,A,6,USD
OECD.SDD.NAD:DSD_NAMAIN1@DF_QNA(1.1),Q,Y,USA,S1,S1,P7,_Z,_Z,_Z,XDC,V,N,T0102,1956-Q2,4743.3,,,F,1,A,6,USD
OECD.SDD.NAD:DSD_NAMAIN1@DF_QNA(1.1),Q,Y,USA,S1,S1,P7,_Z,_Z,_Z,XDC,V,N,T0102,1956-Q1,4731.3,,,F,1,A,6,USD
OECD.SDD.NAD:DSD_NAMAIN1@DF_QNA(1.1),Q,Y,USA,S1,S1,P7,_Z,_Z,_Z,XDC,V,N,T0102,1955-Q4,4527.3,,,F,1,A,6,USD
OECD.SDD.NAD:DSD_NAMAIN1@DF_QNA(1.1),Q,Y,USA,S1,S1,P7,_Z,_Z,_Z,XDC,V,N,T0102,1955-Q3,4355.3,,,F,1,A,6,USD
OECD.SDD.NAD:DSD_NAMAIN1@DF_QNA(1.1),Q,Y,USA,S1,S1,P7,_Z,_Z,_Z,XDC,V,N,T0102,1955-Q2,4274.3,,,F,1,A,6,USD
OECD.SDD.NAD:DSD_NAMAIN1@DF_QNA(1.1),Q,Y,USA,S1,S1,P7,_Z,_Z,_Z,XDC,V,N,T0102,1955-Q1,4042.3,,,F,1,A,6,USD
OECD.SDD.NAD:DSD_NAMAIN1@DF_QNA(1.1),Q,Y,USA,S1,S1,P7,_Z,_Z,_Z,XDC,V,N,T0102,1954-Q4,3865,,,F,1,A,6,USD
OECD.SDD.NAD:DSD_NAMAIN1@DF_QNA(1.1),Q,Y,USA,S1,S1,P7,_Z,_Z,_Z,XDC,V,N,T0102,1954-Q3,3826,,,F,1,A,6,USD
OECD.SDD.NAD:DSD_NAMAIN1@DF_QNA(1.1),Q,Y,USA,S1,S1,P7,_Z,_Z,_Z,XDC,V,N,T0102,1954-Q2,4046,,,F,1,A,6,USD
OECD.SDD.NAD:DSD_NAMAIN1@DF_QNA(1.1),Q,Y,USA,S1,S1,P7,_Z,_Z,_Z,XDC,V,N,T0102,1954-Q1,3695,,,F,1,A,6,USD
OECD.SDD.NAD:DSD_NAMAIN1@DF_QNA(1.1),Q,Y,USA,S1,S1,P7,_Z,_Z,_Z,XDC,V,N,T0102,1953-Q4,3876.8,,,F,1,A,6,USD
OECD.SDD.NAD:DSD_NAMAIN1@DF_QNA(1.1),Q,Y,USA,S1,S1,P7,_Z,_Z,_Z,XDC,V,N,T0102,1953-Q3,4076.8,,,F,1,A,6,USD
OECD.SDD.NAD:DSD_NAMAIN1@DF_QNA(1.1),Q,Y,USA,S1,S1,P7,_Z,_Z,_Z,XDC,V,N,T0102,1953-Q2,4111.8,,,F,1,A,6,USD
OECD.SDD.NAD:DSD_NAMAIN1@DF_QNA(1.1),Q,Y,USA,S1,S1,P7,_Z,_Z,_Z,XDC,V,N,T0102,1953-Q1,3948.8,,,F,1,A,6,USD
OECD.SDD.NAD:DSD_NAMAIN1@DF_QNA(1.1),Q,Y,USA,S1,S1,P7,_Z,_Z,_Z,XDC,V,N,T0102,1952-Q4,4085.5,,,F,1,A,6,USD
OECD.SDD.NAD:DSD_NAMAIN1@DF_QNA(1.1),Q,Y,USA,S1,S1,P7,_Z,_Z,_Z,XDC,V,N,T0102,1989-Q4,149538,,,F,1,A,6,USD
OECD.SDD.NAD:DSD_NAMAIN1@DF_QNA(1.1),Q,Y,USA,S1,S1,P7,_Z,_Z,_Z,XDC,V,N,T0102,1979-Q4,70116.5,,,F,1,A,6,USD
OECD.SDD.NAD:DSD_NAMAIN1@DF_QNA(1.1),Q,Y,USA,S1,S1,P7,_Z,_Z,_Z,XDC,V,N,T0102,1979-Q3,64326.5,,,F,1,A,6,USD
OECD.SDD.NAD:DSD_NAMAIN1@DF_QNA(1.1),Q,Y,USA,S1,S1,P7,_Z,_Z,_Z,XDC,V,N,T0102,1979-Q2,60774.3,,,F,1,A,6,USD
OECD.SDD.NAD:DSD_NAMAIN1@DF_QNA(1.1),Q,Y,USA,S1,S1,P7,_Z,_Z,_Z,XDC,V,N,T0102,1979-Q1,57457,,,F,1,A,6,USD
OECD.SDD.NAD:DSD_NAMAIN1@DF_QNA(1.1),Q,Y,USA,S1,S1,P7,_Z,_Z,_Z,XDC,V,N,T0102,1978-Q4,55453.8,,,F,1,A,6,USD
OECD.SDD.NAD:DSD_NAMAIN1@DF_QNA(1.1),Q,Y,USA,S1,S1,P7,_Z,_Z,_Z,XDC,V,N,T0102,1978-Q3,53765.5,,,F,1,A,6,USD
OECD.SDD.NAD:DSD_NAMAIN1@DF_QNA(1.1),Q,Y,USA,S1,S1,P7,_Z,_Z,_Z,XDC,V,N,T0102,1978-Q2,52210,,,F,1,A,6,USD
OECD.SDD.NAD:DSD_NAMAIN1@DF_QNA(1.1),Q,Y,USA,S1,S1,P7,_Z,_Z,_Z,XDC,V,N,T0102,1978-Q1,50820.5,,,F,1,A,6,USD
OECD.SDD.NAD:DSD_NAMAIN1@DF_QNA(1.1),Q,Y,USA,S1,S1,P7,_Z,_Z,_Z,XDC,V,N,T0102,1977-Q4,46847.8,,,F,1,A,6,USD
OECD.SDD.NAD:DSD_NAMAIN1@DF_QNA(1.1),Q,Y,USA,S1,S1,P7,_Z,_Z,_Z,XDC,V,N,T0102,1977-Q3,45726,,,F,1,A,6,USD
OECD.SDD.NAD:DSD_NAMAIN1@DF_QNA(1.1),Q,Y,USA,S1,S1,P7,_Z,_Z,_Z,XDC,V,N,T0102,1977-Q2,45760.5,,,F,1,A,6,USD
OECD.SDD.NAD:DSD_NAMAIN1@DF_QNA(1.1),Q,Y,USA,S1,S1,P7,_Z,_Z,_Z,XDC,V,N,T0102,1977-Q1,44108.3,,,F,1,A,6,USD
OECD.SDD.NAD:DSD_NAMAIN1@DF_QNA(1.1),Q,Y,USA,S1,S1,P7,_Z,_Z,_Z,XDC,V,N,T0102,1976-Q4,40670,,,F,1,A,6,USD
OECD.SDD.NAD:DSD_NAMAIN1@DF_QNA(1.1),Q,Y,USA,S1,S1,P7,_Z,_Z,_Z,XDC,V,N,T0102,1976-Q3,38962,,,F,1,A,6,USD
OECD.SDD.NAD:DSD_NAMAIN1@DF_QNA(1.1),Q,Y,USA,S1,S1,P7,_Z,_Z,_Z,XDC,V,N,T0102,1976-Q2,36779,,,F,1,A,6,USD
OECD.SDD.NAD:DSD_NAMAIN1@DF_QNA(1.1),Q,Y,USA,S1,S1,P7,_Z,_Z,_Z,XDC,V,N,T0102,1976-Q1,34734.5,,,F,1,A,6,USD
OECD.SDD.NAD:DSD_NAMAIN1@DF_QNA(1.1),Q,Y,USA,S1,S1,P7,_Z,_Z,_Z,XDC,V,N,T0102,1975-Q4,32182.5,,,F,1,A,6,USD
OECD.SDD.NAD:DSD_NAMAIN1@DF_QNA(1.1),Q,Y,USA,S1,S1,P7,_Z,_Z,_Z,XDC,V,N,T0102,1975-Q3,30513.8,,,F,1,A,6,USD
OECD.SDD.NAD:DSD_NAMAIN1@DF_QNA(1.1),Q,Y,USA,S1,S1,P7,_Z,_Z,_Z,XDC,V,N,T0102,1975-Q2,28811.3,,,F,1,A,6,USD
OECD.SDD.NAD:DSD_NAMAIN1@DF_QNA(1.1),Q,Y,USA,S1,S1,P7,_Z,_Z,_Z,XDC,V,N,T0102,1975-Q1,31222,,,F,1,A,6,USD
OECD.SDD.NAD:DSD_NAMAIN1@DF_QNA(1.1),Q,Y,USA,S1,S1,P7,_Z,_Z,_Z,XDC,V,N,T0102,1974-Q4,34138,,,F,1,A,6,USD
OECD.SDD.NAD:DSD_NAMAIN1@DF_QNA(1.1),Q,Y,USA,S1,S1,P7,_Z,_Z,_Z,XDC,V,N,T0102,1974-Q3,33402.5,,,F,1,A,6,USD
OECD.SDD.NAD:DSD_NAMAIN1@DF_QNA(1.1),Q,Y,USA,S1,S1,P7,_Z,_Z,_Z,XDC,V,N,T0102,1974-Q2,32345.5,,,F,1,A,6,USD
OECD.SDD.NAD:DSD_NAMAIN1@DF_QNA(1.1),Q,Y,USA,S1,S1,P7,_Z,_Z,_Z,XDC,V,N,T0102,1974-Q1,27578.8,,,F,1,A,6,USD
OECD.SDD.NAD:DSD_NAMAIN1@DF_QNA(1.1),Q,Y,USA,S1,S1,P7,_Z,_Z,_Z,XDC,V,N,T0102,1973-Q4,24667.3,,,F,1,A,6,USD
OECD.SDD.NAD:DSD_NAMAIN1@DF_QNA(1.1),Q,Y,USA,S1,S1,P7,_Z,_Z,_Z,XDC,V,N,T0102,1973-Q3,22784.8,,,F,1,A,6,USD
OECD.SDD.NAD:DSD_NAMAIN1@DF_QNA(1.1),Q,Y,USA,S1,S1,P7,_Z,_Z,_Z,XDC,V,N,T0102,2021-Q1,795520.5,,,F,1,A,6,USD
OECD.SDD.NAD:DSD_NAMAIN1@DF_QNA(1.1),Q,Y,USA,S1,S1,P7,_Z,_Z,_Z,XDC,V,N,T0102,2022-Q1,978599.3,,,F,1,A,6,USD
OECD.SDD.NAD:DSD_NAMAIN1@DF_QNA(1.1),Q,Y,USA,S1,S1,P7,_Z,_Z,_Z,XDC,V,N,T0102,2021-Q4,921595.5,,,F,1,A,6,USD
OECD.SDD.NAD:DSD_NAMAIN1@DF_QNA(1.1),Q,Y,USA,S1,S1,P7,_Z,_Z,_Z,XDC,V,N,T0102,2021-Q3,863705,,,F,1,A,6,USD
OECD.SDD.NAD:DSD_NAMAIN1@DF_QNA(1.1),Q,Y,USA,S1,S1,P7,_Z,_Z,_Z,XDC,V,N,T0102,2021-Q2,837108.8,,,F,1,A,6,USD
OECD.SDD.NAD:DSD_NAMAIN1@DF_QNA(1.1),Q,Y,USA,S1,S1,P7,_Z,_Z,_Z,XDC,V,N,T0102,2010-Q4,623925.5,,,F,1,A,6,USD
OECD.SDD.NAD:DSD_NAMAIN1@DF_QNA(1.1),Q,Y,USA,S1,S1,P7,_Z,_Z,_Z,XDC,V,N,T0102,2003-Q4,403844,,,F,1,A,6,USD
OECD.SDD.NAD:DSD_NAMAIN1@DF_QNA(1.1),Q,Y,USA,S1,S1,P7,_Z,_Z,_Z,XDC,V,N,T0102,2002-Q2,358103.3,,,F,1,A,6,USD
OECD.SDD.NAD:DSD_NAMAIN1@DF_QNA(1.1),Q,Y,USA,S1,S1,P7,_Z,_Z,_Z,XDC,V,N,T0102,2019-Q1,783134.8,,,F,1,A,6,USD
OECD.SDD.NAD:DSD_NAMAIN1@DF_QNA(1.1),Q,Y,USA,S1,S1,P7,_Z,_Z,_Z,XDC,V,N,T0102,2018-Q1,773324.8,,,F,1,A,6,USD
OECD.SDD.NAD:DSD_NAMAIN1@DF_QNA(1.1),Q,Y,USA,S1,S1,P7,_Z,_Z,_Z,XDC,V,N,T0102,2017-Q4,758501,,,F,1,A,6,USD
OECD.SDD.NAD:DSD_NAMAIN1@DF_QNA(1.1),Q,Y,USA,S1,S1,P7,_Z,_Z,_Z,XDC,V,N,T0102,2016-Q3,687807.3,,,F,1,A,6,USD
OECD.SDD.NAD:DSD_NAMAIN1@DF_QNA(1.1),Q,Y,USA,S1,S1,P7,_Z,_Z,_Z,XDC,V,N,T0102,2016-Q2,677826.5,,,F,1,A,6,USD
OECD.SDD.NAD:DSD_NAMAIN1@DF_QNA(1.1),Q,Y,USA,S1,S1,P7,_Z,_Z,_Z,XDC,V,N,T0102,2015-Q1,706369,,,F,1,A,6,USD
OECD.SDD.NAD:DSD_NAMAIN1@DF_QNA(1.1),Q,Y,USA,S1,S1,P7,_Z,_Z,_Z,XDC,V,N,T0102,2014-Q4,726742.3,,,F,1,A,6,USD
OECD.SDD.NAD:DSD_NAMAIN1@DF_QNA(1.1),Q,Y,USA,S1,S1,P7,_Z,_Z,_Z,XDC,V,N,T0102,2022-Q2,1022476,,,F,1,A,6,USD
OECD.SDD.NAD:DSD_NAMAIN1@DF_QNA(1.1),Q,Y,USA,S1,S1,P7,_Z,_Z,_Z,XDC,V,N,T0102,1994-Q4,215139.8,,,F,1,A,6,USD
OECD.SDD.NAD:DSD_NAMAIN1@DF_QNA(1.1),Q,Y,USA,S1,S1,P7,_Z,_Z,_Z,XDC,V,N,T0102,1994-Q3,208437.8,,,F,1,A,6,USD
OECD.SDD.NAD:DSD_NAMAIN1@DF_QNA(1.1),Q,Y,USA,S1,S1,P7,_Z,_Z,_Z,XDC,V,N,T0102,2012-Q1,698063.3,,,F,1,A,6,USD
OECD.SDD.NAD:DSD_NAMAIN1@DF_QNA(1.1),Q,Y,USA,S1,S1,P7,_Z,_Z,_Z,XDC,V,N,T0102,2011-Q4,687977.8,,,F,1,A,6,USD
OECD.SDD.NAD:DSD_NAMAIN1@DF_QNA(1.1),Q,Y,USA,S1,S1,P7,_Z,_Z,_Z,XDC,V,N,T0102,2023-Q4,974419,,,F,1,A,6,USD
OECD.SDD.NAD:DSD_NAMAIN1@DF_QNA(1.1),Q,Y,USA,S1,S1,P7,_Z,_Z,_Z,XDC,V,N,T0102,2023-Q3,961904,,,F,1,A,6,USD
OECD.SDD.NAD:DSD_NAMAIN1@DF_QNA(1.1),Q,Y,USA,S1,S1,P7,_Z,_Z,_Z,XDC,V,N,T0102,2023-Q2,953424.3,,,F,1,A,6,USD
OECD.SDD.NAD:DSD_NAMAIN1@DF_QNA(1.1),Q,Y,USA,S1,S1,P7,_Z,_Z,_Z,XDC,V,N,T0102,2023-Q1,970108.3,,,F,1,A,6,USD
OECD.SDD.NAD:DSD_NAMAIN1@DF_QNA(1.1),Q,Y,USA,S1,S1,P7,_Z,_Z,_Z,XDC,V,N,T0102,2022-Q4,977075,,,F,1,A,6,USD
OECD.SDD.NAD:DSD_NAMAIN1@DF_QNA(1.1),Q,Y,USA,S1,S1,P7,_Z,_Z,_Z,XDC,V,N,T0102,2022-Q3,996168.8,,,F,1,A,6,USD
OECD.SDD.NAD:DSD_NAMAIN1@DF_QNA(1.1),Q,Y,USA,S1,S1,P7,_Z,_Z,_Z,XDC,V,N,T0102,2006-Q4,567299.5,,,F,1,A,6,USD
OECD.SDD.NAD:DSD_NAMAIN1@DF_QNA(1.1),Q,Y,USA,S1,S1,P7,_Z,_Z,_Z,XDC,V,N,T0102,2006-Q3,574675.5,,,F,1,A,6,USD
OECD.SDD.NAD:DSD_NAMAIN1@DF_QNA(1.1),Q,Y,USA,S1,S1,P7,_Z,_Z,_Z,XDC,V,N,T0102,2004-Q1,424911,,,F,1,A,6,USD
OECD.SDD.NAD:DSD_NAMAIN1@DF_QNA(1.1),Q,Y,USA,S1,S1,P7,_Z,_Z,_Z,XDC,V,N,T0102,2020-Q4,759019,,,F,1,A,6,USD
OECD.SDD.NAD:DSD_NAMAIN1@DF_QNA(1.1),Q,Y,USA,S1,S1,P7,_Z,_Z,_Z,XDC,V,N,T0102,2020-Q3,701092.3,,,F,1,A,6,USD
OECD.SDD.NAD:DSD_NAMAIN1@DF_QNA(1.1),Q,Y,USA,S1,S1,P7,_Z,_Z,_Z,XDC,V,N,T0102,2020-Q2,589145.8,,,F,1,A,6,USD
OECD.SDD.NAD:DSD_NAMAIN1@DF_QNA(1.1),Q,Y,USA,S1,S1,P7,_Z,_Z,_Z,XDC,V,N,T0102,2020-Q1,733134,,,F,1,A,6,USD
OECD.SDD.NAD:DSD_NAMAIN1@DF_QNA(1.1),Q,Y,USA,S1,S1,P7,_Z,_Z,_Z,XDC,V,N,T0102,2019-Q4,762706,,,F,1,A,6,USD
OECD.SDD.NAD:DSD_NAMAIN1@DF_QNA(1.1),Q,Y,USA,S1,S1,P7,_Z,_Z,_Z,XDC,V,N,T0102,1980-Q2,73150,,,F,1,A,6,USD
OECD.SDD.NAD:DSD_NAMAIN1@DF_QNA(1.1),Q,Y,USA,S1,S1,P7,_Z,_Z,_Z,XDC,V,N,T0102,1980-Q1,76077.8,,,F,1,A,6,USD
OECD.SDD.NAD:DSD_NAMAIN1@DF_QNA(1.1),Q,Y,USA,S1,S1,P7,_Z,_Z,_Z,XDC,V,N,T0102,1960-Q2,5863.8,,,F,1,A,6,USD
OECD.SDD.NAD:DSD_NAMAIN1@DF_QNA(1.1),Q,Y,USA,S1,S1,P7,_Z,_Z,_Z,XDC,V,N,T0102,1960-Q1,5822,,,F,1,A,6,USD
OECD.SDD.NAD:DSD_NAMAIN1@DF_QNA(1.1),Q,Y,USA,S1,S1,P7,_Z,_Z,_Z,XDC,V,N,T0102,1959-Q4,5626,,,F,1,A,6,USD
OECD.SDD.NAD:DSD_NAMAIN1@DF_QNA(1.1),Q,Y,USA,S1,S1,P7,_Z,_Z,_Z,XDC,V,N,T0102,1959-Q3,5717,,,F,1,A,6,USD
OECD.SDD.NAD:DSD_NAMAIN1@DF_QNA(1.1),Q,Y,USA,S1,S1,P7,_Z,_Z,_Z,XDC,V,N,T0102,1959-Q2,5636,,,F,1,A,6,USD
OECD.SDD.NAD:DSD_NAMAIN1@DF_QNA(1.1),Q,Y,USA,S1,S1,B1GQ,_Z,_Z,_Z,XDC,V,N,T0102,2022-Q1,6312586.8,,,F,1,A,6,USD
OECD.SDD.NAD:DSD_NAMAIN1@DF_QNA(1.1),Q,Y,USA,S1,S1,B1GQ,_Z,_Z,_Z,XDC,V,N,T0102,2022-Q2,6465323,,,F,1,A,6,USD
OECD.SDD.NAD:DSD_NAMAIN1@DF_QNA(1.1),Q,Y,USA,S1,S1,B1GQ,_Z,_Z,_Z,XDC,V,N,T0102,2022-Q3,6584076,,,F,1,A,6,USD
OECD.SDD.NAD:DSD_NAMAIN1@DF_QNA(1.1),Q,Y,USA,S1,S1,B1GQ,_Z,_Z,_Z,XDC,V,N,T0102,2022-Q4,6692628.5,,,F,1,A,6,USD
OECD.SDD.NAD:DSD_NAMAIN1@DF_QNA(1.1),Q,Y,USA,S1,S1,B1GQ,_Z,_Z,_Z,XDC,V,N,T0102,2023-Q1,6804111.3,,,F,1,A,6,USD
OECD.SDD.NAD:DSD_NAMAIN1@DF_QNA(1.1),Q,Y,USA,S1,S1,B1GQ,_Z,_Z,_Z,XDC,V,N,T0102,2023-Q2,6882513.8,,,F,1,A,6,USD
OECD.SDD.NAD:DSD_NAMAIN1@DF_QNA(1.1),Q,Y,USA,S1,S1,P7,_Z,_Z,_Z,XDC,V,N,T0102,1992-Q4,172134,,,F,1,A,6,USD
OECD.SDD.NAD:DSD_NAMAIN1@DF_QNA(1.1),Q,Y,USA,S1,S1,P7,_Z,_Z,_Z,XDC,V,N,T0102,1993-Q4,186262.3,,,F,1,A,6,USD
OECD.SDD.NAD:DSD_NAMAIN1@DF_QNA(1.1),Q,Y,USA,S1,S1,P7,_Z,_Z,_Z,XDC,V,N,T0102,1993-Q3,179812.8,,,F,1,A,6,USD
OECD.SDD.NAD:DSD_NAMAIN1@DF_QNA(1.1),Q,Y,USA,S1,S1,P7,_Z,_Z,_Z,XDC,V,N,T0102,1988-Q3,138212.3,,,F,1,A,6,USD
OECD.SDD.NAD:DSD_NAMAIN1@DF_QNA(1.1),Q,Y,USA,S1,S1,P7,_Z,_Z,_Z,XDC,V,N,T0102,2006-Q1,551196,,,F,1,A,6,USD
OECD.SDD.NAD:DSD_NAMAIN1@DF_QNA(1.1),Q,Y,USA,S1,S1,P7,_Z,_Z,_Z,XDC,V,N,T0102,1951-Q4,3497.5,,,F,1,A,6,USD
OECD.SDD.NAD:DSD_NAMAIN1@DF_QNA(1.1),Q,Y,USA,S1,S1,P7,_Z,_Z,_Z,XDC,V,N,T0102,1951-Q3,3577.5,,,F,1,A,6,USD
OECD.SDD.NAD:DSD_NAMAIN1@DF_QNA(1.1),Q,Y,USA,S1,S1,P7,_Z,_Z,_Z,XDC,V,N,T0102,1951-Q2,3794.5,,,F,1,A,6,USD
OECD.SDD.NAD:DSD_NAMAIN1@DF_QNA(1.1),Q,Y,USA,S1,S1,P7,_Z,_Z,_Z,XDC,V,N,T0102,1951-Q1,3716.5,,,F,1,A,6,USD
OECD.SDD.NAD:DSD_NAMAIN1@DF_QNA(1.1),Q,Y,USA,S1,S1,B1GQ,_Z,_Z,_Z,XDC,V,N,T0102,2021-Q4,6203400,,,F,1,A,6,USD
OECD.SDD.NAD:DSD_NAMAIN1@DF_QNA(1.1),Q,Y,USA,S1,S1,B1GQ,_Z,_Z,_Z,XDC,V,N,T0102,2016-Q3,4723159.8,,,F,1,A,6,USD
OECD.SDD.NAD:DSD_NAMAIN1@DF_QNA(1.1),Q,Y,USA,S1,S1,B1GQ,_Z,_Z,_Z,XDC,V,N,T0102,2017-Q4,5009272,,,F,1,A,6,USD
OECD.SDD.NAD:DSD_NAMAIN1@DF_QNA(1.1),Q,Y,USA,S1,S1,B1GQ,_Z,_Z,_Z,XDC,V,N,T0102,2018-Q1,5082138.3,,,F,1,A,6,USD
OECD.SDD.NAD:DSD_NAMAIN1@DF_QNA(1.1),Q,Y,USA,S1,S1,B1GQ,_Z,_Z,_Z,XDC,V,N,T0102,2019-Q1,5277900,,,F,1,A,6,USD
OECD.SDD.NAD:DSD_NAMAIN1@DF_QNA(1.1),Q,Y,USA,S1,S1,B1GQ,_Z,_Z,_Z,XDC,V,N,T0102,2019-Q4,5483304.3,,,F,1,A,6,USD
OECD.SDD.NAD:DSD_NAMAIN1@DF_QNA(1.1),Q,Y,USA,S1,S1,B1GQ,_Z,_Z,_Z,XDC,V,N,T0102,2020-Q1,5437809.5,,,F,1,A,6,USD
OECD.SDD.NAD:DSD_NAMAIN1@DF_QNA(1.1),Q,Y,USA,S1,S1,B1GQ,_Z,_Z,_Z,XDC,V,N,T0102,2020-Q2,4989572.8,,,F,1,A,6,USD
OECD.SDD.NAD:DSD_NAMAIN1@DF_QNA(1.1),Q,Y,USA,S1,S1,B1GQ,_Z,_Z,_Z,XDC,V,N,T0102,2020-Q3,5426109.3,,,F,1,A,6,USD
OECD.SDD.NAD:DSD_NAMAIN1@DF_QNA(1.1),Q,Y,USA,S1,S1,B1GQ,_Z,_Z,_Z,XDC,V,N,T0102,1994-Q3,1832768.8,,,F,1,A,6,USD
OECD.SDD.NAD:DSD_NAMAIN1@DF_QNA(1.1),Q,Y,USA,S1,S1,B1GQ,_Z,_Z,_Z,XDC,V,N,T0102,1994-Q4,1863822,,,F,1,A,6,USD
OECD.SDD.NAD:DSD_NAMAIN1@DF_QNA(1.1),Q,Y,USA,S1,S1,B1GQ,_Z,_Z,_Z,XDC,V,N,T0102,1995-Q1,1880572.3,,,F,1,A,6,USD
OECD.SDD.NAD:DSD_NAMAIN1@DF_QNA(1.1),Q,Y,USA,S1,S1,B1GQ,_Z,_Z,_Z,XDC,V,N,T0102,1995-Q2,1895249.3,,,F,1,A,6,USD
OECD.SDD.NAD:DSD_NAMAIN1@DF_QNA(1.1),Q,Y,USA,S1,S1,B1GQ,_Z,_Z,_Z,XDC,V,N,T0102,1995-Q3,1920781.3,,,F,1,A,6,USD
OECD.SDD.NAD:DSD_NAMAIN1@DF_QNA(1.1),Q,Y,USA,S1,S1,B1GQ,_Z,_Z,_Z,XDC,V,N,T0102,1995-Q4,1943146.5,,,F,1,A,6,USD
OECD.SDD.NAD:DSD_NAMAIN1@DF_QNA(1.1),Q,Y,USA,S1,S1,B1GQ,_Z,_Z,_Z,XDC,V,N,T0102,1996-Q1,1967117,,,F,1,A,6,USD
OECD.SDD.NAD:DSD_NAMAIN1@DF_QNA(1.1),Q,Y,USA,S1,S1,B1GQ,_Z,_Z,_Z,XDC,V,N,T0102,1996-Q2,2008210,,,F,1,A,6,USD
OECD.SDD.NAD:DSD_NAMAIN1@DF_QNA(1.1),Q,Y,USA,S1,S1,B1GQ,_Z,_Z,_Z,XDC,V,N,T0102,2002-Q2,2721865,,,F,1,A,6,USD
OECD.SDD.NAD:DSD_NAMAIN1@DF_QNA(1.1),Q,Y,USA,S1,S1,B1GQ,_Z,_Z,_Z,XDC,V,N,T0102,2003-Q4,2943058.5,,,F,1,A,6,USD
OECD.SDD.NAD:DSD_NAMAIN1@DF_QNA(1.1),Q,Y,USA,S1,S1,B1GQ,_Z,_Z,_Z,XDC,V,N,T0102,2004-Q1,2980861.8,,,F,1,A,6,USD
OECD.SDD.NAD:DSD_NAMAIN1@DF_QNA(1.1),Q,Y,USA,S1,S1,B1GQ,_Z,_Z,_Z,XDC,V,N,T0102,2006-Q3,3467547,,,F,1,A,6,USD
OECD.SDD.NAD:DSD_NAMAIN1@DF_QNA(1.1),Q,Y,USA,S1,S1,B1GQ,_Z,_Z,_Z,XDC,V,N,T0102,2006-Q4,3509890,,,F,1,A,6,USD
OECD.SDD.NAD:DSD_NAMAIN1@DF_QNA(1.1),Q,Y,USA,S1,S1,B1GQ,_Z,_Z,_Z,XDC,V,N,T0102,2008-Q1,3676634.5,,,F,1,A,6,USD
OECD.SDD.NAD:DSD_NAMAIN1@DF_QNA(1.1),Q,Y,USA,S1,S1,B1GQ,_Z,_Z,_Z,XDC,V,N,T0102,1998-Q1,2216620,,,F,1,A,6,USD
OECD.SDD.NAD:DSD_NAMAIN1@DF_QNA(1.1),Q,Y,USA,S1,S1,P7,_Z,_Z,_Z,XDC,V,N,T0102,2000-Q2,363965,,,F,1,A,6,USD
OECD.SDD.NAD:DSD_NAMAIN1@DF_QNA(1.1),Q,Y,USA,S1,S1,P7,_Z,_Z,_Z,XDC,V,N,T0102,1999-Q3,320428,,,F,1,A,6,USD
OECD.SDD.NAD:DSD_NAMAIN1@DF_QNA(1.1),Q,Y,USA,S1,S1,P7,_Z,_Z,_Z,XDC,V,N,T0102,1966-Q2,9060,,,F,1,A,6,USD
OECD.SDD.NAD:DSD_NAMAIN1@DF_QNA(1.1),Q,Y,USA,S1,S1,P7,_Z,_Z,_Z,XDC,V,N,T0102,1966-Q1,8747.5,,,F,1,A,6,USD
OECD.SDD.NAD:DSD_NAMAIN1@DF_QNA(1.1),Q,Y,USA,S1,S1,P7,_Z,_Z,_Z,XDC,V,N,T0102,1965-Q4,8487,,,F,1,A,6,USD
OECD.SDD.NAD:DSD_NAMAIN1@DF_QNA(1.1),Q,Y,USA,S1,S1,P7,_Z,_Z,_Z,XDC,V,N,T0102,1965-Q3,8007.5,,,F,1,A,6,USD
OECD.SDD.NAD:DSD_NAMAIN1@DF_QNA(1.1),Q,Y,USA,S1,S1,P7,_Z,_Z,_Z,XDC,V,N,T0102,1965-Q2,7919.8,,,F,1,A,6,USD
OECD.SDD.NAD:DSD_NAMAIN1@DF_QNA(1.1),Q,Y,USA,S1,S1,P7,_Z,_Z,_Z,XDC,V,N,T0102,1965-Q1,7114.3,,,F,1,A,6,USD
OECD.SDD.NAD:DSD_NAMAIN1@DF_QNA(1.1),Q,Y,USA,S1,S1,P7,_Z,_Z,_Z,XDC,V,N,T0102,1964-Q4,7321.3,,,F,1,A,6,USD
OECD.SDD.NAD:DSD_NAMAIN1@DF_QNA(1.1),Q,Y,USA,S1,S1,P7,_Z,_Z,_Z,XDC,V,N,T0102,1964-Q3,7107.3,,,F,1,A,6,USD
OECD.SDD.NAD:DSD_NAMAIN1@DF_QNA(1.1),Q,Y,USA,S1,S1,P7,_Z,_Z,_Z,XDC,V,N,T0102,1964-Q2,6931.5,,,F,1,A,6,USD
OECD.SDD.NAD:DSD_NAMAIN1@DF_QNA(1.1),Q,Y,USA,S1,S1,P7,_Z,_Z,_Z,XDC,V,N,T0102,1964-Q1,6744.5,,,F,1,A,6,USD
OECD.SDD.NAD:DSD_NAMAIN1@DF_QNA(1.1),Q,Y,USA,S1,S1,P7,_Z,_Z,_Z,XDC,V,N,T0102,1963-Q4,6691,,,F,1,A,6,USD
OECD.SDD.NAD:DSD_NAMAIN1@DF_QNA(1.1),Q,Y,USA,S1,S1,P7,_Z,_Z,_Z,XDC,V,N,T0102,1963-Q3,6676,,,F,1,A,6,USD
OECD.SDD.NAD:DSD_NAMAIN1@DF_QNA(1.1),Q,Y,USA,S1,S1,P7,_Z,_Z,_Z,XDC,V,N,T0102,1963-Q2,6472.5,,,F,1,A,6,USD
OECD.SDD.NAD:DSD_NAMAIN1@DF_QNA(1.1),Q,Y,USA,S1,S1,P7,_Z,_Z,_Z,XDC,V,N,T0102,1963-Q1,6296.3,,,F,1,A,6,USD
OECD.SDD.NAD:DSD_NAMAIN1@DF_QNA(1.1),Q,Y,USA,S1,S1,P7,_Z,_Z,_Z,XDC,V,N,T0102,1962-Q4,6387.5,,,F,1,A,6,USD
OECD.SDD.NAD:DSD_NAMAIN1@DF_QNA(1.1),Q,Y,USA,S1,S1,P7,_Z,_Z,_Z,XDC,V,N,T0102,1962-Q3,6277.8,,,F,1,A,6,USD
OECD.SDD.NAD:DSD_NAMAIN1@DF_QNA(1.1),Q,Y,USA,S1,S1,P7,_Z,_Z,_Z,XDC,V,N,T0102,1962-Q2,6221,,,F,1,A,6,USD
OECD.SDD.NAD:DSD_NAMAIN1@DF_QNA(1.1),Q,Y,USA,S1,S1,P7,_Z,_Z,_Z,XDC,V,N,T0102,1962-Q1,6078.5,,,F,1,A,6,USD
OECD.SDD.NAD:DSD_NAMAIN1@DF_QNA(1.1),Q,Y,USA,S1,S1,P7,_Z,_Z,_Z,XDC,V,N,T0102,1961-Q4,5967.5,,,F,1,A,6,USD
OECD.SDD.NAD:DSD_NAMAIN1@DF_QNA(1.1),Q,Y,USA,S1,S1,P7,_Z,_Z,_Z,XDC,V,N,T0102,1961-Q3,5831.5,,,F,1,A,6,USD
OECD.SDD.NAD:DSD_NAMAIN1@DF_QNA(1.1),Q,Y,USA,S1,S1,P7,_Z,_Z,_Z,XDC,V,N,T0102,1961-Q2,5474.8,,,F,1,A,6,USD
OECD.SDD.NAD:DSD_NAMAIN1@DF_QNA(1.1),Q,Y,USA,S1,S1,P7,_Z,_Z,_Z,XDC,V,N,T0102,1961-Q1,5414.5,,,F,1,A,6,USD
OECD.SDD.NAD:DSD_NAMAIN1@DF_QNA(1.1),Q,Y,USA,S1,S1,P7,_Z,_Z,_Z,XDC,V,N,T0102,1960-Q4,5435.5,,,F,1,A,6,USD
OECD.SDD.NAD:DSD_NAMAIN1@DF_QNA(1.1),Q,Y,USA,S1,S1,P7,_Z,_Z,_Z,XDC,V,N,T0102,1960-Q3,5719.8,,,F,1,A,6,USD
OECD.SDD.NAD:DSD_NAMAIN1@DF_QNA(1.1),Q,Y,USA,S1,S1,P7,_Z,_Z,_Z,XDC,V,N,T0102,2007-Q4,620103.3,,,F,1,A,6,USD
OECD.SDD.NAD:DSD_NAMAIN1@DF_QNA(1.1),Q,Y,USA,S1,S1,P7,_Z,_Z,_Z,XDC,V,N,T0102,2006-Q2,563452.3,,,F,1,A,6,USD
OECD.SDD.NAD:DSD_NAMAIN1@DF_QNA(1.1),Q,Y,USA,S1,S1,P7,_Z,_Z,_Z,XDC,V,N,T0102,1958-Q3,4934.8,,,F,1,A,6,USD
OECD.SDD.NAD:DSD_NAMAIN1@DF_QNA(1.1),Q,Y,USA,S1,S1,P7,_Z,_Z,_Z,XDC,V,N,T0102,1958-Q2,5018.8,,,F,1,A,6,USD
OECD.SDD.NAD:DSD_NAMAIN1@DF_QNA(1.1),Q,Y,USA,S1,S1,P7,_Z,_Z,_Z,XDC,V,N,T0102,1958-Q1,4863.8,,,F,1,A,6,USD
OECD.SDD.NAD:DSD_NAMAIN1@DF_QNA(1.1),Q,Y,USA,S1,S1,P7,_Z,_Z,_Z,XDC,V,N,T0102,1957-Q4,4908.5,,,F,1,A,6,USD
OECD.SDD.NAD:DSD_NAMAIN1@DF_QNA(1.1),Q,Y,USA,S1,S1,P7,_Z,_Z,_Z,XDC,V,N,T0102,1957-Q3,4940.5,,,F,1,A,6,USD
OECD.SDD.NAD:DSD_NAMAIN1@DF_QNA(1.1),Q,Y,USA,S1,S1,P7,_Z,_Z,_Z,XDC,V,N,T0102,1957-Q2,5067.5,,,F,1,A,6,USD
OECD.SDD.NAD:DSD_NAMAIN1@DF_QNA(1.1),Q,Y,USA,S1,S1,P7,_Z,_Z,_Z,XDC,V,N,T0102,1957-Q1,5025,,,F,1,A,6,USD
OECD.SDD.NAD:DSD_NAMAIN1@DF_QNA(1.1),Q,Y,USA,S1,S1,P7,_Z,_Z,_Z,XDC,V,N,T0102,1956-Q4,4635.3,,,F,1,A,6,USD
OECD.SDD.NAD:DSD_NAMAIN1@DF_QNA(1.1),Q,Y,USA,S1,S1,P7,_Z,_Z,_Z,XDC,V,N,T0102,1956-Q3,4813.3,,,F,1,A,6,USD
OECD.SDD.NAD:DSD_NAMAIN1@DF_QNA(1.1),Q,Y,USA,S1,S1,B1GQ,_Z,_Z,_Z,XDC,V,N,T0102,1951-Q2,86022.5,,,F,1,A,6,USD
OECD.SDD.NAD:DSD_NAMAIN1@DF_QNA(1.1),Q,Y,USA,S1,S1,B1GQ,_Z,_Z,_Z,XDC,V,N,T0102,1951-Q3,87846.3,,,F,1,A,6,USD
OECD.SDD.NAD:DSD_NAMAIN1@DF_QNA(1.1),Q,Y,USA,S1,S1,B1GQ,_Z,_Z,_Z,XDC,V,N,T0102,1951-Q4,89044.5,,,F,1,A,6,USD
OECD.SDD.NAD:DSD_NAMAIN1@DF_QNA(1.1),Q,Y,USA,S1,S1,B1GQ,_Z,_Z,_Z,XDC,V,N,T0102,1952-Q1,89955,,,F,1,A,6,USD
OECD.SDD.NAD:DSD_NAMAIN1@DF_QNA(1.1),Q,Y,USA,S1,S1,B1GQ,_Z,_Z,_Z,XDC,V,N,T0102,1952-Q2,90257.5,,,F,1,A,6,USD
OECD.SDD.NAD:DSD_NAMAIN1@DF_QNA(1.1),Q,Y,USA,S1,S1,B1GQ,_Z,_Z,_Z,XDC,V,N,T0102,1952-Q3,91925.3,,,F,1,A,6,USD
OECD.SDD.NAD:DSD_NAMAIN1@DF_QNA(1.1),Q,Y,USA,S1,S1,B1GQ,_Z,_Z,_Z,XDC,V,N,T0102,1952-Q4,95203,,,F,1,A,6,USD
OECD.SDD.NAD:DSD_NAMAIN1@DF_QNA(1.1),Q,Y,USA,S1,S1,B1GQ,_Z,_Z,_Z,XDC,V,N,T0102,1953-Q1,96995,,,F,1,A,6,USD
OECD.SDD.NAD:DSD_NAMAIN1@DF_QNA(1.1),Q,Y,USA,S1,S1,B1GQ,_Z,_Z,_Z,XDC,V,N,T0102,1953-Q2,97937.3,,,F,1,A,6,USD
OECD.SDD.NAD:DSD_NAMAIN1@DF_QNA(1.1),Q,Y,USA,S1,S1,B1GQ,_Z,_Z,_Z,XDC,V,N,T0102,1953-Q3,97792.8,,,F,1,A,6,USD
OECD.SDD.NAD:DSD_NAMAIN1@DF_QNA(1.1),Q,Y,USA,S1,S1,P7,_Z,_Z,_Z,XDC,V,N,T0102,1952-Q2,3657.5,,,F,1,A,6,USD
OECD.SDD.NAD:DSD_NAMAIN1@DF_QNA(1.1),Q,Y,USA,S1,S1,P7,_Z,_Z,_Z,XDC,V,N,T0102,1952-Q1,3739.5,,,F,1,A,6,USD
OECD.SDD.NAD:DSD_NAMAIN1@DF_QNA(1.1),Q,Y,USA,S1,S1,P7,_Z,_Z,_Z,XDC,V,N,T0102,1992-Q2,164737.8,,,F,1,A,6,USD
OECD.SDD.NAD:DSD_NAMAIN1@DF_QNA(1.1),Q,Y,USA,S1,S1,P7,_Z,_Z,_Z,XDC,V,N,T0102,1992-Q1,161455.8,,,F,1,A,6,USD
OECD.SDD.NAD:DSD_NAMAIN1@DF_QNA(1.1),Q,Y,USA,S1,S1,P7,_Z,_Z,_Z,XDC,V,N,T0102,1991-Q4,159567.5,,,F,1,A,6,USD
OECD.SDD.NAD:DSD_NAMAIN1@DF_QNA(1.1),Q,Y,USA,S1,S1,P7,_Z,_Z,_Z,XDC,V,N,T0102,1991-Q3,155417.3,,,F,1,A,6,USD
OECD.SDD.NAD:DSD_NAMAIN1@DF_QNA(1.1),Q,Y,USA,S1,S1,P7,_Z,_Z,_Z,XDC,V,N,T0102,1991-Q2,153480.3,,,F,1,A,6,USD
OECD.SDD.NAD:DSD_NAMAIN1@DF_QNA(1.1),Q,Y,USA,S1,S1,P7,_Z,_Z,_Z,XDC,V,N,T0102,1991-Q1,155079.3,,,F,1,A,6,USD
OECD.SDD.NAD:DSD_NAMAIN1@DF_QNA(1.1),Q,Y,USA,S1,S1,P7,_Z,_Z,_Z,XDC,V,N,T0102,1990-Q4,161820.5,,,F,1,A,6,USD
OECD.SDD.NAD:DSD_NAMAIN1@DF_QNA(1.1),Q,Y,USA,S1,S1,P7,_Z,_Z,_Z,XDC,V,N,T0102,1990-Q3,157525.5,,,F,1,A,6,USD
OECD.SDD.NAD:DSD_NAMAIN1@DF_QNA(1.1),Q,Y,USA,S1,S1,P7,_Z,_Z,_Z,XDC,V,N,T0102,1990-Q2,153689.8,,,F,1,A,6,USD
OECD.SDD.NAD:DSD_NAMAIN1@DF_QNA(1.1),Q,Y,USA,S1,S1,P7,_Z,_Z,_Z,XDC,V,N,T0102,1990-Q1,156691.8,,,F,1,A,6,USD
OECD.SDD.NAD:DSD_NAMAIN1@DF_QNA(1.1),Q,Y,USA,S1,S1,B1GQ,_Z,_Z,_Z,XDC,V,N,T0102,1980-Q4,746389.3,,,F,1,A,6,USD
OECD.SDD.NAD:DSD_NAMAIN1@DF_QNA(1.1),Q,Y,USA,S1,S1,B1GQ,_Z,_Z,_Z,XDC,V,N,T0102,1981-Q1,781051.5,,,F,1,A,6,USD
OECD.SDD.NAD:DSD_NAMAIN1@DF_QNA(1.1),Q,Y,USA,S1,S1,B1GQ,_Z,_Z,_Z,XDC,V,N,T0102,1981-Q2,790633,,,F,1,A,6,USD
OECD.SDD.NAD:DSD_NAMAIN1@DF_QNA(1.1),Q,Y,USA,S1,S1,B1GQ,_Z,_Z,_Z,XDC,V,N,T0102,1981-Q3,815152.3,,,F,1,A,6,USD
OECD.SDD.NAD:DSD_NAMAIN1@DF_QNA(1.1),Q,Y,USA,S1,S1,B1GQ,_Z,_Z,_Z,XDC,V,N,T0102,1981-Q4,820204.5,,,F,1,A,6,USD
OECD.SDD.NAD:DSD_NAMAIN1@DF_QNA(1.1),Q,Y,USA,S1,S1,B1GQ,_Z,_Z,_Z,XDC,V,N,T0102,1982-Q1,818575.5,,,F,1,A,6,USD
OECD.SDD.NAD:DSD_NAMAIN1@DF_QNA(1.1),Q,Y,USA,S1,S1,B1GQ,_Z,_Z,_Z,XDC,V,N,T0102,1982-Q2,832993,,,F,1,A,6,USD
OECD.SDD.NAD:DSD_NAMAIN1@DF_QNA(1.1),Q,Y,USA,S1,S1,B1GQ,_Z,_Z,_Z,XDC,V,N,T0102,1982-Q3,841580.5,,,F,1,A,6,USD
OECD.SDD.NAD:DSD_NAMAIN1@DF_QNA(1.1),Q,Y,USA,S1,S1,B1GQ,_Z,_Z,_Z,XDC,V,N,T0102,1982-Q4,850640.3,,,F,1,A,6,USD
OECD.SDD.NAD:DSD_NAMAIN1@DF_QNA(1.1),Q,Y,USA,S1,S1,B1GQ,_Z,_Z,_Z,XDC,V,N,T0102,1983-Q1,868353.3,,,F,1,A,6,USD
OECD.SDD.NAD:DSD_NAMAIN1@DF_QNA(1.1),Q,Y,USA,S1,S1,B1GQ,_Z,_Z,_Z,XDC,V,N,T0102,1983-Q2,894712,,,F,1,A,6,USD
OECD.SDD.NAD:DSD_NAMAIN1@DF_QNA(1.1),Q,Y,USA,S1,S1,B1GQ,_Z,_Z,_Z,XDC,V,N,T0102,1983-Q3,922294.8,,,F,1,A,6,USD
OECD.SDD.NAD:DSD_NAMAIN1@DF_QNA(1.1),Q,Y,USA,S1,S1,B1GQ,_Z,_Z,_Z,XDC,V,N,T0102,1983-Q4,948676.5,,,F,1,A,6,USD
OECD.SDD.NAD:DSD_NAMAIN1@DF_QNA(1.1),Q,Y,USA,S1,S1,B1GQ,_Z,_Z,_Z,XDC,V,N,T0102,1984-Q1,977013.5,,,F,1,A,6,USD
OECD.SDD.NAD:DSD_NAMAIN1@DF_QNA(1.1),Q,Y,USA,S1,S1,B1GQ,_Z,_Z,_Z,XDC,V,N,T0102,1984-Q2,1002400.3,,,F,1,A,6,USD
OECD.SDD.NAD:DSD_NAMAIN1@DF_QNA(1.1),Q,Y,USA,S1,S1,B1GQ,_Z,_Z,_Z,XDC,V,N,T0102,1984-Q3,1021062.5,,,F,1,A,6,USD
OECD.SDD.NAD:DSD_NAMAIN1@DF_QNA(1.1),Q,Y,USA,S1,S1,B1GQ,_Z,_Z,_Z,XDC,V,N,T0102,1984-Q4,1037137.8,,,F,1,A,6,USD
OECD.SDD.NAD:DSD_NAMAIN1@DF_QNA(1.1),Q,Y,USA,S1,S1,B1GQ,_Z,_Z,_Z,XDC,V,N,T0102,1985-Q1,1057542,,,F,1,A,6,USD
OECD.SDD.NAD:DSD_NAMAIN1@DF_QNA(1.1),Q,Y,USA,S1,S1,B1GQ,_Z,_Z,_Z,XDC,V,N,T0102,1985-Q2,1073721.8,,,F,1,A,6,USD
OECD.SDD.NAD:DSD_NAMAIN1@DF_QNA(1.1),Q,Y,USA,S1,S1,B1GQ,_Z,_Z,_Z,XDC,V,N,T0102,1985-Q3,1096693.3,,,F,1,A,6,USD
OECD.SDD.NAD:DSD_NAMAIN1@DF_QNA(1.1),Q,Y,USA,S1,S1,B1GQ,_Z,_Z,_Z,XDC,V,N,T0102,1985-Q4,1111023.5,,,F,1,A,6,USD
OECD.SDD.NAD:DSD_NAMAIN1@DF_QNA(1.1),Q,Y,USA,S1,S1,P7,_Z,_Z,_Z,XDC,V,N,T0102,1973-Q2,22367,,,F,1,A,6,USD
OECD.SDD.NAD:DSD_NAMAIN1@DF_QNA(1.1),Q,Y,USA,S1,S1,P7,_Z,_Z,_Z,XDC,V,N,T0102,1973-Q1,21340,,,F,1,A,6,USD
OECD.SDD.NAD:DSD_NAMAIN1@DF_QNA(1.1),Q,Y,USA,S1,S1,P7,_Z,_Z,_Z,XDC,V,N,T0102,1972-Q4,19797.5,,,F,1,A,6,USD
OECD.SDD.NAD:DSD_NAMAIN1@DF_QNA(1.1),Q,Y,USA,S1,S1,P7,_Z,_Z,_Z,XDC,V,N,T0102,1972-Q3,18522.5,,,F,1,A,6,USD
OECD.SDD.NAD:DSD_NAMAIN1@DF_QNA(1.1),Q,Y,USA,S1,S1,P7,_Z,_Z,_Z,XDC,V,N,T0102,2008-Q1,646142,,,F,1,A,6,USD
OECD.SDD.NAD:DSD_NAMAIN1@DF_QNA(1.1),Q,Y,USA,S1,S1,P7,_Z,_Z,_Z,XDC,V,N,T0102,1989-Q2,148847.3,,,F,1,A,6,USD
OECD.SDD.NAD:DSD_NAMAIN1@DF_QNA(1.1),Q,Y,USA,S1,S1,P7,_Z,_Z,_Z,XDC,V,N,T0102,1989-Q1,146538.5,,,F,1,A,6,USD
OECD.SDD.NAD:DSD_NAMAIN1@DF_QNA(1.1),Q,Y,USA,S1,S1,P7,_Z,_Z,_Z,XDC,V,N,T0102,1988-Q4,143578.5,,,F,1,A,6,USD
OECD.SDD.NAD:DSD_NAMAIN1@DF_QNA(1.1),Q,Y,USA,S1,S1,P7,_Z,_Z,_Z,XDC,V,N,T0102,1988-Q2,136524.5,,,F,1,A,6,USD
OECD.SDD.NAD:DSD_NAMAIN1@DF_QNA(1.1),Q,Y,USA,S1,S1,P7,_Z,_Z,_Z,XDC,V,N,T0102,1988-Q1,135678.5,,,F,1,A,6,USD
OECD.SDD.NAD:DSD_NAMAIN1@DF_QNA(1.1),Q,Y,USA,S1,S1,P7,_Z,_Z,_Z,XDC,V,N,T0102,1987-Q4,134377.8,,,F,1,A,6,USD
OECD.SDD.NAD:DSD_NAMAIN1@DF_QNA(1.1),Q,Y,USA,S1,S1,P7,_Z,_Z,_Z,XDC,V,N,T0102,1987-Q3,129329.5,,,F,1,A,6,USD
OECD.SDD.NAD:DSD_NAMAIN1@DF_QNA(1.1),Q,Y,USA,S1,S1,P7,_Z,_Z,_Z,XDC,V,N,T0102,1987-Q2,125584.3,,,F,1,A,6,USD
OECD.SDD.NAD:DSD_NAMAIN1@DF_QNA(1.1),Q,Y,USA,S1,S1,P7,_Z,_Z,_Z,XDC,V,N,T0102,1987-Q1,119421.3,,,F,1,A,6,USD
OECD.SDD.NAD:DSD_NAMAIN1@DF_QNA(1.1),Q,Y,USA,S1,S1,P7,_Z,_Z,_Z,XDC,V,N,T0102,1986-Q4,117157,,,F,1,A,6,USD
OECD.SDD.NAD:DSD_NAMAIN1@DF_QNA(1.1),Q,Y,USA,S1,S1,P7,_Z,_Z,_Z,XDC,V,N,T0102,1986-Q3,114858,,,F,1,A,6,USD
OECD.SDD.NAD:DSD_NAMAIN1@DF_QNA(1.1),Q,Y,USA,S1,S1,P7,_Z,_Z,_Z,XDC,V,N,T0102,1986-Q2,110997.5,,,F,1,A,6,USD
OECD.SDD.NAD:DSD_NAMAIN1@DF_QNA(1.1),Q,Y,USA,S1,S1,P7,_Z,_Z,_Z,XDC,V,N,T0102,1986-Q1,109854.5,,,F,1,A,6,USD
OECD.SDD.NAD:DSD_NAMAIN1@DF_QNA(1.1),Q,Y,USA,S1,S1,P7,_Z,_Z,_Z,XDC,V,N,T0102,1985-Q4,109716.8,,,F,1,A,6,USD
OECD.SDD.NAD:DSD_NAMAIN1@DF_QNA(1.1),Q,Y,USA,S1,S1,P7,_Z,_Z,_Z,XDC,V,N,T0102,1985-Q3,103542,,,F,1,A,6,USD
OECD.SDD.NAD:DSD_NAMAIN1@DF_QNA(1.1),Q,Y,USA,S1,S1,P7,_Z,_Z,_Z,XDC,V,N,T0102,1985-Q2,104642.8,,,F,1,A,6,USD
OECD.SDD.NAD:DSD_NAMAIN1@DF_QNA(1.1),Q,Y,USA,S1,S1,P7,_Z,_Z,_Z,XDC,V,N,T0102,1985-Q1,99327,,,F,1,A,6,USD
OECD.SDD.NAD:DSD_NAMAIN1@DF_QNA(1.1),Q,Y,USA,S1,S1,P7,_Z,_Z,_Z,XDC,V,N,T0102,1984-Q4,104089.8,,,F,1,A,6,USD
OECD.SDD.NAD:DSD_NAMAIN1@DF_QNA(1.1),Q,Y,USA,S1,S1,P7,_Z,_Z,_Z,XDC,V,N,T0102,1984-Q3,102397.8,,,F,1,A,6,USD
OECD.SDD.NAD:DSD_NAMAIN1@DF_QNA(1.1),Q,Y,USA,S1,S1,P7,_Z,_Z,_Z,XDC,V,N,T0102,1984-Q2,101625.3,,,F,1,A,6,USD
OECD.SDD.NAD:DSD_NAMAIN1@DF_QNA(1.1),Q,Y,USA,S1,S1,P7,_Z,_Z,_Z,XDC,V,N,T0102,1984-Q1,96994.5,,,F,1,A,6,USD
OECD.SDD.NAD:DSD_NAMAIN1@DF_QNA(1.1),Q,Y,USA,S1,S1,P7,_Z,_Z,_Z,XDC,V,N,T0102,1983-Q4,89493,,,F,1,A,6,USD
OECD.SDD.NAD:DSD_NAMAIN1@DF_QNA(1.1),Q,Y,USA,S1,S1,P7,_Z,_Z,_Z,XDC,V,N,T0102,1983-Q3,85845.3,,,F,1,A,6,USD
OECD.SDD.NAD:DSD_NAMAIN1@DF_QNA(1.1),Q,Y,USA,S1,S1,P7,_Z,_Z,_Z,XDC,V,N,T0102,1983-Q2,79487.3,,,F,1,A,6,USD
OECD.SDD.NAD:DSD_NAMAIN1@DF_QNA(1.1),Q,Y,USA,S1,S1,P7,_Z,_Z,_Z,XDC,V,N,T0102,1983-Q1,73812.8,,,F,1,A,6,USD
OECD.SDD.NAD:DSD_NAMAIN1@DF_QNA(1.1),Q,Y,USA,S1,S1,P7,_Z,_Z,_Z,XDC,V,N,T0102,1982-Q4,73715.3,,,F,1,A,6,USD
OECD.SDD.NAD:DSD_NAMAIN1@DF_QNA(1.1),Q,Y,USA,S1,S1,P7,_Z,_Z,_Z,XDC,V,N,T0102,1982-Q3,77320.5,,,F,1,A,6,USD
OECD.SDD.NAD:DSD_NAMAIN1@DF_QNA(1.1),Q,Y,USA,S1,S1,P7,_Z,_Z,_Z,XDC,V,N,T0102,1982-Q2,74778.8,,,F,1,A,6,USD
OECD.SDD.NAD:DSD_NAMAIN1@DF_QNA(1.1),Q,Y,USA,S1,S1,P7,_Z,_Z,_Z,XDC,V,N,T0102,1982-Q1,77369.5,,,F,1,A,6,USD
OECD.SDD.NAD:DSD_NAMAIN1@DF_QNA(1.1),Q,Y,USA,S1,S1,P7,_Z,_Z,_Z,XDC,V,N,T0102,1981-Q4,79861.3,,,F,1,A,6,USD
OECD.SDD.NAD:DSD_NAMAIN1@DF_QNA(1.1),Q,Y,USA,S1,S1,P7,_Z,_Z,_Z,XDC,V,N,T0102,1981-Q3,77475,,,F,1,A,6,USD
OECD.SDD.NAD:DSD_NAMAIN1@DF_QNA(1.1),Q,Y,USA,S1,S1,P7,_Z,_Z,_Z,XDC,V,N,T0102,1981-Q2,80490.8,,,F,1,A,6,USD
OECD.SDD.NAD:DSD_NAMAIN1@DF_QNA(1.1),Q,Y,USA,S1,S1,P7,_Z,_Z,_Z,XDC,V,N,T0102,1981-Q1,79931.5,,,F,1,A,6,USD
OECD.SDD.NAD:DSD_NAMAIN1@DF_QNA(1.1),Q,Y,USA,S1,S1,P7,_Z,_Z,_Z,XDC,V,N,T0102,1980-Q4,74800,,,F,1,A,6,USD
OECD.SDD.NAD:DSD_NAMAIN1@DF_QNA(1.1),Q,Y,USA,S1,S1,P7,_Z,_Z,_Z,XDC,V,N,T0102,1980-Q3,69800.5,,,F,1,A,6,USD
OECD.SDD.NAD:DSD_NAMAIN1@DF_QNA(1.1),Q,Y,USA,S1,S1,B1GQ,_Z,_Z,_Z,XDC,V,N,T0102,1955-Q2,105383,,,F,1,A,6,USD
OECD.SDD.NAD:DSD_NAMAIN1@DF_QNA(1.1),Q,Y,USA,S1,S1,B1GQ,_Z,_Z,_Z,XDC,V,N,T0102,1955-Q3,107555.3,,,F,1,A,6,USD
OECD.SDD.NAD:DSD_NAMAIN1@DF_QNA(1.1),Q,Y,USA,S1,S1,B1GQ,_Z,_Z,_Z,XDC,V,N,T0102,1955-Q4,109273,,,F,1,A,6,USD
OECD.SDD.NAD:DSD_NAMAIN1@DF_QNA(1.1),Q,Y,USA,S1,S1,B1GQ,_Z,_Z,_Z,XDC,V,N,T0102,1956-Q1,109936.5,,,F,1,A,6,USD
OECD.SDD.NAD:DSD_NAMAIN1@DF_QNA(1.1),Q,Y,USA,S1,S1,B1GQ,_Z,_Z,_Z,XDC,V,N,T0102,1956-Q2,111502.5,,,F,1,A,6,USD
OECD.SDD.NAD:DSD_NAMAIN1@DF_QNA(1.1),Q,Y,USA,S1,S1,B1GQ,_Z,_Z,_Z,XDC,V,N,T0102,1956-Q3,112797.8,,,F,1,A,6,USD
OECD.SDD.NAD:DSD_NAMAIN1@DF_QNA(1.1),Q,Y,USA,S1,S1,B1GQ,_Z,_Z,_Z,XDC,V,N,T0102,1956-Q4,115115.8,,,F,1,A,6,USD
OECD.SDD.NAD:DSD_NAMAIN1@DF_QNA(1.1),Q,Y,USA,S1,S1,B1GQ,_Z,_Z,_Z,XDC,V,N,T0102,2023-Q3,7018711.5,,,F,1,A,6,USD
OECD.SDD.NAD:DSD_NAMAIN1@DF_QNA(1.1),Q,Y,USA,S1,S1,B1GQ,_Z,_Z,_Z,XDC,V,N,T0102,2023-Q4,7106180.5,,,F,1,A,6,USD
OECD.SDD.NAD:DSD_NAMAIN1@DF_QNA(1.1),Q,Y,USA,S1,S1,B1GQ,_Z,_Z,_Z,XDC,V,N,T0102,2008-Q2,3716425.3,,,F,1,A,6,USD
OECD.SDD.NAD:DSD_NAMAIN1@DF_QNA(1.1),Q,Y,USA,S1,S1,B1GQ,_Z,_Z,_Z,XDC,V,N,T0102,2009-Q3,3612220.5,,,F,1,A,6,USD
OECD.SDD.NAD:DSD_NAMAIN1@DF_QNA(1.1),Q,Y,USA,S1,S1,B1GQ,_Z,_Z,_Z,XDC,V,N,T0102,2009-Q4,3662812.3,,,F,1,A,6,USD
OECD.SDD.NAD:DSD_NAMAIN1@DF_QNA(1.1),Q,Y,USA,S1,S1,B1GQ,_Z,_Z,_Z,XDC,V,N,T0102,2010-Q4,3827368.5,,,F,1,A,6,USD
OECD.SDD.NAD:DSD_NAMAIN1@DF_QNA(1.1),Q,Y,USA,S1,S1,B1GQ,_Z,_Z,_Z,XDC,V,N,T0102,2011-Q4,3960564.8,,,F,1,A,6,USD
OECD.SDD.NAD:DSD_NAMAIN1@DF_QNA(1.1),Q,Y,USA,S1,S1,B1GQ,_Z,_Z,_Z,XDC,V,N,T0102,2012-Q1,4017201.3,,,F,1,A,6,USD
OECD.SDD.NAD:DSD_NAMAIN1@DF_QNA(1.1),Q,Y,USA,S1,S1,B1GQ,_Z,_Z,_Z,XDC,V,N,T0102,2014-Q4,4478019.8,,,F,1,A,6,USD
OECD.SDD.NAD:DSD_NAMAIN1@DF_QNA(1.1),Q,Y,USA,S1,S1,B1GQ,_Z,_Z,_Z,XDC,V,N,T0102,2015-Q1,4515882.3,,,F,1,A,6,USD
OECD.SDD.NAD:DSD_NAMAIN1@DF_QNA(1.1),Q,Y,USA,S1,S1,B1GQ,_Z,_Z,_Z,XDC,V,N,T0102,2016-Q2,4677925.5,,,F,1,A,6,USD
OECD.SDD.NAD:DSD_NAMAIN1@DF_QNA(1.1),Q,Y,USA,S1,S1,B1GQ,_Z,_Z,_Z,XDC,V,N,T0102,2020-Q4,5521790,,,F,1,A,6,USD
OECD.SDD.NAD:DSD_NAMAIN1@DF_QNA(1.1),Q,Y,USA,S1,S1,B1GQ,_Z,_Z,_Z,XDC,V,N,T0102,2021-Q1,5670173.3,,,F,1,A,6,USD
OECD.SDD.NAD:DSD_NAMAIN1@DF_QNA(1.1),Q,Y,USA,S1,S1,B1GQ,_Z,_Z,_Z,XDC,V,N,T0102,2021-Q2,5856477.5,,,F,1,A,6,USD
OECD.SDD.NAD:DSD_NAMAIN1@DF_QNA(1.1),Q,Y,USA,S1,S1,B1GQ,_Z,_Z,_Z,XDC,V,N,T0102,2021-Q3,5995594.8,,,F,1,A,6,USD
OECD.SDD.NAD:DSD_NAMAIN1@DF_QNA(1.1),Q,Y,USA,S1,S1,B1GQ,_Z,_Z,_Z,XDC,V,N,T0102,1962-Q2,150091.5,,,F,1,A,6,USD
OECD.SDD.NAD:DSD_NAMAIN1@DF_QNA(1.1),Q,Y,USA,S1,S1,B1GQ,_Z,_Z,_Z,XDC,V,N,T0102,1962-Q3,152256.8,,,F,1,A,6,USD
OECD.SDD.NAD:DSD_NAMAIN1@DF_QNA(1.1),Q,Y,USA,S1,S1,B1GQ,_Z,_Z,_Z,XDC,V,N,T0102,1962-Q4,153070,,,F,1,A,6,USD
OECD.SDD.NAD:DSD_NAMAIN1@DF_QNA(1.1),Q,Y,USA,S1,S1,B1GQ,_Z,_Z,_Z,XDC,V,N,T0102,1963-Q1,155418,,,F,1,A,6,USD
OECD.SDD.NAD:DSD_NAMAIN1@DF_QNA(1.1),Q,Y,USA,S1,S1,B1GQ,_Z,_Z,_Z,XDC,V,N,T0102,1963-Q2,157438,,,F,1,A,6,USD
OECD.SDD.NAD:DSD_NAMAIN1@DF_QNA(1.1),Q,Y,USA,S1,S1,B1GQ,_Z,_Z,_Z,XDC,V,N,T0102,1963-Q3,161111,,,F,1,A,6,USD
OECD.SDD.NAD:DSD_NAMAIN1@DF_QNA(1.1),Q,Y,USA,S1,S1,B1GQ,_Z,_Z,_Z,XDC,V,N,T0102,1963-Q4,163484.5,,,F,1,A,6,USD
OECD.SDD.NAD:DSD_NAMAIN1@DF_QNA(1.1),Q,Y,USA,S1,S1,B1GQ,_Z,_Z,_Z,XDC,V,N,T0102,1964-Q1,167455.5,,,F,1,A,6,USD
OECD.SDD.NAD:DSD_NAMAIN1@DF_QNA(1.1),Q,Y,USA,S1,S1,B1GQ,_Z,_Z,_Z,XDC,V,N,T0102,1964-Q2,169668.5,,,F,1,A,6,USD
OECD.SDD.NAD:DSD_NAMAIN1@DF_QNA(1.1),Q,Y,USA,S1,S1,B1GQ,_Z,_Z,_Z,XDC,V,N,T0102,1964-Q3,173007.8,,,F,1,A,6,USD
OECD.SDD.NAD:DSD_NAMAIN1@DF_QNA(1.1),Q,Y,USA,S1,S1,B1GQ,_Z,_Z,_Z,XDC,V,N,T0102,1964-Q4,174329.8,,,F,1,A,6,USD
OECD.SDD.NAD:DSD_NAMAIN1@DF_QNA(1.1),Q,Y,USA,S1,S1,B1GQ,_Z,_Z,_Z,XDC,V,N,T0102,1965-Q1,179447.5,,,F,1,A,6,USD
OECD.SDD.NAD:DSD_NAMAIN1@DF_QNA(1.1),Q,Y,USA,S1,S1,B1GQ,_Z,_Z,_Z,XDC,V,N,T0102,1965-Q2,182547.8,,,F,1,A,6,USD
OECD.SDD.NAD:DSD_NAMAIN1@DF_QNA(1.1),Q,Y,USA,S1,S1,B1GQ,_Z,_Z,_Z,XDC,V,N,T0102,1965-Q3,187330.8,,,F,1,A,6,USD
OECD.SDD.NAD:DSD_NAMAIN1@DF_QNA(1.1),Q,Y,USA,S1,S1,B1GQ,_Z,_Z,_Z,XDC,V,N,T0102,1965-Q4,192964.3,,,F,1,A,6,USD
OECD.SDD.NAD:DSD_NAMAIN1@DF_QNA(1.1),Q,Y,USA,S1,S1,B1GQ,_Z,_Z,_Z,XDC,V,N,T0102,1966-Q1,198933.5,,,F,1,A,6,USD
OECD.SDD.NAD:DSD_NAMAIN1@DF_QNA(1.1),Q,Y,USA,S1,S1,B1GQ,_Z,_Z,_Z,XDC,V,N,T0102,1966-Q2,201245.3,,,F,1,A,6,USD
OECD.SDD.NAD:DSD_NAMAIN1@DF_QNA(1.1),Q,Y,USA,S1,S1,B1GQ,_Z,_Z,_Z,XDC,V,N,T0102,1966-Q3,204909.5,,,F,1,A,6,USD
OECD.SDD.NAD:DSD_NAMAIN1@DF_QNA(1.1),Q,Y,USA,S1,S1,B1GQ,_Z,_Z,_Z,XDC,V,N,T0102,2001-Q4,2665116.3,,,F,1,A,6,USD
OECD.SDD.NAD:DSD_NAMAIN1@DF_QNA(1.1),Q,Y,USA,S1,S1,B1GQ,_Z,_Z,_Z,XDC,V,N,T0102,2002-Q1,2695875,,,F,1,A,6,USD
OECD.SDD.NAD:DSD_NAMAIN1@DF_QNA(1.1),Q,Y,USA,S1,S1,B1GQ,_Z,_Z,_Z,XDC,V,N,T0102,2003-Q1,2793532.3,,,F,1,A,6,USD
OECD.SDD.NAD:DSD_NAMAIN1@DF_QNA(1.1),Q,Y,USA,S1,S1,P7,_Z,_Z,_Z,XDC,V,N,T0102,1967-Q3,9885.8,,,F,1,A,6,USD
OECD.SDD.NAD:DSD_NAMAIN1@DF_QNA(1.1),Q,Y,USA,S1,S1,P7,_Z,_Z,_Z,XDC,V,N,T0102,1967-Q2,9755,,,F,1,A,6,USD
OECD.SDD.NAD:DSD_NAMAIN1@DF_QNA(1.1),Q,Y,USA,S1,S1,P7,_Z,_Z,_Z,XDC,V,N,T0102,1967-Q1,9858,,,F,1,A,6,USD
OECD.SDD.NAD:DSD_NAMAIN1@DF_QNA(1.1),Q,Y,USA,S1,S1,P7,_Z,_Z,_Z,XDC,V,N,T0102,1966-Q4,9707.3,,,F,1,A,6,USD
OECD.SDD.NAD:DSD_NAMAIN1@DF_QNA(1.1),Q,Y,USA,S1,S1,P7,_Z,_Z,_Z,XDC,V,N,T0102,1966-Q3,9542.8,,,F,1,A,6,USD
OECD.SDD.NAD:DSD_NAMAIN1@DF_QNA(1.1),Q,Y,USA,S1,S1,B1GQ,_Z,_Z,_Z,XDC,V,N,T0102,2007-Q2,3600520.5,,,F,1,A,6,USD
OECD.SDD.NAD:DSD_NAMAIN1@DF_QNA(1.1),Q,Y,USA,S1,S1,B1GQ,_Z,_Z,_Z,XDC,V,N,T0102,2007-Q3,3641029.3,,,F,1,A,6,USD
OECD.SDD.NAD:DSD_NAMAIN1@DF_QNA(1.1),Q,Y,USA,S1,S1,B1GQ,_Z,_Z,_Z,XDC,V,N,T0102,2008-Q4,3652052.3,,,F,1,A,6,USD
OECD.SDD.NAD:DSD_NAMAIN1@DF_QNA(1.1),Q,Y,USA,S1,S1,B1GQ,_Z,_Z,_Z,XDC,V,N,T0102,2014-Q3,4451057,,,F,1,A,6,USD
OECD.SDD.NAD:DSD_NAMAIN1@DF_QNA(1.1),Q,Y,USA,S1,S1,B1GQ,_Z,_Z,_Z,XDC,V,N,T0102,2016-Q1,4631483.3,,,F,1,A,6,USD
OECD.SDD.NAD:DSD_NAMAIN1@DF_QNA(1.1),Q,Y,USA,S1,S1,B1GQ,_Z,_Z,_Z,XDC,V,N,T0102,2017-Q3,4923148.8,,,F,1,A,6,USD
OECD.SDD.NAD:DSD_NAMAIN1@DF_QNA(1.1),Q,Y,USA,S1,S1,B1GQ,_Z,_Z,_Z,XDC,V,N,T0102,2018-Q3,5199682.5,,,F,1,A,6,USD
OECD.SDD.NAD:DSD_NAMAIN1@DF_QNA(1.1),Q,Y,USA,S1,S1,B1GQ,_Z,_Z,_Z,XDC,V,N,T0102,2018-Q4,5229466.8,,,F,1,A,6,USD
OECD.SDD.NAD:DSD_NAMAIN1@DF_QNA(1.1),Q,Y,USA,S1,S1,B1GQ,_Z,_Z,_Z,XDC,V,N,T0102,2019-Q2,5349484.5,,,F,1,A,6,USD
OECD.SDD.NAD:DSD_NAMAIN1@DF_QNA(1.1),Q,Y,USA,S1,S1,B1GQ,_Z,_Z,_Z,XDC,V,N,T0102,2019-Q3,5429292.8,,,F,1,A,6,USD
OECD.SDD.NAD:DSD_NAMAIN1@DF_QNA(1.1),Q,Y,USA,S1,S1,B1GQ,_Z,_Z,_Z,XDC,V,N,T0102,2001-Q3,2649505,,,F,1,A,6,USD
OECD.SDD.NAD:DSD_NAMAIN1@DF_QNA(1.1),Q,Y,USA,S1,S1,B1GQ,_Z,_Z,_Z,XDC,V,N,T0102,2009-Q1,3607725.5,,,F,1,A,6,USD
OECD.SDD.NAD:DSD_NAMAIN1@DF_QNA(1.1),Q,Y,USA,S1,S1,B1GQ,_Z,_Z,_Z,XDC,V,N,T0102,2010-Q1,3691152.5,,,F,1,A,6,USD
OECD.SDD.NAD:DSD_NAMAIN1@DF_QNA(1.1),Q,Y,USA,S1,S1,B1GQ,_Z,_Z,_Z,XDC,V,N,T0102,2011-Q1,3837862,,,F,1,A,6,USD
OECD.SDD.NAD:DSD_NAMAIN1@DF_QNA(1.1),Q,Y,USA,S1,S1,B1GQ,_Z,_Z,_Z,XDC,V,N,T0102,2011-Q2,3889384.8,,,F,1,A,6,USD
OECD.SDD.NAD:DSD_NAMAIN1@DF_QNA(1.1),Q,Y,USA,S1,S1,B1GQ,_Z,_Z,_Z,XDC,V,N,T0102,2013-Q2,4182171.8,,,F,1,A,6,USD
OECD.SDD.NAD:DSD_NAMAIN1@DF_QNA(1.1),Q,Y,USA,S1,S1,B1GQ,_Z,_Z,_Z,XDC,V,N,T0102,2013-Q3,4238459.5,,,F,1,A,6,USD
OECD.SDD.NAD:DSD_NAMAIN1@DF_QNA(1.1),Q,Y,USA,S1,S1,B1GQ,_Z,_Z,_Z,XDC,V,N,T0102,2002-Q3,2746010,,,F,1,A,6,USD
OECD.SDD.NAD:DSD_NAMAIN1@DF_QNA(1.1),Q,Y,USA,S1,S1,B1GQ,_Z,_Z,_Z,XDC,V,N,T0102,2002-Q4,2765358.3,,,F,1,A,6,USD
OECD.SDD.NAD:DSD_NAMAIN1@DF_QNA(1.1),Q,Y,USA,S1,S1,B1GQ,_Z,_Z,_Z,XDC,V,N,T0102,2003-Q3,2891667.3,,,F,1,A,6,USD
OECD.SDD.NAD:DSD_NAMAIN1@DF_QNA(1.1),Q,Y,USA,S1,S1,B1GQ,_Z,_Z,_Z,XDC,V,N,T0102,2005-Q4,3331051,,,F,1,A,6,USD
OECD.SDD.NAD:DSD_NAMAIN1@DF_QNA(1.1),Q,Y,USA,S1,S1,B1GQ,_Z,_Z,_Z,XDC,V,N,T0102,1998-Q2,2242424.8,,,F,1,A,6,USD
OECD.SDD.NAD:DSD_NAMAIN1@DF_QNA(1.1),Q,Y,USA,S1,S1,B1GQ,_Z,_Z,_Z,XDC,V,N,T0102,1999-Q2,2381552.5,,,F,1,A,6,USD
OECD.SDD.NAD:DSD_NAMAIN1@DF_QNA(1.1),Q,Y,USA,S1,S1,B1GQ,_Z,_Z,_Z,XDC,V,N,T0102,1999-Q3,2421656.5,,,F,1,A,6,USD
OECD.SDD.NAD:DSD_NAMAIN1@DF_QNA(1.1),Q,Y,USA,S1,S1,B1GQ,_Z,_Z,_Z,XDC,V,N,T0102,2000-Q2,2561930,,,F,1,A,6,USD
OECD.SDD.NAD:DSD_NAMAIN1@DF_QNA(1.1),Q,Y,USA,S1,S1,B1GQ,_Z,_Z,_Z,XDC,V,N,T0102,1948-Q4,70091.5,,,F,1,A,6,USD
OECD.SDD.NAD:DSD_NAMAIN1@DF_QNA(1.1),Q,Y,USA,S1,S1,B1GQ,_Z,_Z,_Z,XDC,V,N,T0102,1949-Q1,68758.5,,,F,1,A,6,USD
OECD.SDD.NAD:DSD_NAMAIN1@DF_QNA(1.1),Q,Y,USA,S1,S1,B1GQ,_Z,_Z,_Z,XDC,V,N,T0102,1949-Q2,67837.8,,,F,1,A,6,USD
OECD.SDD.NAD:DSD_NAMAIN1@DF_QNA(1.1),Q,Y,USA,S1,S1,B1GQ,_Z,_Z,_Z,XDC,V,N,T0102,1949-Q3,68222.3,,,F,1,A,6,USD
OECD.SDD.NAD:DSD_NAMAIN1@DF_QNA(1.1),Q,Y,USA,S1,S1,B1GQ,_Z,_Z,_Z,XDC,V,N,T0102,1949-Q4,67656.8,,,F,1,A,6,USD
OECD.SDD.NAD:DSD_NAMAIN1@DF_QNA(1.1),Q,Y,USA,S1,S1,B1GQ,_Z,_Z,_Z,XDC,V,N,T0102,1950-Q1,70207,,,F,1,A,6,USD
OECD.SDD.NAD:DSD_NAMAIN1@DF_QNA(1.1),Q,Y,USA,S1,S1,B1GQ,_Z,_Z,_Z,XDC,V,N,T0102,1950-Q2,72595.8,,,F,1,A,6,USD
OECD.SDD.NAD:DSD_NAMAIN1@DF_QNA(1.1),Q,Y,USA,S1,S1,B1GQ,_Z,_Z,_Z,XDC,V,N,T0102,1950-Q3,77038.3,,,F,1,A,6,USD
OECD.SDD.NAD:DSD_NAMAIN1@DF_QNA(1.1),Q,Y,USA,S1,S1,B1GQ,_Z,_Z,_Z,XDC,V,N,T0102,1950-Q4,79986.3,,,F,1,A,6,USD
OECD.SDD.NAD:DSD_NAMAIN1@DF_QNA(1.1),Q,Y,USA,S1,S1,B1GQ,_Z,_Z,_Z,XDC,V,N,T0102,1951-Q1,84000,,,F,1,A,6,USD
OECD.SDD.NAD:DSD_NAMAIN1@DF_QNA(1.1),Q,Y,USA,S1,S1,B1GQ,_Z,_Z,_Z,XDC,V,N,T0102,2001-Q2,2649750,,,F,1,A,6,USD
OECD.SDD.NAD:DSD_NAMAIN1@DF_QNA(1.1),Q,Y,USA,S1,S1,B1GQ,_Z,_Z,_Z,XDC,V,N,T0102,2004-Q2,3028203.8,,,F,1,A,6,USD
OECD.SDD.NAD:DSD_NAMAIN1@DF_QNA(1.1),Q,Y,USA,S1,S1,B1GQ,_Z,_Z,_Z,XDC,V,N,T0102,2004-Q3,3076326.8,,,F,1,A,6,USD
OECD.SDD.NAD:DSD_NAMAIN1@DF_QNA(1.1),Q,Y,USA,S1,S1,B1GQ,_Z,_Z,_Z,XDC,V,N,T0102,2004-Q4,3131803.5,,,F,1,A,6,USD
OECD.SDD.NAD:DSD_NAMAIN1@DF_QNA(1.1),Q,Y,USA,S1,S1,B1GQ,_Z,_Z,_Z,XDC,V,N,T0102,1953-Q4,96492.5,,,F,1,A,6,USD
OECD.SDD.NAD:DSD_NAMAIN1@DF_QNA(1.1),Q,Y,USA,S1,S1,B1GQ,_Z,_Z,_Z,XDC,V,N,T0102,1954-Q1,96336.3,,,F,1,A,6,USD
OECD.SDD.NAD:DSD_NAMAIN1@DF_QNA(1.1),Q,Y,USA,S1,S1,B1GQ,_Z,_Z,_Z,XDC,V,N,T0102,1954-Q2,96530.3,,,F,1,A,6,USD
OECD.SDD.NAD:DSD_NAMAIN1@DF_QNA(1.1),Q,Y,USA,S1,S1,B1GQ,_Z,_Z,_Z,XDC,V,N,T0102,1977-Q1,497162,,,F,1,A,6,USD
OECD.SDD.NAD:DSD_NAMAIN1@DF_QNA(1.1),Q,Y,USA,S1,S1,B1GQ,_Z,_Z,_Z,XDC,V,N,T0102,1977-Q2,513977.3,,,F,1,A,6,USD
OECD.SDD.NAD:DSD_NAMAIN1@DF_QNA(1.1),Q,Y,USA,S1,S1,B1GQ,_Z,_Z,_Z,XDC,V,N,T0102,1977-Q3,529618.3,,,F,1,A,6,USD
OECD.SDD.NAD:DSD_NAMAIN1@DF_QNA(1.1),Q,Y,USA,S1,S1,B1GQ,_Z,_Z,_Z,XDC,V,N,T0102,1977-Q4,541067.5,,,F,1,A,6,USD
OECD.SDD.NAD:DSD_NAMAIN1@DF_QNA(1.1),Q,Y,USA,S1,S1,B1GQ,_Z,_Z,_Z,XDC,V,N,T0102,1978-Q1,550690,,,F,1,A,6,USD
OECD.SDD.NAD:DSD_NAMAIN1@DF_QNA(1.1),Q,Y,USA,S1,S1,B1GQ,_Z,_Z,_Z,XDC,V,N,T0102,1978-Q2,582908.3,,,F,1,A,6,USD
OECD.SDD.NAD:DSD_NAMAIN1@DF_QNA(1.1),Q,Y,USA,S1,S1,B1GQ,_Z,_Z,_Z,XDC,V,N,T0102,1978-Q3,598763.3,,,F,1,A,6,USD
OECD.SDD.NAD:DSD_NAMAIN1@DF_QNA(1.1),Q,Y,USA,S1,S1,B1GQ,_Z,_Z,_Z,XDC,V,N,T0102,1978-Q4,619237.3,,,F,1,A,6,USD
OECD.SDD.NAD:DSD_NAMAIN1@DF_QNA(1.1),Q,Y,USA,S1,S1,B1GQ,_Z,_Z,_Z,XDC,V,N,T0102,1979-Q1,631652.5,,,F,1,A,6,USD
OECD.SDD.NAD:DSD_NAMAIN1@DF_QNA(1.1),Q,Y,USA,S1,S1,B1GQ,_Z,_Z,_Z,XDC,V,N,T0102,1979-Q2,647811.8,,,F,1,A,6,USD
OECD.SDD.NAD:DSD_NAMAIN1@DF_QNA(1.1),Q,Y,USA,S1,S1,B1GQ,_Z,_Z,_Z,XDC,V,N,T0102,1979-Q3,666891.3,,,F,1,A,6,USD
OECD.SDD.NAD:DSD_NAMAIN1@DF_QNA(1.1),Q,Y,USA,S1,S1,B1GQ,_Z,_Z,_Z,XDC,V,N,T0102,1979-Q4,680970.8,,,F,1,A,6,USD
OECD.SDD.NAD:DSD_NAMAIN1@DF_QNA(1.1),Q,Y,USA,S1,S1,B1GQ,_Z,_Z,_Z,XDC,V,N,T0102,1980-Q1,697460.5,,,F,1,A,6,USD
OECD.SDD.NAD:DSD_NAMAIN1@DF_QNA(1.1),Q,Y,USA,S1,S1,B1GQ,_Z,_Z,_Z,XDC,V,N,T0102,1980-Q2,699338,,,F,1,A,6,USD
OECD.SDD.NAD:DSD_NAMAIN1@DF_QNA(1.1),Q,Y,USA,S1,S1,B1GQ,_Z,_Z,_Z,XDC,V,N,T0102,1980-Q3,714120.8,,,F,1,A,6,USD
OECD.SDD.NAD:DSD_NAMAIN1@DF_QNA(1.1),Q,Y,USA,S1,S1,P6,_Z,_Z,_Z,XDC,V,N,T0102,2019-Q2,636862,,,F,1,A,6,USD
OECD.SDD.NAD:DSD_NAMAIN1@DF_QNA(1.1),Q,Y,USA,S1,S1,P6,_Z,_Z,_Z,XDC,V,N,T0102,2019-Q3,633101.3,,,F,1,A,6,USD
OECD.SDD.NAD:DSD_NAMAIN1@DF_QNA(1.1),Q,Y,USA,S1,S1,P6,_Z,_Z,_Z,XDC,V,N,T0102,1998-Q2,236823.8,,,F,1,A,6,USD
OECD.SDD.NAD:DSD_NAMAIN1@DF_QNA(1.1),Q,Y,USA,S1,S1,P6,_Z,_Z,_Z,XDC,V,N,T0102,1999-Q2,243649.3,,,F,1,A,6,USD
OECD.SDD.NAD:DSD_NAMAIN1@DF_QNA(1.1),Q,Y,USA,S1,S1,P6,_Z,_Z,_Z,XDC,V,N,T0102,1999-Q3,251327.3,,,F,1,A,6,USD
OECD.SDD.NAD:DSD_NAMAIN1@DF_QNA(1.1),Q,Y,USA,S1,S1,P6,_Z,_Z,_Z,XDC,V,N,T0102,2000-Q2,273340,,,F,1,A,6,USD
OECD.SDD.NAD:DSD_NAMAIN1@DF_QNA(1.1),Q,Y,USA,S1,S1,P6,_Z,_Z,_Z,XDC,V,N,T0102,2001-Q3,249725.5,,,F,1,A,6,USD
OECD.SDD.NAD:DSD_NAMAIN1@DF_QNA(1.1),Q,Y,USA,S1,S1,P6,_Z,_Z,_Z,XDC,V,N,T0102,2003-Q3,259327.5,,,F,1,A,6,USD
OECD.SDD.NAD:DSD_NAMAIN1@DF_QNA(1.1),Q,Y,USA,S1,S1,P6,_Z,_Z,_Z,XDC,V,N,T0102,2005-Q4,337685.8,,,F,1,A,6,USD
OECD.SDD.NAD:DSD_NAMAIN1@DF_QNA(1.1),Q,Y,USA,S1,S1,P6,_Z,_Z,_Z,XDC,V,N,T0102,2007-Q2,405691,,,F,1,A,6,USD
OECD.SDD.NAD:DSD_NAMAIN1@DF_QNA(1.1),Q,Y,USA,S1,S1,P6,_Z,_Z,_Z,XDC,V,N,T0102,2013-Q2,565350.8,,,F,1,A,6,USD
OECD.SDD.NAD:DSD_NAMAIN1@DF_QNA(1.1),Q,Y,USA,S1,S1,P6,_Z,_Z,_Z,XDC,V,N,T0102,2013-Q3,571279,,,F,1,A,6,USD
OECD.SDD.NAD:DSD_NAMAIN1@DF_QNA(1.1),Q,Y,USA,S1,S1,P6,_Z,_Z,_Z,XDC,V,N,T0102,2011-Q2,529033,,,F,1,A,6,USD
OECD.SDD.NAD:DSD_NAMAIN1@DF_QNA(1.1),Q,Y,USA,S1,S1,P6,_Z,_Z,_Z,XDC,V,N,T0102,2009-Q4,425877,,,F,1,A,6,USD
OECD.SDD.NAD:DSD_NAMAIN1@DF_QNA(1.1),Q,Y,USA,S1,S1,P6,_Z,_Z,_Z,XDC,V,N,T0102,2016-Q2,555484,,,F,1,A,6,USD
OECD.SDD.NAD:DSD_NAMAIN1@DF_QNA(1.1),Q,Y,USA,S1,S1,B1GQ,_Z,_Z,_Z,XDC,V,N,T0102,1986-Q1,1126973.5,,,F,1,A,6,USD
OECD.SDD.NAD:DSD_NAMAIN1@DF_QNA(1.1),Q,Y,USA,S1,S1,B1GQ,_Z,_Z,_Z,XDC,V,N,T0102,1986-Q2,1136335,,,F,1,A,6,USD
OECD.SDD.NAD:DSD_NAMAIN1@DF_QNA(1.1),Q,Y,USA,S1,S1,P7,_Z,_Z,_Z,XDC,V,N,T0102,1972-Q2,17852.3,,,F,1,A,6,USD
OECD.SDD.NAD:DSD_NAMAIN1@DF_QNA(1.1),Q,Y,USA,S1,S1,P7,_Z,_Z,_Z,XDC,V,N,T0102,1972-Q1,18043.3,,,F,1,A,6,USD
OECD.SDD.NAD:DSD_NAMAIN1@DF_QNA(1.1),Q,Y,USA,S1,S1,P7,_Z,_Z,_Z,XDC,V,N,T0102,1971-Q4,15484.8,,,F,1,A,6,USD
OECD.SDD.NAD:DSD_NAMAIN1@DF_QNA(1.1),Q,Y,USA,S1,S1,P7,_Z,_Z,_Z,XDC,V,N,T0102,1971-Q3,16370.5,,,F,1,A,6,USD
OECD.SDD.NAD:DSD_NAMAIN1@DF_QNA(1.1),Q,Y,USA,S1,S1,P7,_Z,_Z,_Z,XDC,V,N,T0102,1971-Q2,15824,,,F,1,A,6,USD
OECD.SDD.NAD:DSD_NAMAIN1@DF_QNA(1.1),Q,Y,USA,S1,S1,P7,_Z,_Z,_Z,XDC,V,N,T0102,1971-Q1,14662.8,,,F,1,A,6,USD
OECD.SDD.NAD:DSD_NAMAIN1@DF_QNA(1.1),Q,Y,USA,S1,S1,P7,_Z,_Z,_Z,XDC,V,N,T0102,1970-Q4,14472,,,F,1,A,6,USD
OECD.SDD.NAD:DSD_NAMAIN1@DF_QNA(1.1),Q,Y,USA,S1,S1,P7,_Z,_Z,_Z,XDC,V,N,T0102,1970-Q3,14107.8,,,F,1,A,6,USD
OECD.SDD.NAD:DSD_NAMAIN1@DF_QNA(1.1),Q,Y,USA,S1,S1,P7,_Z,_Z,_Z,XDC,V,N,T0102,1989-Q3,146106.8,,,F,1,A,6,USD
OECD.SDD.NAD:DSD_NAMAIN1@DF_QNA(1.1),Q,Y,USA,S1,S1,B1GQ,_Z,_Z,_Z,XDC,V,N,T0102,1948-Q3,69799,,,F,1,A,6,USD
OECD.SDD.NAD:DSD_NAMAIN1@DF_QNA(1.1),Q,Y,USA,S1,S1,B1GQ,_Z,_Z,_Z,XDC,V,N,T0102,1989-Q2,1403115.8,,,F,1,A,6,USD
OECD.SDD.NAD:DSD_NAMAIN1@DF_QNA(1.1),Q,Y,USA,S1,S1,B1GQ,_Z,_Z,_Z,XDC,V,N,T0102,1989-Q3,1423841.3,,,F,1,A,6,USD
OECD.SDD.NAD:DSD_NAMAIN1@DF_QNA(1.1),Q,Y,USA,S1,S1,B1GQ,_Z,_Z,_Z,XDC,V,N,T0102,1989-Q4,1436809.3,,,F,1,A,6,USD
OECD.SDD.NAD:DSD_NAMAIN1@DF_QNA(1.1),Q,Y,USA,S1,S1,B1GQ,_Z,_Z,_Z,XDC,V,N,T0102,2010-Q3,3785401.8,,,F,1,A,6,USD
OECD.SDD.NAD:DSD_NAMAIN1@DF_QNA(1.1),Q,Y,USA,S1,S1,B1GQ,_Z,_Z,_Z,XDC,V,N,T0102,2013-Q1,4162047.3,,,F,1,A,6,USD
OECD.SDD.NAD:DSD_NAMAIN1@DF_QNA(1.1),Q,Y,USA,S1,S1,B1GQ,_Z,_Z,_Z,XDC,V,N,T0102,2014-Q1,4299434.5,,,F,1,A,6,USD
OECD.SDD.NAD:DSD_NAMAIN1@DF_QNA(1.1),Q,Y,USA,S1,S1,B1GQ,_Z,_Z,_Z,XDC,V,N,T0102,2014-Q2,4379627,,,F,1,A,6,USD
OECD.SDD.NAD:DSD_NAMAIN1@DF_QNA(1.1),Q,Y,USA,S1,S1,B1GQ,_Z,_Z,_Z,XDC,V,N,T0102,2015-Q3,4600406.5,,,F,1,A,6,USD
OECD.SDD.NAD:DSD_NAMAIN1@DF_QNA(1.1),Q,Y,USA,S1,S1,B1GQ,_Z,_Z,_Z,XDC,V,N,T0102,2015-Q4,4608784.3,,,F,1,A,6,USD
OECD.SDD.NAD:DSD_NAMAIN1@DF_QNA(1.1),Q,Y,USA,S1,S1,B1GQ,_Z,_Z,_Z,XDC,V,N,T0102,2016-Q4,4772344.8,,,F,1,A,6,USD
OECD.SDD.NAD:DSD_NAMAIN1@DF_QNA(1.1),Q,Y,USA,S1,S1,B1GQ,_Z,_Z,_Z,XDC,V,N,T0102,2018-Q2,5145228,,,F,1,A,6,USD
OECD.SDD.NAD:DSD_NAMAIN1@DF_QNA(1.1),Q,Y,USA,S1,S1,B1GQ,_Z,_Z,_Z,XDC,V,N,T0102,2024-Q1,7177040.3,,,F,1,A,6,USD
OECD.SDD.NAD:DSD_NAMAIN1@DF_QNA(1.1),Q,Y,USA,S1,S1,B1GQ,_Z,_Z,_Z,XDC,V,N,T0102,2024-Q2,7286761,,,F,1,A,6,USD
OECD.SDD.NAD:DSD_NAMAIN1@DF_QNA(1.1),Q,Y,USA,S1,S1,B1GQ,_Z,_Z,_Z,XDC,V,N,T0102,2024-Q3,7377916,,,F,1,A,6,USD
OECD.SDD.NAD:DSD_NAMAIN1@DF_QNA(1.1),Q,Y,USA,S1,S1,B1GQ,_Z,_Z,_Z,XDC,V,N,T0102,2024-Q4,7456295.5,,,F,1,A,6,USD
OECD.SDD.NAD:DSD_NAMAIN1@DF_QNA(1.1),Q,Y,USA,S1,S1,B1GQ,_Z,_Z,_Z,XDC,V,N,T0102,2025-Q1,7510528.3,,,F,1,A,6,USD
OECD.SDD.NAD:DSD_NAMAIN1@DF_QNA(1.1),Q,Y,USA,S1,S1,B1GQ,_Z,_Z,_Z,XDC,V,N,T0102,2025-Q2,7621432.3,,,F,1,A,6,USD
OECD.SDD.NAD:DSD_NAMAIN1@DF_QNA(1.1),Q,Y,USA,S1,S1,B1GQ,_Z,_Z,_Z,XDC,V,N,T0102,2025-Q3,7774506.8,,,F,1,A,6,USD
OECD.SDD.NAD:DSD_NAMAIN1@DF_QNA(1.1),Q,Y,USA,S1,S1,B1GQ,_Z,_Z,_Z,XDC,V,N,T0102,2025-Q4,7855631.5,,,F,1,A,6,USD
OECD.SDD.NAD:DSD_NAMAIN1@DF_QNA(1.1),Q,Y,USA,S1,S1,B1GQ,_Z,_Z,_Z,XDC,V,N,T0102,2026-Q2,8121516.5,,,F,1,A,6,USD
OECD.SDD.NAD:DSD_NAMAIN1@DF_QNA(1.1),Q,Y,USA,S1,S1,B1GQ,_Z,_Z,_Z,XDC,V,N,T0102,2026-Q1,7966430.3,,,F,1,A,6,USD
OECD.SDD.NAD:DSD_NAMAIN1@DF_QNA(1.1),Q,Y,USA,S1,S1,B1GQ,_Z,_Z,_Z,XDC,V,N,T0102,1990-Q1,1468175.3,,,F,1,A,6,USD
OECD.SDD.NAD:DSD_NAMAIN1@DF_QNA(1.1),Q,Y,USA,S1,S1,B1GQ,_Z,_Z,_Z,XDC,V,N,T0102,1990-Q2,1490007,,,F,1,A,6,USD
OECD.SDD.NAD:DSD_NAMAIN1@DF_QNA(1.1),Q,Y,USA,S1,S1,B1GQ,_Z,_Z,_Z,XDC,V,N,T0102,1990-Q3,1503779,,,F,1,A,6,USD
OECD.SDD.NAD:DSD_NAMAIN1@DF_QNA(1.1),Q,Y,USA,S1,S1,B1GQ,_Z,_Z,_Z,XDC,V,N,T0102,1990-Q4,1501183.3,,,F,1,A,6,USD
OECD.SDD.NAD:DSD_NAMAIN1@DF_QNA(1.1),Q,Y,USA,S1,S1,B1GQ,_Z,_Z,_Z,XDC,V,N,T0102,1991-Q1,1508794.5,,,F,1,A,6,USD
OECD.SDD.NAD:DSD_NAMAIN1@DF_QNA(1.1),Q,Y,USA,S1,S1,B1GQ,_Z,_Z,_Z,XDC,V,N,T0102,1991-Q2,1531715.5,,,F,1,A,6,USD
OECD.SDD.NAD:DSD_NAMAIN1@DF_QNA(1.1),Q,Y,USA,S1,S1,B1GQ,_Z,_Z,_Z,XDC,V,N,T0102,1991-Q3,1551484.3,,,F,1,A,6,USD
OECD.SDD.NAD:DSD_NAMAIN1@DF_QNA(1.1),Q,Y,USA,S1,S1,B1GQ,_Z,_Z,_Z,XDC,V,N,T0102,1991-Q4,1566135,,,F,1,A,6,USD
OECD.SDD.NAD:DSD_NAMAIN1@DF_QNA(1.1),Q,Y,USA,S1,S1,B1GQ,_Z,_Z,_Z,XDC,V,N,T0102,1992-Q1,1590775.5,,,F,1,A,6,USD
OECD.SDD.NAD:DSD_NAMAIN1@DF_QNA(1.1),Q,Y,USA,S1,S1,B1GQ,_Z,_Z,_Z,XDC,V,N,T0102,1992-Q2,1617690.8,,,F,1,A,6,USD
OECD.SDD.NAD:DSD_NAMAIN1@DF_QNA(1.1),Q,Y,USA,S1,S1,B1GQ,_Z,_Z,_Z,XDC,V,N,T0102,1954-Q3,97749,,,F,1,A,6,USD
OECD.SDD.NAD:DSD_NAMAIN1@DF_QNA(1.1),Q,Y,USA,S1,S1,B1GQ,_Z,_Z,_Z,XDC,V,N,T0102,1954-Q4,99933.5,,,F,1,A,6,USD
OECD.SDD.NAD:DSD_NAMAIN1@DF_QNA(1.1),Q,Y,USA,S1,S1,B1GQ,_Z,_Z,_Z,XDC,V,N,T0102,1955-Q1,103268.3,,,F,1,A,6,USD
OECD.SDD.NAD:DSD_NAMAIN1@DF_QNA(1.1),Q,Y,USA,S1,S1,P6,_Z,_Z,_Z,XDC,V,N,T0102,1999-Q4,257742.8,,,F,1,A,6,USD
OECD.SDD.NAD:DSD_NAMAIN1@DF_QNA(1.1),Q,Y,USA,S1,S1,B1GQ,_Z,_Z,_Z,XDC,V,N,T0102,1957-Q1,117444.8,,,F,1,A,6,USD
OECD.SDD.NAD:DSD_NAMAIN1@DF_QNA(1.1),Q,Y,USA,S1,S1,B1GQ,_Z,_Z,_Z,XDC,V,N,T0102,1957-Q2,118006.3,,,F,1,A,6,USD
OECD.SDD.NAD:DSD_NAMAIN1@DF_QNA(1.1),Q,Y,USA,S1,S1,B1GQ,_Z,_Z,_Z,XDC,V,N,T0102,1957-Q3,119872.5,,,F,1,A,6,USD
OECD.SDD.NAD:DSD_NAMAIN1@DF_QNA(1.1),Q,Y,USA,S1,S1,B1GQ,_Z,_Z,_Z,XDC,V,N,T0102,1957-Q4,118716,,,F,1,A,6,USD
OECD.SDD.NAD:DSD_NAMAIN1@DF_QNA(1.1),Q,Y,USA,S1,S1,B1GQ,_Z,_Z,_Z,XDC,V,N,T0102,1958-Q1,116885,,,F,1,A,6,USD
OECD.SDD.NAD:DSD_NAMAIN1@DF_QNA(1.1),Q,Y,USA,S1,S1,B1GQ,_Z,_Z,_Z,XDC,V,N,T0102,1958-Q2,117994.5,,,F,1,A,6,USD
OECD.SDD.NAD:DSD_NAMAIN1@DF_QNA(1.1),Q,Y,USA,S1,S1,B1GQ,_Z,_Z,_Z,XDC,V,N,T0102,1958-Q3,121460.3,,,F,1,A,6,USD
OECD.SDD.NAD:DSD_NAMAIN1@DF_QNA(1.1),Q,Y,USA,S1,S1,B1GQ,_Z,_Z,_Z,XDC,V,N,T0102,1958-Q4,124888.8,,,F,1,A,6,USD
OECD.SDD.NAD:DSD_NAMAIN1@DF_QNA(1.1),Q,Y,USA,S1,S1,B1GQ,_Z,_Z,_Z,XDC,V,N,T0102,1959-Q1,127582.5,,,F,1,A,6,USD
OECD.SDD.NAD:DSD_NAMAIN1@DF_QNA(1.1),Q,Y,USA,S1,S1,B1GQ,_Z,_Z,_Z,XDC,V,N,T0102,1959-Q2,130663.3,,,F,1,A,6,USD
OECD.SDD.NAD:DSD_NAMAIN1@DF_QNA(1.1),Q,Y,USA,S1,S1,B1GQ,_Z,_Z,_Z,XDC,V,N,T0102,1959-Q3,131258.5,,,F,1,A,6,USD
OECD.SDD.NAD:DSD_NAMAIN1@DF_QNA(1.1),Q,Y,USA,S1,S1,B1GQ,_Z,_Z,_Z,XDC,V,N,T0102,1959-Q4,132150,,,F,1,A,6,USD
OECD.SDD.NAD:DSD_NAMAIN1@DF_QNA(1.1),Q,Y,USA,S1,S1,B1GQ,_Z,_Z,_Z,XDC,V,N,T0102,1960-Q1,135662,,,F,1,A,6,USD
OECD.SDD.NAD:DSD_NAMAIN1@DF_QNA(1.1),Q,Y,USA,S1,S1,B1GQ,_Z,_Z,_Z,XDC,V,N,T0102,1960-Q2,135270,,,F,1,A,6,USD
OECD.SDD.NAD:DSD_NAMAIN1@DF_QNA(1.1),Q,Y,USA,S1,S1,B1GQ,_Z,_Z,_Z,XDC,V,N,T0102,1960-Q3,136401,,,F,1,A,6,USD
OECD.SDD.NAD:DSD_NAMAIN1@DF_QNA(1.1),Q,Y,USA,S1,S1,B1GQ,_Z,_Z,_Z,XDC,V,N,T0102,1960-Q4,135049.3,,,F,1,A,6,USD
OECD.SDD.NAD:DSD_NAMAIN1@DF_QNA(1.1),Q,Y,USA,S1,S1,B1GQ,_Z,_Z,_Z,XDC,V,N,T0102,1961-Q1,136254.5,,,F,1,A,6,USD
OECD.SDD.NAD:DSD_NAMAIN1@DF_QNA(1.1),Q,Y,USA,S1,S1,B1GQ,_Z,_Z,_Z,XDC,V,N,T0102,1961-Q2,138886.3,,,F,1,A,6,USD
OECD.SDD.NAD:DSD_NAMAIN1@DF_QNA(1.1),Q,Y,USA,S1,S1,B1GQ,_Z,_Z,_Z,XDC,V,N,T0102,1961-Q3,141916,,,F,1,A,6,USD
OECD.SDD.NAD:DSD_NAMAIN1@DF_QNA(1.1),Q,Y,USA,S1,S1,B1GQ,_Z,_Z,_Z,XDC,V,N,T0102,1961-Q4,145153,,,F,1,A,6,USD
OECD.SDD.NAD:DSD_NAMAIN1@DF_QNA(1.1),Q,Y,USA,S1,S1,B1GQ,_Z,_Z,_Z,XDC,V,N,T0102,1962-Q1,148503.3,,,F,1,A,6,USD
OECD.SDD.NAD:DSD_NAMAIN1@DF_QNA(1.1),Q,Y,USA,S1,S1,P6,_Z,_Z,_Z,XDC,V,N,T0102,1947-Q1,4598.5,,,F,1,A,6,USD
OECD.SDD.NAD:DSD_NAMAIN1@DF_QNA(1.1),Q,Y,USA,S1,S1,P6,_Z,_Z,_Z,XDC,V,N,T0102,1947-Q2,4874.3,,,F,1,A,6,USD
OECD.SDD.NAD:DSD_NAMAIN1@DF_QNA(1.1),Q,Y,USA,S1,S1,P6,_Z,_Z,_Z,XDC,V,N,T0102,1947-Q3,4858.3,,,F,1,A,6,USD
OECD.SDD.NAD:DSD_NAMAIN1@DF_QNA(1.1),Q,Y,USA,S1,S1,P6,_Z,_Z,_Z,XDC,V,N,T0102,1947-Q4,4409,,,F,1,A,6,USD
OECD.SDD.NAD:DSD_NAMAIN1@DF_QNA(1.1),Q,Y,USA,S1,S1,P6,_Z,_Z,_Z,XDC,V,N,T0102,1948-Q1,4229.3,,,F,1,A,6,USD
OECD.SDD.NAD:DSD_NAMAIN1@DF_QNA(1.1),Q,Y,USA,S1,S1,P6,_Z,_Z,_Z,XDC,V,N,T0102,1948-Q2,3810.3,,,F,1,A,6,USD
OECD.SDD.NAD:DSD_NAMAIN1@DF_QNA(1.1),Q,Y,USA,S1,S1,P6,_Z,_Z,_Z,XDC,V,N,T0102,1948-Q3,3851.3,,,F,1,A,6,USD
OECD.SDD.NAD:DSD_NAMAIN1@DF_QNA(1.1),Q,Y,USA,S1,S1,P6,_Z,_Z,_Z,XDC,V,N,T0102,1948-Q4,3656.3,,,F,1,A,6,USD
OECD.SDD.NAD:DSD_NAMAIN1@DF_QNA(1.1),Q,Y,USA,S1,S1,P6,_Z,_Z,_Z,XDC,V,N,T0102,1961-Q4,7110.5,,,F,1,A,6,USD
OECD.SDD.NAD:DSD_NAMAIN1@DF_QNA(1.1),Q,Y,USA,S1,S1,P6,_Z,_Z,_Z,XDC,V,N,T0102,1962-Q1,7081.3,,,F,1,A,6,USD
OECD.SDD.NAD:DSD_NAMAIN1@DF_QNA(1.1),Q,Y,USA,S1,S1,B1GQ,_Z,_Z,_Z,XDC,V,N,T0102,1967-Q1,211042.5,,,F,1,A,6,USD
OECD.SDD.NAD:DSD_NAMAIN1@DF_QNA(1.1),Q,Y,USA,S1,S1,B1GQ,_Z,_Z,_Z,XDC,V,N,T0102,1967-Q2,212245.8,,,F,1,A,6,USD
OECD.SDD.NAD:DSD_NAMAIN1@DF_QNA(1.1),Q,Y,USA,S1,S1,B1GQ,_Z,_Z,_Z,XDC,V,N,T0102,1967-Q3,216308.3,,,F,1,A,6,USD
OECD.SDD.NAD:DSD_NAMAIN1@DF_QNA(1.1),Q,Y,USA,S1,S1,B1GQ,_Z,_Z,_Z,XDC,V,N,T0102,1967-Q4,220359.8,,,F,1,A,6,USD
OECD.SDD.NAD:DSD_NAMAIN1@DF_QNA(1.1),Q,Y,USA,S1,S1,B1GQ,_Z,_Z,_Z,XDC,V,N,T0102,1968-Q1,227346.8,,,F,1,A,6,USD
OECD.SDD.NAD:DSD_NAMAIN1@DF_QNA(1.1),Q,Y,USA,S1,S1,B1GQ,_Z,_Z,_Z,XDC,V,N,T0102,1968-Q2,233586,,,F,1,A,6,USD
OECD.SDD.NAD:DSD_NAMAIN1@DF_QNA(1.1),Q,Y,USA,S1,S1,B1GQ,_Z,_Z,_Z,XDC,V,N,T0102,1968-Q3,237706.3,,,F,1,A,6,USD
OECD.SDD.NAD:DSD_NAMAIN1@DF_QNA(1.1),Q,Y,USA,S1,S1,B1GQ,_Z,_Z,_Z,XDC,V,N,T0102,1968-Q4,242007.5,,,F,1,A,6,USD
OECD.SDD.NAD:DSD_NAMAIN1@DF_QNA(1.1),Q,Y,USA,S1,S1,B1GQ,_Z,_Z,_Z,XDC,V,N,T0102,1969-Q1,248334.3,,,F,1,A,6,USD
OECD.SDD.NAD:DSD_NAMAIN1@DF_QNA(1.1),Q,Y,USA,S1,S1,B1GQ,_Z,_Z,_Z,XDC,V,N,T0102,1969-Q2,252255,,,F,1,A,6,USD
OECD.SDD.NAD:DSD_NAMAIN1@DF_QNA(1.1),Q,Y,USA,S1,S1,B1GQ,_Z,_Z,_Z,XDC,V,N,T0102,1969-Q3,257489,,,F,1,A,6,USD
OECD.SDD.NAD:DSD_NAMAIN1@DF_QNA(1.1),Q,Y,USA,S1,S1,B1GQ,_Z,_Z,_Z,XDC,V,N,T0102,1966-Q4,208325.5,,,F,1,A,6,USD
OECD.SDD.NAD:DSD_NAMAIN1@DF_QNA(1.1),Q,Y,USA,S1,S1,B1GQ,_Z,_Z,_Z,XDC,V,N,T0102,2005-Q2,3230664,,,F,1,A,6,USD
OECD.SDD.NAD:DSD_NAMAIN1@DF_QNA(1.1),Q,Y,USA,S1,S1,B1GQ,_Z,_Z,_Z,XDC,V,N,T0102,2005-Q3,3285660.5,,,F,1,A,6,USD
OECD.SDD.NAD:DSD_NAMAIN1@DF_QNA(1.1),Q,Y,USA,S1,S1,B1GQ,_Z,_Z,_Z,XDC,V,N,T0102,2007-Q1,3553912.8,,,F,1,A,6,USD
OECD.SDD.NAD:DSD_NAMAIN1@DF_QNA(1.1),Q,Y,USA,S1,S1,B1GQ,_Z,_Z,_Z,XDC,V,N,T0102,2008-Q3,3724749.8,,,F,1,A,6,USD
OECD.SDD.NAD:DSD_NAMAIN1@DF_QNA(1.1),Q,Y,USA,S1,S1,B1GQ,_Z,_Z,_Z,XDC,V,N,T0102,2009-Q2,3595309,,,F,1,A,6,USD
OECD.SDD.NAD:DSD_NAMAIN1@DF_QNA(1.1),Q,Y,USA,S1,S1,B1GQ,_Z,_Z,_Z,XDC,V,N,T0102,2010-Q2,3745048.3,,,F,1,A,6,USD
OECD.SDD.NAD:DSD_NAMAIN1@DF_QNA(1.1),Q,Y,USA,S1,S1,B1GQ,_Z,_Z,_Z,XDC,V,N,T0102,2003-Q2,2828191.5,,,F,1,A,6,USD
OECD.SDD.NAD:DSD_NAMAIN1@DF_QNA(1.1),Q,Y,USA,S1,S1,B1GQ,_Z,_Z,_Z,XDC,V,N,T0102,1996-Q3,2032852,,,F,1,A,6,USD
OECD.SDD.NAD:DSD_NAMAIN1@DF_QNA(1.1),Q,Y,USA,S1,S1,B1GQ,_Z,_Z,_Z,XDC,V,N,T0102,1996-Q4,2064942.8,,,F,1,A,6,USD
OECD.SDD.NAD:DSD_NAMAIN1@DF_QNA(1.1),Q,Y,USA,S1,S1,B1GQ,_Z,_Z,_Z,XDC,V,N,T0102,1997-Q1,2090663.8,,,F,1,A,6,USD
OECD.SDD.NAD:DSD_NAMAIN1@DF_QNA(1.1),Q,Y,USA,S1,S1,B1GQ,_Z,_Z,_Z,XDC,V,N,T0102,1997-Q2,2129706.3,,,F,1,A,6,USD
OECD.SDD.NAD:DSD_NAMAIN1@DF_QNA(1.1),Q,Y,USA,S1,S1,B1GQ,_Z,_Z,_Z,XDC,V,N,T0102,1997-Q3,2165705.8,,,F,1,A,6,USD
OECD.SDD.NAD:DSD_NAMAIN1@DF_QNA(1.1),Q,Y,USA,S1,S1,B1GQ,_Z,_Z,_Z,XDC,V,N,T0102,1997-Q4,2191476.8,,,F,1,A,6,USD
OECD.SDD.NAD:DSD_NAMAIN1@DF_QNA(1.1),Q,Y,USA,S1,S1,B1GQ,_Z,_Z,_Z,XDC,V,N,T0102,1974-Q4,399919.8,,,F,1,A,6,USD
OECD.SDD.NAD:DSD_NAMAIN1@DF_QNA(1.1),Q,Y,USA,S1,S1,P6,_Z,_Z,_Z,XDC,V,N,T0102,1979-Q3,58569.3,,,F,1,A,6,USD
OECD.SDD.NAD:DSD_NAMAIN1@DF_QNA(1.1),Q,Y,USA,S1,S1,B1GQ,_Z,_Z,_Z,XDC,V,N,T0102,1975-Q1,404029,,,F,1,A,6,USD
OECD.SDD.NAD:DSD_NAMAIN1@DF_QNA(1.1),Q,Y,USA,S1,S1,B1GQ,_Z,_Z,_Z,XDC,V,N,T0102,1975-Q2,412963.3,,,F,1,A,6,USD
OECD.SDD.NAD:DSD_NAMAIN1@DF_QNA(1.1),Q,Y,USA,S1,S1,B1GQ,_Z,_Z,_Z,XDC,V,N,T0102,1975-Q3,427455,,,F,1,A,6,USD
OECD.SDD.NAD:DSD_NAMAIN1@DF_QNA(1.1),Q,Y,USA,S1,S1,B1GQ,_Z,_Z,_Z,XDC,V,N,T0102,1975-Q4,440457.8,,,F,1,A,6,USD
OECD.SDD.NAD:DSD_NAMAIN1@DF_QNA(1.1),Q,Y,USA,S1,S1,B1GQ,_Z,_Z,_Z,XDC,V,N,T0102,1976-Q1,455121.8,,,F,1,A,6,USD
OECD.SDD.NAD:DSD_NAMAIN1@DF_QNA(1.1),Q,Y,USA,S1,S1,B1GQ,_Z,_Z,_Z,XDC,V,N,T0102,1976-Q2,463083,,,F,1,A,6,USD
OECD.SDD.NAD:DSD_NAMAIN1@DF_QNA(1.1),Q,Y,USA,S1,S1,B1GQ,_Z,_Z,_Z,XDC,V,N,T0102,1976-Q3,471639.5,,,F,1,A,6,USD
OECD.SDD.NAD:DSD_NAMAIN1@DF_QNA(1.1),Q,Y,USA,S1,S1,B1GQ,_Z,_Z,_Z,XDC,V,N,T0102,1976-Q4,483568.3,,,F,1,A,6,USD
OECD.SDD.NAD:DSD_NAMAIN1@DF_QNA(1.1),Q,Y,USA,S1,S1,B1GQ,_Z,_Z,_Z,XDC,V,N,T0102,2006-Q2,3438356,,,F,1,A,6,USD
OECD.SDD.NAD:DSD_NAMAIN1@DF_QNA(1.1),Q,Y,USA,S1,S1,B1GQ,_Z,_Z,_Z,XDC,V,N,T0102,2012-Q3,4079885.3,,,F,1,A,6,USD
OECD.SDD.NAD:DSD_NAMAIN1@DF_QNA(1.1),Q,Y,USA,S1,S1,B1GQ,_Z,_Z,_Z,XDC,V,N,T0102,2012-Q4,4105104.8,,,F,1,A,6,USD
OECD.SDD.NAD:DSD_NAMAIN1@DF_QNA(1.1),Q,Y,USA,S1,S1,B1GQ,_Z,_Z,_Z,XDC,V,N,T0102,2013-Q4,4298004.8,,,F,1,A,6,USD
OECD.SDD.NAD:DSD_NAMAIN1@DF_QNA(1.1),Q,Y,USA,S1,S1,B1GQ,_Z,_Z,_Z,XDC,V,N,T0102,2015-Q2,4569946,,,F,1,A,6,USD
OECD.SDD.NAD:DSD_NAMAIN1@DF_QNA(1.1),Q,Y,USA,S1,S1,B1GQ,_Z,_Z,_Z,XDC,V,N,T0102,2017-Q1,4820021,,,F,1,A,6,USD
OECD.SDD.NAD:DSD_NAMAIN1@DF_QNA(1.1),Q,Y,USA,S1,S1,B1GQ,_Z,_Z,_Z,XDC,V,N,T0102,2017-Q2,4859660.8,,,F,1,A,6,USD
OECD.SDD.NAD:DSD_NAMAIN1@DF_QNA(1.1),Q,Y,USA,S1,S1,B1GQ,_Z,_Z,_Z,XDC,V,N,T0102,1998-Q3,2280274.3,,,F,1,A,6,USD
OECD.SDD.NAD:DSD_NAMAIN1@DF_QNA(1.1),Q,Y,USA,S1,S1,B1GQ,_Z,_Z,_Z,XDC,V,N,T0102,1998-Q4,2323497.8,,,F,1,A,6,USD
OECD.SDD.NAD:DSD_NAMAIN1@DF_QNA(1.1),Q,Y,USA,S1,S1,B1GQ,_Z,_Z,_Z,XDC,V,N,T0102,1999-Q1,2352920.5,,,F,1,A,6,USD
OECD.SDD.NAD:DSD_NAMAIN1@DF_QNA(1.1),Q,Y,USA,S1,S1,B1GQ,_Z,_Z,_Z,XDC,V,N,T0102,2005-Q1,3191821.5,,,F,1,A,6,USD
OECD.SDD.NAD:DSD_NAMAIN1@DF_QNA(1.1),Q,Y,USA,S1,S1,B1GQ,_Z,_Z,_Z,XDC,V,N,T0102,2006-Q1,3399790,,,F,1,A,6,USD
OECD.SDD.NAD:DSD_NAMAIN1@DF_QNA(1.1),Q,Y,USA,S1,S1,B1GQ,_Z,_Z,_Z,XDC,V,N,T0102,2000-Q1,2500544.8,,,F,1,A,6,USD
OECD.SDD.NAD:DSD_NAMAIN1@DF_QNA(1.1),Q,Y,USA,S1,S1,B1GQ,_Z,_Z,_Z,XDC,V,N,T0102,2000-Q3,2579541.3,,,F,1,A,6,USD
OECD.SDD.NAD:DSD_NAMAIN1@DF_QNA(1.1),Q,Y,USA,S1,S1,B1GQ,_Z,_Z,_Z,XDC,V,N,T0102,2007-Q4,3678764.5,,,F,1,A,6,USD
OECD.SDD.NAD:DSD_NAMAIN1@DF_QNA(1.1),Q,Y,USA,S1,S1,B1GQ,_Z,_Z,_Z,XDC,V,N,T0102,2011-Q3,3911920,,,F,1,A,6,USD
OECD.SDD.NAD:DSD_NAMAIN1@DF_QNA(1.1),Q,Y,USA,S1,S1,B1GQ,_Z,_Z,_Z,XDC,V,N,T0102,2012-Q2,4051778.8,,,F,1,A,6,USD
OECD.SDD.NAD:DSD_NAMAIN1@DF_QNA(1.1),Q,Y,USA,S1,S1,B1GQ,_Z,_Z,_Z,XDC,V,N,T0102,1992-Q3,1641660.3,,,F,1,A,6,USD
OECD.SDD.NAD:DSD_NAMAIN1@DF_QNA(1.1),Q,Y,USA,S1,S1,B1GQ,_Z,_Z,_Z,XDC,V,N,T0102,1992-Q4,1670200.8,,,F,1,A,6,USD
OECD.SDD.NAD:DSD_NAMAIN1@DF_QNA(1.1),Q,Y,USA,S1,S1,B1GQ,_Z,_Z,_Z,XDC,V,N,T0102,1993-Q1,1682364.8,,,F,1,A,6,USD
OECD.SDD.NAD:DSD_NAMAIN1@DF_QNA(1.1),Q,Y,USA,S1,S1,B1GQ,_Z,_Z,_Z,XDC,V,N,T0102,1993-Q2,1702234.8,,,F,1,A,6,USD
OECD.SDD.NAD:DSD_NAMAIN1@DF_QNA(1.1),Q,Y,USA,S1,S1,B1GQ,_Z,_Z,_Z,XDC,V,N,T0102,1993-Q3,1720524.5,,,F,1,A,6,USD
OECD.SDD.NAD:DSD_NAMAIN1@DF_QNA(1.1),Q,Y,USA,S1,S1,B1GQ,_Z,_Z,_Z,XDC,V,N,T0102,1993-Q4,1753434.5,,,F,1,A,6,USD
OECD.SDD.NAD:DSD_NAMAIN1@DF_QNA(1.1),Q,Y,USA,S1,S1,B1GQ,_Z,_Z,_Z,XDC,V,N,T0102,1994-Q1,1778913,,,F,1,A,6,USD
OECD.SDD.NAD:DSD_NAMAIN1@DF_QNA(1.1),Q,Y,USA,S1,S1,B1GQ,_Z,_Z,_Z,XDC,V,N,T0102,1994-Q2,1811732.8,,,F,1,A,6,USD
OECD.SDD.NAD:DSD_NAMAIN1@DF_QNA(1.1),Q,Y,USA,S1,S1,B1GQ,_Z,_Z,_Z,XDC,V,N,T0102,1999-Q4,2475042.3,,,F,1,A,6,USD
OECD.SDD.NAD:DSD_NAMAIN1@DF_QNA(1.1),Q,Y,USA,S1,S1,P6,_Z,_Z,_Z,XDC,V,N,T0102,2002-Q3,253890,,,F,1,A,6,USD
OECD.SDD.NAD:DSD_NAMAIN1@DF_QNA(1.1),Q,Y,USA,S1,S1,P6,_Z,_Z,_Z,XDC,V,N,T0102,2002-Q4,250761.5,,,F,1,A,6,USD
OECD.SDD.NAD:DSD_NAMAIN1@DF_QNA(1.1),Q,Y,USA,S1,S1,P6,_Z,_Z,_Z,XDC,V,N,T0102,2007-Q3,421427.5,,,F,1,A,6,USD
OECD.SDD.NAD:DSD_NAMAIN1@DF_QNA(1.1),Q,Y,USA,S1,S1,P6,_Z,_Z,_Z,XDC,V,N,T0102,2008-Q4,425076,,,F,1,A,6,USD
OECD.SDD.NAD:DSD_NAMAIN1@DF_QNA(1.1),Q,Y,USA,S1,S1,P6,_Z,_Z,_Z,XDC,V,N,T0102,2009-Q1,377942,,,F,1,A,6,USD
OECD.SDD.NAD:DSD_NAMAIN1@DF_QNA(1.1),Q,Y,USA,S1,S1,P6,_Z,_Z,_Z,XDC,V,N,T0102,2010-Q1,439969.3,,,F,1,A,6,USD
OECD.SDD.NAD:DSD_NAMAIN1@DF_QNA(1.1),Q,Y,USA,S1,S1,P6,_Z,_Z,_Z,XDC,V,N,T0102,2011-Q1,510101.8,,,F,1,A,6,USD
OECD.SDD.NAD:DSD_NAMAIN1@DF_QNA(1.1),Q,Y,USA,S1,S1,P6,_Z,_Z,_Z,XDC,V,N,T0102,2014-Q3,599797.8,,,F,1,A,6,USD
OECD.SDD.NAD:DSD_NAMAIN1@DF_QNA(1.1),Q,Y,USA,S1,S1,P6,_Z,_Z,_Z,XDC,V,N,T0102,2016-Q1,545489.3,,,F,1,A,6,USD
OECD.SDD.NAD:DSD_NAMAIN1@DF_QNA(1.1),Q,Y,USA,S1,S1,P6,_Z,_Z,_Z,XDC,V,N,T0102,2017-Q3,596131,,,F,1,A,6,USD
OECD.SDD.NAD:DSD_NAMAIN1@DF_QNA(1.1),Q,Y,USA,S1,S1,P6,_Z,_Z,_Z,XDC,V,N,T0102,2018-Q3,633875.3,,,F,1,A,6,USD
OECD.SDD.NAD:DSD_NAMAIN1@DF_QNA(1.1),Q,Y,USA,S1,S1,P6,_Z,_Z,_Z,XDC,V,N,T0102,2018-Q4,634353.8,,,F,1,A,6,USD
OECD.SDD.NAD:DSD_NAMAIN1@DF_QNA(1.1),Q,Y,USA,S1,S1,P6,_Z,_Z,_Z,XDC,V,N,T0102,1977-Q4,39452.3,,,F,1,A,6,USD
OECD.SDD.NAD:DSD_NAMAIN1@DF_QNA(1.1),Q,Y,USA,S1,S1,P6,_Z,_Z,_Z,XDC,V,N,T0102,1978-Q1,41150.3,,,F,1,A,6,USD
OECD.SDD.NAD:DSD_NAMAIN1@DF_QNA(1.1),Q,Y,USA,S1,S1,P6,_Z,_Z,_Z,XDC,V,N,T0102,1978-Q2,46553.8,,,F,1,A,6,USD
OECD.SDD.NAD:DSD_NAMAIN1@DF_QNA(1.1),Q,Y,USA,S1,S1,P6,_Z,_Z,_Z,XDC,V,N,T0102,1978-Q3,47825.5,,,F,1,A,6,USD
OECD.SDD.NAD:DSD_NAMAIN1@DF_QNA(1.1),Q,Y,USA,S1,S1,P6,_Z,_Z,_Z,XDC,V,N,T0102,1978-Q4,51353.8,,,F,1,A,6,USD
OECD.SDD.NAD:DSD_NAMAIN1@DF_QNA(1.1),Q,Y,USA,S1,S1,P6,_Z,_Z,_Z,XDC,V,N,T0102,1979-Q1,52917.3,,,F,1,A,6,USD
OECD.SDD.NAD:DSD_NAMAIN1@DF_QNA(1.1),Q,Y,USA,S1,S1,P6,_Z,_Z,_Z,XDC,V,N,T0102,2023-Q1,771379,,,F,1,A,6,USD
OECD.SDD.NAD:DSD_NAMAIN1@DF_QNA(1.1),Q,Y,USA,S1,S1,P6,_Z,_Z,_Z,XDC,V,N,T0102,2023-Q2,754052.8,,,F,1,A,6,USD
OECD.SDD.NAD:DSD_NAMAIN1@DF_QNA(1.1),Q,Y,USA,S1,S1,P6,_Z,_Z,_Z,XDC,V,N,T0102,2023-Q3,770520.5,,,F,1,A,6,USD
OECD.SDD.NAD:DSD_NAMAIN1@DF_QNA(1.1),Q,Y,USA,S1,S1,P6,_Z,_Z,_Z,XDC,V,N,T0102,2023-Q4,777408,,,F,1,A,6,USD
OECD.SDD.NAD:DSD_NAMAIN1@DF_QNA(1.1),Q,Y,USA,S1,S1,P6,_Z,_Z,_Z,XDC,V,N,T0102,2016-Q3,567500,,,F,1,A,6,USD
OECD.SDD.NAD:DSD_NAMAIN1@DF_QNA(1.1),Q,Y,USA,S1,S1,P6,_Z,_Z,_Z,XDC,V,N,T0102,2015-Q1,574761.3,,,F,1,A,6,USD
OECD.SDD.NAD:DSD_NAMAIN1@DF_QNA(1.1),Q,Y,USA,S1,S1,P6,_Z,_Z,_Z,XDC,V,N,T0102,2019-Q4,634366.5,,,F,1,A,6,USD
OECD.SDD.NAD:DSD_NAMAIN1@DF_QNA(1.1),Q,Y,USA,S1,S1,P6,_Z,_Z,_Z,XDC,V,N,T0102,2020-Q1,607735.3,,,F,1,A,6,USD
OECD.SDD.NAD:DSD_NAMAIN1@DF_QNA(1.1),Q,Y,USA,S1,S1,P6,_Z,_Z,_Z,XDC,V,N,T0102,2020-Q2,457422.8,,,F,1,A,6,USD
OECD.SDD.NAD:DSD_NAMAIN1@DF_QNA(1.1),Q,Y,USA,S1,S1,P6,_Z,_Z,_Z,XDC,V,N,T0102,2020-Q3,529188.3,,,F,1,A,6,USD
OECD.SDD.NAD:DSD_NAMAIN1@DF_QNA(1.1),Q,Y,USA,S1,S1,P6,_Z,_Z,_Z,XDC,V,N,T0102,2020-Q4,569491.3,,,F,1,A,6,USD
OECD.SDD.NAD:DSD_NAMAIN1@DF_QNA(1.1),Q,Y,USA,S1,S1,P6,_Z,_Z,_Z,XDC,V,N,T0102,2021-Q1,598258.3,,,F,1,A,6,USD
OECD.SDD.NAD:DSD_NAMAIN1@DF_QNA(1.1),Q,Y,USA,S1,S1,B1GQ,_Z,_Z,_Z,XDC,V,N,T0102,1986-Q3,1151917.3,,,F,1,A,6,USD
OECD.SDD.NAD:DSD_NAMAIN1@DF_QNA(1.1),Q,Y,USA,S1,S1,B1GQ,_Z,_Z,_Z,XDC,V,N,T0102,1986-Q4,1164406.8,,,F,1,A,6,USD
OECD.SDD.NAD:DSD_NAMAIN1@DF_QNA(1.1),Q,Y,USA,S1,S1,B1GQ,_Z,_Z,_Z,XDC,V,N,T0102,1987-Q1,1180539,,,F,1,A,6,USD
OECD.SDD.NAD:DSD_NAMAIN1@DF_QNA(1.1),Q,Y,USA,S1,S1,B1GQ,_Z,_Z,_Z,XDC,V,N,T0102,1987-Q2,1201540,,,F,1,A,6,USD
OECD.SDD.NAD:DSD_NAMAIN1@DF_QNA(1.1),Q,Y,USA,S1,S1,B1GQ,_Z,_Z,_Z,XDC,V,N,T0102,1987-Q3,1221138.8,,,F,1,A,6,USD
OECD.SDD.NAD:DSD_NAMAIN1@DF_QNA(1.1),Q,Y,USA,S1,S1,B1GQ,_Z,_Z,_Z,XDC,V,N,T0102,1987-Q4,1251998.5,,,F,1,A,6,USD
OECD.SDD.NAD:DSD_NAMAIN1@DF_QNA(1.1),Q,Y,USA,S1,S1,B1GQ,_Z,_Z,_Z,XDC,V,N,T0102,1988-Q1,1268343,,,F,1,A,6,USD
OECD.SDD.NAD:DSD_NAMAIN1@DF_QNA(1.1),Q,Y,USA,S1,S1,B1GQ,_Z,_Z,_Z,XDC,V,N,T0102,1988-Q2,1297509,,,F,1,A,6,USD
OECD.SDD.NAD:DSD_NAMAIN1@DF_QNA(1.1),Q,Y,USA,S1,S1,B1GQ,_Z,_Z,_Z,XDC,V,N,T0102,1988-Q3,1320708.8,,,F,1,A,6,USD
OECD.SDD.NAD:DSD_NAMAIN1@DF_QNA(1.1),Q,Y,USA,S1,S1,B1GQ,_Z,_Z,_Z,XDC,V,N,T0102,1988-Q4,1349877.3,,,F,1,A,6,USD
OECD.SDD.NAD:DSD_NAMAIN1@DF_QNA(1.1),Q,Y,USA,S1,S1,B1GQ,_Z,_Z,_Z,XDC,V,N,T0102,1989-Q1,1377813.3,,,F,1,A,6,USD
OECD.SDD.NAD:DSD_NAMAIN1@DF_QNA(1.1),Q,Y,USA,S1,S1,B1GQ,_Z,_Z,_Z,XDC,V,N,T0102,1947-Q1,60791,,,F,1,A,6,USD
OECD.SDD.NAD:DSD_NAMAIN1@DF_QNA(1.1),Q,Y,USA,S1,S1,B1GQ,_Z,_Z,_Z,XDC,V,N,T0102,1947-Q2,61492,,,F,1,A,6,USD
OECD.SDD.NAD:DSD_NAMAIN1@DF_QNA(1.1),Q,Y,USA,S1,S1,B1GQ,_Z,_Z,_Z,XDC,V,N,T0102,1947-Q3,62396.3,,,F,1,A,6,USD
OECD.SDD.NAD:DSD_NAMAIN1@DF_QNA(1.1),Q,Y,USA,S1,S1,B1GQ,_Z,_Z,_Z,XDC,V,N,T0102,1947-Q4,64936.3,,,F,1,A,6,USD
OECD.SDD.NAD:DSD_NAMAIN1@DF_QNA(1.1),Q,Y,USA,S1,S1,B1GQ,_Z,_Z,_Z,XDC,V,N,T0102,1948-Q1,66435.5,,,F,1,A,6,USD
OECD.SDD.NAD:DSD_NAMAIN1@DF_QNA(1.1),Q,Y,USA,S1,S1,B1GQ,_Z,_Z,_Z,XDC,V,N,T0102,1948-Q2,68141.8,,,F,1,A,6,USD
OECD.SDD.NAD:DSD_NAMAIN1@DF_QNA(1.1),Q,Y,USA,S1,S1,P6,_Z,_Z,_Z,XDC,V,N,T0102,2003-Q1,251050.3,,,F,1,A,6,USD
OECD.SDD.NAD:DSD_NAMAIN1@DF_QNA(1.1),Q,Y,USA,S1,S1,P6,_Z,_Z,_Z,XDC,V,N,T0102,2012-Q1,547495.3,,,F,1,A,6,USD
OECD.SDD.NAD:DSD_NAMAIN1@DF_QNA(1.1),Q,Y,USA,S1,S1,P6,_Z,_Z,_Z,XDC,V,N,T0102,2010-Q4,493029,,,F,1,A,6,USD
OECD.SDD.NAD:DSD_NAMAIN1@DF_QNA(1.1),Q,Y,USA,S1,S1,P6,_Z,_Z,_Z,XDC,V,N,T0102,2011-Q4,537530.8,,,F,1,A,6,USD
OECD.SDD.NAD:DSD_NAMAIN1@DF_QNA(1.1),Q,Y,USA,S1,S1,P6,_Z,_Z,_Z,XDC,V,N,T0102,2012-Q4,559374.5,,,F,1,A,6,USD
OECD.SDD.NAD:DSD_NAMAIN1@DF_QNA(1.1),Q,Y,USA,S1,S1,P6,_Z,_Z,_Z,XDC,V,N,T0102,2013-Q4,587310,,,F,1,A,6,USD
OECD.SDD.NAD:DSD_NAMAIN1@DF_QNA(1.1),Q,Y,USA,S1,S1,P6,_Z,_Z,_Z,XDC,V,N,T0102,2015-Q2,575110.3,,,F,1,A,6,USD
OECD.SDD.NAD:DSD_NAMAIN1@DF_QNA(1.1),Q,Y,USA,S1,S1,P6,_Z,_Z,_Z,XDC,V,N,T0102,2017-Q1,584932,,,F,1,A,6,USD
OECD.SDD.NAD:DSD_NAMAIN1@DF_QNA(1.1),Q,Y,USA,S1,S1,P6,_Z,_Z,_Z,XDC,V,N,T0102,1994-Q1,170308,,,F,1,A,6,USD
OECD.SDD.NAD:DSD_NAMAIN1@DF_QNA(1.1),Q,Y,USA,S1,S1,P6,_Z,_Z,_Z,XDC,V,N,T0102,1994-Q2,176747,,,F,1,A,6,USD
OECD.SDD.NAD:DSD_NAMAIN1@DF_QNA(1.1),Q,Y,USA,S1,S1,P6,_Z,_Z,_Z,XDC,V,N,T0102,1998-Q3,233815.8,,,F,1,A,6,USD
OECD.SDD.NAD:DSD_NAMAIN1@DF_QNA(1.1),Q,Y,USA,S1,S1,P6,_Z,_Z,_Z,XDC,V,N,T0102,2017-Q2,587420.3,,,F,1,A,6,USD
OECD.SDD.NAD:DSD_NAMAIN1@DF_QNA(1.1),Q,Y,USA,S1,S1,P6,_Z,_Z,_Z,XDC,V,N,T0102,2004-Q2,292538,,,F,1,A,6,USD
OECD.SDD.NAD:DSD_NAMAIN1@DF_QNA(1.1),Q,Y,USA,S1,S1,P6,_Z,_Z,_Z,XDC,V,N,T0102,2004-Q3,295046.3,,,F,1,A,6,USD
OECD.SDD.NAD:DSD_NAMAIN1@DF_QNA(1.1),Q,Y,USA,S1,S1,P6,_Z,_Z,_Z,XDC,V,N,T0102,1998-Q4,241584.3,,,F,1,A,6,USD
OECD.SDD.NAD:DSD_NAMAIN1@DF_QNA(1.1),Q,Y,USA,S1,S1,P6,_Z,_Z,_Z,XDC,V,N,T0102,1999-Q1,240191,,,F,1,A,6,USD
OECD.SDD.NAD:DSD_NAMAIN1@DF_QNA(1.1),Q,Y,USA,S1,S1,P6,_Z,_Z,_Z,XDC,V,N,T0102,2004-Q4,305361,,,F,1,A,6,USD
OECD.SDD.NAD:DSD_NAMAIN1@DF_QNA(1.1),Q,Y,USA,S1,S1,P6,_Z,_Z,_Z,XDC,V,N,T0102,2005-Q1,314602,,,F,1,A,6,USD
OECD.SDD.NAD:DSD_NAMAIN1@DF_QNA(1.1),Q,Y,USA,S1,S1,P6,_Z,_Z,_Z,XDC,V,N,T0102,2006-Q1,353491.5,,,F,1,A,6,USD
OECD.SDD.NAD:DSD_NAMAIN1@DF_QNA(1.1),Q,Y,USA,S1,S1,P6,_Z,_Z,_Z,XDC,V,N,T0102,2006-Q2,364941.8,,,F,1,A,6,USD
OECD.SDD.NAD:DSD_NAMAIN1@DF_QNA(1.1),Q,Y,USA,S1,S1,P6,_Z,_Z,_Z,XDC,V,N,T0102,2007-Q4,437678.5,,,F,1,A,6,USD
OECD.SDD.NAD:DSD_NAMAIN1@DF_QNA(1.1),Q,Y,USA,S1,S1,P6,_Z,_Z,_Z,XDC,V,N,T0102,2011-Q3,539198.3,,,F,1,A,6,USD
OECD.SDD.NAD:DSD_NAMAIN1@DF_QNA(1.1),Q,Y,USA,S1,S1,P6,_Z,_Z,_Z,XDC,V,N,T0102,2012-Q2,553896.5,,,F,1,A,6,USD
OECD.SDD.NAD:DSD_NAMAIN1@DF_QNA(1.1),Q,Y,USA,S1,S1,P6,_Z,_Z,_Z,XDC,V,N,T0102,2012-Q3,556933.5,,,F,1,A,6,USD
OECD.SDD.NAD:DSD_NAMAIN1@DF_QNA(1.1),Q,Y,USA,S1,S1,P6,_Z,_Z,_Z,XDC,V,N,T0102,2000-Q1,263226,,,F,1,A,6,USD
OECD.SDD.NAD:DSD_NAMAIN1@DF_QNA(1.1),Q,Y,USA,S1,S1,P6,_Z,_Z,_Z,XDC,V,N,T0102,2000-Q3,281250.5,,,F,1,A,6,USD
OECD.SDD.NAD:DSD_NAMAIN1@DF_QNA(1.1),Q,Y,USA,S1,S1,P6,_Z,_Z,_Z,XDC,V,N,T0102,2000-Q4,278294.3,,,F,1,A,6,USD
OECD.SDD.NAD:DSD_NAMAIN1@DF_QNA(1.1),Q,Y,USA,S1,S1,P6,_Z,_Z,_Z,XDC,V,N,T0102,2001-Q1,274203,,,F,1,A,6,USD
OECD.SDD.NAD:DSD_NAMAIN1@DF_QNA(1.1),Q,Y,USA,S1,S1,P6,_Z,_Z,_Z,XDC,V,N,T0102,1993-Q3,162724.3,,,F,1,A,6,USD
OECD.SDD.NAD:DSD_NAMAIN1@DF_QNA(1.1),Q,Y,USA,S1,S1,P6,_Z,_Z,_Z,XDC,V,N,T0102,1993-Q4,167900,,,F,1,A,6,USD
OECD.SDD.NAD:DSD_NAMAIN1@DF_QNA(1.1),Q,Y,USA,S1,S1,P6,_Z,_Z,_Z,XDC,V,N,T0102,1957-Q2,6092.3,,,F,1,A,6,USD
OECD.SDD.NAD:DSD_NAMAIN1@DF_QNA(1.1),Q,Y,USA,S1,S1,P6,_Z,_Z,_Z,XDC,V,N,T0102,1957-Q3,5939.8,,,F,1,A,6,USD
OECD.SDD.NAD:DSD_NAMAIN1@DF_QNA(1.1),Q,Y,USA,S1,S1,P6,_Z,_Z,_Z,XDC,V,N,T0102,1957-Q4,5755.5,,,F,1,A,6,USD
OECD.SDD.NAD:DSD_NAMAIN1@DF_QNA(1.1),Q,Y,USA,S1,S1,P6,_Z,_Z,_Z,XDC,V,N,T0102,1958-Q1,5133.5,,,F,1,A,6,USD
OECD.SDD.NAD:DSD_NAMAIN1@DF_QNA(1.1),Q,Y,USA,S1,S1,P6,_Z,_Z,_Z,XDC,V,N,T0102,1958-Q2,5136.5,,,F,1,A,6,USD
OECD.SDD.NAD:DSD_NAMAIN1@DF_QNA(1.1),Q,Y,USA,S1,S1,P6,_Z,_Z,_Z,XDC,V,N,T0102,1958-Q3,5148.8,,,F,1,A,6,USD
OECD.SDD.NAD:DSD_NAMAIN1@DF_QNA(1.1),Q,Y,USA,S1,S1,P6,_Z,_Z,_Z,XDC,V,N,T0102,1958-Q4,5140.8,,,F,1,A,6,USD
OECD.SDD.NAD:DSD_NAMAIN1@DF_QNA(1.1),Q,Y,USA,S1,S1,P6,_Z,_Z,_Z,XDC,V,N,T0102,1959-Q1,5478.8,,,F,1,A,6,USD
OECD.SDD.NAD:DSD_NAMAIN1@DF_QNA(1.1),Q,Y,USA,S1,S1,P6,_Z,_Z,_Z,XDC,V,N,T0102,1959-Q2,5444,,,F,1,A,6,USD
OECD.SDD.NAD:DSD_NAMAIN1@DF_QNA(1.1),Q,Y,USA,S1,S1,P6,_Z,_Z,_Z,XDC,V,N,T0102,1959-Q3,6019.8,,,F,1,A,6,USD
OECD.SDD.NAD:DSD_NAMAIN1@DF_QNA(1.1),Q,Y,USA,S1,S1,P6,_Z,_Z,_Z,XDC,V,N,T0102,1959-Q4,5782.8,,,F,1,A,6,USD
OECD.SDD.NAD:DSD_NAMAIN1@DF_QNA(1.1),Q,Y,USA,S1,S1,P6,_Z,_Z,_Z,XDC,V,N,T0102,1960-Q1,6536.3,,,F,1,A,6,USD
OECD.SDD.NAD:DSD_NAMAIN1@DF_QNA(1.1),Q,Y,USA,S1,S1,P6,_Z,_Z,_Z,XDC,V,N,T0102,1960-Q2,6712.5,,,F,1,A,6,USD
OECD.SDD.NAD:DSD_NAMAIN1@DF_QNA(1.1),Q,Y,USA,S1,S1,P6,_Z,_Z,_Z,XDC,V,N,T0102,1960-Q3,6890.3,,,F,1,A,6,USD
OECD.SDD.NAD:DSD_NAMAIN1@DF_QNA(1.1),Q,Y,USA,S1,S1,P6,_Z,_Z,_Z,XDC,V,N,T0102,1960-Q4,6905.5,,,F,1,A,6,USD
OECD.SDD.NAD:DSD_NAMAIN1@DF_QNA(1.1),Q,Y,USA,S1,S1,P6,_Z,_Z,_Z,XDC,V,N,T0102,1961-Q1,6890,,,F,1,A,6,USD
OECD.SDD.NAD:DSD_NAMAIN1@DF_QNA(1.1),Q,Y,USA,S1,S1,P6,_Z,_Z,_Z,XDC,V,N,T0102,1961-Q2,6656.8,,,F,1,A,6,USD
OECD.SDD.NAD:DSD_NAMAIN1@DF_QNA(1.1),Q,Y,USA,S1,S1,P6,_Z,_Z,_Z,XDC,V,N,T0102,1961-Q3,6944.8,,,F,1,A,6,USD
OECD.SDD.NAD:DSD_NAMAIN1@DF_QNA(1.1),Q,Y,USA,S1,S1,P6,_Z,_Z,_Z,XDC,V,N,T0102,2008-Q2,476320.5,,,F,1,A,6,USD
OECD.SDD.NAD:DSD_NAMAIN1@DF_QNA(1.1),Q,Y,USA,S1,S1,P6,_Z,_Z,_Z,XDC,V,N,T0102,2009-Q3,398681.3,,,F,1,A,6,USD
OECD.SDD.NAD:DSD_NAMAIN1@DF_QNA(1.1),Q,Y,USA,S1,S1,P6,_Z,_Z,_Z,XDC,V,N,T0102,1962-Q2,7415.5,,,F,1,A,6,USD
OECD.SDD.NAD:DSD_NAMAIN1@DF_QNA(1.1),Q,Y,USA,S1,S1,P6,_Z,_Z,_Z,XDC,V,N,T0102,1962-Q3,7398.3,,,F,1,A,6,USD
OECD.SDD.NAD:DSD_NAMAIN1@DF_QNA(1.1),Q,Y,USA,S1,S1,P6,_Z,_Z,_Z,XDC,V,N,T0102,1962-Q4,7170.8,,,F,1,A,6,USD
OECD.SDD.NAD:DSD_NAMAIN1@DF_QNA(1.1),Q,Y,USA,S1,S1,P6,_Z,_Z,_Z,XDC,V,N,T0102,1963-Q1,7290.3,,,F,1,A,6,USD
OECD.SDD.NAD:DSD_NAMAIN1@DF_QNA(1.1),Q,Y,USA,S1,S1,P6,_Z,_Z,_Z,XDC,V,N,T0102,1963-Q2,7862,,,F,1,A,6,USD
OECD.SDD.NAD:DSD_NAMAIN1@DF_QNA(1.1),Q,Y,USA,S1,S1,P6,_Z,_Z,_Z,XDC,V,N,T0102,1963-Q3,7803.8,,,F,1,A,6,USD
OECD.SDD.NAD:DSD_NAMAIN1@DF_QNA(1.1),Q,Y,USA,S1,S1,P6,_Z,_Z,_Z,XDC,V,N,T0102,1963-Q4,8118.5,,,F,1,A,6,USD
OECD.SDD.NAD:DSD_NAMAIN1@DF_QNA(1.1),Q,Y,USA,S1,S1,P6,_Z,_Z,_Z,XDC,V,N,T0102,1964-Q1,8548,,,F,1,A,6,USD
OECD.SDD.NAD:DSD_NAMAIN1@DF_QNA(1.1),Q,Y,USA,S1,S1,P6,_Z,_Z,_Z,XDC,V,N,T0102,1964-Q2,8507.5,,,F,1,A,6,USD
OECD.SDD.NAD:DSD_NAMAIN1@DF_QNA(1.1),Q,Y,USA,S1,S1,P6,_Z,_Z,_Z,XDC,V,N,T0102,1964-Q3,8843.8,,,F,1,A,6,USD
OECD.SDD.NAD:DSD_NAMAIN1@DF_QNA(1.1),Q,Y,USA,S1,S1,P6,_Z,_Z,_Z,XDC,V,N,T0102,1964-Q4,9120,,,F,1,A,6,USD
OECD.SDD.NAD:DSD_NAMAIN1@DF_QNA(1.1),Q,Y,USA,S1,S1,P6,_Z,_Z,_Z,XDC,V,N,T0102,1965-Q1,8242.3,,,F,1,A,6,USD
OECD.SDD.NAD:DSD_NAMAIN1@DF_QNA(1.1),Q,Y,USA,S1,S1,P6,_Z,_Z,_Z,XDC,V,N,T0102,1965-Q2,9591.8,,,F,1,A,6,USD
OECD.SDD.NAD:DSD_NAMAIN1@DF_QNA(1.1),Q,Y,USA,S1,S1,B1GQ,_Z,_Z,_Z,XDC,V,N,T0102,1969-Q4,259536.8,,,F,1,A,6,USD
OECD.SDD.NAD:DSD_NAMAIN1@DF_QNA(1.1),Q,Y,USA,S1,S1,B1GQ,_Z,_Z,_Z,XDC,V,N,T0102,1970-Q1,262800,,,F,1,A,6,USD
OECD.SDD.NAD:DSD_NAMAIN1@DF_QNA(1.1),Q,Y,USA,S1,S1,B1GQ,_Z,_Z,_Z,XDC,V,N,T0102,1970-Q2,266843.8,,,F,1,A,6,USD
OECD.SDD.NAD:DSD_NAMAIN1@DF_QNA(1.1),Q,Y,USA,S1,S1,B1GQ,_Z,_Z,_Z,XDC,V,N,T0102,1970-Q3,271514.8,,,F,1,A,6,USD
OECD.SDD.NAD:DSD_NAMAIN1@DF_QNA(1.1),Q,Y,USA,S1,S1,B1GQ,_Z,_Z,_Z,XDC,V,N,T0102,1970-Q4,272152,,,F,1,A,6,USD
OECD.SDD.NAD:DSD_NAMAIN1@DF_QNA(1.1),Q,Y,USA,S1,S1,B1GQ,_Z,_Z,_Z,XDC,V,N,T0102,1971-Q1,283789,,,F,1,A,6,USD
OECD.SDD.NAD:DSD_NAMAIN1@DF_QNA(1.1),Q,Y,USA,S1,S1,B1GQ,_Z,_Z,_Z,XDC,V,N,T0102,1971-Q2,289067.8,,,F,1,A,6,USD
OECD.SDD.NAD:DSD_NAMAIN1@DF_QNA(1.1),Q,Y,USA,S1,S1,B1GQ,_Z,_Z,_Z,XDC,V,N,T0102,1971-Q3,294418.8,,,F,1,A,6,USD
OECD.SDD.NAD:DSD_NAMAIN1@DF_QNA(1.1),Q,Y,USA,S1,S1,B1GQ,_Z,_Z,_Z,XDC,V,N,T0102,1971-Q4,297574.3,,,F,1,A,6,USD
OECD.SDD.NAD:DSD_NAMAIN1@DF_QNA(1.1),Q,Y,USA,S1,S1,B1GQ,_Z,_Z,_Z,XDC,V,N,T0102,1972-Q1,307652.3,,,F,1,A,6,USD
OECD.SDD.NAD:DSD_NAMAIN1@DF_QNA(1.1),Q,Y,USA,S1,S1,B1GQ,_Z,_Z,_Z,XDC,V,N,T0102,1972-Q2,316592.3,,,F,1,A,6,USD
OECD.SDD.NAD:DSD_NAMAIN1@DF_QNA(1.1),Q,Y,USA,S1,S1,B1GQ,_Z,_Z,_Z,XDC,V,N,T0102,1972-Q3,322641.5,,,F,1,A,6,USD
OECD.SDD.NAD:DSD_NAMAIN1@DF_QNA(1.1),Q,Y,USA,S1,S1,B1GQ,_Z,_Z,_Z,XDC,V,N,T0102,1972-Q4,332226,,,F,1,A,6,USD
OECD.SDD.NAD:DSD_NAMAIN1@DF_QNA(1.1),Q,Y,USA,S1,S1,B1GQ,_Z,_Z,_Z,XDC,V,N,T0102,1973-Q1,344372.5,,,F,1,A,6,USD
OECD.SDD.NAD:DSD_NAMAIN1@DF_QNA(1.1),Q,Y,USA,S1,S1,B1GQ,_Z,_Z,_Z,XDC,V,N,T0102,1973-Q2,353471.8,,,F,1,A,6,USD
OECD.SDD.NAD:DSD_NAMAIN1@DF_QNA(1.1),Q,Y,USA,S1,S1,B1GQ,_Z,_Z,_Z,XDC,V,N,T0102,1973-Q3,358459.5,,,F,1,A,6,USD
OECD.SDD.NAD:DSD_NAMAIN1@DF_QNA(1.1),Q,Y,USA,S1,S1,B1GQ,_Z,_Z,_Z,XDC,V,N,T0102,1973-Q4,369072.3,,,F,1,A,6,USD
OECD.SDD.NAD:DSD_NAMAIN1@DF_QNA(1.1),Q,Y,USA,S1,S1,B1GQ,_Z,_Z,_Z,XDC,V,N,T0102,1974-Q1,372802.3,,,F,1,A,6,USD
OECD.SDD.NAD:DSD_NAMAIN1@DF_QNA(1.1),Q,Y,USA,S1,S1,B1GQ,_Z,_Z,_Z,XDC,V,N,T0102,1974-Q2,382514,,,F,1,A,6,USD
OECD.SDD.NAD:DSD_NAMAIN1@DF_QNA(1.1),Q,Y,USA,S1,S1,B1GQ,_Z,_Z,_Z,XDC,V,N,T0102,1974-Q3,390006.5,,,F,1,A,6,USD
OECD.SDD.NAD:DSD_NAMAIN1@DF_QNA(1.1),Q,Y,USA,S1,S1,P6,_Z,_Z,_Z,XDC,V,N,T0102,1952-Q1,4669.8,,,F,1,A,6,USD
OECD.SDD.NAD:DSD_NAMAIN1@DF_QNA(1.1),Q,Y,USA,S1,S1,P6,_Z,_Z,_Z,XDC,V,N,T0102,1952-Q2,4145.3,,,F,1,A,6,USD
OECD.SDD.NAD:DSD_NAMAIN1@DF_QNA(1.1),Q,Y,USA,S1,S1,P6,_Z,_Z,_Z,XDC,V,N,T0102,1952-Q3,3811.5,,,F,1,A,6,USD
OECD.SDD.NAD:DSD_NAMAIN1@DF_QNA(1.1),Q,Y,USA,S1,S1,P6,_Z,_Z,_Z,XDC,V,N,T0102,1952-Q4,3832.3,,,F,1,A,6,USD
OECD.SDD.NAD:DSD_NAMAIN1@DF_QNA(1.1),Q,Y,USA,S1,S1,P6,_Z,_Z,_Z,XDC,V,N,T0102,1953-Q1,3782,,,F,1,A,6,USD
OECD.SDD.NAD:DSD_NAMAIN1@DF_QNA(1.1),Q,Y,USA,S1,S1,P6,_Z,_Z,_Z,XDC,V,N,T0102,1953-Q2,3799,,,F,1,A,6,USD
OECD.SDD.NAD:DSD_NAMAIN1@DF_QNA(1.1),Q,Y,USA,S1,S1,P6,_Z,_Z,_Z,XDC,V,N,T0102,1953-Q3,3938.8,,,F,1,A,6,USD
OECD.SDD.NAD:DSD_NAMAIN1@DF_QNA(1.1),Q,Y,USA,S1,S1,P6,_Z,_Z,_Z,XDC,V,N,T0102,1953-Q4,3793,,,F,1,A,6,USD
OECD.SDD.NAD:DSD_NAMAIN1@DF_QNA(1.1),Q,Y,USA,S1,S1,P6,_Z,_Z,_Z,XDC,V,N,T0102,1954-Q1,3606,,,F,1,A,6,USD
OECD.SDD.NAD:DSD_NAMAIN1@DF_QNA(1.1),Q,Y,USA,S1,S1,P6,_Z,_Z,_Z,XDC,V,N,T0102,1954-Q2,4109.5,,,F,1,A,6,USD
OECD.SDD.NAD:DSD_NAMAIN1@DF_QNA(1.1),Q,Y,USA,S1,S1,P6,_Z,_Z,_Z,XDC,V,N,T0102,1954-Q3,3969.5,,,F,1,A,6,USD
OECD.SDD.NAD:DSD_NAMAIN1@DF_QNA(1.1),Q,Y,USA,S1,S1,P6,_Z,_Z,_Z,XDC,V,N,T0102,1954-Q4,4151.3,,,F,1,A,6,USD
OECD.SDD.NAD:DSD_NAMAIN1@DF_QNA(1.1),Q,Y,USA,S1,S1,P6,_Z,_Z,_Z,XDC,V,N,T0102,1955-Q1,4318.3,,,F,1,A,6,USD
OECD.SDD.NAD:DSD_NAMAIN1@DF_QNA(1.1),Q,Y,USA,S1,S1,P6,_Z,_Z,_Z,XDC,V,N,T0102,1955-Q2,4235.5,,,F,1,A,6,USD
OECD.SDD.NAD:DSD_NAMAIN1@DF_QNA(1.1),Q,Y,USA,S1,S1,P6,_Z,_Z,_Z,XDC,V,N,T0102,1955-Q3,4536.3,,,F,1,A,6,USD
OECD.SDD.NAD:DSD_NAMAIN1@DF_QNA(1.1),Q,Y,USA,S1,S1,P6,_Z,_Z,_Z,XDC,V,N,T0102,1955-Q4,4587.3,,,F,1,A,6,USD
OECD.SDD.NAD:DSD_NAMAIN1@DF_QNA(1.1),Q,Y,USA,S1,S1,P6,_Z,_Z,_Z,XDC,V,N,T0102,1956-Q1,4841.3,,,F,1,A,6,USD
OECD.SDD.NAD:DSD_NAMAIN1@DF_QNA(1.1),Q,Y,USA,S1,S1,P6,_Z,_Z,_Z,XDC,V,N,T0102,1956-Q2,5220.5,,,F,1,A,6,USD
OECD.SDD.NAD:DSD_NAMAIN1@DF_QNA(1.1),Q,Y,USA,S1,S1,P6,_Z,_Z,_Z,XDC,V,N,T0102,1956-Q3,5455.5,,,F,1,A,6,USD
OECD.SDD.NAD:DSD_NAMAIN1@DF_QNA(1.1),Q,Y,USA,S1,S1,P6,_Z,_Z,_Z,XDC,V,N,T0102,1956-Q4,5767,,,F,1,A,6,USD
OECD.SDD.NAD:DSD_NAMAIN1@DF_QNA(1.1),Q,Y,USA,S1,S1,P6,_Z,_Z,_Z,XDC,V,N,T0102,1957-Q1,6229.8,,,F,1,A,6,USD
OECD.SDD.NAD:DSD_NAMAIN1@DF_QNA(1.1),Q,Y,USA,S1,S1,P6,_Z,_Z,_Z,XDC,V,N,T0102,2013-Q1,563982.3,,,F,1,A,6,USD
OECD.SDD.NAD:DSD_NAMAIN1@DF_QNA(1.1),Q,Y,USA,S1,S1,P6,_Z,_Z,_Z,XDC,V,N,T0102,2014-Q1,585900.5,,,F,1,A,6,USD
OECD.SDD.NAD:DSD_NAMAIN1@DF_QNA(1.1),Q,Y,USA,S1,S1,P6,_Z,_Z,_Z,XDC,V,N,T0102,2014-Q2,598792,,,F,1,A,6,USD
OECD.SDD.NAD:DSD_NAMAIN1@DF_QNA(1.1),Q,Y,USA,S1,S1,P6,_Z,_Z,_Z,XDC,V,N,T0102,2015-Q3,565181,,,F,1,A,6,USD
OECD.SDD.NAD:DSD_NAMAIN1@DF_QNA(1.1),Q,Y,USA,S1,S1,P6,_Z,_Z,_Z,XDC,V,N,T0102,2015-Q4,555569.8,,,F,1,A,6,USD
OECD.SDD.NAD:DSD_NAMAIN1@DF_QNA(1.1),Q,Y,USA,S1,S1,P6,_Z,_Z,_Z,XDC,V,N,T0102,2016-Q4,567084.8,,,F,1,A,6,USD
OECD.SDD.NAD:DSD_NAMAIN1@DF_QNA(1.1),Q,Y,USA,S1,S1,B1GQ,_Z,_Z,_Z,XDC,V,N,T0102,2000-Q4,2608936,,,F,1,A,6,USD
OECD.SDD.NAD:DSD_NAMAIN1@DF_QNA(1.1),Q,Y,USA,S1,S1,B1GQ,_Z,_Z,_Z,XDC,V,N,T0102,2001-Q1,2617557.8,,,F,1,A,6,USD
OECD.SDD.NAD:DSD_NAMAIN1@DF_QNA(1.1),Q,Y,USA,S1,S1,P6,_Z,_Z,_Z,XDC,V,N,T0102,2025-Q2,816876.5,,,F,1,A,6,USD
OECD.SDD.NAD:DSD_NAMAIN1@DF_QNA(1.1),Q,Y,USA,S1,S1,P6,_Z,_Z,_Z,XDC,V,N,T0102,2025-Q3,841717,,,F,1,A,6,USD
OECD.SDD.NAD:DSD_NAMAIN1@DF_QNA(1.1),Q,Y,USA,S1,S1,P6,_Z,_Z,_Z,XDC,V,N,T0102,2025-Q4,837651.3,,,F,1,A,6,USD
OECD.SDD.NAD:DSD_NAMAIN1@DF_QNA(1.1),Q,Y,USA,S1,S1,P6,_Z,_Z,_Z,XDC,V,N,T0102,2010-Q2,454935.3,,,F,1,A,6,USD
OECD.SDD.NAD:DSD_NAMAIN1@DF_QNA(1.1),Q,Y,USA,S1,S1,P6,_Z,_Z,_Z,XDC,V,N,T0102,2010-Q3,469313.3,,,F,1,A,6,USD
OECD.SDD.NAD:DSD_NAMAIN1@DF_QNA(1.1),Q,Y,USA,S1,S1,P6,_Z,_Z,_Z,XDC,V,N,T0102,1974-Q2,31667,,,F,1,A,6,USD
OECD.SDD.NAD:DSD_NAMAIN1@DF_QNA(1.1),Q,Y,USA,S1,S1,P6,_Z,_Z,_Z,XDC,V,N,T0102,1974-Q3,31659.5,,,F,1,A,6,USD
OECD.SDD.NAD:DSD_NAMAIN1@DF_QNA(1.1),Q,Y,USA,S1,S1,P6,_Z,_Z,_Z,XDC,V,N,T0102,1974-Q4,34146.3,,,F,1,A,6,USD
OECD.SDD.NAD:DSD_NAMAIN1@DF_QNA(1.1),Q,Y,USA,S1,S1,P6,_Z,_Z,_Z,XDC,V,N,T0102,1975-Q1,35342.3,,,F,1,A,6,USD
OECD.SDD.NAD:DSD_NAMAIN1@DF_QNA(1.1),Q,Y,USA,S1,S1,P6,_Z,_Z,_Z,XDC,V,N,T0102,1975-Q2,34206.8,,,F,1,A,6,USD
OECD.SDD.NAD:DSD_NAMAIN1@DF_QNA(1.1),Q,Y,USA,S1,S1,P6,_Z,_Z,_Z,XDC,V,N,T0102,1975-Q3,33524.5,,,F,1,A,6,USD
OECD.SDD.NAD:DSD_NAMAIN1@DF_QNA(1.1),Q,Y,USA,S1,S1,P6,_Z,_Z,_Z,XDC,V,N,T0102,1975-Q4,35632.8,,,F,1,A,6,USD
OECD.SDD.NAD:DSD_NAMAIN1@DF_QNA(1.1),Q,Y,USA,S1,S1,P6,_Z,_Z,_Z,XDC,V,N,T0102,1976-Q1,35897,,,F,1,A,6,USD
OECD.SDD.NAD:DSD_NAMAIN1@DF_QNA(1.1),Q,Y,USA,S1,S1,P6,_Z,_Z,_Z,XDC,V,N,T0102,1976-Q2,36655.3,,,F,1,A,6,USD
OECD.SDD.NAD:DSD_NAMAIN1@DF_QNA(1.1),Q,Y,USA,S1,S1,P6,_Z,_Z,_Z,XDC,V,N,T0102,1976-Q3,37943.8,,,F,1,A,6,USD
OECD.SDD.NAD:DSD_NAMAIN1@DF_QNA(1.1),Q,Y,USA,S1,S1,P6,_Z,_Z,_Z,XDC,V,N,T0102,1976-Q4,39019,,,F,1,A,6,USD
OECD.SDD.NAD:DSD_NAMAIN1@DF_QNA(1.1),Q,Y,USA,S1,S1,P6,_Z,_Z,_Z,XDC,V,N,T0102,1977-Q1,38838.5,,,F,1,A,6,USD
OECD.SDD.NAD:DSD_NAMAIN1@DF_QNA(1.1),Q,Y,USA,S1,S1,P6,_Z,_Z,_Z,XDC,V,N,T0102,1977-Q2,40476.5,,,F,1,A,6,USD
OECD.SDD.NAD:DSD_NAMAIN1@DF_QNA(1.1),Q,Y,USA,S1,S1,P6,_Z,_Z,_Z,XDC,V,N,T0102,1977-Q3,40581.3,,,F,1,A,6,USD
OECD.SDD.NAD:DSD_NAMAIN1@DF_QNA(1.1),Q,Y,USA,S1,S1,P6,_Z,_Z,_Z,XDC,V,N,T0102,1987-Q3,92963.5,,,F,1,A,6,USD
OECD.SDD.NAD:DSD_NAMAIN1@DF_QNA(1.1),Q,Y,USA,S1,S1,P6,_Z,_Z,_Z,XDC,V,N,T0102,1987-Q4,98026.8,,,F,1,A,6,USD
OECD.SDD.NAD:DSD_NAMAIN1@DF_QNA(1.1),Q,Y,USA,S1,S1,P6,_Z,_Z,_Z,XDC,V,N,T0102,1988-Q1,104681.8,,,F,1,A,6,USD
OECD.SDD.NAD:DSD_NAMAIN1@DF_QNA(1.1),Q,Y,USA,S1,S1,P6,_Z,_Z,_Z,XDC,V,N,T0102,1988-Q2,109867.8,,,F,1,A,6,USD
OECD.SDD.NAD:DSD_NAMAIN1@DF_QNA(1.1),Q,Y,USA,S1,S1,P6,_Z,_Z,_Z,XDC,V,N,T0102,1988-Q3,113396.5,,,F,1,A,6,USD
OECD.SDD.NAD:DSD_NAMAIN1@DF_QNA(1.1),Q,Y,USA,S1,S1,P6,_Z,_Z,_Z,XDC,V,N,T0102,1988-Q4,116654.8,,,F,1,A,6,USD
OECD.SDD.NAD:DSD_NAMAIN1@DF_QNA(1.1),Q,Y,USA,S1,S1,P6,_Z,_Z,_Z,XDC,V,N,T0102,1989-Q1,121297.3,,,F,1,A,6,USD
OECD.SDD.NAD:DSD_NAMAIN1@DF_QNA(1.1),Q,Y,USA,S1,S1,P6,_Z,_Z,_Z,XDC,V,N,T0102,1989-Q2,126807.3,,,F,1,A,6,USD
OECD.SDD.NAD:DSD_NAMAIN1@DF_QNA(1.1),Q,Y,USA,S1,S1,P6,_Z,_Z,_Z,XDC,V,N,T0102,1989-Q3,127338,,,F,1,A,6,USD
OECD.SDD.NAD:DSD_NAMAIN1@DF_QNA(1.1),Q,Y,USA,S1,S1,P6,_Z,_Z,_Z,XDC,V,N,T0102,1989-Q4,128846.8,,,F,1,A,6,USD
OECD.SDD.NAD:DSD_NAMAIN1@DF_QNA(1.1),Q,Y,USA,S1,S1,P6,_Z,_Z,_Z,XDC,V,N,T0102,1990-Q1,134558,,,F,1,A,6,USD
OECD.SDD.NAD:DSD_NAMAIN1@DF_QNA(1.1),Q,Y,USA,S1,S1,P6,_Z,_Z,_Z,XDC,V,N,T0102,1990-Q2,136481.3,,,F,1,A,6,USD
OECD.SDD.NAD:DSD_NAMAIN1@DF_QNA(1.1),Q,Y,USA,S1,S1,P6,_Z,_Z,_Z,XDC,V,N,T0102,1996-Q2,214760.5,,,F,1,A,6,USD
OECD.SDD.NAD:DSD_NAMAIN1@DF_QNA(1.1),Q,Y,USA,S1,S1,P6,_Z,_Z,_Z,XDC,V,N,T0102,2002-Q2,251038.5,,,F,1,A,6,USD
OECD.SDD.NAD:DSD_NAMAIN1@DF_QNA(1.1),Q,Y,USA,S1,S1,P6,_Z,_Z,_Z,XDC,V,N,T0102,2003-Q4,272920.5,,,F,1,A,6,USD
OECD.SDD.NAD:DSD_NAMAIN1@DF_QNA(1.1),Q,Y,USA,S1,S1,P6,_Z,_Z,_Z,XDC,V,N,T0102,2004-Q1,283417.3,,,F,1,A,6,USD
OECD.SDD.NAD:DSD_NAMAIN1@DF_QNA(1.1),Q,Y,USA,S1,S1,P6,_Z,_Z,_Z,XDC,V,N,T0102,1995-Q3,207849.8,,,F,1,A,6,USD
OECD.SDD.NAD:DSD_NAMAIN1@DF_QNA(1.1),Q,Y,USA,S1,S1,P6,_Z,_Z,_Z,XDC,V,N,T0102,1995-Q4,209855.3,,,F,1,A,6,USD
OECD.SDD.NAD:DSD_NAMAIN1@DF_QNA(1.1),Q,Y,USA,S1,S1,P6,_Z,_Z,_Z,XDC,V,N,T0102,1994-Q4,189661.5,,,F,1,A,6,USD
OECD.SDD.NAD:DSD_NAMAIN1@DF_QNA(1.1),Q,Y,USA,S1,S1,P6,_Z,_Z,_Z,XDC,V,N,T0102,1995-Q1,195392.5,,,F,1,A,6,USD
OECD.SDD.NAD:DSD_NAMAIN1@DF_QNA(1.1),Q,Y,USA,S1,S1,P6,_Z,_Z,_Z,XDC,V,N,T0102,1995-Q2,199712.8,,,F,1,A,6,USD
OECD.SDD.NAD:DSD_NAMAIN1@DF_QNA(1.1),Q,Y,USA,S1,S1,P6,_Z,_Z,_Z,XDC,V,N,T0102,2014-Q4,594054.5,,,F,1,A,6,USD
OECD.SDD.NAD:DSD_NAMAIN1@DF_QNA(1.1),Q,Y,USA,S1,S1,P6,_Z,_Z,_Z,XDC,V,N,T0102,2003-Q2,251866.3,,,F,1,A,6,USD
OECD.SDD.NAD:DSD_NAMAIN1@DF_QNA(1.1),Q,Y,USA,S1,S1,P6,_Z,_Z,_Z,XDC,V,N,T0102,2005-Q2,323713.3,,,F,1,A,6,USD
OECD.SDD.NAD:DSD_NAMAIN1@DF_QNA(1.1),Q,Y,USA,S1,S1,P6,_Z,_Z,_Z,XDC,V,N,T0102,2005-Q3,325578.8,,,F,1,A,6,USD
OECD.SDD.NAD:DSD_NAMAIN1@DF_QNA(1.1),Q,Y,USA,S1,S1,P6,_Z,_Z,_Z,XDC,V,N,T0102,2007-Q1,394497.8,,,F,1,A,6,USD
OECD.SDD.NAD:DSD_NAMAIN1@DF_QNA(1.1),Q,Y,USA,S1,S1,P6,_Z,_Z,_Z,XDC,V,N,T0102,1997-Q4,242082.5,,,F,1,A,6,USD
OECD.SDD.NAD:DSD_NAMAIN1@DF_QNA(1.1),Q,Y,USA,S1,S1,P6,_Z,_Z,_Z,XDC,V,N,T0102,1998-Q1,240755.3,,,F,1,A,6,USD
OECD.SDD.NAD:DSD_NAMAIN1@DF_QNA(1.1),Q,Y,USA,S1,S1,P6,_Z,_Z,_Z,XDC,V,N,T0102,1996-Q3,214894.3,,,F,1,A,6,USD
OECD.SDD.NAD:DSD_NAMAIN1@DF_QNA(1.1),Q,Y,USA,S1,S1,P6,_Z,_Z,_Z,XDC,V,N,T0102,1996-Q4,225949.5,,,F,1,A,6,USD
OECD.SDD.NAD:DSD_NAMAIN1@DF_QNA(1.1),Q,Y,USA,S1,S1,P6,_Z,_Z,_Z,XDC,V,N,T0102,1997-Q1,229593.5,,,F,1,A,6,USD
OECD.SDD.NAD:DSD_NAMAIN1@DF_QNA(1.1),Q,Y,USA,S1,S1,P6,_Z,_Z,_Z,XDC,V,N,T0102,1997-Q2,238612.5,,,F,1,A,6,USD
OECD.SDD.NAD:DSD_NAMAIN1@DF_QNA(1.1),Q,Y,USA,S1,S1,P6,_Z,_Z,_Z,XDC,V,N,T0102,1997-Q3,243514.3,,,F,1,A,6,USD
OECD.SDD.NAD:DSD_NAMAIN1@DF_QNA(1.1),Q,Y,USA,S1,S1,P6,_Z,_Z,_Z,XDC,V,N,T0102,2001-Q4,238380,,,F,1,A,6,USD
OECD.SDD.NAD:DSD_NAMAIN1@DF_QNA(1.1),Q,Y,USA,S1,S1,P6,_Z,_Z,_Z,XDC,V,N,T0102,2002-Q1,242289.3,,,F,1,A,6,USD
OECD.SDD.NAD:DSD_NAMAIN1@DF_QNA(1.1),Q,Y,USA,S1,S1,P6,_Z,_Z,_Z,XDC,V,N,T0102,1991-Q1,143294.3,,,F,1,A,6,USD
OECD.SDD.NAD:DSD_NAMAIN1@DF_QNA(1.1),Q,Y,USA,S1,S1,P6,_Z,_Z,_Z,XDC,V,N,T0102,1991-Q2,147683.3,,,F,1,A,6,USD
OECD.SDD.NAD:DSD_NAMAIN1@DF_QNA(1.1),Q,Y,USA,S1,S1,P6,_Z,_Z,_Z,XDC,V,N,T0102,1991-Q3,150148.8,,,F,1,A,6,USD
OECD.SDD.NAD:DSD_NAMAIN1@DF_QNA(1.1),Q,Y,USA,S1,S1,P6,_Z,_Z,_Z,XDC,V,N,T0102,1991-Q4,153804.3,,,F,1,A,6,USD
OECD.SDD.NAD:DSD_NAMAIN1@DF_QNA(1.1),Q,Y,USA,S1,S1,P6,_Z,_Z,_Z,XDC,V,N,T0102,1992-Q1,156321.8,,,F,1,A,6,USD
OECD.SDD.NAD:DSD_NAMAIN1@DF_QNA(1.1),Q,Y,USA,S1,S1,P6,_Z,_Z,_Z,XDC,V,N,T0102,1992-Q2,156540.8,,,F,1,A,6,USD
OECD.SDD.NAD:DSD_NAMAIN1@DF_QNA(1.1),Q,Y,USA,S1,S1,P6,_Z,_Z,_Z,XDC,V,N,T0102,1969-Q1,11010.5,,,F,1,A,6,USD
OECD.SDD.NAD:DSD_NAMAIN1@DF_QNA(1.1),Q,Y,USA,S1,S1,P6,_Z,_Z,_Z,XDC,V,N,T0102,1969-Q2,13443.8,,,F,1,A,6,USD
OECD.SDD.NAD:DSD_NAMAIN1@DF_QNA(1.1),Q,Y,USA,S1,S1,P6,_Z,_Z,_Z,XDC,V,N,T0102,1969-Q3,13399,,,F,1,A,6,USD
OECD.SDD.NAD:DSD_NAMAIN1@DF_QNA(1.1),Q,Y,USA,S1,S1,P6,_Z,_Z,_Z,XDC,V,N,T0102,1969-Q4,14068.8,,,F,1,A,6,USD
OECD.SDD.NAD:DSD_NAMAIN1@DF_QNA(1.1),Q,Y,USA,S1,S1,P6,_Z,_Z,_Z,XDC,V,N,T0102,1970-Q1,14257.8,,,F,1,A,6,USD
OECD.SDD.NAD:DSD_NAMAIN1@DF_QNA(1.1),Q,Y,USA,S1,S1,P6,_Z,_Z,_Z,XDC,V,N,T0102,1970-Q2,15102.8,,,F,1,A,6,USD
OECD.SDD.NAD:DSD_NAMAIN1@DF_QNA(1.1),Q,Y,USA,S1,S1,P6,_Z,_Z,_Z,XDC,V,N,T0102,1970-Q3,15129.8,,,F,1,A,6,USD
OECD.SDD.NAD:DSD_NAMAIN1@DF_QNA(1.1),Q,Y,USA,S1,S1,P6,_Z,_Z,_Z,XDC,V,N,T0102,1970-Q4,15218.3,,,F,1,A,6,USD
OECD.SDD.NAD:DSD_NAMAIN1@DF_QNA(1.1),Q,Y,USA,S1,S1,P6,_Z,_Z,_Z,XDC,V,N,T0102,1971-Q1,15805.3,,,F,1,A,6,USD
OECD.SDD.NAD:DSD_NAMAIN1@DF_QNA(1.1),Q,Y,USA,S1,S1,P6,_Z,_Z,_Z,XDC,V,N,T0102,1971-Q2,15723.5,,,F,1,A,6,USD
OECD.SDD.NAD:DSD_NAMAIN1@DF_QNA(1.1),Q,Y,USA,S1,S1,P6,_Z,_Z,_Z,XDC,V,N,T0102,1971-Q3,16429.3,,,F,1,A,6,USD
OECD.SDD.NAD:DSD_NAMAIN1@DF_QNA(1.1),Q,Y,USA,S1,S1,P6,_Z,_Z,_Z,XDC,V,N,T0102,1971-Q4,15004.8,,,F,1,A,6,USD
OECD.SDD.NAD:DSD_NAMAIN1@DF_QNA(1.1),Q,Y,USA,S1,S1,P6,_Z,_Z,_Z,XDC,V,N,T0102,1972-Q1,17159.8,,,F,1,A,6,USD
OECD.SDD.NAD:DSD_NAMAIN1@DF_QNA(1.1),Q,Y,USA,S1,S1,P6,_Z,_Z,_Z,XDC,V,N,T0102,1972-Q2,16788,,,F,1,A,6,USD
OECD.SDD.NAD:DSD_NAMAIN1@DF_QNA(1.1),Q,Y,USA,S1,S1,P6,_Z,_Z,_Z,XDC,V,N,T0102,1972-Q3,17863.3,,,F,1,A,6,USD
OECD.SDD.NAD:DSD_NAMAIN1@DF_QNA(1.1),Q,Y,USA,S1,S1,P6,_Z,_Z,_Z,XDC,V,N,T0102,1972-Q4,19032.3,,,F,1,A,6,USD
OECD.SDD.NAD:DSD_NAMAIN1@DF_QNA(1.1),Q,Y,USA,S1,S1,P6,_Z,_Z,_Z,XDC,V,N,T0102,1973-Q1,20989.8,,,F,1,A,6,USD
OECD.SDD.NAD:DSD_NAMAIN1@DF_QNA(1.1),Q,Y,USA,S1,S1,P6,_Z,_Z,_Z,XDC,V,N,T0102,1973-Q2,22980.8,,,F,1,A,6,USD
OECD.SDD.NAD:DSD_NAMAIN1@DF_QNA(1.1),Q,Y,USA,S1,S1,P6,_Z,_Z,_Z,XDC,V,N,T0102,2001-Q2,264503.3,,,F,1,A,6,USD
OECD.SDD.NAD:DSD_NAMAIN1@DF_QNA(1.1),Q,Y,USA,S1,S1,P6,_Z,_Z,_Z,XDC,V,N,T0102,1992-Q3,159841.3,,,F,1,A,6,USD
OECD.SDD.NAD:DSD_NAMAIN1@DF_QNA(1.1),Q,Y,USA,S1,S1,P6,_Z,_Z,_Z,XDC,V,N,T0102,1992-Q4,160349,,,F,1,A,6,USD
OECD.SDD.NAD:DSD_NAMAIN1@DF_QNA(1.1),Q,Y,USA,S1,S1,P6,_Z,_Z,_Z,XDC,V,N,T0102,1993-Q1,160901.5,,,F,1,A,6,USD
OECD.SDD.NAD:DSD_NAMAIN1@DF_QNA(1.1),Q,Y,USA,S1,S1,P6,_Z,_Z,_Z,XDC,V,N,T0102,1993-Q2,163273.5,,,F,1,A,6,USD
OECD.SDD.NAD:DSD_NAMAIN1@DF_QNA(1.1),Q,Y,USA,S1,S1,P6,_Z,_Z,_Z,XDC,V,N,T0102,1973-Q4,26905,,,F,1,A,6,USD
OECD.SDD.NAD:DSD_NAMAIN1@DF_QNA(1.1),Q,Y,USA,S1,S1,P6,_Z,_Z,_Z,XDC,V,N,T0102,1974-Q1,29177.3,,,F,1,A,6,USD
OECD.SDD.NAD:DSD_NAMAIN1@DF_QNA(1.1),Q,Y,USA,S1,S1,P6,_Z,_Z,_Z,XDC,V,N,T0102,2026-Q1,877175.8,,,F,1,A,6,USD
OECD.SDD.NAD:DSD_NAMAIN1@DF_QNA(1.1),Q,Y,USA,S1,S1,P6,_Z,_Z,_Z,XDC,V,N,T0102,2026-Q2,938066.3,,,F,1,A,6,USD
OECD.SDD.NAD:DSD_NAMAIN1@DF_QNA(1.1),Q,Y,USA,S1,S1,P6,_Z,_Z,_Z,XDC,V,N,T0102,1996-Q1,211985,,,F,1,A,6,USD
OECD.SDD.NAD:DSD_NAMAIN1@DF_QNA(1.1),Q,Y,USA,S1,S1,P6,_Z,_Z,_Z,XDC,V,N,T0102,2017-Q4,619776.8,,,F,1,A,6,USD
OECD.SDD.NAD:DSD_NAMAIN1@DF_QNA(1.1),Q,Y,USA,S1,S1,P6,_Z,_Z,_Z,XDC,V,N,T0102,2018-Q1,629317,,,F,1,A,6,USD
OECD.SDD.NAD:DSD_NAMAIN1@DF_QNA(1.1),Q,Y,USA,S1,S1,P6,_Z,_Z,_Z,XDC,V,N,T0102,2019-Q1,635061,,,F,1,A,6,USD
OECD.SDD.NAD:DSD_NAMAIN1@DF_QNA(1.1),Q,Y,USA,S1,S1,P6,_Z,_Z,_Z,XDC,V,N,T0102,2021-Q2,630703.8,,,F,1,A,6,USD
OECD.SDD.NAD:DSD_NAMAIN1@DF_QNA(1.1),Q,Y,USA,S1,S1,P6,_Z,_Z,_Z,XDC,V,N,T0102,2021-Q3,645335.3,,,F,1,A,6,USD
OECD.SDD.NAD:DSD_NAMAIN1@DF_QNA(1.1),Q,Y,USA,S1,S1,P6,_Z,_Z,_Z,XDC,V,N,T0102,2021-Q4,694399.3,,,F,1,A,6,USD
OECD.SDD.NAD:DSD_NAMAIN1@DF_QNA(1.1),Q,Y,USA,S1,S1,P6,_Z,_Z,_Z,XDC,V,N,T0102,2022-Q1,716306.5,,,F,1,A,6,USD
OECD.SDD.NAD:DSD_NAMAIN1@DF_QNA(1.1),Q,Y,USA,S1,S1,P6,_Z,_Z,_Z,XDC,V,N,T0102,2022-Q2,773433.5,,,F,1,A,6,USD
OECD.SDD.NAD:DSD_NAMAIN1@DF_QNA(1.1),Q,Y,USA,S1,S1,P6,_Z,_Z,_Z,XDC,V,N,T0102,2022-Q3,782268.8,,,F,1,A,6,USD
OECD.SDD.NAD:DSD_NAMAIN1@DF_QNA(1.1),Q,Y,USA,S1,S1,P6,_Z,_Z,_Z,XDC,V,N,T0102,2022-Q4,764421,,,F,1,A,6,USD
OECD.SDD.NAD:DSD_NAMAIN1@DF_QNA(1.1),Q,Y,USA,S1,S1,P6,_Z,_Z,_Z,XDC,V,N,T0102,2006-Q3,368854.3,,,F,1,A,6,USD
OECD.SDD.NAD:DSD_NAMAIN1@DF_QNA(1.1),Q,Y,USA,S1,S1,P6,_Z,_Z,_Z,XDC,V,N,T0102,2006-Q4,382882.8,,,F,1,A,6,USD
OECD.SDD.NAD:DSD_NAMAIN1@DF_QNA(1.1),Q,Y,USA,S1,S1,P6,_Z,_Z,_Z,XDC,V,N,T0102,1994-Q3,184220.8,,,F,1,A,6,USD
OECD.SDD.NAD:DSD_NAMAIN1@DF_QNA(1.1),Q,Y,USA,S1,S1,P6,_Z,_Z,_Z,XDC,V,N,T0102,2008-Q1,453330.3,,,F,1,A,6,USD
OECD.SDD.NAD:DSD_NAMAIN1@DF_QNA(1.1),Q,Y,USA,S1,S1,P6,_Z,_Z,_Z,XDC,V,N,T0102,1990-Q3,138787.3,,,F,1,A,6,USD
OECD.SDD.NAD:DSD_NAMAIN1@DF_QNA(1.1),Q,Y,USA,S1,S1,P6,_Z,_Z,_Z,XDC,V,N,T0102,1965-Q3,9387.8,,,F,1,A,6,USD
OECD.SDD.NAD:DSD_NAMAIN1@DF_QNA(1.1),Q,Y,USA,S1,S1,P6,_Z,_Z,_Z,XDC,V,N,T0102,1965-Q4,9924.5,,,F,1,A,6,USD
OECD.SDD.NAD:DSD_NAMAIN1@DF_QNA(1.1),Q,Y,USA,S1,S1,P6,_Z,_Z,_Z,XDC,V,N,T0102,1966-Q1,9839,,,F,1,A,6,USD
OECD.SDD.NAD:DSD_NAMAIN1@DF_QNA(1.1),Q,Y,USA,S1,S1,P6,_Z,_Z,_Z,XDC,V,N,T0102,1966-Q2,10218,,,F,1,A,6,USD
OECD.SDD.NAD:DSD_NAMAIN1@DF_QNA(1.1),Q,Y,USA,S1,S1,P6,_Z,_Z,_Z,XDC,V,N,T0102,1966-Q3,10214.3,,,F,1,A,6,USD
OECD.SDD.NAD:DSD_NAMAIN1@DF_QNA(1.1),Q,Y,USA,S1,S1,P6,_Z,_Z,_Z,XDC,V,N,T0102,1966-Q4,10648.5,,,F,1,A,6,USD
OECD.SDD.NAD:DSD_NAMAIN1@DF_QNA(1.1),Q,Y,USA,S1,S1,P6,_Z,_Z,_Z,XDC,V,N,T0102,1967-Q1,10971.5,,,F,1,A,6,USD
OECD.SDD.NAD:DSD_NAMAIN1@DF_QNA(1.1),Q,Y,USA,S1,S1,P6,_Z,_Z,_Z,XDC,V,N,T0102,1967-Q2,10809.8,,,F,1,A,6,USD
OECD.SDD.NAD:DSD_NAMAIN1@DF_QNA(1.1),Q,Y,USA,S1,S1,P6,_Z,_Z,_Z,XDC,V,N,T0102,1967-Q3,10711.3,,,F,1,A,6,USD
OECD.SDD.NAD:DSD_NAMAIN1@DF_QNA(1.1),Q,Y,USA,S1,S1,P6,_Z,_Z,_Z,XDC,V,N,T0102,1967-Q4,10974,,,F,1,A,6,USD
OECD.SDD.NAD:DSD_NAMAIN1@DF_QNA(1.1),Q,Y,USA,S1,S1,P6,_Z,_Z,_Z,XDC,V,N,T0102,1968-Q1,11363,,,F,1,A,6,USD
OECD.SDD.NAD:DSD_NAMAIN1@DF_QNA(1.1),Q,Y,USA,S1,S1,P6,_Z,_Z,_Z,XDC,V,N,T0102,1968-Q2,11791.3,,,F,1,A,6,USD
OECD.SDD.NAD:DSD_NAMAIN1@DF_QNA(1.1),Q,Y,USA,S1,S1,P6,_Z,_Z,_Z,XDC,V,N,T0102,1968-Q3,12472.8,,,F,1,A,6,USD
OECD.SDD.NAD:DSD_NAMAIN1@DF_QNA(1.1),Q,Y,USA,S1,S1,P6,_Z,_Z,_Z,XDC,V,N,T0102,1968-Q4,12279,,,F,1,A,6,USD
OECD.SDD.NAD:DSD_NAMAIN1@DF_QNA(1.1),Q,Y,USA,S1,S1,P6,_Z,_Z,_Z,XDC,V,N,T0102,1949-Q1,4020.5,,,F,1,A,6,USD
OECD.SDD.NAD:DSD_NAMAIN1@DF_QNA(1.1),Q,Y,USA,S1,S1,P6,_Z,_Z,_Z,XDC,V,N,T0102,1949-Q2,3911.8,,,F,1,A,6,USD
OECD.SDD.NAD:DSD_NAMAIN1@DF_QNA(1.1),Q,Y,USA,S1,S1,P6,_Z,_Z,_Z,XDC,V,N,T0102,1949-Q3,3528.8,,,F,1,A,6,USD
OECD.SDD.NAD:DSD_NAMAIN1@DF_QNA(1.1),Q,Y,USA,S1,S1,P6,_Z,_Z,_Z,XDC,V,N,T0102,1949-Q4,3022.8,,,F,1,A,6,USD
OECD.SDD.NAD:DSD_NAMAIN1@DF_QNA(1.1),Q,Y,USA,S1,S1,P6,_Z,_Z,_Z,XDC,V,N,T0102,1950-Q1,2926,,,F,1,A,6,USD
OECD.SDD.NAD:DSD_NAMAIN1@DF_QNA(1.1),Q,Y,USA,S1,S1,P6,_Z,_Z,_Z,XDC,V,N,T0102,1950-Q2,2968,,,F,1,A,6,USD
OECD.SDD.NAD:DSD_NAMAIN1@DF_QNA(1.1),Q,Y,USA,S1,S1,P6,_Z,_Z,_Z,XDC,V,N,T0102,1950-Q3,3073.3,,,F,1,A,6,USD
OECD.SDD.NAD:DSD_NAMAIN1@DF_QNA(1.1),Q,Y,USA,S1,S1,P6,_Z,_Z,_Z,XDC,V,N,T0102,1950-Q4,3382.8,,,F,1,A,6,USD
OECD.SDD.NAD:DSD_NAMAIN1@DF_QNA(1.1),Q,Y,USA,S1,S1,P6,_Z,_Z,_Z,XDC,V,N,T0102,1951-Q1,3760.8,,,F,1,A,6,USD
OECD.SDD.NAD:DSD_NAMAIN1@DF_QNA(1.1),Q,Y,USA,S1,S1,P6,_Z,_Z,_Z,XDC,V,N,T0102,1951-Q2,4280.3,,,F,1,A,6,USD
OECD.SDD.NAD:DSD_NAMAIN1@DF_QNA(1.1),Q,Y,USA,S1,S1,P6,_Z,_Z,_Z,XDC,V,N,T0102,1951-Q3,4513,,,F,1,A,6,USD
OECD.SDD.NAD:DSD_NAMAIN1@DF_QNA(1.1),Q,Y,USA,S1,S1,P6,_Z,_Z,_Z,XDC,V,N,T0102,1951-Q4,4545,,,F,1,A,6,USD
OECD.SDD.NAD:DSD_NAMAIN1@DF_QNA(1.1),Q,Y,USA,S1,S1,P6,_Z,_Z,_Z,XDC,V,N,T0102,2009-Q2,380273.3,,,F,1,A,6,USD
OECD.SDD.NAD:DSD_NAMAIN1@DF_QNA(1.1),Q,Y,USA,S1,S1,P6,_Z,_Z,_Z,XDC,V,N,T0102,2018-Q2,640543,,,F,1,A,6,USD
OECD.SDD.NAD:DSD_NAMAIN1@DF_QNA(1.1),Q,Y,USA,S1,S1,P6,_Z,_Z,_Z,XDC,V,N,T0102,2024-Q1,791025.3,,,F,1,A,6,USD
OECD.SDD.NAD:DSD_NAMAIN1@DF_QNA(1.1),Q,Y,USA,S1,S1,P6,_Z,_Z,_Z,XDC,V,N,T0102,2024-Q2,798158,,,F,1,A,6,USD
OECD.SDD.NAD:DSD_NAMAIN1@DF_QNA(1.1),Q,Y,USA,S1,S1,P6,_Z,_Z,_Z,XDC,V,N,T0102,2024-Q3,814121.5,,,F,1,A,6,USD
OECD.SDD.NAD:DSD_NAMAIN1@DF_QNA(1.1),Q,Y,USA,S1,S1,P6,_Z,_Z,_Z,XDC,V,N,T0102,2024-Q4,812063.8,,,F,1,A,6,USD
OECD.SDD.NAD:DSD_NAMAIN1@DF_QNA(1.1),Q,Y,USA,S1,S1,P6,_Z,_Z,_Z,XDC,V,N,T0102,2025-Q1,823415.3,,,F,1,A,6,USD
OECD.SDD.NAD:DSD_NAMAIN1@DF_QNA(1.1),Q,Y,USA,S1,S1,P6,_Z,_Z,_Z,XDC,V,N,T0102,1979-Q4,63416,,,F,1,A,6,USD
OECD.SDD.NAD:DSD_NAMAIN1@DF_QNA(1.1),Q,Y,USA,S1,S1,P6,_Z,_Z,_Z,XDC,V,N,T0102,1980-Q1,67127,,,F,1,A,6,USD
OECD.SDD.NAD:DSD_NAMAIN1@DF_QNA(1.1),Q,Y,USA,S1,S1,P6,_Z,_Z,_Z,XDC,V,N,T0102,1980-Q2,69347.3,,,F,1,A,6,USD
OECD.SDD.NAD:DSD_NAMAIN1@DF_QNA(1.1),Q,Y,USA,S1,S1,P6,_Z,_Z,_Z,XDC,V,N,T0102,1980-Q3,71168.3,,,F,1,A,6,USD
OECD.SDD.NAD:DSD_NAMAIN1@DF_QNA(1.1),Q,Y,USA,S1,S1,P6,_Z,_Z,_Z,XDC,V,N,T0102,1980-Q4,73129.3,,,F,1,A,6,USD
OECD.SDD.NAD:DSD_NAMAIN1@DF_QNA(1.1),Q,Y,USA,S1,S1,P6,_Z,_Z,_Z,XDC,V,N,T0102,1981-Q1,76366.8,,,F,1,A,6,USD
OECD.SDD.NAD:DSD_NAMAIN1@DF_QNA(1.1),Q,Y,USA,S1,S1,P6,_Z,_Z,_Z,XDC,V,N,T0102,1981-Q2,77113.8,,,F,1,A,6,USD
OECD.SDD.NAD:DSD_NAMAIN1@DF_QNA(1.1),Q,Y,USA,S1,S1,P6,_Z,_Z,_Z,XDC,V,N,T0102,1981-Q3,75584.8,,,F,1,A,6,USD
OECD.SDD.NAD:DSD_NAMAIN1@DF_QNA(1.1),Q,Y,USA,S1,S1,P6,_Z,_Z,_Z,XDC,V,N,T0102,1981-Q4,76173.8,,,F,1,A,6,USD
OECD.SDD.NAD:DSD_NAMAIN1@DF_QNA(1.1),Q,Y,USA,S1,S1,P6,_Z,_Z,_Z,XDC,V,N,T0102,1982-Q1,73300.5,,,F,1,A,6,USD
OECD.SDD.NAD:DSD_NAMAIN1@DF_QNA(1.1),Q,Y,USA,S1,S1,P6,_Z,_Z,_Z,XDC,V,N,T0102,1982-Q2,73682.3,,,F,1,A,6,USD
OECD.SDD.NAD:DSD_NAMAIN1@DF_QNA(1.1),Q,Y,USA,S1,S1,P6,_Z,_Z,_Z,XDC,V,N,T0102,1982-Q3,69908.5,,,F,1,A,6,USD
OECD.SDD.NAD:DSD_NAMAIN1@DF_QNA(1.1),Q,Y,USA,S1,S1,P6,_Z,_Z,_Z,XDC,V,N,T0102,1982-Q4,66318.5,,,F,1,A,6,USD
OECD.SDD.NAD:DSD_NAMAIN1@DF_QNA(1.1),Q,Y,USA,S1,S1,P6,_Z,_Z,_Z,XDC,V,N,T0102,1983-Q1,67675.8,,,F,1,A,6,USD
OECD.SDD.NAD:DSD_NAMAIN1@DF_QNA(1.1),Q,Y,USA,S1,S1,P6,_Z,_Z,_Z,XDC,V,N,T0102,1983-Q2,68128.5,,,F,1,A,6,USD
OECD.SDD.NAD:DSD_NAMAIN1@DF_QNA(1.1),Q,Y,USA,S1,S1,P6,_Z,_Z,_Z,XDC,V,N,T0102,1983-Q3,69545.3,,,F,1,A,6,USD
OECD.SDD.NAD:DSD_NAMAIN1@DF_QNA(1.1),Q,Y,USA,S1,S1,P6,_Z,_Z,_Z,XDC,V,N,T0102,1983-Q4,71646.8,,,F,1,A,6,USD
OECD.SDD.NAD:DSD_NAMAIN1@DF_QNA(1.1),Q,Y,USA,S1,S1,P6,_Z,_Z,_Z,XDC,V,N,T0102,1984-Q1,73243.8,,,F,1,A,6,USD
OECD.SDD.NAD:DSD_NAMAIN1@DF_QNA(1.1),Q,Y,USA,S1,S1,P6,_Z,_Z,_Z,XDC,V,N,T0102,1984-Q2,75550,,,F,1,A,6,USD
OECD.SDD.NAD:DSD_NAMAIN1@DF_QNA(1.1),Q,Y,USA,S1,S1,P6,_Z,_Z,_Z,XDC,V,N,T0102,1984-Q3,76436,,,F,1,A,6,USD
OECD.SDD.NAD:DSD_NAMAIN1@DF_QNA(1.1),Q,Y,USA,S1,S1,P6,_Z,_Z,_Z,XDC,V,N,T0102,1984-Q4,77150.8,,,F,1,A,6,USD
OECD.SDD.NAD:DSD_NAMAIN1@DF_QNA(1.1),Q,Y,USA,S1,S1,P6,_Z,_Z,_Z,XDC,V,N,T0102,1985-Q1,76502.5,,,F,1,A,6,USD
OECD.SDD.NAD:DSD_NAMAIN1@DF_QNA(1.1),Q,Y,USA,S1,S1,P6,_Z,_Z,_Z,XDC,V,N,T0102,1985-Q2,76031.5,,,F,1,A,6,USD
OECD.SDD.NAD:DSD_NAMAIN1@DF_QNA(1.1),Q,Y,USA,S1,S1,P6,_Z,_Z,_Z,XDC,V,N,T0102,1985-Q3,74318.3,,,F,1,A,6,USD
OECD.SDD.NAD:DSD_NAMAIN1@DF_QNA(1.1),Q,Y,USA,S1,S1,P6,_Z,_Z,_Z,XDC,V,N,T0102,1985-Q4,76358.3,,,F,1,A,6,USD
OECD.SDD.NAD:DSD_NAMAIN1@DF_QNA(1.1),Q,Y,USA,S1,S1,P6,_Z,_Z,_Z,XDC,V,N,T0102,1986-Q1,78351,,,F,1,A,6,USD
OECD.SDD.NAD:DSD_NAMAIN1@DF_QNA(1.1),Q,Y,USA,S1,S1,P6,_Z,_Z,_Z,XDC,V,N,T0102,1986-Q2,78779.8,,,F,1,A,6,USD
OECD.SDD.NAD:DSD_NAMAIN1@DF_QNA(1.1),Q,Y,USA,S1,S1,P6,_Z,_Z,_Z,XDC,V,N,T0102,1986-Q3,80117.8,,,F,1,A,6,USD
OECD.SDD.NAD:DSD_NAMAIN1@DF_QNA(1.1),Q,Y,USA,S1,S1,P6,_Z,_Z,_Z,XDC,V,N,T0102,1986-Q4,83749.8,,,F,1,A,6,USD
OECD.SDD.NAD:DSD_NAMAIN1@DF_QNA(1.1),Q,Y,AUS,S1,S1,B1GQ,_Z,_Z,_Z,XDC,V,N,T0102,2023-Q4,666922,,,F,1,A,6,AUD
OECD.SDD.NAD:DSD_NAMAIN1@DF_QNA(1.1),Q,Y,CAN,S1,S1,P6,_Z,_Z,_Z,XDC,V,N,T0102,1975-Q1,9437,,,F,1,A,6,CAD
OECD.SDD.NAD:DSD_NAMAIN1@DF_QNA(1.1),Q,Y,CHE,S1,S1,P6,_Z,_Z,_Z,XDC,V,N,T0102,1996-Q2,41822.6,,,F,1,A,6,CHF
OECD.SDD.NAD:DSD_NAMAIN1@DF_QNA(1.1),Q,Y,ITA,S1,S1,B1GQ,_Z,_Z,_Z,XDC,V,N,T0102,2022-Q4,510584.5,,,F,1,A,6,EUR
OECD.SDD.NAD:DSD_NAMAIN1@DF_QNA(1.1),Q,Y,GBR,S1,S1,P6,_Z,_Z,_Z,XDC,V,N,T0102,1983-Q2,20399,,,F,1,A,6,GBP
OECD.SDD.NAD:DSD_NAMAIN1@DF_QNA(1.1),Q,Y,JPN,S1,S1,P6,_Z,_Z,_Z,XDC,V,N,T0102,2003-Q2,14729075,,,F,1,A,6,JPY
OECD.SDD.NAD:DSD_NAMAIN1@DF_QNA(1.1),Q,Y,USA,S1,S1,P6,_Z,_Z,_Z,XDC,V,N,T0102,1987-Q1,84112.8,,,F,1,A,6,USD
