"seed","n","draw","index"
0,1,1,0
0,1,2,0
0,1,3,0
0,1,4,0
0,1,5,0
0,1,6,0
0,1,7,0
0,1,8,0
0,1,9,0
0,1,10,0
0,1,11,0
0,1,12,0
0,1,13,0
0,1,14,0
0,1,15,0
0,1,16,0
0,1,17,0
0,1,18,0
0,1,19,0
0,1,20,0
0,1,21,0
0,1,22,0
0,1,23,0
0,1,24,0
0,1,25,0
0,1,26,0
0,1,27,0
0,1,28,0
0,1,29,0
0,1,30,0
0,1,31,0
0,1,32,0
0,1,33,0
0,1,34,0
0,1,35,0
0,1,36,0
0,1,37,0
0,1,38,0
0,1,39,0
0,1,40,0
0,1,41,0
0,1,42,0
0,1,43,0
0,1,44,0
0,1,45,0
0,1,46,0
0,1,47,0
0,1,48,0
0,1,49,0
0,1,50,0
0,1,51,0
0,1,52,0
0,1,53,0
0,1,54,0
0,1,55,0
0,1,56,0
0,1,57,0
0,1,58,0
0,1,59,0
0,1,60,0
0,1,61,0
0,1,62,0
0,1,63,0
0,1,64,0
0,1,65,0
0,1,66,0
0,1,67,0
0,1,68,0
0,1,69,0
0,1,70,0
0,1,71,0
0,1,72,0
0,1,73,0
0,1,74,0
0,1,75,0
0,1,76,0
0,1,77,0
0,1,78,0
0,1,79,0
0,1,80,0
0,1,81,0
0,1,82,0
0,1,83,0
0,1,84,0
0,1,85,0
0,1,86,0
0,1,87,0
0,1,88,0
0,1,89,0
0,1,90,0
0,1,91,0
0,1,92,0
0,1,93,0
0,1,94,0
0,1,95,0
0,1,96,0
0,1,97,0
0,1,98,0
0,1,99,0
0,1,100,0
0,1,101,0
0,1,102,0
0,1,103,0
0,1,104,0
0,1,105,0
0,1,106,0
0,1,107,0
0,1,108,0
0,1,109,0
0,1,110,0
0,1,111,0
0,1,112,0
0,1,113,0
0,1,114,0
0,1,115,0
0,1,116,0
0,1,117,0
0,1,118,0
0,1,119,0
0,1,120,0
0,1,121,0
0,1,122,0
0,1,123,0
0,1,124,0
0,1,125,0
0,1,126,0
0,1,127,0
0,1,128,0
0,1,129,0
0,1,130,0
0,1,131,0
0,1,132,0
0,1,133,0
0,1,134,0
0,1,135,0
0,1,136,0
0,1,137,0
0,1,138,0
0,1,139,0
0,1,140,0
0,1,141,0
0,1,142,0
0,1,143,0
0,1,144,0
0,1,145,0
0,1,146,0
0,1,147,0
0,1,148,0
0,1,149,0
0,1,150,0
0,1,151,0
0,1,152,0
0,1,153,0
0,1,154,0
0,1,155,0
0,1,156,0
0,1,157,0
0,1,158,0
0,1,159,0
0,1,160,0
0,1,161,0
0,1,162,0
0,1,163,0
0,1,164,0
0,1,165,0
0,1,166,0
0,1,167,0
0,1,168,0
0,1,169,0
0,1,170,0
0,1,171,0
0,1,172,0
0,1,173,0
0,1,174,0
0,1,175,0
0,1,176,0
0,1,177,0
0,1,178,0
0,1,179,0
0,1,180,0
0,1,181,0
0,1,182,0
0,1,183,0
0,1,184,0
0,1,185,0
0,1,186,0
0,1,187,0
0,1,188,0
0,1,189,0
0,1,190,0
0,1,191,0
0,1,192,0
0,1,193,0
0,1,194,0
0,1,195,0
0,1,196,0
0,1,197,0
0,1,198,0
0,1,199,0
0,1,200,0
0,1,201,0
0,1,202,0
0,1,203,0
0,1,204,0
0,1,205,0
0,1,206,0
0,1,207,0
0,1,208,0
0,1,209,0
0,1,210,0
0,1,211,0
0,1,212,0
0,1,213,0
0,1,214,0
0,1,215,0
0,1,216,0
0,1,217,0
0,1,218,0
0,1,219,0
0,1,220,0
0,1,221,0
0,1,222,0
0,1,223,0
0,1,224,0
0,1,225,0
0,1,226,0
0,1,227,0
0,1,228,0
0,1,229,0
0,1,230,0
0,1,231,0
0,1,232,0
0,1,233,0
0,1,234,0
0,1,235,0
0,1,236,0
0,1,237,0
0,1,238,0
0,1,239,0
0,1,240,0
0,1,241,0
0,1,242,0
0,1,243,0
0,1,244,0
0,1,245,0
0,1,246,0
0,1,247,0
0,1,248,0
0,1,249,0
0,1,250,0
0,1,251,0
0,1,252,0
0,1,253,0
0,1,254,0
0,1,255,0
0,1,256,0
0,1,257,0
0,1,258,0
0,1,259,0
0,1,260,0
0,1,261,0
0,1,262,0
0,1,263,0
0,1,264,0
0,1,265,0
0,1,266,0
0,1,267,0
0,1,268,0
0,1,269,0
0,1,270,0
0,1,271,0
0,1,272,0
0,1,273,0
0,1,274,0
0,1,275,0
0,1,276,0
0,1,277,0
0,1,278,0
0,1,279,0
0,1,280,0
0,1,281,0
0,1,282,0
0,1,283,0
0,1,284,0
0,1,285,0
0,1,286,0
0,1,287,0
0,1,288,0
0,1,289,0
0,1,290,0
0,1,291,0
0,1,292,0
0,1,293,0
0,1,294,0
0,1,295,0
0,1,296,0
0,1,297,0
0,1,298,0
0,1,299,0
0,1,300,0
0,1,301,0
0,1,302,0
0,1,303,0
0,1,304,0
0,1,305,0
0,1,306,0
0,1,307,0
0,1,308,0
0,1,309,0
0,1,310,0
0,1,311,0
0,1,312,0
0,1,313,0
0,1,314,0
0,1,315,0
0,1,316,0
0,1,317,0
0,1,318,0
0,1,319,0
0,1,320,0
0,1,321,0
0,1,322,0
0,1,323,0
0,1,324,0
0,1,325,0
0,1,326,0
0,1,327,0
0,1,328,0
0,1,329,0
0,1,330,0
0,1,331,0
0,1,332,0
0,1,333,0
0,1,334,0
0,1,335,0
0,1,336,0
0,1,337,0
0,1,338,0
0,1,339,0
0,1,340,0
0,1,341,0
0,1,342,0
0,1,343,0
0,1,344,0
0,1,345,0
0,1,346,0
0,1,347,0
0,1,348,0
0,1,349,0
0,1,350,0
0,1,351,0
0,1,352,0
0,1,353,0
0,1,354,0
0,1,355,0
0,1,356,0
0,1,357,0
0,1,358,0
0,1,359,0
0,1,360,0
0,1,361,0
0,1,362,0
0,1,363,0
0,1,364,0
0,1,365,0
0,1,366,0
0,1,367,0
0,1,368,0
0,1,369,0
0,1,370,0
0,1,371,0
0,1,372,0
0,1,373,0
0,1,374,0
0,1,375,0
0,1,376,0
0,1,377,0
0,1,378,0
0,1,379,0
0,1,380,0
0,1,381,0
0,1,382,0
0,1,383,0
0,1,384,0
0,1,385,0
0,1,386,0
0,1,387,0
0,1,388,0
0,1,389,0
0,1,390,0
0,1,391,0
0,1,392,0
0,1,393,0
0,1,394,0
0,1,395,0
0,1,396,0
0,1,397,0
0,1,398,0
0,1,399,0
0,1,400,0
0,1,401,0
0,1,402,0
0,1,403,0
0,1,404,0
0,1,405,0
0,1,406,0
0,1,407,0
0,1,408,0
0,1,409,0
0,1,410,0
0,1,411,0
0,1,412,0
0,1,413,0
0,1,414,0
0,1,415,0
0,1,416,0
0,1,417,0
0,1,418,0
0,1,419,0
0,1,420,0
0,1,421,0
0,1,422,0
0,1,423,0
0,1,424,0
0,1,425,0
0,1,426,0
0,1,427,0
0,1,428,0
0,1,429,0
0,1,430,0
0,1,431,0
0,1,432,0
0,1,433,0
0,1,434,0
0,1,435,0
0,1,436,0
0,1,437,0
0,1,438,0
0,1,439,0
0,1,440,0
0,1,441,0
0,1,442,0
0,1,443,0
0,1,444,0
0,1,445,0
0,1,446,0
0,1,447,0
0,1,448,0
0,1,449,0
0,1,450,0
0,1,451,0
0,1,452,0
0,1,453,0
0,1,454,0
0,1,455,0
0,1,456,0
0,1,457,0
0,1,458,0
0,1,459,0
0,1,460,0
0,1,461,0
0,1,462,0
0,1,463,0
0,1,464,0
0,1,465,0
0,1,466,0
0,1,467,0
0,1,468,0
0,1,469,0
0,1,470,0
0,1,471,0
0,1,472,0
0,1,473,0
0,1,474,0
0,1,475,0
0,1,476,0
0,1,477,0
0,1,478,0
0,1,479,0
0,1,480,0
0,1,481,0
0,1,482,0
0,1,483,0
0,1,484,0
0,1,485,0
0,1,486,0
0,1,487,0
0,1,488,0
0,1,489,0
0,1,490,0
0,1,491,0
0,1,492,0
0,1,493,0
0,1,494,0
0,1,495,0
0,1,496,0
0,1,497,0
0,1,498,0
0,1,499,0
0,1,500,0
0,1,501,0
0,1,502,0
0,1,503,0
0,1,504,0
0,1,505,0
0,1,506,0
0,1,507,0
0,1,508,0
0,1,509,0
0,1,510,0
0,1,511,0
0,1,512,0
0,1,513,0
0,1,514,0
0,1,515,0
0,1,516,0
0,1,517,0
0,1,518,0
0,1,519,0
0,1,520,0
0,1,521,0
0,1,522,0
0,1,523,0
0,1,524,0
0,1,525,0
0,1,526,0
0,1,527,0
0,1,528,0
0,1,529,0
0,1,530,0
0,1,531,0
0,1,532,0
0,1,533,0
0,1,534,0
0,1,535,0
0,1,536,0
0,1,537,0
0,1,538,0
0,1,539,0
0,1,540,0
0,1,541,0
0,1,542,0
0,1,543,0
0,1,544,0
0,1,545,0
0,1,546,0
0,1,547,0
0,1,548,0
0,1,549,0
0,1,550,0
0,1,551,0
0,1,552,0
0,1,553,0
0,1,554,0
0,1,555,0
0,1,556,0
0,1,557,0
0,1,558,0
0,1,559,0
0,1,560,0
0,1,561,0
0,1,562,0
0,1,563,0
0,1,564,0
0,1,565,0
0,1,566,0
0,1,567,0
0,1,568,0
0,1,569,0
0,1,570,0
0,1,571,0
0,1,572,0
0,1,573,0
0,1,574,0
0,1,575,0
0,1,576,0
0,1,577,0
0,1,578,0
0,1,579,0
0,1,580,0
0,1,581,0
0,1,582,0
0,1,583,0
0,1,584,0
0,1,585,0
0,1,586,0
0,1,587,0
0,1,588,0
0,1,589,0
0,1,590,0
0,1,591,0
0,1,592,0
0,1,593,0
0,1,594,0
0,1,595,0
0,1,596,0
0,1,597,0
0,1,598,0
0,1,599,0
0,1,600,0
0,1,601,0
0,1,602,0
0,1,603,0
0,1,604,0
0,1,605,0
0,1,606,0
0,1,607,0
0,1,608,0
0,1,609,0
0,1,610,0
0,1,611,0
0,1,612,0
0,1,613,0
0,1,614,0
0,1,615,0
0,1,616,0
0,1,617,0
0,1,618,0
0,1,619,0
0,1,620,0
0,1,621,0
0,1,622,0
0,1,623,0
0,1,624,0
0,1,625,0
0,1,626,0
0,1,627,0
0,1,628,0
0,1,629,0
0,1,630,0
0,1,631,0
0,1,632,0
0,1,633,0
0,1,634,0
0,1,635,0
0,1,636,0
0,1,637,0
0,1,638,0
0,1,639,0
0,1,640,0
0,1,641,0
0,1,642,0
0,1,643,0
0,1,644,0
0,1,645,0
0,1,646,0
0,1,647,0
0,1,648,0
0,1,649,0
0,1,650,0
0,1,651,0
0,1,652,0
0,1,653,0
0,1,654,0
0,1,655,0
0,1,656,0
0,1,657,0
0,1,658,0
0,1,659,0
0,1,660,0
0,1,661,0
0,1,662,0
0,1,663,0
0,1,664,0
0,1,665,0
0,1,666,0
0,1,667,0
0,1,668,0
0,1,669,0
0,1,670,0
0,1,671,0
0,1,672,0
0,1,673,0
0,1,674,0
0,1,675,0
0,1,676,0
0,1,677,0
0,1,678,0
0,1,679,0
0,1,680,0
0,1,681,0
0,1,682,0
0,1,683,0
0,1,684,0
0,1,685,0
0,1,686,0
0,1,687,0
0,1,688,0
0,1,689,0
0,1,690,0
0,1,691,0
0,1,692,0
0,1,693,0
0,1,694,0
0,1,695,0
0,1,696,0
0,1,697,0
0,1,698,0
0,1,699,0
0,1,700,0
0,1,701,0
0,1,702,0
0,1,703,0
0,1,704,0
0,1,705,0
0,1,706,0
0,1,707,0
0,1,708,0
0,1,709,0
0,1,710,0
0,1,711,0
0,1,712,0
0,1,713,0
0,1,714,0
0,1,715,0
0,1,716,0
0,1,717,0
0,1,718,0
0,1,719,0
0,1,720,0
0,1,721,0
0,1,722,0
0,1,723,0
0,1,724,0
0,1,725,0
0,1,726,0
0,1,727,0
0,1,728,0
0,1,729,0
0,1,730,0
0,1,731,0
0,1,732,0
0,1,733,0
0,1,734,0
0,1,735,0
0,1,736,0
0,1,737,0
0,1,738,0
0,1,739,0
0,1,740,0
0,1,741,0
0,1,742,0
0,1,743,0
0,1,744,0
0,1,745,0
0,1,746,0
0,1,747,0
0,1,748,0
0,1,749,0
0,1,750,0
0,1,751,0
0,1,752,0
0,1,753,0
0,1,754,0
0,1,755,0
0,1,756,0
0,1,757,0
0,1,758,0
0,1,759,0
0,1,760,0
0,1,761,0
0,1,762,0
0,1,763,0
0,1,764,0
0,1,765,0
0,1,766,0
0,1,767,0
0,1,768,0
0,1,769,0
0,1,770,0
0,1,771,0
0,1,772,0
0,1,773,0
0,1,774,0
0,1,775,0
0,1,776,0
0,1,777,0
0,1,778,0
0,1,779,0
0,1,780,0
0,1,781,0
0,1,782,0
0,1,783,0
0,1,784,0
0,1,785,0
0,1,786,0
0,1,787,0
0,1,788,0
0,1,789,0
0,1,790,0
0,1,791,0
0,1,792,0
0,1,793,0
0,1,794,0
0,1,795,0
0,1,796,0
0,1,797,0
0,1,798,0
0,1,799,0
0,1,800,0
0,1,801,0
0,1,802,0
0,1,803,0
0,1,804,0
0,1,805,0
0,1,806,0
0,1,807,0
0,1,808,0
0,1,809,0
0,1,810,0
0,1,811,0
0,1,812,0
0,1,813,0
0,1,814,0
0,1,815,0
0,1,816,0
0,1,817,0
0,1,818,0
0,1,819,0
0,1,820,0
0,1,821,0
0,1,822,0
0,1,823,0
0,1,824,0
0,1,825,0
0,1,826,0
0,1,827,0
0,1,828,0
0,1,829,0
0,1,830,0
0,1,831,0
0,1,832,0
0,1,833,0
0,1,834,0
0,1,835,0
0,1,836,0
0,1,837,0
0,1,838,0
0,1,839,0
0,1,840,0
0,1,841,0
0,1,842,0
0,1,843,0
0,1,844,0
0,1,845,0
0,1,846,0
0,1,847,0
0,1,848,0
0,1,849,0
0,1,850,0
0,1,851,0
0,1,852,0
0,1,853,0
0,1,854,0
0,1,855,0
0,1,856,0
0,1,857,0
0,1,858,0
0,1,859,0
0,1,860,0
0,1,861,0
0,1,862,0
0,1,863,0
0,1,864,0
0,1,865,0
0,1,866,0
0,1,867,0
0,1,868,0
0,1,869,0
0,1,870,0
0,1,871,0
0,1,872,0
0,1,873,0
0,1,874,0
0,1,875,0
0,1,876,0
0,1,877,0
0,1,878,0
0,1,879,0
0,1,880,0
0,1,881,0
0,1,882,0
0,1,883,0
0,1,884,0
0,1,885,0
0,1,886,0
0,1,887,0
0,1,888,0
0,1,889,0
0,1,890,0
0,1,891,0
0,1,892,0
0,1,893,0
0,1,894,0
0,1,895,0
0,1,896,0
0,1,897,0
0,1,898,0
0,1,899,0
0,1,900,0
0,1,901,0
0,1,902,0
0,1,903,0
0,1,904,0
0,1,905,0
0,1,906,0
0,1,907,0
0,1,908,0
0,1,909,0
0,1,910,0
0,1,911,0
0,1,912,0
0,1,913,0
0,1,914,0
0,1,915,0
0,1,916,0
0,1,917,0
0,1,918,0
0,1,919,0
0,1,920,0
0,1,921,0
0,1,922,0
0,1,923,0
0,1,924,0
0,1,925,0
0,1,926,0
0,1,927,0
0,1,928,0
0,1,929,0
0,1,930,0
0,1,931,0
0,1,932,0
0,1,933,0
0,1,934,0
0,1,935,0
0,1,936,0
0,1,937,0
0,1,938,0
0,1,939,0
0,1,940,0
0,1,941,0
0,1,942,0
0,1,943,0
0,1,944,0
0,1,945,0
0,1,946,0
0,1,947,0
0,1,948,0
0,1,949,0
0,1,950,0
0,1,951,0
0,1,952,0
0,1,953,0
0,1,954,0
0,1,955,0
0,1,956,0
0,1,957,0
0,1,958,0
0,1,959,0
0,1,960,0
0,1,961,0
0,1,962,0
0,1,963,0
0,1,964,0
0,1,965,0
0,1,966,0
0,1,967,0
0,1,968,0
0,1,969,0
0,1,970,0
0,1,971,0
0,1,972,0
0,1,973,0
0,1,974,0
0,1,975,0
0,1,976,0
0,1,977,0
0,1,978,0
0,1,979,0
0,1,980,0
0,1,981,0
0,1,982,0
0,1,983,0
0,1,984,0
0,1,985,0
0,1,986,0
0,1,987,0
0,1,988,0
0,1,989,0
0,1,990,0
0,1,991,0
0,1,992,0
0,1,993,0
0,1,994,0
0,1,995,0
0,1,996,0
0,1,997,0
0,1,998,0
0,1,999,0
0,1,1000,0
0,45,1,13
0,45,2,3
0,45,3,38
0,45,4,0
0,45,5,33
0,45,6,22
0,45,7,42
0,45,8,13
0,45,9,17
0,45,10,32
0,45,11,20
0,45,12,20
0,45,13,41
0,45,14,9
0,45,15,6
0,45,16,8
0,45,17,14
0,45,18,20
0,45,19,36
0,45,20,40
0,45,21,24
0,45,22,36
0,45,23,36
0,45,24,33
0,45,25,41
0,45,26,24
0,45,27,43
0,45,28,14
0,45,29,32
0,45,30,19
0,45,31,34
0,45,32,5
0,45,33,9
0,45,34,41
0,45,35,37
0,45,36,19
0,45,37,27
0,45,38,19
0,45,39,43
0,45,40,22
0,45,41,5
0,45,42,39
0,45,43,43
0,45,44,24
0,45,45,5
0,45,46,38
0,45,47,41
0,45,48,5
0,45,49,23
0,45,50,31
0,45,51,13
0,45,52,1
0,45,53,44
0,45,54,17
0,45,55,21
0,45,56,13
0,45,57,37
0,45,58,0
0,45,59,39
0,45,60,5
0,45,61,22
0,45,62,43
0,45,63,5
0,45,64,39
0,45,65,38
0,45,66,10
0,45,67,16
0,45,68,35
0,45,69,12
0,45,70,39
0,45,71,24
0,45,72,24
0,45,73,22
0,45,74,19
0,45,75,38
0,45,76,28
0,45,77,12
0,45,78,21
0,45,79,28
0,45,80,27
0,45,81,43
0,45,82,32
0,45,83,44
0,45,84,20
0,45,85,30
0,45,86,37
0,45,87,16
0,45,88,8
0,45,89,38
0,45,90,22
0,45,91,18
0,45,92,25
0,45,93,42
0,45,94,29
0,45,95,41
0,45,96,31
0,45,97,38
0,45,98,28
0,45,99,33
0,45,100,9
0,45,101,0
0,45,102,42
0,45,103,25
0,45,104,14
0,45,105,28
0,45,106,23
0,45,107,41
0,45,108,11
0,45,109,38
0,45,110,23
0,45,111,27
0,45,112,21
0,45,113,39
0,45,114,32
0,45,115,18
0,45,116,25
0,45,117,34
0,45,118,42
0,45,119,0
0,45,120,28
0,45,121,13
0,45,122,21
0,45,123,5
0,45,124,27
0,45,125,40
0,45,126,36
0,45,127,2
0,45,128,21
0,45,129,34
0,45,130,6
0,45,131,34
0,45,132,43
0,45,133,40
0,45,134,26
0,45,135,6
0,45,136,19
0,45,137,23
0,45,138,15
0,45,139,18
0,45,140,35
0,45,141,1
0,45,142,0
0,45,143,43
0,45,144,38
0,45,145,40
0,45,146,12
0,45,147,25
0,45,148,33
0,45,149,1
0,45,150,18
0,45,151,16
0,45,152,33
0,45,153,10
0,45,154,30
0,45,155,34
0,45,156,34
0,45,157,18
0,45,158,44
0,45,159,10
0,45,160,15
0,45,161,39
0,45,162,8
0,45,163,27
0,45,164,23
0,45,165,9
0,45,166,14
0,45,167,2
0,45,168,36
0,45,169,31
0,45,170,36
0,45,171,38
0,45,172,30
0,45,173,36
0,45,174,28
0,45,175,11
0,45,176,13
0,45,177,37
0,45,178,15
0,45,179,14
0,45,180,1
0,45,181,0
0,45,182,2
0,45,183,8
0,45,184,37
0,45,185,16
0,45,186,19
0,45,187,4
0,45,188,40
0,45,189,26
0,45,190,43
0,45,191,30
0,45,192,7
0,45,193,35
0,45,194,40
0,45,195,28
0,45,196,20
0,45,197,0
0,45,198,19
0,45,199,41
0,45,200,41
0,45,201,23
0,45,202,21
0,45,203,37
0,45,204,15
0,45,205,29
0,45,206,28
0,45,207,1
0,45,208,7
0,45,209,13
0,45,210,35
0,45,211,25
0,45,212,39
0,45,213,36
0,45,214,7
0,45,215,6
0,45,216,35
0,45,217,41
0,45,218,35
0,45,219,8
0,45,220,26
0,45,221,40
0,45,222,14
0,45,223,37
0,45,224,5
0,45,225,3
0,45,226,34
0,45,227,34
0,45,228,12
0,45,229,40
0,45,230,6
0,45,231,24
0,45,232,30
0,45,233,36
0,45,234,27
0,45,235,38
0,45,236,27
0,45,237,19
0,45,238,28
0,45,239,41
0,45,240,39
0,45,241,0
0,45,242,27
0,45,243,13
0,45,244,30
0,45,245,11
0,45,246,28
0,45,247,15
0,45,248,43
0,45,249,9
0,45,250,33
0,45,251,25
0,45,252,32
0,45,253,3
0,45,254,21
0,45,255,24
0,45,256,23
0,45,257,36
0,45,258,43
0,45,259,14
0,45,260,13
0,45,261,16
0,45,262,17
0,45,263,32
0,45,264,31
0,45,265,7
0,45,266,41
0,45,267,38
0,45,268,6
0,45,269,26
0,45,270,42
0,45,271,8
0,45,272,19
0,45,273,33
0,45,274,36
0,45,275,28
0,45,276,10
0,45,277,1
0,45,278,2
0,45,279,37
0,45,280,40
0,45,281,14
0,45,282,27
0,45,283,4
0,45,284,27
0,45,285,13
0,45,286,36
0,45,287,42
0,45,288,42
0,45,289,16
0,45,290,0
0,45,291,25
0,45,292,44
0,45,293,32
0,45,294,18
0,45,295,25
0,45,296,22
0,45,297,3
0,45,298,15
0,45,299,26
0,45,300,38
0,45,301,37
0,45,302,15
0,45,303,33
0,45,304,28
0,45,305,44
0,45,306,34
0,45,307,9
0,45,308,5
0,45,309,38
0,45,310,32
0,45,311,22
0,45,312,32
0,45,313,34
0,45,314,10
0,45,315,12
0,45,316,36
0,45,317,25
0,45,318,25
0,45,319,39
0,45,320,33
0,45,321,3
0,45,322,24
0,45,323,37
0,45,324,16
0,45,325,23
0,45,326,8
0,45,327,44
0,45,328,29
0,45,329,8
0,45,330,10
0,45,331,36
0,45,332,31
0,45,333,39
0,45,334,2
0,45,335,18
0,45,336,32
0,45,337,3
0,45,338,12
0,45,339,0
0,45,340,39
0,45,341,4
0,45,342,41
0,45,343,43
0,45,344,34
0,45,345,22
0,45,346,28
0,45,347,34
0,45,348,35
0,45,349,8
0,45,350,34
0,45,351,34
0,45,352,19
0,45,353,21
0,45,354,40
0,45,355,21
0,45,356,18
0,45,357,43
0,45,358,17
0,45,359,43
0,45,360,38
0,45,361,28
0,45,362,26
0,45,363,35
0,45,364,31
0,45,365,30
0,45,366,16
0,45,367,36
0,45,368,24
0,45,369,8
0,45,370,20
0,45,371,20
0,45,372,14
0,45,373,36
0,45,374,23
0,45,375,13
0,45,376,6
0,45,377,26
0,45,378,25
0,45,379,29
0,45,380,44
0,45,381,14
0,45,382,5
0,45,383,33
0,45,384,20
0,45,385,0
0,45,386,16
0,45,387,12
0,45,388,44
0,45,389,25
0,45,390,39
0,45,391,1
0,45,392,40
0,45,393,7
0,45,394,24
0,45,395,30
0,45,396,19
0,45,397,19
0,45,398,4
0,45,399,9
0,45,400,43
0,45,401,19
0,45,402,14
0,45,403,28
0,45,404,1
0,45,405,0
0,45,406,4
0,45,407,24
0,45,408,36
0,45,409,31
0,45,410,39
0,45,411,12
0,45,412,24
0,45,413,3
0,45,414,41
0,45,415,37
0,45,416,4
0,45,417,0
0,45,418,37
0,45,419,12
0,45,420,7
0,45,421,18
0,45,422,27
0,45,423,37
0,45,424,10
0,45,425,7
0,45,426,22
0,45,427,19
0,45,428,4
0,45,429,1
0,45,430,4
0,45,431,11
0,45,432,2
0,45,433,25
0,45,434,13
0,45,435,12
0,45,436,30
0,45,437,33
0,45,438,29
0,45,439,25
0,45,440,44
0,45,441,6
0,45,442,43
0,45,443,42
0,45,444,8
0,45,445,7
0,45,446,21
0,45,447,44
0,45,448,5
0,45,449,26
0,45,450,43
0,45,451,29
0,45,452,9
0,45,453,29
0,45,454,0
0,45,455,5
0,45,456,16
0,45,457,12
0,45,458,25
0,45,459,1
0,45,460,31
0,45,461,35
0,45,462,43
0,45,463,4
0,45,464,22
0,45,465,37
0,45,466,19
0,45,467,27
0,45,468,27
0,45,469,11
0,45,470,34
0,45,471,3
0,45,472,25
0,45,473,12
0,45,474,2
0,45,475,14
0,45,476,33
0,45,477,37
0,45,478,3
0,45,479,25
0,45,480,20
0,45,481,20
0,45,482,28
0,45,483,15
0,45,484,36
0,45,485,23
0,45,486,20
0,45,487,2
0,45,488,25
0,45,489,22
0,45,490,35
0,45,491,21
0,45,492,2
0,45,493,3
0,45,494,35
0,45,495,36
0,45,496,0
0,45,497,36
0,45,498,21
0,45,499,20
0,45,500,26
0,45,501,10
0,45,502,43
0,45,503,10
0,45,504,5
0,45,505,35
0,45,506,5
0,45,507,19
0,45,508,39
0,45,509,32
0,45,510,39
0,45,511,10
0,45,512,10
0,45,513,20
0,45,514,20
0,45,515,16
0,45,516,8
0,45,517,17
0,45,518,30
0,45,519,43
0,45,520,7
0,45,521,22
0,45,522,5
0,45,523,10
0,45,524,36
0,45,525,24
0,45,526,1
0,45,527,38
0,45,528,31
0,45,529,41
0,45,530,39
0,45,531,21
0,45,532,34
0,45,533,10
0,45,534,12
0,45,535,1
0,45,536,39
0,45,537,5
0,45,538,14
0,45,539,40
0,45,540,27
0,45,541,0
0,45,542,1
0,45,543,8
0,45,544,4
0,45,545,26
0,45,546,41
0,45,547,28
0,45,548,1
0,45,549,36
0,45,550,30
0,45,551,13
0,45,552,24
0,45,553,20
0,45,554,22
0,45,555,5
0,45,556,20
0,45,557,4
0,45,558,24
0,45,559,16
0,45,560,32
0,45,561,39
0,45,562,18
0,45,563,16
0,45,564,19
0,45,565,22
0,45,566,19
0,45,567,30
0,45,568,4
0,45,569,26
0,45,570,32
0,45,571,0
0,45,572,28
0,45,573,33
0,45,574,35
0,45,575,19
0,45,576,20
0,45,577,37
0,45,578,23
0,45,579,33
0,45,580,19
0,45,581,2
0,45,582,19
0,45,583,33
0,45,584,14
0,45,585,29
0,45,586,41
0,45,587,12
0,45,588,15
0,45,589,42
0,45,590,35
0,45,591,29
0,45,592,28
0,45,593,27
0,45,594,12
0,45,595,6
0,45,596,17
0,45,597,0
0,45,598,3
0,45,599,4
0,45,600,35
0,45,601,33
0,45,602,25
0,45,603,32
0,45,604,18
0,45,605,16
0,45,606,12
0,45,607,38
0,45,608,35
0,45,609,6
0,45,610,21
0,45,611,8
0,45,612,31
0,45,613,39
0,45,614,32
0,45,615,27
0,45,616,11
0,45,617,29
0,45,618,34
0,45,619,25
0,45,620,2
0,45,621,14
0,45,622,38
0,45,623,22
0,45,624,24
0,45,625,0
0,45,626,27
0,45,627,8
0,45,628,13
0,45,629,30
0,45,630,15
0,45,631,20
0,45,632,43
0,45,633,11
0,45,634,29
0,45,635,21
0,45,636,28
0,45,637,0
0,45,638,11
0,45,639,27
0,45,640,11
0,45,641,24
0,45,642,24
0,45,643,7
0,45,644,30
0,45,645,4
0,45,646,11
0,45,647,29
0,45,648,8
0,45,649,1
0,45,650,8
0,45,651,40
0,45,652,40
0,45,653,42
0,45,654,21
0,45,655,26
0,45,656,41
0,45,657,37
0,45,658,22
0,45,659,33
0,45,660,2
0,45,661,0
0,45,662,1
0,45,663,18
0,45,664,28
0,45,665,4
0,45,666,33
0,45,667,40
0,45,668,11
0,45,669,40
0,45,670,17
0,45,671,33
0,45,672,12
0,45,673,38
0,45,674,3
0,45,675,5
0,45,676,22
0,45,677,44
0,45,678,24
0,45,679,15
0,45,680,21
0,45,681,25
0,45,682,39
0,45,683,13
0,45,684,5
0,45,685,7
0,45,686,20
0,45,687,23
0,45,688,2
0,45,689,39
0,45,690,36
0,45,691,13
0,45,692,26
0,45,693,12
0,45,694,18
0,45,695,2
0,45,696,28
0,45,697,4
0,45,698,44
0,45,699,24
0,45,700,30
0,45,701,13
0,45,702,35
0,45,703,19
0,45,704,30
0,45,705,12
0,45,706,2
0,45,707,39
0,45,708,23
0,45,709,28
0,45,710,9
0,45,711,12
0,45,712,41
0,45,713,5
0,45,714,9
0,45,715,38
0,45,716,18
0,45,717,17
0,45,718,20
0,45,719,22
0,45,720,25
0,45,721,14
0,45,722,28
0,45,723,41
0,45,724,28
0,45,725,4
0,45,726,21
0,45,727,0
0,45,728,21
0,45,729,12
0,45,730,21
0,45,731,5
0,45,732,43
0,45,733,40
0,45,734,32
0,45,735,23
0,45,736,21
0,45,737,32
0,45,738,9
0,45,739,44
0,45,740,18
0,45,741,7
0,45,742,11
0,45,743,10
0,45,744,15
0,45,745,42
0,45,746,20
0,45,747,5
0,45,748,23
0,45,749,25
0,45,750,7
0,45,751,20
0,45,752,6
0,45,753,34
0,45,754,41
0,45,755,32
0,45,756,29
0,45,757,4
0,45,758,4
0,45,759,3
0,45,760,10
0,45,761,40
0,45,762,1
0,45,763,10
0,45,764,9
0,45,765,33
0,45,766,1
0,45,767,11
0,45,768,5
0,45,769,8
0,45,770,38
0,45,771,18
0,45,772,4
0,45,773,16
0,45,774,8
0,45,775,43
0,45,776,24
0,45,777,12
0,45,778,11
0,45,779,34
0,45,780,7
0,45,781,1
0,45,782,8
0,45,783,30
0,45,784,6
0,45,785,4
0,45,786,6
0,45,787,38
0,45,788,43
0,45,789,43
0,45,790,30
0,45,791,1
0,45,792,19
0,45,793,40
0,45,794,7
0,45,795,24
0,45,796,34
0,45,797,20
0,45,798,31
0,45,799,12
0,45,800,15
0,45,801,6
0,45,802,24
0,45,803,41
0,45,804,18
0,45,805,34
0,45,806,24
0,45,807,12
0,45,808,9
0,45,809,33
0,45,810,15
0,45,811,10
0,45,812,23
0,45,813,2
0,45,814,6
0,45,815,29
0,45,816,21
0,45,817,31
0,45,818,22
0,45,819,23
0,45,820,11
0,45,821,27
0,45,822,7
0,45,823,22
0,45,824,12
0,45,825,17
0,45,826,41
0,45,827,1
0,45,828,40
0,45,829,11
0,45,830,9
0,45,831,43
0,45,832,22
0,45,833,5
0,45,834,7
0,45,835,22
0,45,836,12
0,45,837,29
0,45,838,42
0,45,839,44
0,45,840,33
0,45,841,7
0,45,842,11
0,45,843,21
0,45,844,22
0,45,845,2
0,45,846,3
0,45,847,20
0,45,848,11
0,45,849,23
0,45,850,12
0,45,851,6
0,45,852,26
0,45,853,21
0,45,854,34
0,45,855,31
0,45,856,4
0,45,857,37
0,45,858,26
0,45,859,9
0,45,860,28
0,45,861,12
0,45,862,11
0,45,863,26
0,45,864,38
0,45,865,41
0,45,866,0
0,45,867,8
0,45,868,43
0,45,869,10
0,45,870,39
0,45,871,35
0,45,872,36
0,45,873,9
0,45,874,20
0,45,875,35
0,45,876,22
0,45,877,27
0,45,878,31
0,45,879,24
0,45,880,23
0,45,881,11
0,45,882,4
0,45,883,30
0,45,884,16
0,45,885,5
0,45,886,28
0,45,887,18
0,45,888,25
0,45,889,26
0,45,890,0
0,45,891,0
0,45,892,8
0,45,893,5
0,45,894,43
0,45,895,41
0,45,896,35
0,45,897,24
0,45,898,3
0,45,899,8
0,45,900,8
0,45,901,42
0,45,902,38
0,45,903,35
0,45,904,18
0,45,905,3
0,45,906,34
0,45,907,28
0,45,908,15
0,45,909,2
0,45,910,40
0,45,911,35
0,45,912,19
0,45,913,13
0,45,914,13
0,45,915,32
0,45,916,43
0,45,917,0
0,45,918,43
0,45,919,34
0,45,920,18
0,45,921,23
0,45,922,10
0,45,923,22
0,45,924,1
0,45,925,38
0,45,926,19
0,45,927,13
0,45,928,9
0,45,929,20
0,45,930,32
0,45,931,31
0,45,932,27
0,45,933,27
0,45,934,6
0,45,935,3
0,45,936,24
0,45,937,29
0,45,938,29
0,45,939,36
0,45,940,31
0,45,941,39
0,45,942,9
0,45,943,44
0,45,944,22
0,45,945,8
0,45,946,32
0,45,947,44
0,45,948,10
0,45,949,19
0,45,950,19
0,45,951,33
0,45,952,8
0,45,953,12
0,45,954,4
0,45,955,15
0,45,956,2
0,45,957,25
0,45,958,16
0,45,959,0
0,45,960,7
0,45,961,18
0,45,962,17
0,45,963,1
0,45,964,21
0,45,965,35
0,45,966,3
0,45,967,13
0,45,968,10
0,45,969,44
0,45,970,15
0,45,971,24
0,45,972,35
0,45,973,4
0,45,974,26
0,45,975,30
0,45,976,43
0,45,977,26
0,45,978,1
0,45,979,40
0,45,980,41
0,45,981,31
0,45,982,22
0,45,983,19
0,45,984,5
0,45,985,4
0,45,986,18
0,45,987,17
0,45,988,33
0,45,989,20
0,45,990,38
0,45,991,19
0,45,992,25
0,45,993,31
0,45,994,38
0,45,995,39
0,45,996,9
0,45,997,10
0,45,998,20
0,45,999,12
0,45,1000,19
0,111,1,13
0,111,2,67
0,111,3,38
0,111,4,0
0,111,5,33
0,111,6,86
0,111,7,42
0,111,8,13
0,111,9,81
0,111,10,58
0,111,11,50
0,111,12,96
0,111,13,84
0,111,14,20
0,111,15,105
0,111,16,53
0,111,17,109
0,111,18,73
0,111,19,6
0,111,20,72
0,111,21,78
0,111,22,84
0,111,23,36
0,111,24,104
0,111,25,88
0,111,26,109
0,111,27,100
0,111,28,36
0,111,29,33
0,111,30,105
0,111,31,88
0,111,32,43
0,111,33,78
0,111,34,32
0,111,35,83
0,111,36,34
0,111,37,69
0,111,38,73
0,111,39,41
0,111,40,37
0,111,41,110
0,111,42,19
0,111,43,27
0,111,44,19
0,111,45,43
0,111,46,86
0,111,47,69
0,111,48,39
0,111,49,43
0,111,50,24
0,111,51,69
0,111,52,38
0,111,53,50
0,111,54,41
0,111,55,5
0,111,56,23
0,111,57,31
0,111,58,13
0,111,59,1
0,111,60,44
0,111,61,17
0,111,62,21
0,111,63,77
0,111,64,101
0,111,65,64
0,111,66,103
0,111,67,69
0,111,68,86
0,111,69,107
0,111,70,69
0,111,71,103
0,111,72,102
0,111,73,74
0,111,74,80
0,111,75,99
0,111,76,12
0,111,77,39
0,111,78,88
0,111,79,47
0,111,80,88
0,111,81,22
0,111,82,109
0,111,83,83
0,111,84,102
0,111,85,28
0,111,86,12
0,111,87,21
0,111,88,92
0,111,89,27
0,111,90,107
0,111,91,47
0,111,92,32
0,111,93,44
0,111,94,20
0,111,95,30
0,111,96,101
0,111,97,16
0,111,98,72
0,111,99,102
0,111,100,86
0,111,101,82
0,111,102,89
0,111,103,47
0,111,104,106
0,111,105,63
0,111,106,93
0,111,107,105
0,111,108,95
0,111,109,102
0,111,110,59
0,111,111,50
0,111,112,92
0,111,113,33
0,111,114,9
0,111,115,0
0,111,116,42
0,111,117,58
0,111,118,25
0,111,119,14
0,111,120,57
0,111,121,28
0,111,122,23
0,111,123,41
0,111,124,47
0,111,125,75
0,111,126,38
0,111,127,23
0,111,128,52
0,111,129,91
0,111,130,85
0,111,131,39
0,111,132,96
0,111,133,82
0,111,134,89
0,111,135,34
0,111,136,42
0,111,137,0
0,111,138,28
0,111,139,77
0,111,140,21
0,111,141,69
0,111,142,27
0,111,143,104
0,111,144,36
0,111,145,60
0,111,146,45
0,111,147,66
0,111,148,85
0,111,149,98
0,111,150,70
0,111,151,109
0,111,152,98
0,111,153,50
0,111,154,43
0,111,155,48
0,111,156,104
0,111,157,59
0,111,158,55
0,111,159,48
0,111,160,49
0,111,161,110
0,111,162,90
0,111,163,6
0,111,164,110
0,111,165,19
0,111,166,23
0,111,167,50
0,111,168,52
0,111,169,15
0,111,170,82
0,111,171,99
0,111,172,1
0,111,173,47
0,111,174,64
0,111,175,43
0,111,176,102
0,111,177,104
0,111,178,76
0,111,179,89
0,111,180,97
0,111,181,65
0,111,182,18
0,111,183,16
0,111,184,33
0,111,185,74
0,111,186,30
0,111,187,34
0,111,188,98
0,111,189,45
0,111,190,18
0,111,191,108
0,111,192,74
0,111,193,15
0,111,194,39
0,111,195,8
0,111,196,49
0,111,197,91
0,111,198,23
0,111,199,9
0,111,200,78
0,111,201,66
0,111,202,100
0,111,203,31
0,111,204,100
0,111,205,38
0,111,206,94
0,111,207,36
0,111,208,92
0,111,209,11
0,111,210,13
0,111,211,101
0,111,212,15
0,111,213,14
0,111,214,1
0,111,215,64
0,111,216,66
0,111,217,72
0,111,218,101
0,111,219,16
0,111,220,83
0,111,221,4
0,111,222,40
0,111,223,90
0,111,224,107
0,111,225,30
0,111,226,71
0,111,227,35
0,111,228,48
0,111,229,40
0,111,230,28
0,111,231,84
0,111,232,63
0,111,233,0
0,111,234,52
0,111,235,83
0,111,236,105
0,111,237,109
0,111,238,105
0,111,239,56
0,111,240,87
0,111,241,52
0,111,242,85
0,111,243,101
0,111,244,49
0,111,245,79
0,111,246,29
0,111,247,92
0,111,248,1
0,111,249,71
0,111,250,77
0,111,251,35
0,111,252,89
0,111,253,39
0,111,254,36
0,111,255,71
0,111,256,55
0,111,257,70
0,111,258,99
0,111,259,105
0,111,260,99
0,111,261,72
0,111,262,26
0,111,263,40
0,111,264,14
0,111,265,56
0,111,266,37
0,111,267,61
0,111,268,5
0,111,269,3
0,111,270,34
0,111,271,98
0,111,272,76
0,111,273,104
0,111,274,56
0,111,275,70
0,111,276,24
0,111,277,30
0,111,278,109
0,111,279,36
0,111,280,91
0,111,281,102
0,111,282,27
0,111,283,61
0,111,284,19
0,111,285,28
0,111,286,41
0,111,287,59
0,111,288,103
0,111,289,64
0,111,290,27
0,111,291,77
0,111,292,30
0,111,293,11
0,111,294,92
0,111,295,79
0,111,296,43
0,111,297,73
0,111,298,97
0,111,299,25
0,111,300,32
0,111,301,3
0,111,302,52
0,111,303,85
0,111,304,88
0,111,305,23
0,111,306,36
0,111,307,107
0,111,308,14
0,111,309,13
0,111,310,110
0,111,311,80
0,111,312,110
0,111,313,81
0,111,314,96
0,111,315,95
0,111,316,71
0,111,317,52
0,111,318,55
0,111,319,105
0,111,320,102
0,111,321,70
0,111,322,90
0,111,323,106
0,111,324,49
0,111,325,72
0,111,326,19
0,111,327,97
0,111,328,100
0,111,329,92
0,111,330,74
0,111,331,1
0,111,332,2
0,111,333,110
0,111,334,37
0,111,335,104
0,111,336,14
0,111,337,27
0,111,338,54
0,111,339,68
0,111,340,91
0,111,341,77
0,111,342,36
0,111,343,42
0,111,344,106
0,111,345,80
0,111,346,0
0,111,347,89
0,111,348,44
0,111,349,96
0,111,350,82
0,111,351,89
0,111,352,22
0,111,353,67
0,111,354,79
0,111,355,90
0,111,356,56
0,111,357,102
0,111,358,101
0,111,359,51
0,111,360,79
0,111,361,33
0,111,362,92
0,111,363,108
0,111,364,34
0,111,365,73
0,111,366,69
0,111,367,59
0,111,368,38
0,111,369,48
0,111,370,96
0,111,371,86
0,111,372,61
0,111,373,32
0,111,374,34
0,111,375,10
0,111,376,12
0,111,377,49
0,111,378,100
0,111,379,59
0,111,380,89
0,111,381,89
0,111,382,39
0,111,383,33
0,111,384,67
0,111,385,55
0,111,386,24
0,111,387,37
0,111,388,80
0,111,389,87
0,111,390,72
0,111,391,44
0,111,392,109
0,111,393,93
0,111,394,72
0,111,395,74
0,111,396,36
0,111,397,95
0,111,398,103
0,111,399,2
0,111,400,50
0,111,401,18
0,111,402,32
0,111,403,51
0,111,404,3
0,111,405,76
0,111,406,59
0,111,407,64
0,111,408,63
0,111,409,103
0,111,410,52
0,111,411,4
0,111,412,105
0,111,413,43
0,111,414,34
0,111,415,22
0,111,416,28
0,111,417,34
0,111,418,35
0,111,419,72
0,111,420,98
0,111,421,34
0,111,422,19
0,111,423,21
0,111,424,40
0,111,425,85
0,111,426,82
0,111,427,107
0,111,428,17
0,111,429,43
0,111,430,38
0,111,431,28
0,111,432,90
0,111,433,35
0,111,434,31
0,111,435,94
0,111,436,50
0,111,437,80
0,111,438,100
0,111,439,50
0,111,440,51
0,111,441,88
0,111,442,72
0,111,443,20
0,111,444,20
0,111,445,78
0,111,446,100
0,111,447,63
0,111,448,87
0,111,449,77
0,111,450,70
0,111,451,58
0,111,452,90
0,111,453,89
0,111,454,29
0,111,455,108
0,111,456,57
0,111,457,14
0,111,458,63
0,111,459,5
0,111,460,33
0,111,461,20
0,111,462,0
0,111,463,16
0,111,464,76
0,111,465,61
0,111,466,44
0,111,467,89
0,111,468,39
0,111,469,65
0,111,470,40
0,111,471,7
0,111,472,24
0,111,473,94
0,111,474,19
0,111,475,109
0,111,476,83
0,111,477,4
0,111,478,73
0,111,479,107
0,111,480,19
0,111,481,54
0,111,482,55
0,111,483,78
0,111,484,28
0,111,485,1
0,111,486,0
0,111,487,59
0,111,488,68
0,111,489,57
0,111,490,88
0,111,491,100
0,111,492,95
0,111,493,39
0,111,494,12
0,111,495,24
0,111,496,3
0,111,497,41
0,111,498,101
0,111,499,4
0,111,500,51
0,111,501,64
0,111,502,37
0,111,503,109
0,111,504,12
0,111,505,7
0,111,506,48
0,111,507,82
0,111,508,47
0,111,509,46
0,111,510,91
0,111,511,48
0,111,512,50
0,111,513,45
0,111,514,101
0,111,515,10
0,111,516,7
0,111,517,86
0,111,518,60
0,111,519,63
0,111,520,83
0,111,521,68
0,111,522,65
0,111,523,68
0,111,524,11
0,111,525,66
0,111,526,89
0,111,527,77
0,111,528,76
0,111,529,30
0,111,530,110
0,111,531,97
0,111,532,29
0,111,533,25
0,111,534,108
0,111,535,47
0,111,536,6
0,111,537,43
0,111,538,42
0,111,539,8
0,111,540,7
0,111,541,85
0,111,542,44
0,111,543,5
0,111,544,26
0,111,545,43
0,111,546,93
0,111,547,9
0,111,548,29
0,111,549,0
0,111,550,5
0,111,551,16
0,111,552,59
0,111,553,76
0,111,554,53
0,111,555,89
0,111,556,1
0,111,557,95
0,111,558,46
0,111,559,99
0,111,560,43
0,111,561,4
0,111,562,86
0,111,563,37
0,111,564,83
0,111,565,91
0,111,566,27
0,111,567,11
0,111,568,98
0,111,569,3
0,111,570,46
0,111,571,109
0,111,572,25
0,111,573,76
0,111,574,2
0,111,575,109
0,111,576,14
0,111,577,97
0,111,578,37
0,111,579,50
0,111,580,3
0,111,581,63
0,111,582,25
0,111,583,84
0,111,584,84
0,111,585,28
0,111,586,54
0,111,587,79
0,111,588,100
0,111,589,87
0,111,590,20
0,111,591,2
0,111,592,89
0,111,593,86
0,111,594,99
0,111,595,48
0,111,596,21
0,111,597,46
0,111,598,2
0,111,599,55
0,111,600,3
0,111,601,35
0,111,602,57
0,111,603,51
0,111,604,100
0,111,605,64
0,111,606,110
0,111,607,100
0,111,608,85
0,111,609,84
0,111,610,90
0,111,611,74
0,111,612,43
0,111,613,10
0,111,614,5
0,111,615,47
0,111,616,99
0,111,617,56
0,111,618,5
0,111,619,83
0,111,620,103
0,111,621,53
0,111,622,96
0,111,623,103
0,111,624,10
0,111,625,74
0,111,626,53
0,111,627,84
0,111,628,84
0,111,629,80
0,111,630,8
0,111,631,53
0,111,632,17
0,111,633,30
0,111,634,107
0,111,635,71
0,111,636,86
0,111,637,5
0,111,638,10
0,111,639,50
0,111,640,100
0,111,641,24
0,111,642,1
0,111,643,38
0,111,644,31
0,111,645,105
0,111,646,39
0,111,647,58
0,111,648,85
0,111,649,34
0,111,650,10
0,111,651,76
0,111,652,1
0,111,653,103
0,111,654,69
0,111,655,14
0,111,656,54
0,111,657,53
0,111,658,40
0,111,659,60
0,111,660,91
0,111,661,59
0,111,662,64
0,111,663,1
0,111,664,8
0,111,665,48
0,111,666,68
0,111,667,90
0,111,668,105
0,111,669,92
0,111,670,65
0,111,671,100
0,111,672,30
0,111,673,77
0,111,674,88
0,111,675,84
0,111,676,86
0,111,677,69
0,111,678,47
0,111,679,84
0,111,680,68
0,111,681,62
0,111,682,24
0,111,683,16
0,111,684,61
0,111,685,32
0,111,686,39
0,111,687,82
0,111,688,80
0,111,689,19
0,111,690,63
0,111,691,86
0,111,692,19
0,111,693,48
0,111,694,30
0,111,695,4
0,111,696,26
0,111,697,96
0,111,698,64
0,111,699,60
0,111,700,92
0,111,701,97
0,111,702,55
0,111,703,35
0,111,704,19
0,111,705,84
0,111,706,101
0,111,707,51
0,111,708,87
0,111,709,33
0,111,710,46
0,111,711,83
0,111,712,66
0,111,713,83
0,111,714,33
0,111,715,78
0,111,716,29
0,111,717,41
0,111,718,12
0,111,719,79
0,111,720,106
0,111,721,35
0,111,722,29
0,111,723,110
0,111,724,92
0,111,725,91
0,111,726,12
0,111,727,47
0,111,728,6
0,111,729,81
0,111,730,60
0,111,731,0
0,111,732,67
0,111,733,68
0,111,734,61
0,111,735,109
0,111,736,35
0,111,737,97
0,111,738,62
0,111,739,25
0,111,740,96
0,111,741,18
0,111,742,80
0,111,743,12
0,111,744,49
0,111,745,38
0,111,746,99
0,111,747,70
0,111,748,85
0,111,749,72
0,111,750,95
0,111,751,103
0,111,752,51
0,111,753,96
0,111,754,48
0,111,755,27
0,111,756,11
0,111,757,93
0,111,758,60
0,111,759,55
0,111,760,34
0,111,761,25
0,111,762,2
0,111,763,78
0,111,764,38
0,111,765,86
0,111,766,88
0,111,767,0
0,111,768,91
0,111,769,8
0,111,770,13
0,111,771,94
0,111,772,79
0,111,773,84
0,111,774,43
0,111,775,75
0,111,776,93
0,111,777,85
0,111,778,92
0,111,779,47
0,111,780,64
0,111,781,11
0,111,782,91
0,111,783,11
0,111,784,24
0,111,785,49
0,111,786,88
0,111,787,7
0,111,788,53
0,111,789,30
0,111,790,68
0,111,791,11
0,111,792,29
0,111,793,8
0,111,794,65
0,111,795,8
0,111,796,104
0,111,797,40
0,111,798,42
0,111,799,21
0,111,800,26
0,111,801,41
0,111,802,101
0,111,803,59
0,111,804,86
0,111,805,97
0,111,806,66
0,111,807,59
0,111,808,0
0,111,809,65
0,111,810,82
0,111,811,28
0,111,812,68
0,111,813,97
0,111,814,104
0,111,815,11
0,111,816,104
0,111,817,81
0,111,818,33
0,111,819,46
0,111,820,61
0,111,821,12
0,111,822,38
0,111,823,3
0,111,824,69
0,111,825,49
0,111,826,47
0,111,827,86
0,111,828,108
0,111,829,88
0,111,830,79
0,111,831,21
0,111,832,25
0,111,833,39
0,111,834,47
0,111,835,13
0,111,836,5
0,111,837,53
0,111,838,71
0,111,839,84
0,111,840,23
0,111,841,66
0,111,842,103
0,111,843,36
0,111,844,13
0,111,845,26
0,111,846,76
0,111,847,82
0,111,848,2
0,111,849,28
0,111,850,60
0,111,851,68
0,111,852,108
0,111,853,88
0,111,854,94
0,111,855,77
0,111,856,58
0,111,857,99
0,111,858,83
0,111,859,30
0,111,860,76
0,111,861,2
0,111,862,39
0,111,863,23
0,111,864,92
0,111,865,9
0,111,866,76
0,111,867,61
0,111,868,41
0,111,869,69
0,111,870,73
0,111,871,102
0,111,872,18
0,111,873,81
0,111,874,54
0,111,875,84
0,111,876,45
0,111,877,22
0,111,878,89
0,111,879,78
0,111,880,92
0,111,881,110
0,111,882,41
0,111,883,28
0,111,884,68
0,111,885,85
0,111,886,64
0,111,887,85
0,111,888,12
0,111,889,21
0,111,890,57
0,111,891,69
0,111,892,107
0,111,893,40
0,111,894,96
0,111,895,23
0,111,896,21
0,111,897,32
0,111,898,73
0,111,899,108
0,111,900,82
0,111,901,7
0,111,902,11
0,111,903,74
0,111,904,15
0,111,905,42
0,111,906,20
0,111,907,5
0,111,908,87
0,111,909,89
0,111,910,71
0,111,911,20
0,111,912,6
0,111,913,98
0,111,914,41
0,111,915,32
0,111,916,93
0,111,917,4
0,111,918,4
0,111,919,3
0,111,920,10
0,111,921,104
0,111,922,1
0,111,923,74
0,111,924,9
0,111,925,33
0,111,926,1
0,111,927,75
0,111,928,5
0,111,929,109
0,111,930,57
0,111,931,72
0,111,932,102
0,111,933,82
0,111,934,4
0,111,935,80
0,111,936,72
0,111,937,53
0,111,938,107
0,111,939,53
0,111,940,88
0,111,941,12
0,111,942,11
0,111,943,34
0,111,944,7
0,111,945,1
0,111,946,61
0,111,947,57
0,111,948,72
0,111,949,94
0,111,950,47
0,111,951,57
0,111,952,70
0,111,953,4
0,111,954,54
0,111,955,6
0,111,956,38
0,111,957,43
0,111,958,107
0,111,959,94
0,111,960,57
0,111,961,1
0,111,962,83
0,111,963,51
0,111,964,56
0,111,965,50
0,111,966,58
0,111,967,40
0,111,968,71
0,111,969,24
0,111,970,34
0,111,971,20
0,111,972,31
0,111,973,12
0,111,974,79
0,111,975,6
0,111,976,88
0,111,977,105
0,111,978,82
0,111,979,98
0,111,980,88
0,111,981,12
0,111,982,47
0,111,983,50
0,111,984,109
0,111,985,73
0,111,986,33
0,111,987,15
0,111,988,74
0,111,989,50
0,111,990,87
0,111,991,2
0,111,992,70
0,111,993,93
0,111,994,21
0,111,995,61
0,111,996,31
0,111,997,22
0,111,998,87
0,111,999,11
0,111,1000,27
0,128,1,13
0,128,2,120
0,128,3,67
0,128,4,38
0,128,5,0
0,128,6,33
0,128,7,124
0,128,8,86
0,128,9,42
0,128,10,13
0,128,11,81
0,128,12,58
0,128,13,50
0,128,14,96
0,128,15,84
0,128,16,20
0,128,17,105
0,128,18,53
0,128,19,109
0,128,20,73
0,128,21,6
0,128,22,72
0,128,23,78
0,128,24,84
0,128,25,36
0,128,26,104
0,128,27,88
0,128,28,109
0,128,29,100
0,128,30,36
0,128,31,33
0,128,32,105
0,128,33,125
0,128,34,88
0,128,35,43
0,128,36,78
0,128,37,32
0,128,38,83
0,128,39,34
0,128,40,69
0,128,41,73
0,128,42,41
0,128,43,37
0,128,44,110
0,128,45,19
0,128,46,27
0,128,47,19
0,128,48,121
0,128,49,43
0,128,50,120
0,128,51,86
0,128,52,69
0,128,53,120
0,128,54,39
0,128,55,43
0,128,56,24
0,128,57,118
0,128,58,119
0,128,59,69
0,128,60,121
0,128,61,38
0,128,62,50
0,128,63,41
0,128,64,5
0,128,65,23
0,128,66,31
0,128,67,13
0,128,68,1
0,128,69,44
0,128,70,17
0,128,71,21
0,128,72,77
0,128,73,101
0,128,74,64
0,128,75,114
0,128,76,114
0,128,77,103
0,128,78,69
0,128,79,86
0,128,80,126
0,128,81,107
0,128,82,69
0,128,83,103
0,128,84,102
0,128,85,74
0,128,86,80
0,128,87,99
0,128,88,12
0,128,89,39
0,128,90,88
0,128,91,47
0,128,92,88
0,128,93,22
0,128,94,109
0,128,95,83
0,128,96,102
0,128,97,28
0,128,98,12
0,128,99,123
0,128,100,21
0,128,101,92
0,128,102,27
0,128,103,107
0,128,104,47
0,128,105,32
0,128,106,44
0,128,107,20
0,128,108,30
0,128,109,101
0,128,110,16
0,128,111,72
0,128,112,102
0,128,113,86
0,128,114,82
0,128,115,117
0,128,116,113
0,128,117,89
0,128,118,47
0,128,119,106
0,128,120,63
0,128,121,93
0,128,122,105
0,128,123,95
0,128,124,126
0,128,125,102
0,128,126,59
0,128,127,50
0,128,128,92
0,128,129,33
0,128,130,9
0,128,131,0
0,128,132,42
0,128,133,58
0,128,134,25
0,128,135,14
0,128,136,57
0,128,137,28
0,128,138,23
0,128,139,41
0,128,140,47
0,128,141,116
0,128,142,75
0,128,143,126
0,128,144,38
0,128,145,23
0,128,146,52
0,128,147,91
0,128,148,85
0,128,149,39
0,128,150,96
0,128,151,82
0,128,152,89
0,128,153,34
0,128,154,42
0,128,155,0
0,128,156,28
0,128,157,77
0,128,158,21
0,128,159,69
0,128,160,27
0,128,161,115
0,128,162,104
0,128,163,36
0,128,164,60
0,128,165,45
0,128,166,112
0,128,167,66
0,128,168,85
0,128,169,98
0,128,170,70
0,128,171,109
0,128,172,98
0,128,173,50
0,128,174,43
0,128,175,48
0,128,176,104
0,128,177,59
0,128,178,113
0,128,179,55
0,128,180,117
0,128,181,48
0,128,182,49
0,128,183,118
0,128,184,110
0,128,185,90
0,128,186,6
0,128,187,110
0,128,188,19
0,128,189,120
0,128,190,23
0,128,191,50
0,128,192,52
0,128,193,15
0,128,194,82
0,128,195,99
0,128,196,1
0,128,197,47
0,128,198,64
0,128,199,43
0,128,200,102
0,128,201,104
0,128,202,123
0,128,203,121
0,128,204,76
0,128,205,89
0,128,206,97
0,128,207,65
0,128,208,18
0,128,209,16
0,128,210,33
0,128,211,74
0,128,212,30
0,128,213,34
0,128,214,98
0,128,215,45
0,128,216,18
0,128,217,108
0,128,218,74
0,128,219,15
0,128,220,39
0,128,221,8
0,128,222,49
0,128,223,91
0,128,224,121
0,128,225,23
0,128,226,9
0,128,227,78
0,128,228,66
0,128,229,100
0,128,230,120
0,128,231,31
0,128,232,100
0,128,233,38
0,128,234,94
0,128,235,36
0,128,236,92
0,128,237,11
0,128,238,125
0,128,239,13
0,128,240,123
0,128,241,101
0,128,242,115
0,128,243,15
0,128,244,14
0,128,245,1
0,128,246,64
0,128,247,127
0,128,248,66
0,128,249,119
0,128,250,72
0,128,251,101
0,128,252,16
0,128,253,83
0,128,254,126
0,128,255,4
0,128,256,40
0,128,257,90
0,128,258,107
0,128,259,30
0,128,260,116
0,128,261,71
0,128,262,35
0,128,263,48
0,128,264,40
0,128,265,28
0,128,266,84
0,128,267,63
0,128,268,0
0,128,269,52
0,128,270,83
0,128,271,105
0,128,272,109
0,128,273,105
0,128,274,56
0,128,275,87
0,128,276,116
0,128,277,52
0,128,278,85
0,128,279,101
0,128,280,49
0,128,281,79
0,128,282,29
0,128,283,125
0,128,284,92
0,128,285,1
0,128,286,71
0,128,287,125
0,128,288,77
0,128,289,35
0,128,290,89
0,128,291,39
0,128,292,116
0,128,293,36
0,128,294,71
0,128,295,55
0,128,296,70
0,128,297,115
0,128,298,99
0,128,299,112
0,128,300,105
0,128,301,99
0,128,302,120
0,128,303,72
0,128,304,26
0,128,305,40
0,128,306,14
0,128,307,56
0,128,308,37
0,128,309,61
0,128,310,5
0,128,311,3
0,128,312,34
0,128,313,124
0,128,314,98
0,128,315,76
0,128,316,104
0,128,317,56
0,128,318,70
0,128,319,24
0,128,320,30
0,128,321,109
0,128,322,36
0,128,323,127
0,128,324,91
0,128,325,126
0,128,326,102
0,128,327,27
0,128,328,115
0,128,329,61
0,128,330,19
0,128,331,28
0,128,332,126
0,128,333,41
0,128,334,59
0,128,335,103
0,128,336,64
0,128,337,27
0,128,338,77
0,128,339,30
0,128,340,11
0,128,341,92
0,128,342,79
0,128,343,43
0,128,344,73
0,128,345,97
0,128,346,25
0,128,347,112
0,128,348,32
0,128,349,123
0,128,350,3
0,128,351,52
0,128,352,116
0,128,353,85
0,128,354,88
0,128,355,23
0,128,356,36
0,128,357,107
0,128,358,14
0,128,359,13
0,128,360,110
0,128,361,80
0,128,362,110
0,128,363,81
0,128,364,96
0,128,365,95
0,128,366,71
0,128,367,52
0,128,368,55
0,128,369,105
0,128,370,102
0,128,371,70
0,128,372,90
0,128,373,106
0,128,374,49
0,128,375,127
0,128,376,72
0,128,377,19
0,128,378,97
0,128,379,100
0,128,380,92
0,128,381,74
0,128,382,1
0,128,383,115
0,128,384,122
0,128,385,2
0,128,386,110
0,128,387,37
0,128,388,125
0,128,389,104
0,128,390,14
0,128,391,27
0,128,392,54
0,128,393,68
0,128,394,91
0,128,395,77
0,128,396,36
0,128,397,42
0,128,398,106
0,128,399,80
0,128,400,0
0,128,401,89
0,128,402,44
0,128,403,96
0,128,404,82
0,128,405,89
0,128,406,22
0,128,407,67
0,128,408,79
0,128,409,112
0,128,410,90
0,128,411,56
0,128,412,102
0,128,413,126
0,128,414,101
0,128,415,124
0,128,416,51
0,128,417,79
0,128,418,33
0,128,419,92
0,128,420,108
0,128,421,34
0,128,422,73
0,128,423,69
0,128,424,59
0,128,425,38
0,128,426,48
0,128,427,96
0,128,428,86
0,128,429,61
0,128,430,32
0,128,431,34
0,128,432,10
0,128,433,12
0,128,434,118
0,128,435,49
0,128,436,100
0,128,437,59
0,128,438,89
0,128,439,89
0,128,440,111
0,128,441,39
0,128,442,33
0,128,443,67
0,128,444,55
0,128,445,24
0,128,446,37
0,128,447,80
0,128,448,87
0,128,449,72
0,128,450,44
0,128,451,109
0,128,452,93
0,128,453,72
0,128,454,74
0,128,455,36
0,128,456,95
0,128,457,103
0,128,458,2
0,128,459,50
0,128,460,18
0,128,461,32
0,128,462,127
0,128,463,51
0,128,464,126
0,128,465,3
0,128,466,76
0,128,467,59
0,128,468,64
0,128,469,63
0,128,470,103
0,128,471,52
0,128,472,125
0,128,473,4
0,128,474,105
0,128,475,43
0,128,476,34
0,128,477,120
0,128,478,22
0,128,479,28
0,128,480,116
0,128,481,34
0,128,482,35
0,128,483,72
0,128,484,118
0,128,485,98
0,128,486,34
0,128,487,19
0,128,488,21
0,128,489,120
0,128,490,40
0,128,491,85
0,128,492,82
0,128,493,107
0,128,494,126
0,128,495,17
0,128,496,43
0,128,497,38
0,128,498,28
0,128,499,90
0,128,500,35
0,128,501,31
0,128,502,94
0,128,503,50
0,128,504,118
0,128,505,80
0,128,506,100
0,128,507,50
0,128,508,118
0,128,509,124
0,128,510,51
0,128,511,88
0,128,512,72
0,128,513,20
0,128,514,20
0,128,515,78
0,128,516,114
0,128,517,123
0,128,518,100
0,128,519,63
0,128,520,87
0,128,521,77
0,128,522,70
0,128,523,127
0,128,524,58
0,128,525,90
0,128,526,89
0,128,527,29
0,128,528,108
0,128,529,57
0,128,530,14
0,128,531,113
0,128,532,63
0,128,533,5
0,128,534,33
0,128,535,20
0,128,536,0
0,128,537,16
0,128,538,76
0,128,539,61
0,128,540,116
0,128,541,44
0,128,542,89
0,128,543,39
0,128,544,65
0,128,545,40
0,128,546,120
0,128,547,7
0,128,548,119
0,128,549,24
0,128,550,94
0,128,551,19
0,128,552,109
0,128,553,121
0,128,554,83
0,128,555,4
0,128,556,73
0,128,557,107
0,128,558,19
0,128,559,54
0,128,560,55
0,128,561,78
0,128,562,28
0,128,563,1
0,128,564,0
0,128,565,59
0,128,566,68
0,128,567,57
0,128,568,88
0,128,569,100
0,128,570,95
0,128,571,39
0,128,572,12
0,128,573,24
0,128,574,3
0,128,575,41
0,128,576,101
0,128,577,122
0,128,578,113
0,128,579,4
0,128,580,51
0,128,581,64
0,128,582,37
0,128,583,109
0,128,584,12
0,128,585,7
0,128,586,48
0,128,587,82
0,128,588,47
0,128,589,46
0,128,590,91
0,128,591,111
0,128,592,48
0,128,593,50
0,128,594,45
0,128,595,101
0,128,596,10
0,128,597,7
0,128,598,86
0,128,599,60
0,128,600,63
0,128,601,83
0,128,602,114
0,128,603,68
0,128,604,65
0,128,605,116
0,128,606,68
0,128,607,11
0,128,608,66
0,128,609,89
0,128,610,113
0,128,611,77
0,128,612,76
0,128,613,30
0,128,614,118
0,128,615,110
0,128,616,119
0,128,617,97
0,128,618,29
0,128,619,25
0,128,620,108
0,128,621,47
0,128,622,6
0,128,623,111
0,128,624,43
0,128,625,112
0,128,626,42
0,128,627,126
0,128,628,8
0,128,629,7
0,128,630,85
0,128,631,44
0,128,632,5
0,128,633,114
0,128,634,111
0,128,635,26
0,128,636,43
0,128,637,93
0,128,638,9
0,128,639,29
0,128,640,0
0,128,641,5
0,128,642,16
0,128,643,59
0,128,644,76
0,128,645,53
0,128,646,89
0,128,647,1
0,128,648,95
0,128,649,46
0,128,650,99
0,128,651,43
0,128,652,4
0,128,653,86
0,128,654,37
0,128,655,114
0,128,656,83
0,128,657,91
0,128,658,27
0,128,659,11
0,128,660,98
0,128,661,3
0,128,662,46
0,128,663,127
0,128,664,109
0,128,665,25
0,128,666,76
0,128,667,2
0,128,668,109
0,128,669,14
0,128,670,124
0,128,671,97
0,128,672,37
0,128,673,50
0,128,674,124
0,128,675,111
0,128,676,115
0,128,677,3
0,128,678,63
0,128,679,25
0,128,680,84
0,128,681,84
0,128,682,28
0,128,683,54
0,128,684,79
0,128,685,121
0,128,686,100
0,128,687,126
0,128,688,87
0,128,689,20
0,128,690,2
0,128,691,89
0,128,692,86
0,128,693,99
0,128,694,118
0,128,695,48
0,128,696,21
0,128,697,46
0,128,698,2
0,128,699,111
0,128,700,111
0,128,701,55
0,128,702,3
0,128,703,35
0,128,704,57
0,128,705,51
0,128,706,100
0,128,707,64
0,128,708,110
0,128,709,100
0,128,710,85
0,128,711,84
0,128,712,120
0,128,713,90
0,128,714,74
0,128,715,121
0,128,716,43
0,128,717,115
0,128,718,10
0,128,719,5
0,128,720,47
0,128,721,99
0,128,722,56
0,128,723,5
0,128,724,83
0,128,725,103
0,128,726,53
0,128,727,96
0,128,728,103
0,128,729,10
0,128,730,74
0,128,731,53
0,128,732,84
0,128,733,84
0,128,734,80
0,128,735,127
0,128,736,8
0,128,737,53
0,128,738,17
0,128,739,114
0,128,740,30
0,128,741,107
0,128,742,71
0,128,743,86
0,128,744,5
0,128,745,120
0,128,746,10
0,128,747,50
0,128,748,121
0,128,749,100
0,128,750,24
0,128,751,1
0,128,752,38
0,128,753,121
0,128,754,31
0,128,755,105
0,128,756,39
0,128,757,58
0,128,758,85
0,128,759,34
0,128,760,10
0,128,761,76
0,128,762,114
0,128,763,1
0,128,764,103
0,128,765,69
0,128,766,14
0,128,767,54
0,128,768,53
0,128,769,40
0,128,770,60
0,128,771,91
0,128,772,59
0,128,773,125
0,128,774,64
0,128,775,1
0,128,776,8
0,128,777,48
0,128,778,68
0,128,779,90
0,128,780,105
0,128,781,92
0,128,782,65
0,128,783,100
0,128,784,30
0,128,785,116
0,128,786,77
0,128,787,88
0,128,788,84
0,128,789,86
0,128,790,69
0,128,791,47
0,128,792,123
0,128,793,84
0,128,794,68
0,128,795,62
0,128,796,24
0,128,797,16
0,128,798,61
0,128,799,32
0,128,800,121
0,128,801,39
0,128,802,82
0,128,803,80
0,128,804,19
0,128,805,63
0,128,806,116
0,128,807,86
0,128,808,19
0,128,809,111
0,128,810,48
0,128,811,30
0,128,812,4
0,128,813,26
0,128,814,96
0,128,815,64
0,128,816,60
0,128,817,92
0,128,818,97
0,128,819,55
0,128,820,35
0,128,821,19
0,128,822,84
0,128,823,101
0,128,824,51
0,128,825,87
0,128,826,33
0,128,827,46
0,128,828,83
0,128,829,113
0,128,830,66
0,128,831,83
0,128,832,33
0,128,833,121
0,128,834,121
0,128,835,78
0,128,836,29
0,128,837,41
0,128,838,12
0,128,839,123
0,128,840,79
0,128,841,106
0,128,842,35
0,128,843,111
0,128,844,29
0,128,845,110
0,128,846,92
0,128,847,91
0,128,848,12
0,128,849,114
0,128,850,47
0,128,851,6
0,128,852,81
0,128,853,60
0,128,854,0
0,128,855,121
0,128,856,67
0,128,857,68
0,128,858,61
0,128,859,109
0,128,860,117
0,128,861,35
0,128,862,97
0,128,863,62
0,128,864,25
0,128,865,96
0,128,866,18
0,128,867,80
0,128,868,114
0,128,869,12
0,128,870,49
0,128,871,38
0,128,872,99
0,128,873,70
0,128,874,85
0,128,875,72
0,128,876,95
0,128,877,103
0,128,878,51
0,128,879,96
0,128,880,48
0,128,881,27
0,128,882,11
0,128,883,93
0,128,884,60
0,128,885,55
0,128,886,34
0,128,887,113
0,128,888,25
0,128,889,2
0,128,890,78
0,128,891,38
0,128,892,86
0,128,893,88
0,128,894,0
0,128,895,91
0,128,896,115
0,128,897,8
0,128,898,117
0,128,899,13
0,128,900,115
0,128,901,94
0,128,902,119
0,128,903,79
0,128,904,84
0,128,905,43
0,128,906,75
0,128,907,93
0,128,908,85
0,128,909,92
0,128,910,47
0,128,911,122
0,128,912,64
0,128,913,11
0,128,914,91
0,128,915,11
0,128,916,24
0,128,917,49
0,128,918,88
0,128,919,7
0,128,920,53
0,128,921,30
0,128,922,68
0,128,923,11
0,128,924,29
0,128,925,8
0,128,926,65
0,128,927,8
0,128,928,104
0,128,929,118
0,128,930,127
0,128,931,40
0,128,932,42
0,128,933,21
0,128,934,120
0,128,935,26
0,128,936,41
0,128,937,101
0,128,938,59
0,128,939,117
0,128,940,86
0,128,941,97
0,128,942,66
0,128,943,59
0,128,944,0
0,128,945,65
0,128,946,82
0,128,947,117
0,128,948,28
0,128,949,68
0,128,950,97
0,128,951,104
0,128,952,121
0,128,953,11
0,128,954,104
0,128,955,81
0,128,956,33
0,128,957,46
0,128,958,61
0,128,959,12
0,128,960,38
0,128,961,3
0,128,962,69
0,128,963,49
0,128,964,47
0,128,965,86
0,128,966,108
0,128,967,88
0,128,968,79
0,128,969,21
0,128,970,25
0,128,971,127
0,128,972,39
0,128,973,47
0,128,974,13
0,128,975,116
0,128,976,120
0,128,977,5
0,128,978,53
0,128,979,71
0,128,980,84
0,128,981,23
0,128,982,66
0,128,983,103
0,128,984,36
0,128,985,13
0,128,986,26
0,128,987,76
0,128,988,82
0,128,989,2
0,128,990,123
0,128,991,28
0,128,992,60
0,128,993,68
0,128,994,108
0,128,995,114
0,128,996,88
0,128,997,94
0,128,998,77
0,128,999,58
0,128,1000,118
0,65536,1,17400
0,65536,2,37542
0,65536,3,13217
0,65536,4,61910
0,65536,5,41229
0,65536,6,13498
0,65536,7,45024
0,65536,8,50452
0,65536,9,47029
0,65536,10,24905
0,65536,11,61256
0,65536,12,42708
0,65536,13,17512
0,65536,14,877
0,65536,15,56996
0,65536,16,31593
0,65536,17,32344
0,65536,18,54222
0,65536,19,52051
0,65536,20,47429
0,65536,21,53801
0,65536,22,51310
0,65536,23,34715
0,65536,24,1529
0,65536,25,47992
0,65536,26,31301
0,65536,27,28711
0,65536,28,4632
0,65536,29,20727
0,65536,30,43385
0,65536,31,59826
0,65536,32,30085
0,65536,33,42655
0,65536,34,31361
0,65536,35,5521
0,65536,36,22221
0,65536,37,22720
0,65536,38,31218
0,65536,39,56645
0,65536,40,50942
0,65536,41,28485
0,65536,42,26214
0,65536,43,49616
0,65536,44,46604
0,65536,45,16088
0,65536,46,15704
0,65536,47,42093
0,65536,48,51046
0,65536,49,29836
0,65536,50,53141
0,65536,51,42907
0,65536,52,17711
0,65536,53,41516
0,65536,54,8478
0,65536,55,60560
0,65536,56,63974
0,65536,57,23378
0,65536,58,9713
0,65536,59,46895
0,65536,60,29247
0,65536,61,65001
0,65536,62,31742
0,65536,63,49467
0,65536,64,33500
0,65536,65,14985
0,65536,66,37674
0,65536,67,2329
0,65536,68,60857
0,65536,69,36759
0,65536,70,64559
0,65536,71,44747
0,65536,72,15654
0,65536,73,47796
0,65536,74,11477
0,65536,75,6880
0,65536,76,40281
0,65536,77,21546
0,65536,78,32796
0,65536,79,34709
0,65536,80,18203
0,65536,81,18664
0,65536,82,29244
0,65536,83,57712
0,65536,84,4181
0,65536,85,47430
0,65536,86,41314
0,65536,87,56107
0,65536,88,24936
0,65536,89,42225
0,65536,90,39669
0,65536,91,19249
0,65536,92,58094
0,65536,93,57478
0,65536,94,49683
0,65536,95,61847
0,65536,96,46644
0,65536,97,6610
0,65536,98,18561
0,65536,99,7232
0,65536,100,20838
0,65536,101,17531
0,65536,102,33868
0,65536,103,11873
0,65536,104,36882
0,65536,105,16801
0,65536,106,63006
0,65536,107,50018
0,65536,108,53650
0,65536,109,42570
0,65536,110,62503
0,65536,111,17201
0,65536,112,21113
0,65536,113,60553
0,65536,114,20034
0,65536,115,27384
0,65536,116,22756
0,65536,117,24542
0,65536,118,25564
0,65536,119,45181
0,65536,120,28155
0,65536,121,20083
0,65536,122,59662
0,65536,123,27200
0,65536,124,28098
0,65536,125,30152
0,65536,126,49936
0,65536,127,30846
0,65536,128,31784
0,65536,129,16235
0,65536,130,24436
0,65536,131,34339
0,65536,132,18216
0,65536,133,46036
0,65536,134,4224
0,65536,135,40659
0,65536,136,4077
0,65536,137,25016
0,65536,138,19572
0,65536,139,16853
0,65536,140,31281
0,65536,141,1821
0,65536,142,57692
0,65536,143,3143
0,65536,144,21069
0,65536,145,8665
0,65536,146,14836
0,65536,147,64327
0,65536,148,33222
0,65536,149,6499
0,65536,150,3305
0,65536,151,44152
0,65536,152,32282
0,65536,153,24590
0,65536,154,11557
0,65536,155,4485
0,65536,156,9250
0,65536,157,55138
0,65536,158,17512
0,65536,159,5446
0,65536,160,63518
0,65536,161,43556
0,65536,162,26587
0,65536,163,56038
0,65536,164,53235
0,65536,165,17555
0,65536,166,64638
0,65536,167,26171
0,65536,168,5056
0,65536,169,29005
0,65536,170,38155
0,65536,171,64847
0,65536,172,35529
0,65536,173,44313
0,65536,174,30752
0,65536,175,24195
0,65536,176,31860
0,65536,177,51416
0,65536,178,64292
0,65536,179,55566
0,65536,180,58094
0,65536,181,7150
0,65536,182,54880
0,65536,183,38471
0,65536,184,4663
0,65536,185,45798
0,65536,186,28634
0,65536,187,60849
0,65536,188,14536
0,65536,189,21857
0,65536,190,11612
0,65536,191,28161
0,65536,192,43002
0,65536,193,15214
0,65536,194,52221
0,65536,195,7438
0,65536,196,9654
0,65536,197,60635
0,65536,198,10148
0,65536,199,43242
0,65536,200,23040
0,65536,201,43180
0,65536,202,62546
0,65536,203,61846
0,65536,204,24271
0,65536,205,730
0,65536,206,65126
0,65536,207,48997
0,65536,208,46259
0,65536,209,32417
0,65536,210,45548
0,65536,211,28489
0,65536,212,43451
0,65536,213,22576
0,65536,214,5590
0,65536,215,54944
0,65536,216,61322
0,65536,217,24822
0,65536,218,6884
0,65536,219,48473
0,65536,220,31599
0,65536,221,2721
0,65536,222,32823
0,65536,223,17317
0,65536,224,24023
0,65536,225,8108
0,65536,226,63197
0,65536,227,24266
0,65536,228,3551
0,65536,229,37890
0,65536,230,39570
0,65536,231,10623
0,65536,232,126
0,65536,233,17100
0,65536,234,46912
0,65536,235,31207
0,65536,236,30205
0,65536,237,46697
0,65536,238,7714
0,65536,239,56598
0,65536,240,32628
0,65536,241,49827
0,65536,242,55670
0,65536,243,38562
0,65536,244,12437
0,65536,245,57512
0,65536,246,1490
0,65536,247,19198
0,65536,248,26155
0,65536,249,28444
0,65536,250,55459
0,65536,251,36318
0,65536,252,43126
0,65536,253,30948
0,65536,254,26358
0,65536,255,49587
0,65536,256,57288
0,65536,257,532
0,65536,258,46962
0,65536,259,42340
0,65536,260,21975
0,65536,261,54342
0,65536,262,22842
0,65536,263,25433
0,65536,264,52716
0,65536,265,62734
0,65536,266,39743
0,65536,267,22049
0,65536,268,7680
0,65536,269,24268
0,65536,270,11380
0,65536,271,26073
0,65536,272,42817
0,65536,273,12920
0,65536,274,65271
0,65536,275,36830
0,65536,276,57069
0,65536,277,723
0,65536,278,50505
0,65536,279,6163
0,65536,280,53815
0,65536,281,42908
0,65536,282,22400
0,65536,283,59460
0,65536,284,15832
0,65536,285,18399
0,65536,286,10380
0,65536,287,16515
0,65536,288,54245
0,65536,289,43761
0,65536,290,55219
0,65536,291,22821
0,65536,292,42380
0,65536,293,39088
0,65536,294,5039
0,65536,295,63067
0,65536,296,36272
0,65536,297,50989
0,65536,298,54410
0,65536,299,31446
0,65536,300,24895
0,65536,301,53362
0,65536,302,9665
0,65536,303,63940
0,65536,304,22978
0,65536,305,62321
0,65536,306,61260
0,65536,307,34934
0,65536,308,46839
0,65536,309,10013
0,65536,310,41068
0,65536,311,55814
0,65536,312,50347
0,65536,313,21290
0,65536,314,16776
0,65536,315,31829
0,65536,316,56197
0,65536,317,20591
0,65536,318,29611
0,65536,319,6409
0,65536,320,45184
0,65536,321,59280
0,65536,322,61132
0,65536,323,51929
0,65536,324,2015
0,65536,325,44899
0,65536,326,44292
0,65536,327,23717
0,65536,328,37203
0,65536,329,12699
0,65536,330,49250
0,65536,331,24366
0,65536,332,3821
0,65536,333,23372
0,65536,334,59885
0,65536,335,24188
0,65536,336,50341
0,65536,337,54268
0,65536,338,32883
0,65536,339,23743
0,65536,340,19540
0,65536,341,51868
0,65536,342,9423
0,65536,343,39140
0,65536,344,25303
0,65536,345,770
0,65536,346,5206
0,65536,347,53750
0,65536,348,27797
0,65536,349,51714
0,65536,350,63599
0,65536,351,60931
0,65536,352,49209
0,65536,353,42468
0,65536,354,27758
0,65536,355,61781
0,65536,356,47480
0,65536,357,7882
0,65536,358,28715
0,65536,359,1802
0,65536,360,27695
0,65536,361,312
0,65536,362,59347
0,65536,363,17205
0,65536,364,21863
0,65536,365,28362
0,65536,366,47828
0,65536,367,49232
0,65536,368,46856
0,65536,369,18577
0,65536,370,5662
0,65536,371,22855
0,65536,372,39941
0,65536,373,13450
0,65536,374,30969
0,65536,375,7960
0,65536,376,32550
0,65536,377,36127
0,65536,378,28967
0,65536,379,28501
0,65536,380,62986
0,65536,381,50930
0,65536,382,56807
0,65536,383,11662
0,65536,384,37045
0,65536,385,57404
0,65536,386,31291
0,65536,387,1088
0,65536,388,41608
0,65536,389,1860
0,65536,390,13673
0,65536,391,59457
0,65536,392,47902
0,65536,393,56525
0,65536,394,40660
0,65536,395,29893
0,65536,396,11643
0,65536,397,61892
0,65536,398,33944
0,65536,399,15549
0,65536,400,52857
0,65536,401,56274
0,65536,402,63635
0,65536,403,17908
0,65536,404,22803
0,65536,405,22192
0,65536,406,23172
0,65536,407,23392
0,65536,408,25148
0,65536,409,60641
0,65536,410,15907
0,65536,411,22868
0,65536,412,48691
0,65536,413,56993
0,65536,414,14419
0,65536,415,20034
0,65536,416,45857
0,65536,417,55417
0,65536,418,26269
0,65536,419,5004
0,65536,420,62671
0,65536,421,60579
0,65536,422,15645
0,65536,423,31068
0,65536,424,2572
0,65536,425,46895
0,65536,426,62033
0,65536,427,3328
0,65536,428,14275
0,65536,429,17085
0,65536,430,16245
0,65536,431,1377
0,65536,432,45337
0,65536,433,4114
0,65536,434,32114
0,65536,435,47409
0,65536,436,27619
0,65536,437,53333
0,65536,438,32095
0,65536,439,16947
0,65536,440,48560
0,65536,441,21771
0,65536,442,63036
0,65536,443,32290
0,65536,444,52633
0,65536,445,38094
0,65536,446,86
0,65536,447,5632
0,65536,448,22003
0,65536,449,38901
0,65536,450,627
0,65536,451,54519
0,65536,452,17876
0,65536,453,14795
0,65536,454,3925
0,65536,455,4783
0,65536,456,34240
0,65536,457,45531
0,65536,458,1176
0,65536,459,10328
0,65536,460,46133
0,65536,461,21316
0,65536,462,64541
0,65536,463,58561
0,65536,464,47464
0,65536,465,32895
0,65536,466,39978
0,65536,467,15736
0,65536,468,48169
0,65536,469,60987
0,65536,470,56406
0,65536,471,13634
0,65536,472,3456
0,65536,473,29906
0,65536,474,43932
0,65536,475,59745
0,65536,476,6137
0,65536,477,42088
0,65536,478,38817
0,65536,479,57917
0,65536,480,32038
0,65536,481,23621
0,65536,482,8239
0,65536,483,19820
0,65536,484,23503
0,65536,485,64921
0,65536,486,65063
0,65536,487,28429
0,65536,488,9720
0,65536,489,1589
0,65536,490,45652
0,65536,491,9026
0,65536,492,64804
0,65536,493,12314
0,65536,494,35666
0,65536,495,65531
0,65536,496,8764
0,65536,497,40684
0,65536,498,8792
0,65536,499,41677
0,65536,500,12534
0,65536,501,34787
0,65536,502,25118
0,65536,503,7756
0,65536,504,33063
0,65536,505,55004
0,65536,506,61900
0,65536,507,5565
0,65536,508,26309
0,65536,509,57465
0,65536,510,8689
0,65536,511,375
0,65536,512,11446
0,65536,513,10925
0,65536,514,34009
0,65536,515,22492
0,65536,516,38766
0,65536,517,22044
0,65536,518,42325
0,65536,519,23408
0,65536,520,57868
0,65536,521,15103
0,65536,522,40261
0,65536,523,12328
0,65536,524,38167
0,65536,525,31520
0,65536,526,3017
0,65536,527,29010
0,65536,528,57739
0,65536,529,49295
0,65536,530,36500
0,65536,531,7639
0,65536,532,57595
0,65536,533,34836
0,65536,534,21346
0,65536,535,62240
0,65536,536,14468
0,65536,537,40579
0,65536,538,58984
0,65536,539,63306
0,65536,540,24865
0,65536,541,22139
0,65536,542,41861
0,65536,543,45625
0,65536,544,33254
0,65536,545,59396
0,65536,546,31048
0,65536,547,15851
0,65536,548,46168
0,65536,549,907
0,65536,550,42759
0,65536,551,45245
0,65536,552,26937
0,65536,553,8648
0,65536,554,22703
0,65536,555,61565
0,65536,556,14980
0,65536,557,646
0,65536,558,51883
0,65536,559,20190
0,65536,560,19969
0,65536,561,7347
0,65536,562,32178
0,65536,563,49704
0,65536,564,18247
0,65536,565,17826
0,65536,566,56596
0,65536,567,26362
0,65536,568,24588
0,65536,569,17414
0,65536,570,53481
0,65536,571,10489
0,65536,572,52568
0,65536,573,51759
0,65536,574,20973
0,65536,575,52553
0,65536,576,54927
0,65536,577,47026
0,65536,578,64130
0,65536,579,1629
0,65536,580,7997
0,65536,581,5526
0,65536,582,37131
0,65536,583,61831
0,65536,584,62476
0,65536,585,45044
0,65536,586,53097
0,65536,587,28993
0,65536,588,44594
0,65536,589,42377
0,65536,590,14635
0,65536,591,25208
0,65536,592,29253
0,65536,593,60182
0,65536,594,9821
0,65536,595,1130
0,65536,596,51041
0,65536,597,13579
0,65536,598,21717
0,65536,599,53555
0,65536,600,14595
0,65536,601,24020
0,65536,602,61178
0,65536,603,45964
0,65536,604,46278
0,65536,605,29205
0,65536,606,8377
0,65536,607,4406
0,65536,608,26975
0,65536,609,64051
0,65536,610,38517
0,65536,611,37046
0,65536,612,41306
0,65536,613,22940
0,65536,614,5304
0,65536,615,65291
0,65536,616,22013
0,65536,617,25075
0,65536,618,2394
0,65536,619,26349
0,65536,620,26367
0,65536,621,26159
0,65536,622,2423
0,65536,623,63100
0,65536,624,62986
0,65536,625,49465
0,65536,626,8880
0,65536,627,49974
0,65536,628,26388
0,65536,629,24547
0,65536,630,59867
0,65536,631,7192
0,65536,632,19962
0,65536,633,15225
0,65536,634,33284
0,65536,635,3792
0,65536,636,15789
0,65536,637,50002
0,65536,638,44506
0,65536,639,10816
0,65536,640,46661
0,65536,641,491
0,65536,642,24035
0,65536,643,49944
0,65536,644,16707
0,65536,645,31816
0,65536,646,3640
0,65536,647,52541
0,65536,648,2105
0,65536,649,24451
0,65536,650,26166
0,65536,651,34359
0,65536,652,13442
0,65536,653,63331
0,65536,654,5005
0,65536,655,39341
0,65536,656,107
0,65536,657,32831
0,65536,658,45538
0,65536,659,9111
0,65536,660,49777
0,65536,661,41265
0,65536,662,54758
0,65536,663,13075
0,65536,664,10871
0,65536,665,2505
0,65536,666,24480
0,65536,667,5919
0,65536,668,49435
0,65536,669,34630
0,65536,670,64600
0,65536,671,8093
0,65536,672,57759
0,65536,673,19593
0,65536,674,4758
0,65536,675,46967
0,65536,676,4972
0,65536,677,9546
0,65536,678,15187
0,65536,679,38241
0,65536,680,10414
0,65536,681,56324
0,65536,682,7554
0,65536,683,38387
0,65536,684,36496
0,65536,685,9389
0,65536,686,21895
0,65536,687,16767
0,65536,688,54481
0,65536,689,61613
0,65536,690,9763
0,65536,691,53999
0,65536,692,30797
0,65536,693,1610
0,65536,694,14735
0,65536,695,44410
0,65536,696,36548
0,65536,697,478
0,65536,698,47130
0,65536,699,48744
0,65536,700,24927
0,65536,701,15702
0,65536,702,63941
0,65536,703,30418
0,65536,704,32401
0,65536,705,8560
0,65536,706,5862
0,65536,707,4185
0,65536,708,22054
0,65536,709,59849
0,65536,710,62932
0,65536,711,61708
0,65536,712,59155
0,65536,713,26613
0,65536,714,7238
0,65536,715,24348
0,65536,716,519
0,65536,717,24696
0,65536,718,62359
0,65536,719,36182
0,65536,720,56586
0,65536,721,45069
0,65536,722,14287
0,65536,723,62874
0,65536,724,30720
0,65536,725,10790
0,65536,726,34613
0,65536,727,4222
0,65536,728,52831
0,65536,729,45351
0,65536,730,23683
0,65536,731,20488
0,65536,732,54095
0,65536,733,9438
0,65536,734,10656
0,65536,735,43536
0,65536,736,21356
0,65536,737,47000
0,65536,738,27608
0,65536,739,57929
0,65536,740,45212
0,65536,741,811
0,65536,742,5955
0,65536,743,58996
0,65536,744,49489
0,65536,745,10928
0,65536,746,5844
0,65536,747,55663
0,65536,748,13661
0,65536,749,63190
0,65536,750,63030
0,65536,751,4776
0,65536,752,13033
0,65536,753,6918
0,65536,754,49001
0,65536,755,6448
0,65536,756,1371
0,65536,757,64118
0,65536,758,55232
0,65536,759,51974
0,65536,760,16603
0,65536,761,32473
0,65536,762,47989
0,65536,763,6557
0,65536,764,29527
0,65536,765,37339
0,65536,766,47835
0,65536,767,48470
0,65536,768,58990
0,65536,769,36430
0,65536,770,8713
0,65536,771,24054
0,65536,772,3144
0,65536,773,53970
0,65536,774,60406
0,65536,775,31129
0,65536,776,10703
0,65536,777,56460
0,65536,778,36398
0,65536,779,22914
0,65536,780,56977
0,65536,781,14658
0,65536,782,57325
0,65536,783,13091
0,65536,784,42746
0,65536,785,53322
0,65536,786,5956
0,65536,787,42908
0,65536,788,29856
0,65536,789,49178
0,65536,790,14101
0,65536,791,30496
0,65536,792,60067
0,65536,793,37152
0,65536,794,52088
0,65536,795,26158
0,65536,796,9938
0,65536,797,32482
0,65536,798,7227
0,65536,799,308
0,65536,800,57594
0,65536,801,9079
0,65536,802,2222
0,65536,803,55063
0,65536,804,32457
0,65536,805,17981
0,65536,806,28139
0,65536,807,21958
0,65536,808,55085
0,65536,809,50239
0,65536,810,2760
0,65536,811,41818
0,65536,812,50222
0,65536,813,49022
0,65536,814,502
0,65536,815,26670
0,65536,816,63971
0,65536,817,51590
0,65536,818,2863
0,65536,819,3151
0,65536,820,45110
0,65536,821,28240
0,65536,822,54512
0,65536,823,40341
0,65536,824,34883
0,65536,825,37542
0,65536,826,37094
0,65536,827,6692
0,65536,828,64919
0,65536,829,5175
0,65536,830,32324
0,65536,831,19209
0,65536,832,63181
0,65536,833,55318
0,65536,834,18774
0,65536,835,38101
0,65536,836,57546
0,65536,837,64705
0,65536,838,40552
0,65536,839,9737
0,65536,840,10660
0,65536,841,64065
0,65536,842,1258
0,65536,843,65462
0,65536,844,26011
0,65536,845,21284
0,65536,846,36870
0,65536,847,54046
0,65536,848,40566
0,65536,849,1653
0,65536,850,41822
0,65536,851,44158
0,65536,852,48839
0,65536,853,9907
0,65536,854,581
0,65536,855,24428
0,65536,856,11305
0,65536,857,14540
0,65536,858,11147
0,65536,859,22630
0,65536,860,24760
0,65536,861,51577
0,65536,862,54921
0,65536,863,13988
0,65536,864,24820
0,65536,865,42016
0,65536,866,60231
0,65536,867,31302
0,65536,868,2927
0,65536,869,38775
0,65536,870,29661
0,65536,871,63035
0,65536,872,41573
0,65536,873,17473
0,65536,874,21636
0,65536,875,20098
0,65536,876,37603
0,65536,877,37356
0,65536,878,53747
0,65536,879,40998
0,65536,880,23391
0,65536,881,11367
0,65536,882,48312
0,65536,883,31135
0,65536,884,37521
0,65536,885,56696
0,65536,886,62922
0,65536,887,11146
0,65536,888,62253
0,65536,889,12651
0,65536,890,39650
0,65536,891,38534
0,65536,892,25619
0,65536,893,60186
0,65536,894,16710
0,65536,895,48859
0,65536,896,32421
0,65536,897,11521
0,65536,898,58180
0,65536,899,1204
0,65536,900,19620
0,65536,901,4037
0,65536,902,37816
0,65536,903,39601
0,65536,904,8626
0,65536,905,48657
0,65536,906,9884
0,65536,907,48831
0,65536,908,38927
0,65536,909,49989
0,65536,910,11403
0,65536,911,35257
0,65536,912,21086
0,65536,913,4648
0,65536,914,36744
0,65536,915,63042
0,65536,916,16939
0,65536,917,27578
0,65536,918,49457
0,65536,919,33712
0,65536,920,63833
0,65536,921,50430
0,65536,922,64871
0,65536,923,41708
0,65536,924,8415
0,65536,925,43466
0,65536,926,11639
0,65536,927,10286
0,65536,928,27843
0,65536,929,54055
0,65536,930,41585
0,65536,931,51916
0,65536,932,53739
0,65536,933,28296
0,65536,934,533
0,65536,935,28223
0,65536,936,64550
0,65536,937,34293
0,65536,938,5748
0,65536,939,23370
0,65536,940,11470
0,65536,941,31679
0,65536,942,49185
0,65536,943,52879
0,65536,944,38860
0,65536,945,11479
0,65536,946,51902
0,65536,947,59717
0,65536,948,64738
0,65536,949,20367
0,65536,950,44714
0,65536,951,57914
0,65536,952,29731
0,65536,953,45885
0,65536,954,38331
0,65536,955,29263
0,65536,956,37152
0,65536,957,54569
0,65536,958,43165
0,65536,959,21001
0,65536,960,822
0,65536,961,13978
0,65536,962,32246
0,65536,963,390
0,65536,964,64649
0,65536,965,4474
0,65536,966,8052
0,65536,967,60787
0,65536,968,934
0,65536,969,50467
0,65536,970,23948
0,65536,971,44286
0,65536,972,53087
0,65536,973,11069
0,65536,974,15737
0,65536,975,89
0,65536,976,11027
0,65536,977,42473
0,65536,978,45432
0,65536,979,64138
0,65536,980,34456
0,65536,981,44469
0,65536,982,34721
0,65536,983,20525
0,65536,984,50662
0,65536,985,44483
0,65536,986,36142
0,65536,987,13592
0,65536,988,31718
0,65536,989,51296
0,65536,990,49192
0,65536,991,20622
0,65536,992,16496
0,65536,993,64667
0,65536,994,55895
0,65536,995,35925
0,65536,996,24708
0,65536,997,12402
0,65536,998,22118
0,65536,999,4526
0,65536,1000,15912
0,65537,1,13217
0,65537,2,61910
0,65537,3,41229
0,65537,4,45024
0,65537,5,50452
0,65537,6,61256
0,65537,7,42708
0,65537,8,17512
0,65537,9,877
0,65537,10,56996
0,65537,11,52051
0,65537,12,47429
0,65537,13,31301
0,65537,14,28711
0,65537,15,20727
0,65537,16,59826
0,65537,17,5521
0,65537,18,31218
0,65537,19,50942
0,65537,20,49616
0,65537,21,42093
0,65537,22,29836
0,65537,23,42907
0,65537,24,41516
0,65537,25,8478
0,65537,26,63974
0,65537,27,23378
0,65537,28,29247
0,65537,29,49467
0,65537,30,33500
0,65537,31,37674
0,65537,32,2329
0,65537,33,60857
0,65537,34,36759
0,65537,35,44747
0,65537,36,15654
0,65537,37,40281
0,65537,38,21546
0,65537,39,32796
0,65537,40,29244
0,65537,41,4181
0,65537,42,47430
0,65537,43,56107
0,65537,44,24936
0,65537,45,19249
0,65537,46,58094
0,65537,47,57478
0,65537,48,49683
0,65537,49,61847
0,65537,50,46644
0,65537,51,17531
0,65537,52,16801
0,65537,53,63006
0,65537,54,50018
0,65537,55,42570
0,65537,56,17201
0,65537,57,20034
0,65537,58,27384
0,65537,59,24542
0,65537,60,25564
0,65537,61,31784
0,65537,62,16235
0,65537,63,24436
0,65537,64,18216
0,65537,65,46036
0,65537,66,40659
0,65537,67,16853
0,65537,68,64327
0,65537,69,3305
0,65537,70,32282
0,65537,71,24590
0,65537,72,11557
0,65537,73,55138
0,65537,74,17512
0,65537,75,5446
0,65537,76,63518
0,65537,77,56038
0,65537,78,64638
0,65537,79,38155
0,65537,80,64847
0,65537,81,30752
0,65537,82,31860
0,65537,83,7150
0,65537,84,4663
0,65537,85,28634
0,65537,86,60849
0,65537,87,11612
0,65537,88,28161
0,65537,89,15214
0,65537,90,7438
0,65537,91,60635
0,65537,92,43242
0,65537,93,23040
0,65537,94,62546
0,65537,95,730
0,65537,96,65126
0,65537,97,48997
0,65537,98,46259
0,65537,99,45548
0,65537,100,28489
0,65537,101,22576
0,65537,102,5590
0,65537,103,61322
0,65537,104,24822
0,65537,105,17317
0,65537,106,24023
0,65537,107,8108
0,65537,108,24266
0,65537,109,3551
0,65537,110,39570
0,65537,111,10623
0,65537,112,30205
0,65537,113,46697
0,65537,114,56598
0,65537,115,32628
0,65537,116,49827
0,65537,117,55670
0,65537,118,38562
0,65537,119,57512
0,65537,120,28444
0,65537,121,55459
0,65537,122,43126
0,65537,123,30948
0,65537,124,26358
0,65537,125,49587
0,65537,126,57288
0,65537,127,532
0,65537,128,46962
0,65537,129,25433
0,65537,130,7680
0,65537,131,24268
0,65537,132,26073
0,65537,133,12920
0,65537,134,36830
0,65537,135,50505
0,65537,136,53815
0,65537,137,42908
0,65537,138,18399
0,65537,139,16515
0,65537,140,43761
0,65537,141,55219
0,65537,142,22821
0,65537,143,5039
0,65537,144,63067
0,65537,145,50989
0,65537,146,24895
0,65537,147,9665
0,65537,148,63940
0,65537,149,34934
0,65537,150,46839
0,65537,151,21290
0,65537,152,16776
0,65537,153,56197
0,65537,154,20591
0,65537,155,29611
0,65537,156,44899
0,65537,157,23717
0,65537,158,37203
0,65537,159,59885
0,65537,160,24188
0,65537,161,54268
0,65537,162,51868
0,65537,163,9423
0,65537,164,25303
0,65537,165,770
0,65537,166,27797
0,65537,167,51714
0,65537,168,27758
0,65537,169,61781
0,65537,170,47480
0,65537,171,7882
0,65537,172,21863
0,65537,173,28362
0,65537,174,49232
0,65537,175,5662
0,65537,176,39941
0,65537,177,13450
0,65537,178,30969
0,65537,179,7960
0,65537,180,28501
0,65537,181,62986
0,65537,182,50930
0,65537,183,37045
0,65537,184,57404
0,65537,185,1860
0,65537,186,13673
0,65537,187,59457
0,65537,188,47902
0,65537,189,56525
0,65537,190,40660
0,65537,191,29893
0,65537,192,61892
0,65537,193,33944
0,65537,194,15549
0,65537,195,52857
0,65537,196,63635
0,65537,197,22803
0,65537,198,23172
0,65537,199,23392
0,65537,200,25148
0,65537,201,60641
0,65537,202,14419
0,65537,203,26269
0,65537,204,60579
0,65537,205,31068
0,65537,206,46895
0,65537,207,62033
0,65537,208,3328
0,65537,209,17085
0,65537,210,45337
0,65537,211,4114
0,65537,212,32114
0,65537,213,47409
0,65537,214,27619
0,65537,215,53333
0,65537,216,32095
0,65537,217,48560
0,65537,218,38094
0,65537,219,86
0,65537,220,5632
0,65537,221,38901
0,65537,222,54519
0,65537,223,4783
0,65537,224,34240
0,65537,225,21316
0,65537,226,58561
0,65537,227,47464
0,65537,228,32895
0,65537,229,39978
0,65537,230,48169
0,65537,231,59745
0,65537,232,6137
0,65537,233,57917
0,65537,234,32038
0,65537,235,19820
0,65537,236,23503
0,65537,237,9720
0,65537,238,35666
0,65537,239,65531
0,65537,240,8764
0,65537,241,40684
0,65537,242,8792
0,65537,243,41677
0,65537,244,12534
0,65537,245,34787
0,65537,246,7756
0,65537,247,33063
0,65537,248,8689
0,65537,249,375
0,65537,250,10925
0,65537,251,34009
0,65537,252,22492
0,65537,253,42325
0,65537,254,23408
0,65537,255,38167
0,65537,256,3017
0,65537,257,29010
0,65537,258,49295
0,65537,259,36500
0,65537,260,21346
0,65537,261,40579
0,65537,262,58984
0,65537,263,33254
0,65537,264,59396
0,65537,265,31048
0,65537,266,907
0,65537,267,42759
0,65537,268,26937
0,65537,269,22703
0,65537,270,14980
0,65537,271,646
0,65537,272,51883
0,65537,273,32178
0,65537,274,49704
0,65537,275,17826
0,65537,276,24588
0,65537,277,53481
0,65537,278,10489
0,65537,279,52568
0,65537,280,51759
0,65537,281,20973
0,65537,282,52553
0,65537,283,47026
0,65537,284,1629
0,65537,285,62476
0,65537,286,28993
0,65537,287,44594
0,65537,288,29253
0,65537,289,9821
0,65537,290,1130
0,65537,291,51041
0,65537,292,21717
0,65537,293,53555
0,65537,294,14595
0,65537,295,24020
0,65537,296,29205
0,65537,297,26975
0,65537,298,64051
0,65537,299,37046
0,65537,300,5304
0,65537,301,65291
0,65537,302,22013
0,65537,303,26349
0,65537,304,26159
0,65537,305,2423
0,65537,306,63100
0,65537,307,49974
0,65537,308,24547
0,65537,309,59867
0,65537,310,3792
0,65537,311,50002
0,65537,312,10816
0,65537,313,46661
0,65537,314,16707
0,65537,315,31816
0,65537,316,3640
0,65537,317,52541
0,65537,318,24451
0,65537,319,26166
0,65537,320,34359
0,65537,321,63331
0,65537,322,107
0,65537,323,32831
0,65537,324,9111
0,65537,325,49777
0,65537,326,41265
0,65537,327,24480
0,65537,328,5919
0,65537,329,57759
0,65537,330,4758
0,65537,331,46967
0,65537,332,4972
0,65537,333,9546
0,65537,334,38241
0,65537,335,10414
0,65537,336,56324
0,65537,337,9389
0,65537,338,16767
0,65537,339,53999
0,65537,340,1610
0,65537,341,14735
0,65537,342,44410
0,65537,343,478
0,65537,344,30418
0,65537,345,32401
0,65537,346,5862
0,65537,347,62932
0,65537,348,61708
0,65537,349,59155
0,65537,350,26613
0,65537,351,24348
0,65537,352,519
0,65537,353,14287
0,65537,354,30720
0,65537,355,34613
0,65537,356,4222
0,65537,357,52831
0,65537,358,20488
0,65537,359,54095
0,65537,360,9438
0,65537,361,21356
0,65537,362,47000
0,65537,363,811
0,65537,364,10928
0,65537,365,5844
0,65537,366,63190
0,65537,367,4776
0,65537,368,13033
0,65537,369,6918
0,65537,370,55232
0,65537,371,51974
0,65537,372,16603
0,65537,373,47989
0,65537,374,6557
0,65537,375,29527
0,65537,376,58990
0,65537,377,8713
0,65537,378,24054
0,65537,379,3144
0,65537,380,60406
0,65537,381,56460
0,65537,382,36398
0,65537,383,22914
0,65537,384,56977
0,65537,385,14658
0,65537,386,57325
0,65537,387,13091
0,65537,388,42746
0,65537,389,53322
0,65537,390,42908
0,65537,391,29856
0,65537,392,49178
0,65537,393,14101
0,65537,394,7227
0,65537,395,308
0,65537,396,57594
0,65537,397,9079
0,65537,398,2222
0,65537,399,55063
0,65537,400,32457
0,65537,401,17981
0,65537,402,28139
0,65537,403,55085
0,65537,404,50239
0,65537,405,2760
0,65537,406,41818
0,65537,407,502
0,65537,408,26670
0,65537,409,63971
0,65537,410,2863
0,65537,411,3151
0,65537,412,64919
0,65537,413,5175
0,65537,414,18774
0,65537,415,57546
0,65537,416,64705
0,65537,417,10660
0,65537,418,64065
0,65537,419,1258
0,65537,420,65462
0,65537,421,36870
0,65537,422,54046
0,65537,423,41822
0,65537,424,44158
0,65537,425,9907
0,65537,426,581
0,65537,427,11305
0,65537,428,14540
0,65537,429,11147
0,65537,430,51577
0,65537,431,54921
0,65537,432,24820
0,65537,433,42016
0,65537,434,60231
0,65537,435,2927
0,65537,436,29661
0,65537,437,17473
0,65537,438,21636
0,65537,439,20098
0,65537,440,37356
0,65537,441,40998
0,65537,442,23391
0,65537,443,48312
0,65537,444,31135
0,65537,445,37521
0,65537,446,56696
0,65537,447,62253
0,65537,448,12651
0,65537,449,60186
0,65537,450,16710
0,65537,451,48859
0,65537,452,11521
0,65537,453,1204
0,65537,454,19620
0,65537,455,37816
0,65537,456,8626
0,65537,457,48657
0,65537,458,48831
0,65537,459,49989
0,65537,460,11403
0,65537,461,33712
0,65537,462,54055
0,65537,463,28296
0,65537,464,533
0,65537,465,64550
0,65537,466,5748
0,65537,467,23370
0,65537,468,11470
0,65537,469,49185
0,65537,470,52879
0,65537,471,59717
0,65537,472,20367
0,65537,473,45885
0,65537,474,29263
0,65537,475,37152
0,65537,476,32246
0,65537,477,390
0,65537,478,4474
0,65537,479,8052
0,65537,480,60787
0,65537,481,934
0,65537,482,53087
0,65537,483,11069
0,65537,484,11027
0,65537,485,42473
0,65537,486,45432
0,65537,487,34456
0,65537,488,44469
0,65537,489,34721
0,65537,490,20525
0,65537,491,44483
0,65537,492,31718
0,65537,493,20622
0,65537,494,35925
0,65537,495,4526
0,65537,496,15912
0,65537,497,56814
0,65537,498,12578
0,65537,499,6962
0,65537,500,55109
0,65537,501,19287
0,65537,502,3434
0,65537,503,41757
0,65537,504,28227
0,65537,505,5970
0,65537,506,8929
0,65537,507,50943
0,65537,508,10247
0,65537,509,50711
0,65537,510,6250
0,65537,511,22621
0,65537,512,53071
0,65537,513,44236
0,65537,514,52943
0,65537,515,32601
0,65537,516,39949
0,65537,517,53144
0,65537,518,36612
0,65537,519,44977
0,65537,520,36723
0,65537,521,33865
0,65537,522,65000
0,65537,523,26268
0,65537,524,663
0,65537,525,59882
0,65537,526,57096
0,65537,527,5191
0,65537,528,13611
0,65537,529,37025
0,65537,530,52682
0,65537,531,13508
0,65537,532,29544
0,65537,533,11068
0,65537,534,2128
0,65537,535,31197
0,65537,536,51116
0,65537,537,17475
0,65537,538,48990
0,65537,539,37053
0,65537,540,63084
0,65537,541,24104
0,65537,542,32528
0,65537,543,62599
0,65537,544,56119
0,65537,545,39031
0,65537,546,8431
0,65537,547,61071
0,65537,548,37540
0,65537,549,10491
0,65537,550,9100
0,65537,551,46350
0,65537,552,5264
0,65537,553,49205
0,65537,554,21017
0,65537,555,3256
0,65537,556,30169
0,65537,557,18978
0,65537,558,27179
0,65537,559,16390
0,65537,560,20190
0,65537,561,5315
0,65537,562,57394
0,65537,563,7559
0,65537,564,21964
0,65537,565,16180
0,65537,566,49380
0,65537,567,42699
0,65537,568,58207
0,65537,569,20493
0,65537,570,11993
0,65537,571,26605
0,65537,572,7262
0,65537,573,31887
0,65537,574,27908
0,65537,575,43
0,65537,576,50937
0,65537,577,22418
0,65537,578,21640
0,65537,579,45237
0,65537,580,54948
0,65537,581,58565
0,65537,582,52478
0,65537,583,10700
0,65537,584,29139
0,65537,585,18319
0,65537,586,51100
0,65537,587,64382
0,65537,588,26014
0,65537,589,64287
0,65537,590,14289
0,65537,591,48118
0,65537,592,2355
0,65537,593,24834
0,65537,594,33173
0,65537,595,21569
0,65537,596,63751
0,65537,597,1153
0,65537,598,60230
0,65537,599,59242
0,65537,600,37860
0,65537,601,24063
0,65537,602,58791
0,65537,603,54154
0,65537,604,58940
0,65537,605,51195
0,65537,606,54133
0,65537,607,62951
0,65537,608,31338
0,65537,609,42705
0,65537,610,15739
0,65537,611,31378
0,65537,612,50372
0,65537,613,19345
0,65537,614,52541
0,65537,615,35867
0,65537,616,34573
0,65537,617,4712
0,65537,618,10640
0,65537,619,23429
0,65537,620,44691
0,65537,621,28775
0,65537,622,6472
0,65537,623,55688
0,65537,624,12592
0,65537,625,47724
0,65537,626,32505
0,65537,627,11607
0,65537,628,11570
0,65537,629,15473
0,65537,630,22226
0,65537,631,20008
0,65537,632,12826
0,65537,633,10754
0,65537,634,34370
0,65537,635,29876
0,65537,636,3767
0,65537,637,50537
0,65537,638,64481
0,65537,639,37500
0,65537,640,60961
0,65537,641,45263
0,65537,642,59371
0,65537,643,11048
0,65537,644,7470
0,65537,645,11675
0,65537,646,9270
0,65537,647,39080
0,65537,648,32362
0,65537,649,28404
0,65537,650,57426
0,65537,651,5919
0,65537,652,23783
0,65537,653,50380
0,65537,654,5844
0,65537,655,41659
0,65537,656,56988
0,65537,657,18589
0,65537,658,26614
0,65537,659,18075
0,65537,660,8013
0,65537,661,50883
0,65537,662,32701
0,65537,663,31768
0,65537,664,52532
0,65537,665,8701
0,65537,666,13959
0,65537,667,9479
0,65537,668,34548
0,65537,669,7913
0,65537,670,38708
0,65537,671,16130
0,65537,672,10501
0,65537,673,6274
0,65537,674,4964
0,65537,675,62638
0,65537,676,16779
0,65537,677,8704
0,65537,678,28844
0,65537,679,22727
0,65537,680,50086
0,65537,681,56002
0,65537,682,30768
0,65537,683,54039
0,65537,684,7288
0,65537,685,14878
0,65537,686,47036
0,65537,687,31406
0,65537,688,17317
0,65537,689,18457
0,65537,690,26635
0,65537,691,6938
0,65537,692,21862
0,65537,693,52270
0,65537,694,9784
0,65537,695,51583
0,65537,696,35375
0,65537,697,50425
0,65537,698,61541
0,65537,699,25477
0,65537,700,18492
0,65537,701,56418
0,65537,702,20353
0,65537,703,23764
0,65537,704,29768
0,65537,705,34674
0,65537,706,56483
0,65537,707,59108
0,65537,708,58993
0,65537,709,54802
0,65537,710,63564
0,65537,711,64190
0,65537,712,59507
0,65537,713,18963
0,65537,714,39868
0,65537,715,19069
0,65537,716,53840
0,65537,717,64600
0,65537,718,50521
0,65537,719,30689
0,65537,720,60007
0,65537,721,61761
0,65537,722,36943
0,65537,723,37
0,65537,724,44315
0,65537,725,6443
0,65537,726,40929
0,65537,727,25817
0,65537,728,39161
0,65537,729,36002
0,65537,730,39451
0,65537,731,60121
0,65537,732,48999
0,65537,733,25670
0,65537,734,14985
0,65537,735,63522
0,65537,736,13372
0,65537,737,54337
0,65537,738,8904
0,65537,739,7461
0,65537,740,29758
0,65537,741,25426
0,65537,742,34335
0,65537,743,34915
0,65537,744,50848
0,65537,745,46221
0,65537,746,51204
0,65537,747,13754
0,65537,748,44132
0,65537,749,22495
0,65537,750,59634
0,65537,751,35752
0,65537,752,22769
0,65537,753,62309
0,65537,754,11855
0,65537,755,11626
0,65537,756,53361
0,65537,757,11360
0,65537,758,28036
0,65537,759,2355
0,65537,760,25977
0,65537,761,7412
0,65537,762,54347
0,65537,763,1864
0,65537,764,41963
0,65537,765,64406
0,65537,766,13955
0,65537,767,26586
0,65537,768,96
0,65537,769,62411
0,65537,770,55732
0,65537,771,28646
0,65537,772,5099
0,65537,773,39736
0,65537,774,20151
0,65537,775,24030
0,65537,776,59138
0,65537,777,40860
0,65537,778,51681
0,65537,779,62769
0,65537,780,38923
0,65537,781,28356
0,65537,782,14352
0,65537,783,55913
0,65537,784,41931
0,65537,785,44568
0,65537,786,19548
0,65537,787,59667
0,65537,788,44605
0,65537,789,42203
0,65537,790,57631
0,65537,791,1844
0,65537,792,57370
0,65537,793,17406
0,65537,794,12845
0,65537,795,58075
0,65537,796,4476
0,65537,797,41592
0,65537,798,33100
0,65537,799,12531
0,65537,800,28154
0,65537,801,53843
0,65537,802,43147
0,65537,803,50877
0,65537,804,45725
0,65537,805,42058
0,65537,806,21428
0,65537,807,35405
0,65537,808,19161
0,65537,809,19586
0,65537,810,29122
0,65537,811,3668
0,65537,812,58419
0,65537,813,24159
0,65537,814,32311
0,65537,815,26528
0,65537,816,2396
0,65537,817,5763
0,65537,818,55656
0,65537,819,54413
0,65537,820,45656
0,65537,821,15199
0,65537,822,44872
0,65537,823,44306
0,65537,824,31831
0,65537,825,20441
0,65537,826,27047
0,65537,827,19913
0,65537,828,13647
0,65537,829,3383
0,65537,830,46877
0,65537,831,19056
0,65537,832,39448
0,65537,833,5539
0,65537,834,4862
0,65537,835,23523
0,65537,836,49977
0,65537,837,275
0,65537,838,15188
0,65537,839,2618
0,65537,840,58083
0,65537,841,57423
0,65537,842,1132
0,65537,843,35411
0,65537,844,64426
0,65537,845,28097
0,65537,846,17009
0,65537,847,1873
0,65537,848,58274
0,65537,849,62096
0,65537,850,24316
0,65537,851,9143
0,65537,852,29633
0,65537,853,4222
0,65537,854,4289
0,65537,855,60200
0,65537,856,15685
0,65537,857,62662
0,65537,858,1516
0,65537,859,63653
0,65537,860,23116
0,65537,861,5655
0,65537,862,38662
0,65537,863,22569
0,65537,864,3113
0,65537,865,31696
0,65537,866,7218
0,65537,867,54545
0,65537,868,20188
0,65537,869,353
0,65537,870,32555
0,65537,871,36632
0,65537,872,32051
0,65537,873,58199
0,65537,874,25180
0,65537,875,21950
0,65537,876,47830
0,65537,877,6678
0,65537,878,477
0,65537,879,32901
0,65537,880,18786
0,65537,881,38316
0,65537,882,54770
0,65537,883,40730
0,65537,884,423
0,65537,885,40332
0,65537,886,7011
0,65537,887,4088
0,65537,888,40771
0,65537,889,3608
0,65537,890,23538
0,65537,891,4765
0,65537,892,61002
0,65537,893,56299
0,65537,894,49965
0,65537,895,28945
0,65537,896,61216
0,65537,897,25553
0,65537,898,64140
0,65537,899,7595
0,65537,900,41839
0,65537,901,30895
0,65537,902,29297
0,65537,903,30468
0,65537,904,53781
0,65537,905,33589
0,65537,906,59828
0,65537,907,35728
0,65537,908,37302
0,65537,909,51913
0,65537,910,36823
0,65537,911,61588
0,65537,912,12186
0,65537,913,16802
0,65537,914,4968
0,65537,915,60419
0,65537,916,18107
0,65537,917,64974
0,65537,918,65421
0,65537,919,9195
0,65537,920,52936
0,65537,921,54009
0,65537,922,55524
0,65537,923,47740
0,65537,924,12186
0,65537,925,44196
0,65537,926,52408
0,65537,927,866
0,65537,928,6040
0,65537,929,10772
0,65537,930,18256
0,65537,931,18678
0,65537,932,48502
0,65537,933,57861
0,65537,934,52824
0,65537,935,56278
0,65537,936,27423
0,65537,937,27660
0,65537,938,38833
0,65537,939,18919
0,65537,940,22876
0,65537,941,62752
0,65537,942,17181
0,65537,943,57785
0,65537,944,34161
0,65537,945,7964
0,65537,946,24522
0,65537,947,12309
0,65537,948,47109
0,65537,949,52559
0,65537,950,394
0,65537,951,50455
0,65537,952,57307
0,65537,953,36404
0,65537,954,279
0,65537,955,50667
0,65537,956,29835
0,65537,957,40596
0,65537,958,23702
0,65537,959,12931
0,65537,960,39597
0,65537,961,28527
0,65537,962,52766
0,65537,963,61936
0,65537,964,40131
0,65537,965,1548
0,65537,966,14655
0,65537,967,5110
0,65537,968,55175
0,65537,969,54247
0,65537,970,11915
0,65537,971,37009
0,65537,972,54212
0,65537,973,65177
0,65537,974,17631
0,65537,975,20793
0,65537,976,43483
0,65537,977,44205
0,65537,978,26586
0,65537,979,3290
0,65537,980,2483
0,65537,981,32363
0,65537,982,62916
0,65537,983,49764
0,65537,984,24295
0,65537,985,2215
0,65537,986,54166
0,65537,987,2009
0,65537,988,45275
0,65537,989,17405
0,65537,990,65013
0,65537,991,11216
0,65537,992,46659
0,65537,993,10117
0,65537,994,5233
0,65537,995,64042
0,65537,996,48281
0,65537,997,45378
0,65537,998,44553
0,65537,999,55665
0,65537,1000,55205
42,1,1,0
42,1,2,0
42,1,3,0
42,1,4,0
42,1,5,0
42,1,6,0
42,1,7,0
42,1,8,0
42,1,9,0
42,1,10,0
42,1,11,0
42,1,12,0
42,1,13,0
42,1,14,0
42,1,15,0
42,1,16,0
42,1,17,0
42,1,18,0
42,1,19,0
42,1,20,0
42,1,21,0
42,1,22,0
42,1,23,0
42,1,24,0
42,1,25,0
42,1,26,0
42,1,27,0
42,1,28,0
42,1,29,0
42,1,30,0
42,1,31,0
42,1,32,0
42,1,33,0
42,1,34,0
42,1,35,0
42,1,36,0
42,1,37,0
42,1,38,0
42,1,39,0
42,1,40,0
42,1,41,0
42,1,42,0
42,1,43,0
42,1,44,0
42,1,45,0
42,1,46,0
42,1,47,0
42,1,48,0
42,1,49,0
42,1,50,0
42,1,51,0
42,1,52,0
42,1,53,0
42,1,54,0
42,1,55,0
42,1,56,0
42,1,57,0
42,1,58,0
42,1,59,0
42,1,60,0
42,1,61,0
42,1,62,0
42,1,63,0
42,1,64,0
42,1,65,0
42,1,66,0
42,1,67,0
42,1,68,0
42,1,69,0
42,1,70,0
42,1,71,0
42,1,72,0
42,1,73,0
42,1,74,0
42,1,75,0
42,1,76,0
42,1,77,0
42,1,78,0
42,1,79,0
42,1,80,0
42,1,81,0
42,1,82,0
42,1,83,0
42,1,84,0
42,1,85,0
42,1,86,0
42,1,87,0
42,1,88,0
42,1,89,0
42,1,90,0
42,1,91,0
42,1,92,0
42,1,93,0
42,1,94,0
42,1,95,0
42,1,96,0
42,1,97,0
42,1,98,0
42,1,99,0
42,1,100,0
42,1,101,0
42,1,102,0
42,1,103,0
42,1,104,0
42,1,105,0
42,1,106,0
42,1,107,0
42,1,108,0
42,1,109,0
42,1,110,0
42,1,111,0
42,1,112,0
42,1,113,0
42,1,114,0
42,1,115,0
42,1,116,0
42,1,117,0
42,1,118,0
42,1,119,0
42,1,120,0
42,1,121,0
42,1,122,0
42,1,123,0
42,1,124,0
42,1,125,0
42,1,126,0
42,1,127,0
42,1,128,0
42,1,129,0
42,1,130,0
42,1,131,0
42,1,132,0
42,1,133,0
42,1,134,0
42,1,135,0
42,1,136,0
42,1,137,0
42,1,138,0
42,1,139,0
42,1,140,0
42,1,141,0
42,1,142,0
42,1,143,0
42,1,144,0
42,1,145,0
42,1,146,0
42,1,147,0
42,1,148,0
42,1,149,0
42,1,150,0
42,1,151,0
42,1,152,0
42,1,153,0
42,1,154,0
42,1,155,0
42,1,156,0
42,1,157,0
42,1,158,0
42,1,159,0
42,1,160,0
42,1,161,0
42,1,162,0
42,1,163,0
42,1,164,0
42,1,165,0
42,1,166,0
42,1,167,0
42,1,168,0
42,1,169,0
42,1,170,0
42,1,171,0
42,1,172,0
42,1,173,0
42,1,174,0
42,1,175,0
42,1,176,0
42,1,177,0
42,1,178,0
42,1,179,0
42,1,180,0
42,1,181,0
42,1,182,0
42,1,183,0
42,1,184,0
42,1,185,0
42,1,186,0
42,1,187,0
42,1,188,0
42,1,189,0
42,1,190,0
42,1,191,0
42,1,192,0
42,1,193,0
42,1,194,0
42,1,195,0
42,1,196,0
42,1,197,0
42,1,198,0
42,1,199,0
42,1,200,0
42,1,201,0
42,1,202,0
42,1,203,0
42,1,204,0
42,1,205,0
42,1,206,0
42,1,207,0
42,1,208,0
42,1,209,0
42,1,210,0
42,1,211,0
42,1,212,0
42,1,213,0
42,1,214,0
42,1,215,0
42,1,216,0
42,1,217,0
42,1,218,0
42,1,219,0
42,1,220,0
42,1,221,0
42,1,222,0
42,1,223,0
42,1,224,0
42,1,225,0
42,1,226,0
42,1,227,0
42,1,228,0
42,1,229,0
42,1,230,0
42,1,231,0
42,1,232,0
42,1,233,0
42,1,234,0
42,1,235,0
42,1,236,0
42,1,237,0
42,1,238,0
42,1,239,0
42,1,240,0
42,1,241,0
42,1,242,0
42,1,243,0
42,1,244,0
42,1,245,0
42,1,246,0
42,1,247,0
42,1,248,0
42,1,249,0
42,1,250,0
42,1,251,0
42,1,252,0
42,1,253,0
42,1,254,0
42,1,255,0
42,1,256,0
42,1,257,0
42,1,258,0
42,1,259,0
42,1,260,0
42,1,261,0
42,1,262,0
42,1,263,0
42,1,264,0
42,1,265,0
42,1,266,0
42,1,267,0
42,1,268,0
42,1,269,0
42,1,270,0
42,1,271,0
42,1,272,0
42,1,273,0
42,1,274,0
42,1,275,0
42,1,276,0
42,1,277,0
42,1,278,0
42,1,279,0
42,1,280,0
42,1,281,0
42,1,282,0
42,1,283,0
42,1,284,0
42,1,285,0
42,1,286,0
42,1,287,0
42,1,288,0
42,1,289,0
42,1,290,0
42,1,291,0
42,1,292,0
42,1,293,0
42,1,294,0
42,1,295,0
42,1,296,0
42,1,297,0
42,1,298,0
42,1,299,0
42,1,300,0
42,1,301,0
42,1,302,0
42,1,303,0
42,1,304,0
42,1,305,0
42,1,306,0
42,1,307,0
42,1,308,0
42,1,309,0
42,1,310,0
42,1,311,0
42,1,312,0
42,1,313,0
42,1,314,0
42,1,315,0
42,1,316,0
42,1,317,0
42,1,318,0
42,1,319,0
42,1,320,0
42,1,321,0
42,1,322,0
42,1,323,0
42,1,324,0
42,1,325,0
42,1,326,0
42,1,327,0
42,1,328,0
42,1,329,0
42,1,330,0
42,1,331,0
42,1,332,0
42,1,333,0
42,1,334,0
42,1,335,0
42,1,336,0
42,1,337,0
42,1,338,0
42,1,339,0
42,1,340,0
42,1,341,0
42,1,342,0
42,1,343,0
42,1,344,0
42,1,345,0
42,1,346,0
42,1,347,0
42,1,348,0
42,1,349,0
42,1,350,0
42,1,351,0
42,1,352,0
42,1,353,0
42,1,354,0
42,1,355,0
42,1,356,0
42,1,357,0
42,1,358,0
42,1,359,0
42,1,360,0
42,1,361,0
42,1,362,0
42,1,363,0
42,1,364,0
42,1,365,0
42,1,366,0
42,1,367,0
42,1,368,0
42,1,369,0
42,1,370,0
42,1,371,0
42,1,372,0
42,1,373,0
42,1,374,0
42,1,375,0
42,1,376,0
42,1,377,0
42,1,378,0
42,1,379,0
42,1,380,0
42,1,381,0
42,1,382,0
42,1,383,0
42,1,384,0
42,1,385,0
42,1,386,0
42,1,387,0
42,1,388,0
42,1,389,0
42,1,390,0
42,1,391,0
42,1,392,0
42,1,393,0
42,1,394,0
42,1,395,0
42,1,396,0
42,1,397,0
42,1,398,0
42,1,399,0
42,1,400,0
42,1,401,0
42,1,402,0
42,1,403,0
42,1,404,0
42,1,405,0
42,1,406,0
42,1,407,0
42,1,408,0
42,1,409,0
42,1,410,0
42,1,411,0
42,1,412,0
42,1,413,0
42,1,414,0
42,1,415,0
42,1,416,0
42,1,417,0
42,1,418,0
42,1,419,0
42,1,420,0
42,1,421,0
42,1,422,0
42,1,423,0
42,1,424,0
42,1,425,0
42,1,426,0
42,1,427,0
42,1,428,0
42,1,429,0
42,1,430,0
42,1,431,0
42,1,432,0
42,1,433,0
42,1,434,0
42,1,435,0
42,1,436,0
42,1,437,0
42,1,438,0
42,1,439,0
42,1,440,0
42,1,441,0
42,1,442,0
42,1,443,0
42,1,444,0
42,1,445,0
42,1,446,0
42,1,447,0
42,1,448,0
42,1,449,0
42,1,450,0
42,1,451,0
42,1,452,0
42,1,453,0
42,1,454,0
42,1,455,0
42,1,456,0
42,1,457,0
42,1,458,0
42,1,459,0
42,1,460,0
42,1,461,0
42,1,462,0
42,1,463,0
42,1,464,0
42,1,465,0
42,1,466,0
42,1,467,0
42,1,468,0
42,1,469,0
42,1,470,0
42,1,471,0
42,1,472,0
42,1,473,0
42,1,474,0
42,1,475,0
42,1,476,0
42,1,477,0
42,1,478,0
42,1,479,0
42,1,480,0
42,1,481,0
42,1,482,0
42,1,483,0
42,1,484,0
42,1,485,0
42,1,486,0
42,1,487,0
42,1,488,0
42,1,489,0
42,1,490,0
42,1,491,0
42,1,492,0
42,1,493,0
42,1,494,0
42,1,495,0
42,1,496,0
42,1,497,0
42,1,498,0
42,1,499,0
42,1,500,0
42,1,501,0
42,1,502,0
42,1,503,0
42,1,504,0
42,1,505,0
42,1,506,0
42,1,507,0
42,1,508,0
42,1,509,0
42,1,510,0
42,1,511,0
42,1,512,0
42,1,513,0
42,1,514,0
42,1,515,0
42,1,516,0
42,1,517,0
42,1,518,0
42,1,519,0
42,1,520,0
42,1,521,0
42,1,522,0
42,1,523,0
42,1,524,0
42,1,525,0
42,1,526,0
42,1,527,0
42,1,528,0
42,1,529,0
42,1,530,0
42,1,531,0
42,1,532,0
42,1,533,0
42,1,534,0
42,1,535,0
42,1,536,0
42,1,537,0
42,1,538,0
42,1,539,0
42,1,540,0
42,1,541,0
42,1,542,0
42,1,543,0
42,1,544,0
42,1,545,0
42,1,546,0
42,1,547,0
42,1,548,0
42,1,549,0
42,1,550,0
42,1,551,0
42,1,552,0
42,1,553,0
42,1,554,0
42,1,555,0
42,1,556,0
42,1,557,0
42,1,558,0
42,1,559,0
42,1,560,0
42,1,561,0
42,1,562,0
42,1,563,0
42,1,564,0
42,1,565,0
42,1,566,0
42,1,567,0
42,1,568,0
42,1,569,0
42,1,570,0
42,1,571,0
42,1,572,0
42,1,573,0
42,1,574,0
42,1,575,0
42,1,576,0
42,1,577,0
42,1,578,0
42,1,579,0
42,1,580,0
42,1,581,0
42,1,582,0
42,1,583,0
42,1,584,0
42,1,585,0
42,1,586,0
42,1,587,0
42,1,588,0
42,1,589,0
42,1,590,0
42,1,591,0
42,1,592,0
42,1,593,0
42,1,594,0
42,1,595,0
42,1,596,0
42,1,597,0
42,1,598,0
42,1,599,0
42,1,600,0
42,1,601,0
42,1,602,0
42,1,603,0
42,1,604,0
42,1,605,0
42,1,606,0
42,1,607,0
42,1,608,0
42,1,609,0
42,1,610,0
42,1,611,0
42,1,612,0
42,1,613,0
42,1,614,0
42,1,615,0
42,1,616,0
42,1,617,0
42,1,618,0
42,1,619,0
42,1,620,0
42,1,621,0
42,1,622,0
42,1,623,0
42,1,624,0
42,1,625,0
42,1,626,0
42,1,627,0
42,1,628,0
42,1,629,0
42,1,630,0
42,1,631,0
42,1,632,0
42,1,633,0
42,1,634,0
42,1,635,0
42,1,636,0
42,1,637,0
42,1,638,0
42,1,639,0
42,1,640,0
42,1,641,0
42,1,642,0
42,1,643,0
42,1,644,0
42,1,645,0
42,1,646,0
42,1,647,0
42,1,648,0
42,1,649,0
42,1,650,0
42,1,651,0
42,1,652,0
42,1,653,0
42,1,654,0
42,1,655,0
42,1,656,0
42,1,657,0
42,1,658,0
42,1,659,0
42,1,660,0
42,1,661,0
42,1,662,0
42,1,663,0
42,1,664,0
42,1,665,0
42,1,666,0
42,1,667,0
42,1,668,0
42,1,669,0
42,1,670,0
42,1,671,0
42,1,672,0
42,1,673,0
42,1,674,0
42,1,675,0
42,1,676,0
42,1,677,0
42,1,678,0
42,1,679,0
42,1,680,0
42,1,681,0
42,1,682,0
42,1,683,0
42,1,684,0
42,1,685,0
42,1,686,0
42,1,687,0
42,1,688,0
42,1,689,0
42,1,690,0
42,1,691,0
42,1,692,0
42,1,693,0
42,1,694,0
42,1,695,0
42,1,696,0
42,1,697,0
42,1,698,0
42,1,699,0
42,1,700,0
42,1,701,0
42,1,702,0
42,1,703,0
42,1,704,0
42,1,705,0
42,1,706,0
42,1,707,0
42,1,708,0
42,1,709,0
42,1,710,0
42,1,711,0
42,1,712,0
42,1,713,0
42,1,714,0
42,1,715,0
42,1,716,0
42,1,717,0
42,1,718,0
42,1,719,0
42,1,720,0
42,1,721,0
42,1,722,0
42,1,723,0
42,1,724,0
42,1,725,0
42,1,726,0
42,1,727,0
42,1,728,0
42,1,729,0
42,1,730,0
42,1,731,0
42,1,732,0
42,1,733,0
42,1,734,0
42,1,735,0
42,1,736,0
42,1,737,0
42,1,738,0
42,1,739,0
42,1,740,0
42,1,741,0
42,1,742,0
42,1,743,0
42,1,744,0
42,1,745,0
42,1,746,0
42,1,747,0
42,1,748,0
42,1,749,0
42,1,750,0
42,1,751,0
42,1,752,0
42,1,753,0
42,1,754,0
42,1,755,0
42,1,756,0
42,1,757,0
42,1,758,0
42,1,759,0
42,1,760,0
42,1,761,0
42,1,762,0
42,1,763,0
42,1,764,0
42,1,765,0
42,1,766,0
42,1,767,0
42,1,768,0
42,1,769,0
42,1,770,0
42,1,771,0
42,1,772,0
42,1,773,0
42,1,774,0
42,1,775,0
42,1,776,0
42,1,777,0
42,1,778,0
42,1,779,0
42,1,780,0
42,1,781,0
42,1,782,0
42,1,783,0
42,1,784,0
42,1,785,0
42,1,786,0
42,1,787,0
42,1,788,0
42,1,789,0
42,1,790,0
42,1,791,0
42,1,792,0
42,1,793,0
42,1,794,0
42,1,795,0
42,1,796,0
42,1,797,0
42,1,798,0
42,1,799,0
42,1,800,0
42,1,801,0
42,1,802,0
42,1,803,0
42,1,804,0
42,1,805,0
42,1,806,0
42,1,807,0
42,1,808,0
42,1,809,0
42,1,810,0
42,1,811,0
42,1,812,0
42,1,813,0
42,1,814,0
42,1,815,0
42,1,816,0
42,1,817,0
42,1,818,0
42,1,819,0
42,1,820,0
42,1,821,0
42,1,822,0
42,1,823,0
42,1,824,0
42,1,825,0
42,1,826,0
42,1,827,0
42,1,828,0
42,1,829,0
42,1,830,0
42,1,831,0
42,1,832,0
42,1,833,0
42,1,834,0
42,1,835,0
42,1,836,0
42,1,837,0
42,1,838,0
42,1,839,0
42,1,840,0
42,1,841,0
42,1,842,0
42,1,843,0
42,1,844,0
42,1,845,0
42,1,846,0
42,1,847,0
42,1,848,0
42,1,849,0
42,1,850,0
42,1,851,0
42,1,852,0
42,1,853,0
42,1,854,0
42,1,855,0
42,1,856,0
42,1,857,0
42,1,858,0
42,1,859,0
42,1,860,0
42,1,861,0
42,1,862,0
42,1,863,0
42,1,864,0
42,1,865,0
42,1,866,0
42,1,867,0
42,1,868,0
42,1,869,0
42,1,870,0
42,1,871,0
42,1,872,0
42,1,873,0
42,1,874,0
42,1,875,0
42,1,876,0
42,1,877,0
42,1,878,0
42,1,879,0
42,1,880,0
42,1,881,0
42,1,882,0
42,1,883,0
42,1,884,0
42,1,885,0
42,1,886,0
42,1,887,0
42,1,888,0
42,1,889,0
42,1,890,0
42,1,891,0
42,1,892,0
42,1,893,0
42,1,894,0
42,1,895,0
42,1,896,0
42,1,897,0
42,1,898,0
42,1,899,0
42,1,900,0
42,1,901,0
42,1,902,0
42,1,903,0
42,1,904,0
42,1,905,0
42,1,906,0
42,1,907,0
42,1,908,0
42,1,909,0
42,1,910,0
42,1,911,0
42,1,912,0
42,1,913,0
42,1,914,0
42,1,915,0
42,1,916,0
42,1,917,0
42,1,918,0
42,1,919,0
42,1,920,0
42,1,921,0
42,1,922,0
42,1,923,0
42,1,924,0
42,1,925,0
42,1,926,0
42,1,927,0
42,1,928,0
42,1,929,0
42,1,930,0
42,1,931,0
42,1,932,0
42,1,933,0
42,1,934,0
42,1,935,0
42,1,936,0
42,1,937,0
42,1,938,0
42,1,939,0
42,1,940,0
42,1,941,0
42,1,942,0
42,1,943,0
42,1,944,0
42,1,945,0
42,1,946,0
42,1,947,0
42,1,948,0
42,1,949,0
42,1,950,0
42,1,951,0
42,1,952,0
42,1,953,0
42,1,954,0
42,1,955,0
42,1,956,0
42,1,957,0
42,1,958,0
42,1,959,0
42,1,960,0
42,1,961,0
42,1,962,0
42,1,963,0
42,1,964,0
42,1,965,0
42,1,966,0
42,1,967,0
42,1,968,0
42,1,969,0
42,1,970,0
42,1,971,0
42,1,972,0
42,1,973,0
42,1,974,0
42,1,975,0
42,1,976,0
42,1,977,0
42,1,978,0
42,1,979,0
42,1,980,0
42,1,981,0
42,1,982,0
42,1,983,0
42,1,984,0
42,1,985,0
42,1,986,0
42,1,987,0
42,1,988,0
42,1,989,0
42,1,990,0
42,1,991,0
42,1,992,0
42,1,993,0
42,1,994,0
42,1,995,0
42,1,996,0
42,1,997,0
42,1,998,0
42,1,999,0
42,1,1000,0
42,45,1,36
42,45,2,0
42,45,3,24
42,45,4,9
42,45,5,35
42,45,6,17
42,45,7,23
42,45,8,6
42,45,9,35
42,45,10,24
42,45,11,36
42,45,12,19
42,45,13,25
42,45,14,2
42,45,15,40
42,45,16,24
42,45,17,26
42,45,18,35
42,45,19,36
42,45,20,30
42,45,21,44
42,45,22,4
42,45,23,19
42,45,24,33
42,45,25,27
42,45,26,39
42,45,27,2
42,45,28,32
42,45,29,41
42,45,30,23
42,45,31,29
42,45,32,42
42,45,33,14
42,45,34,21
42,45,35,7
42,45,36,35
42,45,37,3
42,45,38,21
42,45,39,17
42,45,40,44
42,45,41,27
42,45,42,4
42,45,43,3
42,45,44,33
42,45,45,34
42,45,46,23
42,45,47,22
42,45,48,25
42,45,49,5
42,45,50,5
42,45,51,1
42,45,52,2
42,45,53,20
42,45,54,1
42,45,55,37
42,45,56,9
42,45,57,39
42,45,58,4
42,45,59,32
42,45,60,38
42,45,61,35
42,45,62,44
42,45,63,41
42,45,64,8
42,45,65,28
42,45,66,11
42,45,67,19
42,45,68,8
42,45,69,42
42,45,70,34
42,45,71,28
42,45,72,15
42,45,73,36
42,45,74,27
42,45,75,4
42,45,76,27
42,45,77,1
42,45,78,17
42,45,79,23
42,45,80,17
42,45,81,4
42,45,82,39
42,45,83,39
42,45,84,20
42,45,85,35
42,45,86,35
42,45,87,38
42,45,88,41
42,45,89,17
42,45,90,26
42,45,91,12
42,45,92,18
42,45,93,31
42,45,94,15
42,45,95,28
42,45,96,16
42,45,97,43
42,45,98,8
42,45,99,20
42,45,100,42
42,45,101,7
42,45,102,28
42,45,103,37
42,45,104,0
42,45,105,12
42,45,106,13
42,45,107,4
42,45,108,8
42,45,109,15
42,45,110,25
42,45,111,42
42,45,112,41
42,45,113,41
42,45,114,32
42,45,115,28
42,45,116,24
42,45,117,31
42,45,118,16
42,45,119,13
42,45,120,5
42,45,121,42
42,45,122,36
42,45,123,15
42,45,124,30
42,45,125,33
42,45,126,29
42,45,127,31
42,45,128,5
42,45,129,21
42,45,130,37
42,45,131,30
42,45,132,5
42,45,133,19
42,45,134,14
42,45,135,33
42,45,136,41
42,45,137,22
42,45,138,11
42,45,139,25
42,45,140,40
42,45,141,0
42,45,142,1
42,45,143,23
42,45,144,33
42,45,145,24
42,45,146,27
42,45,147,42
42,45,148,13
42,45,149,33
42,45,150,1
42,45,151,30
42,45,152,31
42,45,153,26
42,45,154,9
42,45,155,27
42,45,156,36
42,45,157,9
42,45,158,4
42,45,159,34
42,45,160,13
42,45,161,13
42,45,162,27
42,45,163,32
42,45,164,36
42,45,165,34
42,45,166,25
42,45,167,30
42,45,168,44
42,45,169,42
42,45,170,31
42,45,171,16
42,45,172,26
42,45,173,29
42,45,174,35
42,45,175,19
42,45,176,10
42,45,177,16
42,45,178,8
42,45,179,16
42,45,180,12
42,45,181,30
42,45,182,0
42,45,183,16
42,45,184,32
42,45,185,27
42,45,186,1
42,45,187,30
42,45,188,7
42,45,189,15
42,45,190,2
42,45,191,36
42,45,192,12
42,45,193,11
42,45,194,0
42,45,195,29
42,45,196,30
42,45,197,36
42,45,198,5
42,45,199,15
42,45,200,9
42,45,201,6
42,45,202,8
42,45,203,40
42,45,204,24
42,45,205,2
42,45,206,17
42,45,207,27
42,45,208,14
42,45,209,28
42,45,210,19
42,45,211,24
42,45,212,15
42,45,213,23
42,45,214,32
42,45,215,37
42,45,216,42
42,45,217,40
42,45,218,21
42,45,219,25
42,45,220,19
42,45,221,44
42,45,222,36
42,45,223,42
42,45,224,14
42,45,225,20
42,45,226,33
42,45,227,24
42,45,228,37
42,45,229,0
42,45,230,13
42,45,231,10
42,45,232,27
42,45,233,17
42,45,234,33
42,45,235,41
42,45,236,35
42,45,237,19
42,45,238,14
42,45,239,6
42,45,240,26
42,45,241,29
42,45,242,4
42,45,243,21
42,45,244,19
42,45,245,40
42,45,246,10
42,45,247,27
42,45,248,37
42,45,249,41
42,45,250,8
42,45,251,22
42,45,252,25
42,45,253,40
42,45,254,10
42,45,255,18
42,45,256,27
42,45,257,20
42,45,258,35
42,45,259,41
42,45,260,21
42,45,261,24
42,45,262,29
42,45,263,20
42,45,264,43
42,45,265,20
42,45,266,5
42,45,267,40
42,45,268,9
42,45,269,23
42,45,270,6
42,45,271,13
42,45,272,11
42,45,273,9
42,45,274,24
42,45,275,36
42,45,276,1
42,45,277,34
42,45,278,33
42,45,279,26
42,45,280,30
42,45,281,26
42,45,282,15
42,45,283,35
42,45,284,23
42,45,285,37
42,45,286,20
42,45,287,19
42,45,288,10
42,45,289,32
42,45,290,13
42,45,291,27
42,45,292,32
42,45,293,28
42,45,294,35
42,45,295,44
42,45,296,31
42,45,297,37
42,45,298,21
42,45,299,43
42,45,300,6
42,45,301,43
42,45,302,4
42,45,303,30
42,45,304,31
42,45,305,17
42,45,306,38
42,45,307,12
42,45,308,29
42,45,309,1
42,45,310,27
42,45,311,2
42,45,312,32
42,45,313,28
42,45,314,19
42,45,315,42
42,45,316,8
42,45,317,9
42,45,318,6
42,45,319,27
42,45,320,17
42,45,321,24
42,45,322,43
42,45,323,9
42,45,324,8
42,45,325,18
42,45,326,14
42,45,327,2
42,45,328,21
42,45,329,19
42,45,330,41
42,45,331,33
42,45,332,22
42,45,333,16
42,45,334,17
42,45,335,18
42,45,336,16
42,45,337,29
42,45,338,9
42,45,339,36
42,45,340,44
42,45,341,9
42,45,342,33
42,45,343,3
42,45,344,24
42,45,345,25
42,45,346,38
42,45,347,32
42,45,348,21
42,45,349,43
42,45,350,18
42,45,351,5
42,45,352,43
42,45,353,24
42,45,354,29
42,45,355,41
42,45,356,38
42,45,357,24
42,45,358,1
42,45,359,37
42,45,360,8
42,45,361,10
42,45,362,5
42,45,363,30
42,45,364,4
42,45,365,13
42,45,366,41
42,45,367,0
42,45,368,40
42,45,369,9
42,45,370,11
42,45,371,21
42,45,372,0
42,45,373,42
42,45,374,3
42,45,375,2
42,45,376,37
42,45,377,4
42,45,378,41
42,45,379,19
42,45,380,33
42,45,381,22
42,45,382,35
42,45,383,19
42,45,384,8
42,45,385,26
42,45,386,2
42,45,387,30
42,45,388,17
42,45,389,9
42,45,390,32
42,45,391,39
42,45,392,19
42,45,393,36
42,45,394,5
42,45,395,28
42,45,396,3
42,45,397,26
42,45,398,8
42,45,399,39
42,45,400,22
42,45,401,25
42,45,402,11
42,45,403,9
42,45,404,42
42,45,405,22
42,45,406,26
42,45,407,33
42,45,408,15
42,45,409,24
42,45,410,27
42,45,411,14
42,45,412,37
42,45,413,22
42,45,414,18
42,45,415,9
42,45,416,12
42,45,417,37
42,45,418,0
42,45,419,10
42,45,420,44
42,45,421,25
42,45,422,9
42,45,423,44
42,45,424,14
42,45,425,16
42,45,426,7
42,45,427,35
42,45,428,5
42,45,429,9
42,45,430,26
42,45,431,19
42,45,432,24
42,45,433,23
42,45,434,15
42,45,435,43
42,45,436,15
42,45,437,2
42,45,438,31
42,45,439,20
42,45,440,38
42,45,441,2
42,45,442,9
42,45,443,20
42,45,444,41
42,45,445,6
42,45,446,18
42,45,447,28
42,45,448,44
42,45,449,41
42,45,450,23
42,45,451,28
42,45,452,29
42,45,453,42
42,45,454,44
42,45,455,34
42,45,456,41
42,45,457,33
42,45,458,38
42,45,459,20
42,45,460,42
42,45,461,42
42,45,462,25
42,45,463,32
42,45,464,5
42,45,465,22
42,45,466,41
42,45,467,40
42,45,468,43
42,45,469,44
42,45,470,17
42,45,471,20
42,45,472,32
42,45,473,10
42,45,474,39
42,45,475,44
42,45,476,13
42,45,477,1
42,45,478,37
42,45,479,44
42,45,480,34
42,45,481,27
42,45,482,44
42,45,483,15
42,45,484,15
42,45,485,44
42,45,486,44
42,45,487,7
42,45,488,44
42,45,489,37
42,45,490,37
42,45,491,7
42,45,492,30
42,45,493,36
42,45,494,22
42,45,495,40
42,45,496,9
42,45,497,10
42,45,498,26
42,45,499,22
42,45,500,32
42,45,501,21
42,45,502,14
42,45,503,3
42,45,504,38
42,45,505,42
42,45,506,9
42,45,507,7
42,45,508,30
42,45,509,27
42,45,510,34
42,45,511,44
42,45,512,19
42,45,513,7
42,45,514,31
42,45,515,2
42,45,516,40
42,45,517,10
42,45,518,12
42,45,519,38
42,45,520,17
42,45,521,38
42,45,522,20
42,45,523,4
42,45,524,30
42,45,525,19
42,45,526,17
42,45,527,38
42,45,528,2
42,45,529,7
42,45,530,18
42,45,531,9
42,45,532,14
42,45,533,11
42,45,534,34
42,45,535,31
42,45,536,41
42,45,537,33
42,45,538,39
42,45,539,0
42,45,540,12
42,45,541,6
42,45,542,10
42,45,543,10
42,45,544,12
42,45,545,36
42,45,546,33
42,45,547,14
42,45,548,36
42,45,549,13
42,45,550,36
42,45,551,25
42,45,552,27
42,45,553,17
42,45,554,16
42,45,555,38
42,45,556,44
42,45,557,33
42,45,558,11
42,45,559,29
42,45,560,34
42,45,561,19
42,45,562,25
42,45,563,24
42,45,564,7
42,45,565,19
42,45,566,27
42,45,567,32
42,45,568,20
42,45,569,33
42,45,570,4
42,45,571,41
42,45,572,11
42,45,573,2
42,45,574,17
42,45,575,0
42,45,576,7
42,45,577,39
42,45,578,29
42,45,579,19
42,45,580,33
42,45,581,20
42,45,582,18
42,45,583,42
42,45,584,17
42,45,585,39
42,45,586,23
42,45,587,41
42,45,588,28
42,45,589,33
42,45,590,21
42,45,591,3
42,45,592,22
42,45,593,16
42,45,594,43
42,45,595,19
42,45,596,38
42,45,597,8
42,45,598,18
42,45,599,20
42,45,600,42
42,45,601,42
42,45,602,43
42,45,603,16
42,45,604,33
42,45,605,6
42,45,606,3
42,45,607,44
42,45,608,0
42,45,609,27
42,45,610,16
42,45,611,35
42,45,612,33
42,45,613,26
42,45,614,28
42,45,615,25
42,45,616,20
42,45,617,39
42,45,618,34
42,45,619,12
42,45,620,33
42,45,621,35
42,45,622,40
42,45,623,42
42,45,624,27
42,45,625,9
42,45,626,31
42,45,627,26
42,45,628,32
42,45,629,0
42,45,630,13
42,45,631,31
42,45,632,27
42,45,633,42
42,45,634,31
42,45,635,40
42,45,636,29
42,45,637,36
42,45,638,33
42,45,639,40
42,45,640,34
42,45,641,23
42,45,642,43
42,45,643,33
42,45,644,23
42,45,645,27
42,45,646,17
42,45,647,29
42,45,648,21
42,45,649,25
42,45,650,19
42,45,651,30
42,45,652,39
42,45,653,29
42,45,654,7
42,45,655,24
42,45,656,37
42,45,657,34
42,45,658,0
42,45,659,29
42,45,660,3
42,45,661,27
42,45,662,40
42,45,663,32
42,45,664,42
42,45,665,5
42,45,666,19
42,45,667,13
42,45,668,8
42,45,669,27
42,45,670,30
42,45,671,23
42,45,672,5
42,45,673,43
42,45,674,21
42,45,675,10
42,45,676,8
42,45,677,17
42,45,678,42
42,45,679,18
42,45,680,32
42,45,681,42
42,45,682,39
42,45,683,10
42,45,684,32
42,45,685,37
42,45,686,33
42,45,687,36
42,45,688,0
42,45,689,29
42,45,690,17
42,45,691,3
42,45,692,14
42,45,693,6
42,45,694,13
42,45,695,9
42,45,696,34
42,45,697,6
42,45,698,4
42,45,699,23
42,45,700,37
42,45,701,4
42,45,702,20
42,45,703,40
42,45,704,34
42,45,705,2
42,45,706,8
42,45,707,44
42,45,708,26
42,45,709,28
42,45,710,26
42,45,711,38
42,45,712,41
42,45,713,16
42,45,714,33
42,45,715,19
42,45,716,25
42,45,717,11
42,45,718,23
42,45,719,23
42,45,720,37
42,45,721,29
42,45,722,21
42,45,723,29
42,45,724,9
42,45,725,32
42,45,726,41
42,45,727,6
42,45,728,24
42,45,729,23
42,45,730,1
42,45,731,35
42,45,732,7
42,45,733,13
42,45,734,16
42,45,735,36
42,45,736,16
42,45,737,15
42,45,738,31
42,45,739,24
42,45,740,37
42,45,741,2
42,45,742,13
42,45,743,8
42,45,744,43
42,45,745,8
42,45,746,23
42,45,747,2
42,45,748,35
42,45,749,34
42,45,750,38
42,45,751,32
42,45,752,36
42,45,753,21
42,45,754,3
42,45,755,28
42,45,756,26
42,45,757,7
42,45,758,43
42,45,759,43
42,45,760,11
42,45,761,8
42,45,762,23
42,45,763,2
42,45,764,2
42,45,765,25
42,45,766,40
42,45,767,6
42,45,768,26
42,45,769,22
42,45,770,43
42,45,771,44
42,45,772,31
42,45,773,14
42,45,774,19
42,45,775,34
42,45,776,26
42,45,777,44
42,45,778,18
42,45,779,1
42,45,780,21
42,45,781,36
42,45,782,40
42,45,783,32
42,45,784,3
42,45,785,17
42,45,786,36
42,45,787,34
42,45,788,41
42,45,789,24
42,45,790,38
42,45,791,13
42,45,792,26
42,45,793,9
42,45,794,22
42,45,795,9
42,45,796,20
42,45,797,40
42,45,798,38
42,45,799,5
42,45,800,27
42,45,801,7
42,45,802,30
42,45,803,25
42,45,804,23
42,45,805,36
42,45,806,18
42,45,807,19
42,45,808,10
42,45,809,26
42,45,810,6
42,45,811,41
42,45,812,43
42,45,813,3
42,45,814,30
42,45,815,34
42,45,816,0
42,45,817,4
42,45,818,16
42,45,819,42
42,45,820,0
42,45,821,23
42,45,822,32
42,45,823,17
42,45,824,2
42,45,825,4
42,45,826,38
42,45,827,5
42,45,828,15
42,45,829,12
42,45,830,32
42,45,831,9
42,45,832,13
42,45,833,41
42,45,834,33
42,45,835,15
42,45,836,40
42,45,837,16
42,45,838,1
42,45,839,14
42,45,840,22
42,45,841,26
42,45,842,39
42,45,843,2
42,45,844,33
42,45,845,2
42,45,846,42
42,45,847,36
42,45,848,21
42,45,849,32
42,45,850,2
42,45,851,13
42,45,852,37
42,45,853,15
42,45,854,9
42,45,855,26
42,45,856,7
42,45,857,22
42,45,858,8
42,45,859,34
42,45,860,33
42,45,861,37
42,45,862,33
42,45,863,29
42,45,864,24
42,45,865,29
42,45,866,8
42,45,867,36
42,45,868,16
42,45,869,43
42,45,870,19
42,45,871,35
42,45,872,37
42,45,873,33
42,45,874,2
42,45,875,16
42,45,876,23
42,45,877,10
42,45,878,7
42,45,879,38
42,45,880,19
42,45,881,27
42,45,882,22
42,45,883,32
42,45,884,18
42,45,885,15
42,45,886,39
42,45,887,9
42,45,888,9
42,45,889,18
42,45,890,12
42,45,891,22
42,45,892,43
42,45,893,39
42,45,894,37
42,45,895,38
42,45,896,38
42,45,897,36
42,45,898,0
42,45,899,42
42,45,900,33
42,45,901,22
42,45,902,41
42,45,903,37
42,45,904,35
42,45,905,11
42,45,906,5
42,45,907,16
42,45,908,0
42,45,909,42
42,45,910,19
42,45,911,25
42,45,912,18
42,45,913,36
42,45,914,2
42,45,915,44
42,45,916,18
42,45,917,19
42,45,918,30
42,45,919,13
42,45,920,33
42,45,921,32
42,45,922,21
42,45,923,6
42,45,924,37
42,45,925,43
42,45,926,42
42,45,927,9
42,45,928,29
42,45,929,24
42,45,930,9
42,45,931,29
42,45,932,26
42,45,933,18
42,45,934,41
42,45,935,8
42,45,936,21
42,45,937,26
42,45,938,7
42,45,939,18
42,45,940,6
42,45,941,25
42,45,942,15
42,45,943,7
42,45,944,22
42,45,945,20
42,45,946,15
42,45,947,30
42,45,948,28
42,45,949,42
42,45,950,26
42,45,951,9
42,45,952,19
42,45,953,17
42,45,954,15
42,45,955,7
42,45,956,20
42,45,957,36
42,45,958,22
42,45,959,1
42,45,960,32
42,45,961,27
42,45,962,30
42,45,963,27
42,45,964,41
42,45,965,8
42,45,966,32
42,45,967,16
42,45,968,44
42,45,969,5
42,45,970,11
42,45,971,18
42,45,972,32
42,45,973,10
42,45,974,27
42,45,975,26
42,45,976,15
42,45,977,13
42,45,978,22
42,45,979,36
42,45,980,39
42,45,981,18
42,45,982,43
42,45,983,6
42,45,984,32
42,45,985,23
42,45,986,14
42,45,987,7
42,45,988,5
42,45,989,42
42,45,990,33
42,45,991,32
42,45,992,29
42,45,993,36
42,45,994,36
42,45,995,42
42,45,996,26
42,45,997,26
42,45,998,16
42,45,999,16
42,45,1000,25
42,111,1,48
42,111,2,100
42,111,3,64
42,111,4,24
42,111,5,73
42,111,6,99
42,111,7,17
42,111,8,48
42,111,9,46
42,111,10,23
42,111,11,70
42,111,12,99
42,111,13,88
42,111,14,36
42,111,15,109
42,111,16,19
42,111,17,25
42,111,18,110
42,111,19,2
42,111,20,40
42,111,21,88
42,111,22,26
42,111,23,35
42,111,24,100
42,111,25,94
42,111,26,108
42,111,27,4
42,111,28,83
42,111,29,33
42,111,30,91
42,111,31,103
42,111,32,2
42,111,33,57
42,111,34,96
42,111,35,41
42,111,36,23
42,111,37,29
42,111,38,42
42,111,39,14
42,111,40,21
42,111,41,57
42,111,42,7
42,111,43,35
42,111,44,67
42,111,45,85
42,111,46,17
42,111,47,108
42,111,48,91
42,111,49,68
42,111,50,3
42,111,51,97
42,111,52,49
42,111,53,98
42,111,54,87
42,111,55,86
42,111,56,48
42,111,57,25
42,111,58,5
42,111,59,5
42,111,60,1
42,111,61,2
42,111,62,20
42,111,63,1
42,111,64,101
42,111,65,57
42,111,66,9
42,111,67,39
42,111,68,4
42,111,69,32
42,111,70,48
42,111,71,102
42,111,72,99
42,111,73,108
42,111,74,105
42,111,75,72
42,111,76,28
42,111,77,75
42,111,78,83
42,111,79,8
42,111,80,106
42,111,81,34
42,111,82,92
42,111,83,15
42,111,84,100
42,111,85,91
42,111,86,109
42,111,87,68
42,111,88,91
42,111,89,1
42,111,90,81
42,111,91,23
42,111,92,17
42,111,93,68
42,111,94,109
42,111,95,103
42,111,96,54
42,111,97,39
42,111,98,20
42,111,99,99
42,111,100,56
42,111,101,99
42,111,102,102
42,111,103,41
42,111,104,17
42,111,105,90
42,111,106,12
42,111,107,52
42,111,108,53
42,111,109,82
42,111,110,31
42,111,111,79
42,111,112,59
42,111,113,28
42,111,114,80
42,111,115,107
42,111,116,72
42,111,117,84
42,111,118,42
42,111,119,57
42,111,120,71
42,111,121,28
42,111,122,54
42,111,123,37
42,111,124,0
42,111,125,12
42,111,126,77
42,111,127,4
42,111,128,72
42,111,129,54
42,111,130,15
42,111,131,89
42,111,132,42
42,111,133,41
42,111,134,41
42,111,135,96
42,111,136,56
42,111,137,28
42,111,138,24
42,111,139,62
42,111,140,31
42,111,141,80
42,111,142,109
42,111,143,13
42,111,144,110
42,111,145,5
42,111,146,46
42,111,147,42
42,111,148,61
42,111,149,36
42,111,150,79
42,111,151,30
42,111,152,33
42,111,153,93
42,111,154,95
42,111,155,5
42,111,156,85
42,111,157,37
42,111,158,94
42,111,159,5
42,111,160,83
42,111,161,14
42,111,162,33
42,111,163,41
42,111,164,86
42,111,165,59
42,111,166,11
42,111,167,25
42,111,168,40
42,111,169,64
42,111,170,65
42,111,171,55
42,111,172,23
42,111,173,97
42,111,174,24
42,111,175,91
42,111,176,106
42,111,177,60
42,111,178,61
42,111,179,13
42,111,180,33
42,111,181,65
42,111,182,94
42,111,183,31
42,111,184,26
42,111,185,9
42,111,186,56
42,111,187,27
42,111,188,36
42,111,189,9
42,111,190,4
42,111,191,34
42,111,192,77
42,111,193,13
42,111,194,27
42,111,195,96
42,111,196,100
42,111,197,98
42,111,198,53
42,111,199,89
42,111,200,30
42,111,201,108
42,111,202,42
42,111,203,51
42,111,204,95
42,111,205,80
42,111,206,58
42,111,207,26
42,111,208,29
42,111,209,51
42,111,210,99
42,111,211,83
42,111,212,74
42,111,213,80
42,111,214,72
42,111,215,16
42,111,216,61
42,111,217,12
42,111,218,94
42,111,219,62
42,111,220,48
42,111,221,60
42,111,222,0
42,111,223,16
42,111,224,32
42,111,225,27
42,111,226,1
42,111,227,30
42,111,228,7
42,111,229,79
42,111,230,2
42,111,231,100
42,111,232,12
42,111,233,11
42,111,234,64
42,111,235,29
42,111,236,50
42,111,237,59
42,111,238,94
42,111,239,36
42,111,240,46
42,111,241,55
42,111,242,69
42,111,243,15
42,111,244,9
42,111,245,70
42,111,246,72
42,111,247,104
42,111,248,24
42,111,249,2
42,111,250,81
42,111,251,52
42,111,252,110
42,111,253,27
42,111,254,78
42,111,255,92
42,111,256,56
42,111,257,83
42,111,258,88
42,111,259,79
42,111,260,87
42,111,261,96
42,111,262,60
42,111,263,101
42,111,264,42
42,111,265,104
42,111,266,21
42,111,267,25
42,111,268,53
42,111,269,53
42,111,270,83
42,111,271,54
42,111,272,53
42,111,273,57
42,111,274,44
42,111,275,36
42,111,276,42
42,111,277,78
42,111,278,84
42,111,279,33
42,111,280,24
42,111,281,101
42,111,282,64
42,111,283,13
42,111,284,48
42,111,285,10
42,111,286,27
42,111,287,17
42,111,288,54
42,111,289,97
42,111,290,41
42,111,291,35
42,111,292,19
42,111,293,78
42,111,294,60
42,111,295,70
42,111,296,26
42,111,297,93
42,111,298,4
42,111,299,85
42,111,300,19
42,111,301,40
42,111,302,10
42,111,303,91
42,111,304,37
42,111,305,105
42,111,306,72
42,111,307,22
42,111,308,89
42,111,309,104
42,111,310,10
42,111,311,18
42,111,312,91
42,111,313,84
42,111,314,35
42,111,315,41
42,111,316,85
42,111,317,88
42,111,318,53
42,111,319,58
42,111,320,29
42,111,321,58
42,111,322,84
42,111,323,107
42,111,324,20
42,111,325,69
42,111,326,46
42,111,327,104
42,111,328,73
42,111,329,87
42,111,330,54
42,111,331,6
42,111,332,13
42,111,333,11
42,111,334,52
42,111,335,50
42,111,336,9
42,111,337,88
42,111,338,36
42,111,339,65
42,111,340,34
42,111,341,33
42,111,342,26
42,111,343,45
42,111,344,30
42,111,345,90
42,111,346,79
42,111,347,99
42,111,348,52
42,111,349,23
42,111,350,37
42,111,351,84
42,111,352,19
42,111,353,74
42,111,354,96
42,111,355,77
42,111,356,91
42,111,357,32
42,111,358,92
42,111,359,35
42,111,360,44
42,111,361,95
42,111,362,101
42,111,363,21
42,111,364,43
42,111,365,63
42,111,366,6
42,111,367,107
42,111,368,4
42,111,369,30
42,111,370,31
42,111,371,81
42,111,372,38
42,111,373,12
42,111,374,29
42,111,375,53
42,111,376,1
42,111,377,27
42,111,378,2
42,111,379,32
42,111,380,110
42,111,381,92
42,111,382,83
42,111,383,106
42,111,384,8
42,111,385,53
42,111,386,9
42,111,387,70
42,111,388,91
42,111,389,81
42,111,390,24
42,111,391,107
42,111,392,73
42,111,393,72
42,111,394,18
42,111,395,78
42,111,396,45
42,111,397,2
42,111,398,21
42,111,399,60
42,111,400,19
42,111,401,41
42,111,402,97
42,111,403,86
42,111,404,16
42,111,405,81
42,111,406,82
42,111,407,45
42,111,408,16
42,111,409,93
42,111,410,73
42,111,411,36
42,111,412,44
42,111,413,49
42,111,414,50
42,111,415,73
42,111,416,47
42,111,417,33
42,111,418,57
42,111,419,67
42,111,420,88
42,111,421,89
42,111,422,60
42,111,423,102
42,111,424,32
42,111,425,109
42,111,426,85
42,111,427,107
42,111,428,18
42,111,429,69
42,111,430,107
42,111,431,88
42,111,432,29
42,111,433,105
42,111,434,102
42,111,435,88
42,111,436,1
42,111,437,37
42,111,438,8
42,111,439,55
42,111,440,74
42,111,441,5
42,111,442,30
42,111,443,68
42,111,444,13
42,111,445,63
42,111,446,105
42,111,447,46
42,111,448,64
42,111,449,40
42,111,450,9
42,111,451,48
42,111,452,75
42,111,453,21
42,111,454,0
42,111,455,106
42,111,456,3
42,111,457,66
42,111,458,58
42,111,459,52
42,111,460,37
42,111,461,58
42,111,462,68
42,111,463,41
42,111,464,61
42,111,465,19
42,111,466,33
42,111,467,86
42,111,468,99
42,111,469,56
42,111,470,19
42,111,471,8
42,111,472,26
42,111,473,45
42,111,474,45
42,111,475,2
42,111,476,94
42,111,477,62
42,111,478,17
42,111,479,9
42,111,480,96
42,111,481,39
42,111,482,83
42,111,483,52
42,111,484,100
42,111,485,69
42,111,486,28
42,111,487,109
42,111,488,67
42,111,489,90
42,111,490,8
42,111,491,39
42,111,492,86
42,111,493,89
42,111,494,75
42,111,495,73
42,111,496,109
42,111,497,106
42,111,498,86
42,111,499,53
42,111,500,56
42,111,501,26
42,111,502,97
42,111,503,79
42,111,504,109
42,111,505,88
42,111,506,27
42,111,507,14
42,111,508,101
42,111,509,22
42,111,510,60
42,111,511,82
42,111,512,9
42,111,513,12
42,111,514,61
42,111,515,101
42,111,516,0
42,111,517,10
42,111,518,108
42,111,519,25
42,111,520,73
42,111,521,108
42,111,522,78
42,111,523,80
42,111,524,110
42,111,525,7
42,111,526,99
42,111,527,69
42,111,528,73
42,111,529,90
42,111,530,83
42,111,531,24
42,111,532,23
42,111,533,79
42,111,534,107
42,111,535,15
42,111,536,2
42,111,537,55
42,111,538,95
42,111,539,20
42,111,540,102
42,111,541,66
42,111,542,9
42,111,543,84
42,111,544,105
42,111,545,6
42,111,546,18
42,111,547,28
42,111,548,44
42,111,549,41
42,111,550,45
42,111,551,23
42,111,552,92
42,111,553,29
42,111,554,106
42,111,555,44
42,111,556,98
42,111,557,41
42,111,558,97
42,111,559,38
42,111,560,51
42,111,561,84
42,111,562,52
42,111,563,42
42,111,564,42
42,111,565,25
42,111,566,96
42,111,567,61
42,111,568,5
42,111,569,57
42,111,570,22
42,111,571,41
42,111,572,40
42,111,573,107
42,111,574,59
42,111,575,44
42,111,576,81
42,111,577,110
42,111,578,84
42,111,579,32
42,111,580,10
42,111,581,103
42,111,582,44
42,111,583,13
42,111,584,1
42,111,585,101
42,111,586,44
42,111,587,34
42,111,588,27
42,111,589,44
42,111,590,15
42,111,591,79
42,111,592,108
42,111,593,44
42,111,594,7
42,111,595,108
42,111,596,101
42,111,597,101
42,111,598,71
42,111,599,94
42,111,600,36
42,111,601,86
42,111,602,104
42,111,603,9
42,111,604,59
42,111,605,74
42,111,606,90
42,111,607,22
42,111,608,32
42,111,609,85
42,111,610,14
42,111,611,67
42,111,612,59
42,111,613,102
42,111,614,106
42,111,615,9
42,111,616,71
42,111,617,94
42,111,618,91
42,111,619,98
42,111,620,44
42,111,621,83
42,111,622,54
42,111,623,47
42,111,624,7
42,111,625,95
42,111,626,2
42,111,627,104
42,111,628,47
42,111,629,74
42,111,630,12
42,111,631,102
42,111,632,17
42,111,633,102
42,111,634,84
42,111,635,4
42,111,636,30
42,111,637,55
42,111,638,19
42,111,639,81
42,111,640,102
42,111,641,66
42,111,642,7
42,111,643,18
42,111,644,9
42,111,645,78
42,111,646,60
42,111,647,11
42,111,648,34
42,111,649,51
42,111,650,31
42,111,651,60
42,111,652,53
42,111,653,105
42,111,654,33
42,111,655,103
42,111,656,0
42,111,657,76
42,111,658,6
42,111,659,74
42,111,660,10
42,111,661,76
42,111,662,62
42,111,663,100
42,111,664,97
42,111,665,14
42,111,666,36
42,111,667,13
42,111,668,100
42,111,669,89
42,111,670,48
42,111,671,27
42,111,672,81
42,111,673,58
42,111,674,16
42,111,675,49
42,111,676,38
42,111,677,108
42,111,678,33
42,111,679,75
42,111,680,93
42,111,681,34
42,111,682,19
42,111,683,89
42,111,684,88
42,111,685,7
42,111,686,19
42,111,687,27
42,111,688,54
42,111,689,109
42,111,690,96
42,111,691,55
42,111,692,45
42,111,693,84
42,111,694,55
42,111,695,97
42,111,696,61
42,111,697,68
42,111,698,41
42,111,699,11
42,111,700,2
42,111,701,17
42,111,702,49
42,111,703,46
42,111,704,64
42,111,705,7
42,111,706,103
42,111,707,29
42,111,708,19
42,111,709,50
42,111,710,33
42,111,711,63
42,111,712,20
42,111,713,51
42,111,714,82
42,111,715,106
42,111,716,110
42,111,717,81
42,111,718,39
42,111,719,23
42,111,720,41
42,111,721,28
42,111,722,33
42,111,723,21
42,111,724,3
42,111,725,86
42,111,726,16
42,111,727,107
42,111,728,19
42,111,729,50
42,111,730,38
42,111,731,8
42,111,732,62
42,111,733,61
42,111,734,18
42,111,735,20
42,111,736,106
42,111,737,106
42,111,738,62
42,111,739,107
42,111,740,80
42,111,741,97
42,111,742,6
42,111,743,48
42,111,744,67
42,111,745,44
42,111,746,64
42,111,747,91
42,111,748,80
42,111,749,35
42,111,750,56
42,111,751,33
42,111,752,26
42,111,753,92
42,111,754,25
42,111,755,56
42,111,756,84
42,111,757,103
42,111,758,34
42,111,759,57
42,111,760,12
42,111,761,97
42,111,762,99
42,111,763,40
42,111,764,42
42,111,765,91
42,111,766,9
42,111,767,95
42,111,768,109
42,111,769,26
42,111,770,96
42,111,771,64
42,111,772,77
42,111,773,57
42,111,774,95
42,111,775,27
42,111,776,106
42,111,777,31
42,111,778,104
42,111,779,29
42,111,780,36
42,111,781,97
42,111,782,104
42,111,783,98
42,111,784,23
42,111,785,43
42,111,786,33
42,111,787,87
42,111,788,27
42,111,789,47
42,111,790,17
42,111,791,29
42,111,792,21
42,111,793,25
42,111,794,48
42,111,795,83
42,111,796,94
42,111,797,103
42,111,798,29
42,111,799,71
42,111,800,50
42,111,801,46
42,111,802,88
42,111,803,57
42,111,804,37
42,111,805,98
42,111,806,64
42,111,807,29
42,111,808,46
42,111,809,3
42,111,810,27
42,111,811,40
42,111,812,96
42,111,813,106
42,111,814,69
42,111,815,19
42,111,816,13
42,111,817,8
42,111,818,91
42,111,819,30
42,111,820,23
42,111,821,69
42,111,822,107
42,111,823,21
42,111,824,10
42,111,825,58
42,111,826,72
42,111,827,81
42,111,828,106
42,111,829,18
42,111,830,32
42,111,831,106
42,111,832,39
42,111,833,74
42,111,834,96
42,111,835,54
42,111,836,37
42,111,837,33
42,111,838,109
42,111,839,100
42,111,840,0
42,111,841,93
42,111,842,56
42,111,843,54
42,111,844,17
42,111,845,59
42,111,846,67
42,111,847,78
42,111,848,70
42,111,849,13
42,111,850,9
42,111,851,98
42,111,852,70
42,111,853,68
42,111,854,87
42,111,855,37
42,111,856,4
42,111,857,20
42,111,858,62
42,111,859,104
42,111,860,34
42,111,861,2
42,111,862,72
42,111,863,63
42,111,864,44
42,111,865,90
42,111,866,28
42,111,867,90
42,111,868,102
42,111,869,41
42,111,870,16
42,111,871,97
42,111,872,19
42,111,873,63
42,111,874,48
42,111,875,89
42,111,876,75
42,111,877,87
42,111,878,87
42,111,879,101
42,111,880,29
42,111,881,85
42,111,882,93
42,111,883,50
42,111,884,73
42,111,885,32
42,111,886,105
42,111,887,6
42,111,888,24
42,111,889,23
42,111,890,65
42,111,891,35
42,111,892,51
42,111,893,7
42,111,894,110
42,111,895,77
42,111,896,16
42,111,897,57
42,111,898,36
42,111,899,16
42,111,900,79
42,111,901,95
42,111,902,51
42,111,903,24
42,111,904,101
42,111,905,66
42,111,906,13
42,111,907,72
42,111,908,55
42,111,909,43
42,111,910,54
42,111,911,72
42,111,912,87
42,111,913,109
42,111,914,66
42,111,915,35
42,111,916,34
42,111,917,38
42,111,918,96
42,111,919,59
42,111,920,36
42,111,921,85
42,111,922,3
42,111,923,28
42,111,924,90
42,111,925,7
42,111,926,43
42,111,927,43
42,111,928,11
42,111,929,110
42,111,930,8
42,111,931,87
42,111,932,66
42,111,933,2
42,111,934,25
42,111,935,104
42,111,936,6
42,111,937,26
42,111,938,86
42,111,939,43
42,111,940,108
42,111,941,48
42,111,942,95
42,111,943,78
42,111,944,46
42,111,945,19
42,111,946,98
42,111,947,90
42,111,948,44
42,111,949,18
42,111,950,65
42,111,951,21
42,111,952,36
42,111,953,104
42,111,954,49
42,111,955,32
42,111,956,67
42,111,957,81
42,111,958,61
42,111,959,100
42,111,960,98
42,111,961,41
42,111,962,55
42,111,963,24
42,111,964,38
42,111,965,13
42,111,966,60
42,111,967,90
42,111,968,73
42,111,969,22
42,111,970,73
42,111,971,20
42,111,972,40
42,111,973,38
42,111,974,69
42,111,975,51
42,111,976,27
42,111,977,7
42,111,978,30
42,111,979,89
42,111,980,61
42,111,981,23
42,111,982,36
42,111,983,57
42,111,984,82
42,111,985,83
42,111,986,10
42,111,987,90
42,111,988,70
42,111,989,55
42,111,990,105
42,111,991,43
42,111,992,3
42,111,993,30
42,111,994,51
42,111,995,34
42,111,996,60
42,111,997,60
42,111,998,64
42,111,999,47
42,111,1000,4
42,128,1,48
42,128,2,100
42,128,3,64
42,128,4,24
42,128,5,73
42,128,6,99
42,128,7,17
42,128,8,121
42,128,9,48
42,128,10,127
42,128,11,46
42,128,12,23
42,128,13,70
42,128,14,99
42,128,15,88
42,128,16,36
42,128,17,109
42,128,18,19
42,128,19,25
42,128,20,113
42,128,21,110
42,128,22,2
42,128,23,40
42,128,24,88
42,128,25,26
42,128,26,35
42,128,27,100
42,128,28,94
42,128,29,108
42,128,30,4
42,128,31,83
42,128,32,33
42,128,33,91
42,128,34,103
42,128,35,2
42,128,36,57
42,128,37,96
42,128,38,41
42,128,39,23
42,128,40,29
42,128,41,42
42,128,42,14
42,128,43,21
42,128,44,57
42,128,45,7
42,128,46,35
42,128,47,67
42,128,48,85
42,128,49,17
42,128,50,108
42,128,51,91
42,128,52,68
42,128,53,3
42,128,54,97
42,128,55,119
42,128,56,49
42,128,57,98
42,128,58,87
42,128,59,86
42,128,60,48
42,128,61,116
42,128,62,25
42,128,63,113
42,128,64,5
42,128,65,5
42,128,66,1
42,128,67,115
42,128,68,2
42,128,69,117
42,128,70,20
42,128,71,1
42,128,72,118
42,128,73,101
42,128,74,57
42,128,75,9
42,128,76,39
42,128,77,4
42,128,78,32
42,128,79,48
42,128,80,102
42,128,81,99
42,128,82,108
42,128,83,105
42,128,84,72
42,128,85,28
42,128,86,75
42,128,87,83
42,128,88,8
42,128,89,106
42,128,90,34
42,128,91,92
42,128,92,15
42,128,93,100
42,128,94,91
42,128,95,119
42,128,96,109
42,128,97,68
42,128,98,91
42,128,99,117
42,128,100,1
42,128,101,81
42,128,102,23
42,128,103,112
42,128,104,17
42,128,105,68
42,128,106,109
42,128,107,103
42,128,108,54
42,128,109,39
42,128,110,20
42,128,111,99
42,128,112,56
42,128,113,99
42,128,114,102
42,128,115,41
42,128,116,17
42,128,117,90
42,128,118,12
42,128,119,52
42,128,120,53
42,128,121,82
42,128,122,31
42,128,123,79
42,128,124,117
42,128,125,59
42,128,126,28
42,128,127,80
42,128,128,107
42,128,129,72
42,128,130,120
42,128,131,84
42,128,132,125
42,128,133,42
42,128,134,120
42,128,135,57
42,128,136,111
42,128,137,71
42,128,138,28
42,128,139,54
42,128,140,37
42,128,141,0
42,128,142,12
42,128,143,77
42,128,144,4
42,128,145,72
42,128,146,54
42,128,147,15
42,128,148,89
42,128,149,42
42,128,150,41
42,128,151,41
42,128,152,119
42,128,153,96
42,128,154,122
42,128,155,56
42,128,156,28
42,128,157,24
42,128,158,114
42,128,159,62
42,128,160,31
42,128,161,80
42,128,162,109
42,128,163,13
42,128,164,110
42,128,165,5
42,128,166,119
42,128,167,46
42,128,168,42
42,128,169,61
42,128,170,36
42,128,171,79
42,128,172,112
42,128,173,127
42,128,174,117
42,128,175,112
42,128,176,113
42,128,177,30
42,128,178,33
42,128,179,93
42,128,180,95
42,128,181,5
42,128,182,85
42,128,183,37
42,128,184,94
42,128,185,5
42,128,186,83
42,128,187,123
42,128,188,14
42,128,189,33
42,128,190,41
42,128,191,86
42,128,192,59
42,128,193,125
42,128,194,11
42,128,195,127
42,128,196,25
42,128,197,40
42,128,198,64
42,128,199,65
42,128,200,55
42,128,201,23
42,128,202,97
42,128,203,24
42,128,204,91
42,128,205,106
42,128,206,60
42,128,207,61
42,128,208,13
42,128,209,33
42,128,210,123
42,128,211,65
42,128,212,94
42,128,213,31
42,128,214,26
42,128,215,9
42,128,216,56
42,128,217,27
42,128,218,117
42,128,219,36
42,128,220,9
42,128,221,112
42,128,222,112
42,128,223,4
42,128,224,34
42,128,225,77
42,128,226,13
42,128,227,27
42,128,228,121
42,128,229,96
42,128,230,100
42,128,231,98
42,128,232,53
42,128,233,89
42,128,234,126
42,128,235,30
42,128,236,108
42,128,237,42
42,128,238,51
42,128,239,121
42,128,240,95
42,128,241,80
42,128,242,58
42,128,243,26
42,128,244,29
42,128,245,51
42,128,246,99
42,128,247,83
42,128,248,74
42,128,249,80
42,128,250,72
42,128,251,16
42,128,252,61
42,128,253,12
42,128,254,94
42,128,255,125
42,128,256,123
42,128,257,62
42,128,258,48
42,128,259,60
42,128,260,115
42,128,261,0
42,128,262,16
42,128,263,32
42,128,264,27
42,128,265,1
42,128,266,30
42,128,267,7
42,128,268,126
42,128,269,79
42,128,270,2
42,128,271,100
42,128,272,12
42,128,273,11
42,128,274,64
42,128,275,29
42,128,276,50
42,128,277,59
42,128,278,94
42,128,279,36
42,128,280,46
42,128,281,55
42,128,282,69
42,128,283,118
42,128,284,15
42,128,285,9
42,128,286,70
42,128,287,126
42,128,288,72
42,128,289,104
42,128,290,24
42,128,291,2
42,128,292,81
42,128,293,52
42,128,294,110
42,128,295,27
42,128,296,123
42,128,297,78
42,128,298,92
42,128,299,56
42,128,300,83
42,128,301,88
42,128,302,79
42,128,303,117
42,128,304,87
42,128,305,96
42,128,306,60
42,128,307,101
42,128,308,42
42,128,309,104
42,128,310,21
42,128,311,25
42,128,312,53
42,128,313,53
42,128,314,83
42,128,315,54
42,128,316,53
42,128,317,126
42,128,318,57
42,128,319,44
42,128,320,36
42,128,321,42
42,128,322,78
42,128,323,84
42,128,324,33
42,128,325,24
42,128,326,101
42,128,327,64
42,128,328,13
42,128,329,111
42,128,330,48
42,128,331,10
42,128,332,27
42,128,333,17
42,128,334,54
42,128,335,97
42,128,336,121
42,128,337,41
42,128,338,35
42,128,339,19
42,128,340,78
42,128,341,60
42,128,342,70
42,128,343,112
42,128,344,26
42,128,345,93
42,128,346,4
42,128,347,85
42,128,348,19
42,128,349,113
42,128,350,121
42,128,351,40
42,128,352,10
42,128,353,91
42,128,354,37
42,128,355,105
42,128,356,72
42,128,357,126
42,128,358,22
42,128,359,89
42,128,360,114
42,128,361,104
42,128,362,10
42,128,363,18
42,128,364,91
42,128,365,84
42,128,366,35
42,128,367,41
42,128,368,85
42,128,369,88
42,128,370,53
42,128,371,58
42,128,372,112
42,128,373,29
42,128,374,58
42,128,375,84
42,128,376,107
42,128,377,20
42,128,378,69
42,128,379,46
42,128,380,104
42,128,381,73
42,128,382,87
42,128,383,113
42,128,384,54
42,128,385,6
42,128,386,13
42,128,387,11
42,128,388,52
42,128,389,50
42,128,390,9
42,128,391,120
42,128,392,88
42,128,393,36
42,128,394,65
42,128,395,34
42,128,396,33
42,128,397,26
42,128,398,45
42,128,399,30
42,128,400,90
42,128,401,79
42,128,402,99
42,128,403,119
42,128,404,52
42,128,405,23
42,128,406,37
42,128,407,115
42,128,408,84
42,128,409,19
42,128,410,74
42,128,411,121
42,128,412,96
42,128,413,122
42,128,414,77
42,128,415,91
42,128,416,32
42,128,417,92
42,128,418,35
42,128,419,44
42,128,420,95
42,128,421,101
42,128,422,21
42,128,423,43
42,128,424,63
42,128,425,124
42,128,426,6
42,128,427,107
42,128,428,4
42,128,429,30
42,128,430,31
42,128,431,81
42,128,432,38
42,128,433,12
42,128,434,121
42,128,435,29
42,128,436,53
42,128,437,1
42,128,438,27
42,128,439,2
42,128,440,32
42,128,441,110
42,128,442,92
42,128,443,83
42,128,444,106
42,128,445,8
42,128,446,53
42,128,447,9
42,128,448,70
42,128,449,114
42,128,450,91
42,128,451,81
42,128,452,24
42,128,453,107
42,128,454,73
42,128,455,72
42,128,456,18
42,128,457,78
42,128,458,45
42,128,459,118
42,128,460,2
42,128,461,21
42,128,462,60
42,128,463,19
42,128,464,41
42,128,465,97
42,128,466,86
42,128,467,16
42,128,468,81
42,128,469,82
42,128,470,45
42,128,471,16
42,128,472,93
42,128,473,73
42,128,474,36
42,128,475,44
42,128,476,49
42,128,477,50
42,128,478,114
42,128,479,73
42,128,480,47
42,128,481,33
42,128,482,57
42,128,483,67
42,128,484,88
42,128,485,89
42,128,486,60
42,128,487,102
42,128,488,32
42,128,489,109
42,128,490,115
42,128,491,85
42,128,492,114
42,128,493,107
42,128,494,18
42,128,495,69
42,128,496,107
42,128,497,88
42,128,498,29
42,128,499,105
42,128,500,102
42,128,501,114
42,128,502,88
42,128,503,1
42,128,504,37
42,128,505,8
42,128,506,55
42,128,507,74
42,128,508,5
42,128,509,30
42,128,510,68
42,128,511,13
42,128,512,63
42,128,513,105
42,128,514,46
42,128,515,64
42,128,516,40
42,128,517,9
42,128,518,48
42,128,519,75
42,128,520,21
42,128,521,0
42,128,522,106
42,128,523,120
42,128,524,3
42,128,525,66
42,128,526,58
42,128,527,52
42,128,528,37
42,128,529,124
42,128,530,58
42,128,531,68
42,128,532,41
42,128,533,61
42,128,534,19
42,128,535,33
42,128,536,86
42,128,537,99
42,128,538,120
42,128,539,56
42,128,540,19
42,128,541,8
42,128,542,26
42,128,543,45
42,128,544,45
42,128,545,2
42,128,546,94
42,128,547,62
42,128,548,17
42,128,549,9
42,128,550,96
42,128,551,39
42,128,552,126
42,128,553,83
42,128,554,52
42,128,555,100
42,128,556,69
42,128,557,28
42,128,558,109
42,128,559,67
42,128,560,90
42,128,561,8
42,128,562,39
42,128,563,86
42,128,564,111
42,128,565,89
42,128,566,75
42,128,567,73
42,128,568,109
42,128,569,118
42,128,570,106
42,128,571,86
42,128,572,53
42,128,573,56
42,128,574,26
42,128,575,97
42,128,576,79
42,128,577,109
42,128,578,88
42,128,579,27
42,128,580,14
42,128,581,112
42,128,582,101
42,128,583,22
42,128,584,60
42,128,585,82
42,128,586,9
42,128,587,12
42,128,588,61
42,128,589,101
42,128,590,0
42,128,591,10
42,128,592,108
42,128,593,25
42,128,594,121
42,128,595,73
42,128,596,122
42,128,597,108
42,128,598,78
42,128,599,80
42,128,600,110
42,128,601,7
42,128,602,99
42,128,603,69
42,128,604,73
42,128,605,123
42,128,606,90
42,128,607,83
42,128,608,119
42,128,609,24
42,128,610,126
42,128,611,23
42,128,612,79
42,128,613,107
42,128,614,15
42,128,615,114
42,128,616,2
42,128,617,55
42,128,618,95
42,128,619,20
42,128,620,102
42,128,621,66
42,128,622,9
42,128,623,84
42,128,624,105
42,128,625,6
42,128,626,18
42,128,627,28
42,128,628,44
42,128,629,41
42,128,630,118
42,128,631,45
42,128,632,23
42,128,633,92
42,128,634,119
42,128,635,29
42,128,636,106
42,128,637,44
42,128,638,98
42,128,639,41
42,128,640,114
42,128,641,97
42,128,642,38
42,128,643,51
42,128,644,84
42,128,645,52
42,128,646,42
42,128,647,121
42,128,648,42
42,128,649,125
42,128,650,25
42,128,651,96
42,128,652,116
42,128,653,61
42,128,654,5
42,128,655,57
42,128,656,22
42,128,657,41
42,128,658,40
42,128,659,123
42,128,660,107
42,128,661,59
42,128,662,44
42,128,663,81
42,128,664,110
42,128,665,84
42,128,666,32
42,128,667,10
42,128,668,103
42,128,669,44
42,128,670,13
42,128,671,1
42,128,672,101
42,128,673,44
42,128,674,127
42,128,675,125
42,128,676,34
42,128,677,27
42,128,678,44
42,128,679,15
42,128,680,114
42,128,681,79
42,128,682,108
42,128,683,44
42,128,684,7
42,128,685,120
42,128,686,124
42,128,687,118
42,128,688,108
42,128,689,101
42,128,690,101
42,128,691,71
42,128,692,121
42,128,693,94
42,128,694,36
42,128,695,86
42,128,696,127
42,128,697,104
42,128,698,9
42,128,699,122
42,128,700,59
42,128,701,121
42,128,702,74
42,128,703,90
42,128,704,22
42,128,705,32
42,128,706,85
42,128,707,14
42,128,708,67
42,128,709,59
42,128,710,102
42,128,711,106
42,128,712,9
42,128,713,71
42,128,714,94
42,128,715,91
42,128,716,98
42,128,717,44
42,128,718,83
42,128,719,54
42,128,720,119
42,128,721,47
42,128,722,7
42,128,723,95
42,128,724,2
42,128,725,104
42,128,726,47
42,128,727,74
42,128,728,12
42,128,729,102
42,128,730,17
42,128,731,102
42,128,732,84
42,128,733,4
42,128,734,30
42,128,735,55
42,128,736,19
42,128,737,81
42,128,738,102
42,128,739,112
42,128,740,121
42,128,741,66
42,128,742,111
42,128,743,7
42,128,744,18
42,128,745,113
42,128,746,9
42,128,747,78
42,128,748,60
42,128,749,11
42,128,750,34
42,128,751,51
42,128,752,111
42,128,753,31
42,128,754,60
42,128,755,53
42,128,756,105
42,128,757,33
42,128,758,103
42,128,759,0
42,128,760,76
42,128,761,6
42,128,762,74
42,128,763,10
42,128,764,76
42,128,765,62
42,128,766,100
42,128,767,97
42,128,768,14
42,128,769,36
42,128,770,13
42,128,771,100
42,128,772,127
42,128,773,89
42,128,774,48
42,128,775,27
42,128,776,81
42,128,777,58
42,128,778,117
42,128,779,16
42,128,780,49
42,128,781,38
42,128,782,108
42,128,783,33
42,128,784,75
42,128,785,93
42,128,786,34
42,128,787,19
42,128,788,89
42,128,789,88
42,128,790,7
42,128,791,19
42,128,792,27
42,128,793,54
42,128,794,109
42,128,795,96
42,128,796,55
42,128,797,45
42,128,798,84
42,128,799,119
42,128,800,113
42,128,801,55
42,128,802,97
42,128,803,61
42,128,804,68
42,128,805,41
42,128,806,11
42,128,807,2
42,128,808,121
42,128,809,17
42,128,810,113
42,128,811,49
42,128,812,46
42,128,813,64
42,128,814,7
42,128,815,114
42,128,816,103
42,128,817,29
42,128,818,19
42,128,819,50
42,128,820,33
42,128,821,63
42,128,822,20
42,128,823,51
42,128,824,126
42,128,825,82
42,128,826,124
42,128,827,121
42,128,828,106
42,128,829,110
42,128,830,81
42,128,831,39
42,128,832,23
42,128,833,41
42,128,834,28
42,128,835,33
42,128,836,21
42,128,837,3
42,128,838,86
42,128,839,16
42,128,840,107
42,128,841,118
42,128,842,19
42,128,843,50
42,128,844,38
42,128,845,8
42,128,846,62
42,128,847,61
42,128,848,18
42,128,849,20
42,128,850,106
42,128,851,106
42,128,852,62
42,128,853,107
42,128,854,80
42,128,855,97
42,128,856,115
42,128,857,6
42,128,858,48
42,128,859,67
42,128,860,44
42,128,861,114
42,128,862,64
42,128,863,91
42,128,864,80
42,128,865,35
42,128,866,56
42,128,867,33
42,128,868,26
42,128,869,92
42,128,870,25
42,128,871,56
42,128,872,84
42,128,873,103
42,128,874,34
42,128,875,57
42,128,876,12
42,128,877,97
42,128,878,118
42,128,879,99
42,128,880,40
42,128,881,42
42,128,882,91
42,128,883,9
42,128,884,95
42,128,885,109
42,128,886,26
42,128,887,96
42,128,888,127
42,128,889,64
42,128,890,77
42,128,891,126
42,128,892,115
42,128,893,57
42,128,894,116
42,128,895,95
42,128,896,27
42,128,897,106
42,128,898,126
42,128,899,31
42,128,900,104
42,128,901,29
42,128,902,114
42,128,903,36
42,128,904,116
42,128,905,97
42,128,906,104
42,128,907,98
42,128,908,23
42,128,909,43
42,128,910,33
42,128,911,122
42,128,912,87
42,128,913,124
42,128,914,27
42,128,915,47
42,128,916,17
42,128,917,29
42,128,918,21
42,128,919,25
42,128,920,48
42,128,921,83
42,128,922,94
42,128,923,103
42,128,924,29
42,128,925,71
42,128,926,50
42,128,927,46
42,128,928,88
42,128,929,57
42,128,930,37
42,128,931,98
42,128,932,64
42,128,933,29
42,128,934,46
42,128,935,3
42,128,936,27
42,128,937,40
42,128,938,96
42,128,939,106
42,128,940,69
42,128,941,19
42,128,942,13
42,128,943,8
42,128,944,91
42,128,945,30
42,128,946,23
42,128,947,69
42,128,948,107
42,128,949,21
42,128,950,112
42,128,951,10
42,128,952,58
42,128,953,72
42,128,954,81
42,128,955,106
42,128,956,18
42,128,957,32
42,128,958,106
42,128,959,112
42,128,960,112
42,128,961,39
42,128,962,74
42,128,963,113
42,128,964,96
42,128,965,54
42,128,966,37
42,128,967,33
42,128,968,109
42,128,969,100
42,128,970,0
42,128,971,93
42,128,972,56
42,128,973,54
42,128,974,17
42,128,975,59
42,128,976,67
42,128,977,78
42,128,978,70
42,128,979,13
42,128,980,9
42,128,981,98
42,128,982,70
42,128,983,68
42,128,984,87
42,128,985,37
42,128,986,4
42,128,987,20
42,128,988,62
42,128,989,113
42,128,990,104
42,128,991,34
42,128,992,2
42,128,993,72
42,128,994,63
42,128,995,126
42,128,996,44
42,128,997,90
42,128,998,28
42,128,999,90
42,128,1000,102
42,65536,1,61412
42,65536,2,54424
42,65536,3,34019
42,65536,4,8825
42,65536,5,46207
42,65536,6,47127
42,65536,7,16739
42,65536,8,61604
42,65536,9,7699
42,65536,10,36721
42,65536,11,9090
42,65536,12,62040
42,65536,13,33699
42,65536,14,59358
42,65536,15,54788
42,65536,16,53153
42,65536,17,44903
42,65536,18,54585
42,65536,19,13609
42,65536,20,40093
42,65536,21,28558
42,65536,22,63801
42,65536,23,62755
42,65536,24,41941
42,65536,25,40556
42,65536,26,22724
42,65536,27,51425
42,65536,28,49073
42,65536,29,11223
42,65536,30,33712
42,65536,31,64409
42,65536,32,37125
42,65536,33,12417
42,65536,34,54274
42,65536,35,15764
42,65536,36,9206
42,65536,37,31417
42,65536,38,47143
42,65536,39,24608
42,65536,40,102
42,65536,41,10348
42,65536,42,42312
42,65536,43,36939
42,65536,44,5896
42,65536,45,20002
42,65536,46,15
42,65536,47,61147
42,65536,48,48109
42,65536,49,33755
42,65536,50,40577
42,65536,51,14231
42,65536,52,25489
42,65536,53,63085
42,65536,54,48054
42,65536,55,148
42,65536,56,54840
42,65536,57,29670
42,65536,58,35217
42,65536,59,23308
42,65536,60,54325
42,65536,61,26911
42,65536,62,38645
42,65536,63,25884
42,65536,64,63083
42,65536,65,47480
42,65536,66,39549
42,65536,67,61432
42,65536,68,37999
42,65536,69,7452
42,65536,70,40869
42,65536,71,5260
42,65536,72,51076
42,65536,73,53558
42,65536,74,61913
42,65536,75,9769
42,65536,76,21239
42,65536,77,25850
42,65536,78,50844
42,65536,79,1906
42,65536,80,44575
42,65536,81,36077
42,65536,82,12910
42,65536,83,11767
42,65536,84,20778
42,65536,85,12196
42,65536,86,26992
42,65536,87,31477
42,65536,88,8945
42,65536,89,38817
42,65536,90,50399
42,65536,91,56533
42,65536,92,16990
42,65536,93,48979
42,65536,94,51982
42,65536,95,18857
42,65536,96,51387
42,65536,97,8459
42,65536,98,3481
42,65536,99,7360
42,65536,100,47927
42,65536,101,33889
42,65536,102,29019
42,65536,103,28988
42,65536,104,31757
42,65536,105,17019
42,65536,106,42590
42,65536,107,3994
42,65536,108,54968
42,65536,109,23157
42,65536,110,58505
42,65536,111,11248
42,65536,112,63010
42,65536,113,53773
42,65536,114,12153
42,65536,115,16100
42,65536,116,10421
42,65536,117,1150
42,65536,118,52716
42,65536,119,57011
42,65536,120,27615
42,65536,121,36794
42,65536,122,13853
42,65536,123,31587
42,65536,124,9802
42,65536,125,61640
42,65536,126,12349
42,65536,127,34782
42,65536,128,52347
42,65536,129,35376
42,65536,130,40563
42,65536,131,8080
42,65536,132,61979
42,65536,133,8862
42,65536,134,13438
42,65536,135,58114
42,65536,136,51468
42,65536,137,8896
42,65536,138,22066
42,65536,139,26462
42,65536,140,24110
42,65536,141,3269
42,65536,142,64399
42,65536,143,11206
42,65536,144,1224
42,65536,145,1944
42,65536,146,47953
42,65536,147,25326
42,65536,148,5883
42,65536,149,39516
42,65536,150,2131
42,65536,151,29135
42,65536,152,21463
42,65536,153,60988
42,65536,154,10410
42,65536,155,20117
42,65536,156,64181
42,65536,157,6099
42,65536,158,60981
42,65536,159,42809
42,65536,160,64932
42,65536,161,25806
42,65536,162,18337
42,65536,163,61285
42,65536,164,55181
42,65536,165,49200
42,65536,166,155
42,65536,167,26166
42,65536,168,31481
42,65536,169,20771
42,65536,170,19150
42,65536,171,5958
42,65536,172,23578
42,65536,173,2692
42,65536,174,24467
42,65536,175,59641
42,65536,176,37770
42,65536,177,10789
42,65536,178,31176
42,65536,179,62358
42,65536,180,30834
42,65536,181,42762
42,65536,182,64219
42,65536,183,38179
42,65536,184,60629
42,65536,185,18869
42,65536,186,21104
42,65536,187,6842
42,65536,188,63339
42,65536,189,7109
42,65536,190,54376
42,65536,191,30807
42,65536,192,18358
42,65536,193,53645
42,65536,194,63156
42,65536,195,5641
42,65536,196,34392
42,65536,197,15041
42,65536,198,32161
42,65536,199,59437
42,65536,200,4954
42,65536,201,33635
42,65536,202,27444
42,65536,203,7077
42,65536,204,17364
42,65536,205,25290
42,65536,206,38112
42,65536,207,47309
42,65536,208,10016
42,65536,209,50979
42,65536,210,3935
42,65536,211,31637
42,65536,212,53183
42,65536,213,4742
42,65536,214,22276
42,65536,215,33695
42,65536,216,35750
42,65536,217,5497
42,65536,218,1077
42,65536,219,14875
42,65536,220,31648
42,65536,221,60380
42,65536,222,56042
42,65536,223,30517
42,65536,224,52934
42,65536,225,4059
42,65536,226,26008
42,65536,227,43209
42,65536,228,20114
42,65536,229,44077
42,65536,230,55426
42,65536,231,5180
42,65536,232,4777
42,65536,233,41942
42,65536,234,12369
42,65536,235,56493
42,65536,236,93
42,65536,237,62372
42,65536,238,30385
42,65536,239,59378
42,65536,240,51503
42,65536,241,37817
42,65536,242,8664
42,65536,243,29500
42,65536,244,16288
42,65536,245,3187
42,65536,246,31730
42,65536,247,27282
42,65536,248,12011
42,65536,249,19997
42,65536,250,2150
42,65536,251,11608
42,65536,252,53157
42,65536,253,58551
42,65536,254,9605
42,65536,255,16580
42,65536,256,50367
42,65536,257,20014
42,65536,258,21928
42,65536,259,17456
42,65536,260,37909
42,65536,261,61162
42,65536,262,8323
42,65536,263,45242
42,65536,264,60325
42,65536,265,17466
42,65536,266,15017
42,65536,267,42387
42,65536,268,6230
42,65536,269,34808
42,65536,270,13971
42,65536,271,63002
42,65536,272,11437
42,65536,273,49758
42,65536,274,14737
42,65536,275,20960
42,65536,276,13054
42,65536,277,9012
42,65536,278,6085
42,65536,279,18157
42,65536,280,50650
42,65536,281,13479
42,65536,282,2543
42,65536,283,22859
42,65536,284,16493
42,65536,285,49770
42,65536,286,13365
42,65536,287,26
42,65536,288,41551
42,65536,289,1752
42,65536,290,37390
42,65536,291,60261
42,65536,292,42300
42,65536,293,31497
42,65536,294,65085
42,65536,295,46848
42,65536,296,54636
42,65536,297,65273
42,65536,298,31866
42,65536,299,22350
42,65536,300,30062
42,65536,301,18531
42,65536,302,19913
42,65536,303,31322
42,65536,304,10743
42,65536,305,34302
42,65536,306,34383
42,65536,307,23055
42,65536,308,60418
42,65536,309,13535
42,65536,310,21222
42,65536,311,38409
42,65536,312,48105
42,65536,313,45714
42,65536,314,27948
42,65536,315,31094
42,65536,316,15767
42,65536,317,15863
42,65536,318,46698
42,65536,319,34018
42,65536,320,46834
42,65536,321,7590
42,65536,322,54484
42,65536,323,45482
42,65536,324,23210
42,65536,325,60441
42,65536,326,62580
42,65536,327,45701
42,65536,328,31510
42,65536,329,6568
42,65536,330,20459
42,65536,331,59052
42,65536,332,53998
42,65536,333,50208
42,65536,334,27751
42,65536,335,18829
42,65536,336,51173
42,65536,337,25855
42,65536,338,8738
42,65536,339,17964
42,65536,340,24562
42,65536,341,57580
42,65536,342,62599
42,65536,343,54012
42,65536,344,8172
42,65536,345,35941
42,65536,346,8057
42,65536,347,55204
42,65536,348,46335
42,65536,349,61961
42,65536,350,29883
42,65536,351,33098
42,65536,352,46998
42,65536,353,46293
42,65536,354,19523
42,65536,355,37478
42,65536,356,57481
42,65536,357,48350
42,65536,358,47458
42,65536,359,19539
42,65536,360,44151
42,65536,361,40967
42,65536,362,24450
42,65536,363,53423
42,65536,364,28812
42,65536,365,39441
42,65536,366,62804
42,65536,367,59934
42,65536,368,31251
42,65536,369,44134
42,65536,370,56313
42,65536,371,37615
42,65536,372,61714
42,65536,373,26889
42,65536,374,51004
42,65536,375,24738
42,65536,376,5743
42,65536,377,11964
42,65536,378,16873
42,65536,379,9703
42,65536,380,61900
42,65536,381,46282
42,65536,382,588
42,65536,383,44644
42,65536,384,26766
42,65536,385,35213
42,65536,386,6399
42,65536,387,12976
42,65536,388,721
42,65536,389,58997
42,65536,390,62385
42,65536,391,42988
42,65536,392,4299
42,65536,393,8354
42,65536,394,41433
42,65536,395,4615
42,65536,396,25243
42,65536,397,1389
42,65536,398,18103
42,65536,399,9556
42,65536,400,9201
42,65536,401,58977
42,65536,402,34884
42,65536,403,10507
42,65536,404,14713
42,65536,405,33009
42,65536,406,60334
42,65536,407,40327
42,65536,408,40423
42,65536,409,5267
42,65536,410,35489
42,65536,411,42260
42,65536,412,3070
42,65536,413,63100
42,65536,414,746
42,65536,415,3665
42,65536,416,26391
42,65536,417,23708
42,65536,418,39701
42,65536,419,44246
42,65536,420,235
42,65536,421,52883
42,65536,422,37158
42,65536,423,9022
42,65536,424,23058
42,65536,425,11242
42,65536,426,50110
42,65536,427,28624
42,65536,428,2419
42,65536,429,61104
42,65536,430,61356
42,65536,431,44352
42,65536,432,13648
42,65536,433,55992
42,65536,434,11930
42,65536,435,22169
42,65536,436,57044
42,65536,437,54050
42,65536,438,44044
42,65536,439,31222
42,65536,440,37672
42,65536,441,49499
42,65536,442,52063
42,65536,443,10778
42,65536,444,6399
42,65536,445,52813
42,65536,446,29427
42,65536,447,24308
42,65536,448,59931
42,65536,449,4606
42,65536,450,45416
42,65536,451,2418
42,65536,452,756
42,65536,453,61928
42,65536,454,16023
42,65536,455,7713
42,65536,456,21463
42,65536,457,59675
42,65536,458,49681
42,65536,459,38037
42,65536,460,8752
42,65536,461,64350
42,65536,462,8221
42,65536,463,56242
42,65536,464,24024
42,65536,465,29349
42,65536,466,62272
42,65536,467,61614
42,65536,468,6043
42,65536,469,21856
42,65536,470,51909
42,65536,471,33677
42,65536,472,22619
42,65536,473,25239
42,65536,474,47083
42,65536,475,4592
42,65536,476,27066
42,65536,477,48337
42,65536,478,40594
42,65536,479,52586
42,65536,480,44528
42,65536,481,43466
42,65536,482,53472
42,65536,483,59045
42,65536,484,12525
42,65536,485,13312
42,65536,486,29240
42,65536,487,37777
42,65536,488,11971
42,65536,489,24646
42,65536,490,8201
42,65536,491,1990
42,65536,492,52055
42,65536,493,15492
42,65536,494,8254
42,65536,495,57832
42,65536,496,6402
42,65536,497,56255
42,65536,498,9004
42,65536,499,3868
42,65536,500,486
42,65536,501,4112
42,65536,502,35347
42,65536,503,1456
42,65536,504,47179
42,65536,505,53207
42,65536,506,37021
42,65536,507,12765
42,65536,508,54729
42,65536,509,17568
42,65536,510,19590
42,65536,511,2583
42,65536,512,20289
42,65536,513,24499
42,65536,514,3054
42,65536,515,59536
42,65536,516,11172
42,65536,517,9360
42,65536,518,35679
42,65536,519,41651
42,65536,520,5629
42,65536,521,22722
42,65536,522,40904
42,65536,523,12971
42,65536,524,55240
42,65536,525,749
42,65536,526,13475
42,65536,527,45094
42,65536,528,53947
42,65536,529,34596
42,65536,530,18819
42,65536,531,58842
42,65536,532,3371
42,65536,533,45579
42,65536,534,16008
42,65536,535,40642
42,65536,536,2713
42,65536,537,62207
42,65536,538,44442
42,65536,539,2987
42,65536,540,6576
42,65536,541,63566
42,65536,542,47507
42,65536,543,1626
42,65536,544,34962
42,65536,545,2965
42,65536,546,2152
42,65536,547,34481
42,65536,548,33091
42,65536,549,5693
42,65536,550,36962
42,65536,551,44087
42,65536,552,4774
42,65536,553,42044
42,65536,554,25673
42,65536,555,57238
42,65536,556,23444
42,65536,557,48806
42,65536,558,7091
42,65536,559,51975
42,65536,560,59481
42,65536,561,59159
42,65536,562,22841
42,65536,563,51795
42,65536,564,51034
42,65536,565,30022
42,65536,566,48489
42,65536,567,373
42,65536,568,39070
42,65536,569,3618
42,65536,570,34748
42,65536,571,61871
42,65536,572,45945
42,65536,573,15858
42,65536,574,21546
42,65536,575,7127
42,65536,576,593
42,65536,577,52733
42,65536,578,61222
42,65536,579,33487
42,65536,580,10528
42,65536,581,28414
42,65536,582,29361
42,65536,583,15949
42,65536,584,23798
42,65536,585,27855
42,65536,586,45032
42,65536,587,56833
42,65536,588,854
42,65536,589,63783
42,65536,590,65185
42,65536,591,8063
42,65536,592,15682
42,65536,593,51513
42,65536,594,30741
42,65536,595,59138
42,65536,596,45285
42,65536,597,6217
42,65536,598,43975
42,65536,599,7413
42,65536,600,29282
42,65536,601,28325
42,65536,602,11951
42,65536,603,60120
42,65536,604,32968
42,65536,605,43728
42,65536,606,64275
42,65536,607,25061
42,65536,608,35906
42,65536,609,26365
42,65536,610,55639
42,65536,611,42748
42,65536,612,20487
42,65536,613,54324
42,65536,614,9051
42,65536,615,37820
42,65536,616,1847
42,65536,617,49595
42,65536,618,34322
42,65536,619,31975
42,65536,620,6577
42,65536,621,26377
42,65536,622,62354
42,65536,623,54348
42,65536,624,52331
42,65536,625,49460
42,65536,626,49269
42,65536,627,3771
42,65536,628,2724
42,65536,629,19634
42,65536,630,60522
42,65536,631,47025
42,65536,632,14953
42,65536,633,37428
42,65536,634,38972
42,65536,635,23028
42,65536,636,46800
42,65536,637,29056
42,65536,638,44138
42,65536,639,47955
42,65536,640,23096
42,65536,641,23890
42,65536,642,17079
42,65536,643,43010
42,65536,644,41362
42,65536,645,34556
42,65536,646,17713
42,65536,647,46302
42,65536,648,8801
42,65536,649,23541
42,65536,650,23981
42,65536,651,64686
42,65536,652,5157
42,65536,653,58611
42,65536,654,57289
42,65536,655,31280
42,65536,656,47177
42,65536,657,21402
42,65536,658,21673
42,65536,659,38088
42,65536,660,33882
42,65536,661,29138
42,65536,662,60377
42,65536,663,50191
42,65536,664,54934
42,65536,665,27707
42,65536,666,14430
42,65536,667,60797
42,65536,668,43178
42,65536,669,16026
42,65536,670,33747
42,65536,671,17553
42,65536,672,36551
42,65536,673,56420
42,65536,674,20729
42,65536,675,35822
42,65536,676,44671
42,65536,677,18912
42,65536,678,2974
42,65536,679,27369
42,65536,680,12924
42,65536,681,54048
42,65536,682,30828
42,65536,683,28555
42,65536,684,3744
42,65536,685,9691
42,65536,686,44604
42,65536,687,27835
42,65536,688,15821
42,65536,689,4532
42,65536,690,64420
42,65536,691,57140
42,65536,692,12719
42,65536,693,17710
42,65536,694,38176
42,65536,695,30926
42,65536,696,58373
42,65536,697,34145
42,65536,698,34525
42,65536,699,100
42,65536,700,29348
42,65536,701,3290
42,65536,702,21168
42,65536,703,13885
42,65536,704,44150
42,65536,705,26461
42,65536,706,22911
42,65536,707,19226
42,65536,708,30028
42,65536,709,3529
42,65536,710,55152
42,65536,711,29908
42,65536,712,50848
42,65536,713,64524
42,65536,714,11884
42,65536,715,57063
42,65536,716,59917
42,65536,717,52920
42,65536,718,44274
42,65536,719,62765
42,65536,720,21166
42,65536,721,15855
42,65536,722,38849
42,65536,723,39869
42,65536,724,57737
42,65536,725,56745
42,65536,726,37275
42,65536,727,25687
42,65536,728,61939
42,65536,729,1457
42,65536,730,15497
42,65536,731,43431
42,65536,732,7574
42,65536,733,41100
42,65536,734,15450
42,65536,735,20132
42,65536,736,14968
42,65536,737,54920
42,65536,738,30171
42,65536,739,21644
42,65536,740,50571
42,65536,741,65061
42,65536,742,33900
42,65536,743,36900
42,65536,744,62526
42,65536,745,37790
42,65536,746,12364
42,65536,747,29293
42,65536,748,43059
42,65536,749,47763
42,65536,750,9450
42,65536,751,62593
42,65536,752,60343
42,65536,753,45769
42,65536,754,18612
42,65536,755,27615
42,65536,756,311
42,65536,757,7579
42,65536,758,6619
42,65536,759,16477
42,65536,760,62424
42,65536,761,26514
42,65536,762,44049
42,65536,763,19381
42,65536,764,48170
42,65536,765,53372
42,65536,766,58408
42,65536,767,45794
42,65536,768,64009
42,65536,769,11169
42,65536,770,48116
42,65536,771,50351
42,65536,772,18369
42,65536,773,54872
42,65536,774,43637
42,65536,775,44146
42,65536,776,57955
42,65536,777,30798
42,65536,778,48535
42,65536,779,26634
42,65536,780,36585
42,65536,781,65412
42,65536,782,12350
42,65536,783,48746
42,65536,784,65393
42,65536,785,26750
42,65536,786,62698
42,65536,787,7871
42,65536,788,44140
42,65536,789,9641
42,65536,790,4537
42,65536,791,12770
42,65536,792,9673
42,65536,793,21595
42,65536,794,12437
42,65536,795,32446
42,65536,796,49367
42,65536,797,11662
42,65536,798,35173
42,65536,799,1371
42,65536,800,36460
42,65536,801,43341
42,65536,802,9361
42,65536,803,46351
42,65536,804,64939
42,65536,805,35986
42,65536,806,25409
42,65536,807,65303
42,65536,808,51104
42,65536,809,43694
42,65536,810,62001
42,65536,811,62296
42,65536,812,5757
42,65536,813,49618
42,65536,814,19988
42,65536,815,21180
42,65536,816,14336
42,65536,817,526
42,65536,818,51866
42,65536,819,12689
42,65536,820,59194
42,65536,821,47434
42,65536,822,1501
42,65536,823,11635
42,65536,824,59876
42,65536,825,19645
42,65536,826,938
42,65536,827,65490
42,65536,828,47047
42,65536,829,25655
42,65536,830,64875
42,65536,831,64007
42,65536,832,44859
42,65536,833,3572
42,65536,834,22694
42,65536,835,40814
42,65536,836,11786
42,65536,837,11058
42,65536,838,14478
42,65536,839,238
42,65536,840,61420
42,65536,841,53846
42,65536,842,7704
42,65536,843,27483
42,65536,844,9487
42,65536,845,48876
42,65536,846,24222
42,65536,847,58784
42,65536,848,54984
42,65536,849,1764
42,65536,850,18010
42,65536,851,6468
42,65536,852,29898
42,65536,853,40367
42,65536,854,5284
42,65536,855,52005
42,65536,856,52355
42,65536,857,56663
42,65536,858,6283
42,65536,859,18918
42,65536,860,53484
42,65536,861,43433
42,65536,862,14959
42,65536,863,31873
42,65536,864,53259
42,65536,865,5376
42,65536,866,39214
42,65536,867,3147
42,65536,868,5743
42,65536,869,55536
42,65536,870,5376
42,65536,871,2800
42,65536,872,12318
42,65536,873,4304
42,65536,874,36248
42,65536,875,16678
42,65536,876,47695
42,65536,877,38434
42,65536,878,13563
42,65536,879,20244
42,65536,880,34009
42,65536,881,14698
42,65536,882,12655
42,65536,883,60995
42,65536,884,23543
42,65536,885,56839
42,65536,886,37494
42,65536,887,45896
42,65536,888,10700
42,65536,889,32715
42,65536,890,29656
42,65536,891,5049
42,65536,892,20518
42,65536,893,25872
42,65536,894,38809
42,65536,895,22441
42,65536,896,49803
42,65536,897,48411
42,65536,898,1341
42,65536,899,8194
42,65536,900,4235
42,65536,901,23330
42,65536,902,63379
42,65536,903,41317
42,65536,904,6745
42,65536,905,43870
42,65536,906,23978
42,65536,907,36393
42,65536,908,36029
42,65536,909,4108
42,65536,910,58808
42,65536,911,54063
42,65536,912,21978
42,65536,913,4512
42,65536,914,3584
42,65536,915,53930
42,65536,916,53472
42,65536,917,16514
42,65536,918,44802
42,65536,919,44090
42,65536,920,62450
42,65536,921,45846
42,65536,922,63789
42,65536,923,39237
42,65536,924,50637
42,65536,925,55155
42,65536,926,30727
42,65536,927,64419
42,65536,928,50211
42,65536,929,58681
42,65536,930,41244
42,65536,931,59101
42,65536,932,32698
42,65536,933,51180
42,65536,934,46830
42,65536,935,58425
42,65536,936,44498
42,65536,937,37423
42,65536,938,19320
42,65536,939,11081
42,65536,940,7514
42,65536,941,52785
42,65536,942,5913
42,65536,943,48093
42,65536,944,18127
42,65536,945,55510
42,65536,946,52772
42,65536,947,16621
42,65536,948,21732
42,65536,949,11467
42,65536,950,1821
42,65536,951,55120
42,65536,952,40367
42,65536,953,60644
42,65536,954,36443
42,65536,955,64768
42,65536,956,16691
42,65536,957,24529
42,65536,958,8948
42,65536,959,59136
42,65536,960,34858
42,65536,961,61282
42,65536,962,25854
42,65536,963,57901
42,65536,964,61887
42,65536,965,10455
42,65536,966,10178
42,65536,967,42752
42,65536,968,27713
42,65536,969,40635
42,65536,970,37802
42,65536,971,23926
42,65536,972,7573
42,65536,973,11019
42,65536,974,3962
42,65536,975,32256
42,65536,976,47436
42,65536,977,57634
42,65536,978,16056
42,65536,979,49653
42,65536,980,5494
42,65536,981,19236
42,65536,982,42540
42,65536,983,4526
42,65536,984,46551
42,65536,985,21986
42,65536,986,14944
42,65536,987,12520
42,65536,988,32889
42,65536,989,41752
42,65536,990,45030
42,65536,991,9610
42,65536,992,17066
42,65536,993,17100
42,65536,994,48159
42,65536,995,48123
42,65536,996,64444
42,65536,997,50212
42,65536,998,17426
42,65536,999,15002
42,65536,1000,62377
42,65537,1,61412
42,65537,2,54424
42,65537,3,46207
42,65537,4,47127
42,65537,5,16739
42,65537,6,61604
42,65537,7,9090
42,65537,8,62040
42,65537,9,33699
42,65537,10,59358
42,65537,11,54788
42,65537,12,54585
42,65537,13,13609
42,65537,14,28558
42,65537,15,11223
42,65537,16,33712
42,65537,17,64409
42,65537,18,24608
42,65537,19,102
42,65537,20,36939
42,65537,21,20002
42,65537,22,15
42,65537,23,61147
42,65537,24,33755
42,65537,25,25489
42,65537,26,63085
42,65537,27,23308
42,65537,28,54325
42,65537,29,26911
42,65537,30,63083
42,65537,31,47480
42,65537,32,39549
42,65537,33,61432
42,65537,34,40869
42,65537,35,5260
42,65537,36,53558
42,65537,37,9769
42,65537,38,25850
42,65537,39,50844
42,65537,40,1906
42,65537,41,44575
42,65537,42,36077
42,65537,43,20778
42,65537,44,8945
42,65537,45,38817
42,65537,46,51387
42,65537,47,7360
42,65537,48,29019
42,65537,49,28988
42,65537,50,58505
42,65537,51,11248
42,65537,52,63010
42,65537,53,16100
42,65537,54,10421
42,65537,55,52716
42,65537,56,57011
42,65537,57,36794
42,65537,58,13853
42,65537,59,61640
42,65537,60,12349
42,65537,61,34782
42,65537,62,35376
42,65537,63,40563
42,65537,64,8080
42,65537,65,61979
42,65537,66,51468
42,65537,67,24110
42,65537,68,64399
42,65537,69,1224
42,65537,70,1944
42,65537,71,47953
42,65537,72,25326
42,65537,73,39516
42,65537,74,2131
42,65537,75,29135
42,65537,76,60988
42,65537,77,20117
42,65537,78,60981
42,65537,79,42809
42,65537,80,64932
42,65537,81,25806
42,65537,82,18337
42,65537,83,61285
42,65537,84,55181
42,65537,85,155
42,65537,86,5958
42,65537,87,23578
42,65537,88,37770
42,65537,89,62358
42,65537,90,42762
42,65537,91,64219
42,65537,92,38179
42,65537,93,18869
42,65537,94,21104
42,65537,95,63339
42,65537,96,7109
42,65537,97,54376
42,65537,98,53645
42,65537,99,5641
42,65537,100,34392
42,65537,101,15041
42,65537,102,32161
42,65537,103,59437
42,65537,104,4954
42,65537,105,47309
42,65537,106,50979
42,65537,107,3935
42,65537,108,4742
42,65537,109,33695
42,65537,110,5497
42,65537,111,31648
42,65537,112,60380
42,65537,113,30517
42,65537,114,4059
42,65537,115,20114
42,65537,116,44077
42,65537,117,55426
42,65537,118,12369
42,65537,119,56493
42,65537,120,93
42,65537,121,30385
42,65537,122,59378
42,65537,123,16288
42,65537,124,19997
42,65537,125,11608
42,65537,126,58551
42,65537,127,9605
42,65537,128,16580
42,65537,129,21928
42,65537,130,61162
42,65537,131,8323
42,65537,132,45242
42,65537,133,60325
42,65537,134,17466
42,65537,135,15017
42,65537,136,13971
42,65537,137,63002
42,65537,138,49758
42,65537,139,14737
42,65537,140,6085
42,65537,141,18157
42,65537,142,13479
42,65537,143,2543
42,65537,144,49770
42,65537,145,13365
42,65537,146,26
42,65537,147,60261
42,65537,148,42300
42,65537,149,31497
42,65537,150,65085
42,65537,151,54636
42,65537,152,22350
42,65537,153,30062
42,65537,154,34302
42,65537,155,60418
42,65537,156,21222
42,65537,157,38409
42,65537,158,48105
42,65537,159,45714
42,65537,160,27948
42,65537,161,15863
42,65537,162,34018
42,65537,163,45482
42,65537,164,62580
42,65537,165,50208
42,65537,166,27751
42,65537,167,18829
42,65537,168,25855
42,65537,169,62599
42,65537,170,54012
42,65537,171,8172
42,65537,172,55204
42,65537,173,46335
42,65537,174,61961
42,65537,175,29883
42,65537,176,46998
42,65537,177,46293
42,65537,178,19523
42,65537,179,57481
42,65537,180,19539
42,65537,181,44151
42,65537,182,53423
42,65537,183,28812
42,65537,184,39441
42,65537,185,62804
42,65537,186,59934
42,65537,187,56313
42,65537,188,37615
42,65537,189,51004
42,65537,190,61900
42,65537,191,46282
42,65537,192,588
42,65537,193,44644
42,65537,194,35213
42,65537,195,6399
42,65537,196,58997
42,65537,197,62385
42,65537,198,42988
42,65537,199,4615
42,65537,200,1389
42,65537,201,18103
42,65537,202,14713
42,65537,203,40327
42,65537,204,40423
42,65537,205,35489
42,65537,206,63100
42,65537,207,3665
42,65537,208,235
42,65537,209,52883
42,65537,210,37158
42,65537,211,9022
42,65537,212,11242
42,65537,213,50110
42,65537,214,61104
42,65537,215,44352
42,65537,216,22169
42,65537,217,57044
42,65537,218,49499
42,65537,219,6399
42,65537,220,52813
42,65537,221,29427
42,65537,222,4606
42,65537,223,756
42,65537,224,16023
42,65537,225,21463
42,65537,226,59675
42,65537,227,24024
42,65537,228,62272
42,65537,229,21856
42,65537,230,51909
42,65537,231,22619
42,65537,232,25239
42,65537,233,27066
42,65537,234,48337
42,65537,235,40594
42,65537,236,52586
42,65537,237,44528
42,65537,238,59045
42,65537,239,13312
42,65537,240,37777
42,65537,241,24646
42,65537,242,1990
42,65537,243,52055
42,65537,244,8254
42,65537,245,6402
42,65537,246,56255
42,65537,247,9004
42,65537,248,3868
42,65537,249,486
42,65537,250,54729
42,65537,251,2583
42,65537,252,20289
42,65537,253,9360
42,65537,254,5629
42,65537,255,55240
42,65537,256,13475
42,65537,257,45094
42,65537,258,53947
42,65537,259,58842
42,65537,260,16008
42,65537,261,2713
42,65537,262,62207
42,65537,263,44442
42,65537,264,2987
42,65537,265,6576
42,65537,266,47507
42,65537,267,1626
42,65537,268,34962
42,65537,269,2152
42,65537,270,34481
42,65537,271,33091
42,65537,272,36962
42,65537,273,4774
42,65537,274,25673
42,65537,275,48806
42,65537,276,59481
42,65537,277,22841
42,65537,278,51795
42,65537,279,51034
42,65537,280,30022
42,65537,281,34748
42,65537,282,61871
42,65537,283,15858
42,65537,284,21546
42,65537,285,7127
42,65537,286,593
42,65537,287,52733
42,65537,288,61222
42,65537,289,10528
42,65537,290,29361
42,65537,291,56833
42,65537,292,854
42,65537,293,63783
42,65537,294,65185
42,65537,295,8063
42,65537,296,51513
42,65537,297,30741
42,65537,298,59138
42,65537,299,43975
42,65537,300,7413
42,65537,301,29282
42,65537,302,43728
42,65537,303,55639
42,65537,304,20487
42,65537,305,54324
42,65537,306,1847
42,65537,307,49595
42,65537,308,26377
42,65537,309,52331
42,65537,310,3771
42,65537,311,2724
42,65537,312,19634
42,65537,313,14953
42,65537,314,44138
42,65537,315,43010
42,65537,316,41362
42,65537,317,34556
42,65537,318,17713
42,65537,319,23541
42,65537,320,64686
42,65537,321,5157
42,65537,322,57289
42,65537,323,47177
42,65537,324,21673
42,65537,325,38088
42,65537,326,60377
42,65537,327,50191
42,65537,328,27707
42,65537,329,60797
42,65537,330,43178
42,65537,331,16026
42,65537,332,56420
42,65537,333,20729
42,65537,334,18912
42,65537,335,54048
42,65537,336,30828
42,65537,337,3744
42,65537,338,9691
42,65537,339,27835
42,65537,340,4532
42,65537,341,64420
42,65537,342,12719
42,65537,343,38176
42,65537,344,34145
42,65537,345,34525
42,65537,346,29348
42,65537,347,3290
42,65537,348,21168
42,65537,349,13885
42,65537,350,44150
42,65537,351,22911
42,65537,352,19226
42,65537,353,30028
42,65537,354,55152
42,65537,355,64524
42,65537,356,57063
42,65537,357,52920
42,65537,358,62765
42,65537,359,21166
42,65537,360,15855
42,65537,361,38849
42,65537,362,57737
42,65537,363,56745
42,65537,364,25687
42,65537,365,61939
42,65537,366,1457
42,65537,367,15497
42,65537,368,7574
42,65537,369,14968
42,65537,370,54920
42,65537,371,21644
42,65537,372,50571
42,65537,373,65061
42,65537,374,33900
42,65537,375,36900
42,65537,376,62526
42,65537,377,37790
42,65537,378,311
42,65537,379,6619
42,65537,380,26514
42,65537,381,19381
42,65537,382,53372
42,65537,383,48116
42,65537,384,54872
42,65537,385,48535
42,65537,386,26634
42,65537,387,36585
42,65537,388,12350
42,65537,389,48746
42,65537,390,62698
42,65537,391,44140
42,65537,392,9641
42,65537,393,4537
42,65537,394,12770
42,65537,395,49367
42,65537,396,1371
42,65537,397,36460
42,65537,398,43341
42,65537,399,46351
42,65537,400,51104
42,65537,401,43694
42,65537,402,5757
42,65537,403,21180
42,65537,404,14336
42,65537,405,526
42,65537,406,12689
42,65537,407,59194
42,65537,408,1501
42,65537,409,59876
42,65537,410,65490
42,65537,411,64875
42,65537,412,22694
42,65537,413,11786
42,65537,414,238
42,65537,415,61420
42,65537,416,7704
42,65537,417,27483
42,65537,418,48876
42,65537,419,24222
42,65537,420,1764
42,65537,421,6468
42,65537,422,52355
42,65537,423,56663
42,65537,424,43433
42,65537,425,14959
42,65537,426,53259
42,65537,427,5376
42,65537,428,5743
42,65537,429,55536
42,65537,430,5376
42,65537,431,2800
42,65537,432,4304
42,65537,433,16678
42,65537,434,38434
42,65537,435,13563
42,65537,436,34009
42,65537,437,14698
42,65537,438,12655
42,65537,439,60995
42,65537,440,23543
42,65537,441,56839
42,65537,442,37494
42,65537,443,10700
42,65537,444,32715
42,65537,445,20518
42,65537,446,38809
42,65537,447,1341
42,65537,448,4235
42,65537,449,23330
42,65537,450,63379
42,65537,451,41317
42,65537,452,43870
42,65537,453,36393
42,65537,454,4108
42,65537,455,58808
42,65537,456,4512
42,65537,457,44802
42,65537,458,44090
42,65537,459,62450
42,65537,460,45846
42,65537,461,39237
42,65537,462,55155
42,65537,463,64419
42,65537,464,50211
42,65537,465,58681
42,65537,466,41244
42,65537,467,59101
42,65537,468,51180
42,65537,469,46830
42,65537,470,58425
42,65537,471,44498
42,65537,472,11081
42,65537,473,7514
42,65537,474,52772
42,65537,475,21732
42,65537,476,55120
42,65537,477,40367
42,65537,478,60644
42,65537,479,64768
42,65537,480,24529
42,65537,481,8948
42,65537,482,59136
42,65537,483,25854
42,65537,484,57901
42,65537,485,61887
42,65537,486,10455
42,65537,487,10178
42,65537,488,42752
42,65537,489,27713
42,65537,490,37802
42,65537,491,11019
42,65537,492,3962
42,65537,493,47436
42,65537,494,57634
42,65537,495,16056
42,65537,496,5494
42,65537,497,19236
42,65537,498,42540
42,65537,499,4526
42,65537,500,21986
42,65537,501,12520
42,65537,502,32889
42,65537,503,45030
42,65537,504,17100
42,65537,505,48159
42,65537,506,48123
42,65537,507,64444
42,65537,508,50212
42,65537,509,62377
42,65537,510,28737
42,65537,511,58266
42,65537,512,23835
42,65537,513,8178
42,65537,514,44121
42,65537,515,43695
42,65537,516,62402
42,65537,517,44974
42,65537,518,27521
42,65537,519,55693
42,65537,520,18603
42,65537,521,14545
42,65537,522,7912
42,65537,523,631
42,65537,524,50952
42,65537,525,10622
42,65537,526,45259
42,65537,527,9877
42,65537,528,55139
42,65537,529,55453
42,65537,530,37557
42,65537,531,32588
42,65537,532,62829
42,65537,533,43290
42,65537,534,18366
42,65537,535,1867
42,65537,536,50063
42,65537,537,14731
42,65537,538,19534
42,65537,539,55299
42,65537,540,33076
42,65537,541,63939
42,65537,542,65238
42,65537,543,49905
42,65537,544,11483
42,65537,545,21325
42,65537,546,61014
42,65537,547,19933
42,65537,548,42143
42,65537,549,19851
42,65537,550,53720
42,65537,551,59279
42,65537,552,13156
42,65537,553,43015
42,65537,554,46418
42,65537,555,64574
42,65537,556,64763
42,65537,557,53341
42,65537,558,14144
42,65537,559,40766
42,65537,560,386
42,65537,561,12452
42,65537,562,50998
42,65537,563,58478
42,65537,564,61968
42,65537,565,32725
42,65537,566,47476
42,65537,567,23269
42,65537,568,38337
42,65537,569,16970
42,65537,570,37619
42,65537,571,6742
42,65537,572,7417
42,65537,573,59758
42,65537,574,4427
42,65537,575,11030
42,65537,576,40161
42,65537,577,1509
42,65537,578,53273
42,65537,579,44015
42,65537,580,61149
42,65537,581,44832
42,65537,582,52734
42,65537,583,1436
42,65537,584,37682
42,65537,585,38853
42,65537,586,47785
42,65537,587,46681
42,65537,588,63994
42,65537,589,12431
42,65537,590,30209
42,65537,591,55442
42,65537,592,44300
42,65537,593,62863
42,65537,594,63139
42,65537,595,26715
42,65537,596,50162
42,65537,597,62483
42,65537,598,23025
42,65537,599,62273
42,65537,600,2417
42,65537,601,53516
42,65537,602,10257
42,65537,603,60555
42,65537,604,51683
42,65537,605,2189
42,65537,606,12332
42,65537,607,13148
42,65537,608,28227
42,65537,609,32158
42,65537,610,54037
42,65537,611,60148
42,65537,612,7426
42,65537,613,41062
42,65537,614,55489
42,65537,615,44741
42,65537,616,50812
42,65537,617,36499
42,65537,618,30483
42,65537,619,20351
42,65537,620,6995
42,65537,621,60791
42,65537,622,11697
42,65537,623,35033
42,65537,624,18473
42,65537,625,60811
42,65537,626,35548
42,65537,627,62615
42,65537,628,19725
42,65537,629,5346
42,65537,630,43948
42,65537,631,28048
42,65537,632,3045
42,65537,633,37515
42,65537,634,29814
42,65537,635,15173
42,65537,636,50966
42,65537,637,10477
42,65537,638,55101
42,65537,639,21127
42,65537,640,12202
42,65537,641,40774
42,65537,642,45375
42,65537,643,62516
42,65537,644,1310
42,65537,645,17336
42,65537,646,49898
42,65537,647,26987
42,65537,648,41337
42,65537,649,58816
42,65537,650,24875
42,65537,651,22657
42,65537,652,39746
42,65537,653,19816
42,65537,654,39731
42,65537,655,4036
42,65537,656,35824
42,65537,657,39646
42,65537,658,64147
42,65537,659,522
42,65537,660,10076
42,65537,661,41282
42,65537,662,63240
42,65537,663,58762
42,65537,664,16199
42,65537,665,35066
42,65537,666,50110
42,65537,667,28986
42,65537,668,42717
42,65537,669,25381
42,65537,670,20314
42,65537,671,9534
42,65537,672,41068
42,65537,673,41530
42,65537,674,59595
42,65537,675,49683
42,65537,676,2463
42,65537,677,16158
42,65537,678,26940
42,65537,679,63959
42,65537,680,44389
42,65537,681,14527
42,65537,682,23065
42,65537,683,42217
42,65537,684,62083
42,65537,685,62844
42,65537,686,64999
42,65537,687,2839
42,65537,688,61218
42,65537,689,35736
42,65537,690,63465
42,65537,691,10290
42,65537,692,54550
42,65537,693,25139
42,65537,694,39074
42,65537,695,35331
42,65537,696,57060
42,65537,697,7713
42,65537,698,28813
42,65537,699,3802
42,65537,700,20478
42,65537,701,64580
42,65537,702,45500
42,65537,703,23848
42,65537,704,50836
42,65537,705,17067
42,65537,706,6810
42,65537,707,61549
42,65537,708,43379
42,65537,709,54806
42,65537,710,57755
42,65537,711,41760
42,65537,712,37034
42,65537,713,46477
42,65537,714,9920
42,65537,715,51990
42,65537,716,20700
42,65537,717,42528
42,65537,718,23778
42,65537,719,2701
42,65537,720,14236
42,65537,721,19197
42,65537,722,39370
42,65537,723,31740
42,65537,724,18119
42,65537,725,7792
42,65537,726,28987
42,65537,727,7842
42,65537,728,20834
42,65537,729,9361
42,65537,730,60699
42,65537,731,34317
42,65537,732,19026
42,65537,733,27998
42,65537,734,37537
42,65537,735,54702
42,65537,736,3108
42,65537,737,63627
42,65537,738,60611
42,65537,739,45331
42,65537,740,49518
42,65537,741,52004
42,65537,742,33170
42,65537,743,49725
42,65537,744,60319
42,65537,745,47485
42,65537,746,6583
42,65537,747,8020
42,65537,748,1418
42,65537,749,7743
42,65537,750,46648
42,65537,751,35198
42,65537,752,16184
42,65537,753,42047
42,65537,754,9561
42,65537,755,54250
42,65537,756,38964
42,65537,757,61643
42,65537,758,11586
42,65537,759,52305
42,65537,760,9126
42,65537,761,18337
42,65537,762,29778
42,65537,763,1629
42,65537,764,36705
42,65537,765,2613
42,65537,766,32537
42,65537,767,37373
42,65537,768,51406
42,65537,769,13189
42,65537,770,37156
42,65537,771,5590
42,65537,772,29485
42,65537,773,49753
42,65537,774,14489
42,65537,775,64540
42,65537,776,29053
42,65537,777,58097
42,65537,778,26647
42,65537,779,59389
42,65537,780,29800
42,65537,781,58942
42,65537,782,50258
42,65537,783,45419
42,65537,784,50697
42,65537,785,13343
42,65537,786,49873
42,65537,787,54324
42,65537,788,18438
42,65537,789,27093
42,65537,790,33837
42,65537,791,17072
42,65537,792,11019
42,65537,793,40127
42,65537,794,56844
42,65537,795,47951
42,65537,796,29824
42,65537,797,46317
42,65537,798,3196
42,65537,799,35432
42,65537,800,52166
42,65537,801,1710
42,65537,802,62150
42,65537,803,23507
42,65537,804,11834
42,65537,805,50587
42,65537,806,64436
42,65537,807,62131
42,65537,808,32264
42,65537,809,54135
42,65537,810,7566
42,65537,811,12563
42,65537,812,48596
42,65537,813,55557
42,65537,814,6573
42,65537,815,47848
42,65537,816,15741
42,65537,817,63932
42,65537,818,20731
42,65537,819,41672
42,65537,820,33448
42,65537,821,32221
42,65537,822,7232
42,65537,823,35820
42,65537,824,8457
42,65537,825,16848
42,65537,826,24946
42,65537,827,48527
42,65537,828,21795
42,65537,829,19843
42,65537,830,58907
42,65537,831,3340
42,65537,832,10357
42,65537,833,52475
42,65537,834,3146
42,65537,835,27574
42,65537,836,22621
42,65537,837,59465
42,65537,838,52375
42,65537,839,17911
42,65537,840,9494
42,65537,841,5686
42,65537,842,45075
42,65537,843,22934
42,65537,844,58540
42,65537,845,21499
42,65537,846,41254
42,65537,847,45135
42,65537,848,49806
42,65537,849,32563
42,65537,850,21009
42,65537,851,53148
42,65537,852,56845
42,65537,853,38738
42,65537,854,61327
42,65537,855,39347
42,65537,856,55208
42,65537,857,26181
42,65537,858,26581
42,65537,859,56723
42,65537,860,6978
42,65537,861,28235
42,65537,862,4148
42,65537,863,33242
42,65537,864,48751
42,65537,865,35401
42,65537,866,52425
42,65537,867,50058
42,65537,868,34933
42,65537,869,3016
42,65537,870,46161
42,65537,871,56915
42,65537,872,13090
42,65537,873,31258
42,65537,874,18349
42,65537,875,11374
42,65537,876,27558
42,65537,877,37345
42,65537,878,30289
42,65537,879,33311
42,65537,880,20489
42,65537,881,61046
42,65537,882,30884
42,65537,883,50079
42,65537,884,40851
42,65537,885,61203
42,65537,886,23353
42,65537,887,64056
42,65537,888,20057
42,65537,889,41892
42,65537,890,5219
42,65537,891,11863
42,65537,892,64504
42,65537,893,12338
42,65537,894,63864
42,65537,895,59517
42,65537,896,64052
42,65537,897,16082
42,65537,898,61523
42,65537,899,54835
42,65537,900,8505
42,65537,901,40704
42,65537,902,51545
42,65537,903,63893
42,65537,904,6891
42,65537,905,32926
42,65537,906,58374
42,65537,907,4849
42,65537,908,60664
42,65537,909,24579
42,65537,910,63595
42,65537,911,3084
42,65537,912,52383
42,65537,913,16051
42,65537,914,34849
42,65537,915,42250
42,65537,916,55363
42,65537,917,14480
42,65537,918,2119
42,65537,919,32060
42,65537,920,1003
42,65537,921,44162
42,65537,922,17338
42,65537,923,57948
42,65537,924,61133
42,65537,925,56828
42,65537,926,61332
42,65537,927,7192
42,65537,928,48068
42,65537,929,46129
42,65537,930,40429
42,65537,931,37932
42,65537,932,18851
42,65537,933,5719
42,65537,934,65477
42,65537,935,46767
42,65537,936,42542
42,65537,937,18617
42,65537,938,16937
42,65537,939,44638
42,65537,940,36650
42,65537,941,18556
42,65537,942,14225
42,65537,943,25845
42,65537,944,9810
42,65537,945,61472
42,65537,946,14838
42,65537,947,35669
42,65537,948,33076
42,65537,949,46771
42,65537,950,9404
42,65537,951,61801
42,65537,952,30150
42,65537,953,40680
42,65537,954,35393
42,65537,955,20692
42,65537,956,61394
42,65537,957,55801
42,65537,958,54808
42,65537,959,29762
42,65537,960,35178
42,65537,961,35472
42,65537,962,36593
42,65537,963,61884
42,65537,964,15140
42,65537,965,36128
42,65537,966,60943
42,65537,967,48657
42,65537,968,24980
42,65537,969,54217
42,65537,970,22531
42,65537,971,9150
42,65537,972,14192
42,65537,973,23914
42,65537,974,33156
42,65537,975,20123
42,65537,976,8272
42,65537,977,20247
42,65537,978,28727
42,65537,979,5559
42,65537,980,55087
42,65537,981,51886
42,65537,982,4028
42,65537,983,27195
42,65537,984,38131
42,65537,985,3906
42,65537,986,6748
42,65537,987,61069
42,65537,988,4895
42,65537,989,59197
42,65537,990,22994
42,65537,991,48911
42,65537,992,8757
42,65537,993,53295
42,65537,994,56641
42,65537,995,26197
42,65537,996,16557
42,65537,997,56721
42,65537,998,50039
42,65537,999,9481
42,65537,1000,20768
20260905,1,1,0
20260905,1,2,0
20260905,1,3,0
20260905,1,4,0
20260905,1,5,0
20260905,1,6,0
20260905,1,7,0
20260905,1,8,0
20260905,1,9,0
20260905,1,10,0
20260905,1,11,0
20260905,1,12,0
20260905,1,13,0
20260905,1,14,0
20260905,1,15,0
20260905,1,16,0
20260905,1,17,0
20260905,1,18,0
20260905,1,19,0
20260905,1,20,0
20260905,1,21,0
20260905,1,22,0
20260905,1,23,0
20260905,1,24,0
20260905,1,25,0
20260905,1,26,0
20260905,1,27,0
20260905,1,28,0
20260905,1,29,0
20260905,1,30,0
20260905,1,31,0
20260905,1,32,0
20260905,1,33,0
20260905,1,34,0
20260905,1,35,0
20260905,1,36,0
20260905,1,37,0
20260905,1,38,0
20260905,1,39,0
20260905,1,40,0
20260905,1,41,0
20260905,1,42,0
20260905,1,43,0
20260905,1,44,0
20260905,1,45,0
20260905,1,46,0
20260905,1,47,0
20260905,1,48,0
20260905,1,49,0
20260905,1,50,0
20260905,1,51,0
20260905,1,52,0
20260905,1,53,0
20260905,1,54,0
20260905,1,55,0
20260905,1,56,0
20260905,1,57,0
20260905,1,58,0
20260905,1,59,0
20260905,1,60,0
20260905,1,61,0
20260905,1,62,0
20260905,1,63,0
20260905,1,64,0
20260905,1,65,0
20260905,1,66,0
20260905,1,67,0
20260905,1,68,0
20260905,1,69,0
20260905,1,70,0
20260905,1,71,0
20260905,1,72,0
20260905,1,73,0
20260905,1,74,0
20260905,1,75,0
20260905,1,76,0
20260905,1,77,0
20260905,1,78,0
20260905,1,79,0
20260905,1,80,0
20260905,1,81,0
20260905,1,82,0
20260905,1,83,0
20260905,1,84,0
20260905,1,85,0
20260905,1,86,0
20260905,1,87,0
20260905,1,88,0
20260905,1,89,0
20260905,1,90,0
20260905,1,91,0
20260905,1,92,0
20260905,1,93,0
20260905,1,94,0
20260905,1,95,0
20260905,1,96,0
20260905,1,97,0
20260905,1,98,0
20260905,1,99,0
20260905,1,100,0
20260905,1,101,0
20260905,1,102,0
20260905,1,103,0
20260905,1,104,0
20260905,1,105,0
20260905,1,106,0
20260905,1,107,0
20260905,1,108,0
20260905,1,109,0
20260905,1,110,0
20260905,1,111,0
20260905,1,112,0
20260905,1,113,0
20260905,1,114,0
20260905,1,115,0
20260905,1,116,0
20260905,1,117,0
20260905,1,118,0
20260905,1,119,0
20260905,1,120,0
20260905,1,121,0
20260905,1,122,0
20260905,1,123,0
20260905,1,124,0
20260905,1,125,0
20260905,1,126,0
20260905,1,127,0
20260905,1,128,0
20260905,1,129,0
20260905,1,130,0
20260905,1,131,0
20260905,1,132,0
20260905,1,133,0
20260905,1,134,0
20260905,1,135,0
20260905,1,136,0
20260905,1,137,0
20260905,1,138,0
20260905,1,139,0
20260905,1,140,0
20260905,1,141,0
20260905,1,142,0
20260905,1,143,0
20260905,1,144,0
20260905,1,145,0
20260905,1,146,0
20260905,1,147,0
20260905,1,148,0
20260905,1,149,0
20260905,1,150,0
20260905,1,151,0
20260905,1,152,0
20260905,1,153,0
20260905,1,154,0
20260905,1,155,0
20260905,1,156,0
20260905,1,157,0
20260905,1,158,0
20260905,1,159,0
20260905,1,160,0
20260905,1,161,0
20260905,1,162,0
20260905,1,163,0
20260905,1,164,0
20260905,1,165,0
20260905,1,166,0
20260905,1,167,0
20260905,1,168,0
20260905,1,169,0
20260905,1,170,0
20260905,1,171,0
20260905,1,172,0
20260905,1,173,0
20260905,1,174,0
20260905,1,175,0
20260905,1,176,0
20260905,1,177,0
20260905,1,178,0
20260905,1,179,0
20260905,1,180,0
20260905,1,181,0
20260905,1,182,0
20260905,1,183,0
20260905,1,184,0
20260905,1,185,0
20260905,1,186,0
20260905,1,187,0
20260905,1,188,0
20260905,1,189,0
20260905,1,190,0
20260905,1,191,0
20260905,1,192,0
20260905,1,193,0
20260905,1,194,0
20260905,1,195,0
20260905,1,196,0
20260905,1,197,0
20260905,1,198,0
20260905,1,199,0
20260905,1,200,0
20260905,1,201,0
20260905,1,202,0
20260905,1,203,0
20260905,1,204,0
20260905,1,205,0
20260905,1,206,0
20260905,1,207,0
20260905,1,208,0
20260905,1,209,0
20260905,1,210,0
20260905,1,211,0
20260905,1,212,0
20260905,1,213,0
20260905,1,214,0
20260905,1,215,0
20260905,1,216,0
20260905,1,217,0
20260905,1,218,0
20260905,1,219,0
20260905,1,220,0
20260905,1,221,0
20260905,1,222,0
20260905,1,223,0
20260905,1,224,0
20260905,1,225,0
20260905,1,226,0
20260905,1,227,0
20260905,1,228,0
20260905,1,229,0
20260905,1,230,0
20260905,1,231,0
20260905,1,232,0
20260905,1,233,0
20260905,1,234,0
20260905,1,235,0
20260905,1,236,0
20260905,1,237,0
20260905,1,238,0
20260905,1,239,0
20260905,1,240,0
20260905,1,241,0
20260905,1,242,0
20260905,1,243,0
20260905,1,244,0
20260905,1,245,0
20260905,1,246,0
20260905,1,247,0
20260905,1,248,0
20260905,1,249,0
20260905,1,250,0
20260905,1,251,0
20260905,1,252,0
20260905,1,253,0
20260905,1,254,0
20260905,1,255,0
20260905,1,256,0
20260905,1,257,0
20260905,1,258,0
20260905,1,259,0
20260905,1,260,0
20260905,1,261,0
20260905,1,262,0
20260905,1,263,0
20260905,1,264,0
20260905,1,265,0
20260905,1,266,0
20260905,1,267,0
20260905,1,268,0
20260905,1,269,0
20260905,1,270,0
20260905,1,271,0
20260905,1,272,0
20260905,1,273,0
20260905,1,274,0
20260905,1,275,0
20260905,1,276,0
20260905,1,277,0
20260905,1,278,0
20260905,1,279,0
20260905,1,280,0
20260905,1,281,0
20260905,1,282,0
20260905,1,283,0
20260905,1,284,0
20260905,1,285,0
20260905,1,286,0
20260905,1,287,0
20260905,1,288,0
20260905,1,289,0
20260905,1,290,0
20260905,1,291,0
20260905,1,292,0
20260905,1,293,0
20260905,1,294,0
20260905,1,295,0
20260905,1,296,0
20260905,1,297,0
20260905,1,298,0
20260905,1,299,0
20260905,1,300,0
20260905,1,301,0
20260905,1,302,0
20260905,1,303,0
20260905,1,304,0
20260905,1,305,0
20260905,1,306,0
20260905,1,307,0
20260905,1,308,0
20260905,1,309,0
20260905,1,310,0
20260905,1,311,0
20260905,1,312,0
20260905,1,313,0
20260905,1,314,0
20260905,1,315,0
20260905,1,316,0
20260905,1,317,0
20260905,1,318,0
20260905,1,319,0
20260905,1,320,0
20260905,1,321,0
20260905,1,322,0
20260905,1,323,0
20260905,1,324,0
20260905,1,325,0
20260905,1,326,0
20260905,1,327,0
20260905,1,328,0
20260905,1,329,0
20260905,1,330,0
20260905,1,331,0
20260905,1,332,0
20260905,1,333,0
20260905,1,334,0
20260905,1,335,0
20260905,1,336,0
20260905,1,337,0
20260905,1,338,0
20260905,1,339,0
20260905,1,340,0
20260905,1,341,0
20260905,1,342,0
20260905,1,343,0
20260905,1,344,0
20260905,1,345,0
20260905,1,346,0
20260905,1,347,0
20260905,1,348,0
20260905,1,349,0
20260905,1,350,0
20260905,1,351,0
20260905,1,352,0
20260905,1,353,0
20260905,1,354,0
20260905,1,355,0
20260905,1,356,0
20260905,1,357,0
20260905,1,358,0
20260905,1,359,0
20260905,1,360,0
20260905,1,361,0
20260905,1,362,0
20260905,1,363,0
20260905,1,364,0
20260905,1,365,0
20260905,1,366,0
20260905,1,367,0
20260905,1,368,0
20260905,1,369,0
20260905,1,370,0
20260905,1,371,0
20260905,1,372,0
20260905,1,373,0
20260905,1,374,0
20260905,1,375,0
20260905,1,376,0
20260905,1,377,0
20260905,1,378,0
20260905,1,379,0
20260905,1,380,0
20260905,1,381,0
20260905,1,382,0
20260905,1,383,0
20260905,1,384,0
20260905,1,385,0
20260905,1,386,0
20260905,1,387,0
20260905,1,388,0
20260905,1,389,0
20260905,1,390,0
20260905,1,391,0
20260905,1,392,0
20260905,1,393,0
20260905,1,394,0
20260905,1,395,0
20260905,1,396,0
20260905,1,397,0
20260905,1,398,0
20260905,1,399,0
20260905,1,400,0
20260905,1,401,0
20260905,1,402,0
20260905,1,403,0
20260905,1,404,0
20260905,1,405,0
20260905,1,406,0
20260905,1,407,0
20260905,1,408,0
20260905,1,409,0
20260905,1,410,0
20260905,1,411,0
20260905,1,412,0
20260905,1,413,0
20260905,1,414,0
20260905,1,415,0
20260905,1,416,0
20260905,1,417,0
20260905,1,418,0
20260905,1,419,0
20260905,1,420,0
20260905,1,421,0
20260905,1,422,0
20260905,1,423,0
20260905,1,424,0
20260905,1,425,0
20260905,1,426,0
20260905,1,427,0
20260905,1,428,0
20260905,1,429,0
20260905,1,430,0
20260905,1,431,0
20260905,1,432,0
20260905,1,433,0
20260905,1,434,0
20260905,1,435,0
20260905,1,436,0
20260905,1,437,0
20260905,1,438,0
20260905,1,439,0
20260905,1,440,0
20260905,1,441,0
20260905,1,442,0
20260905,1,443,0
20260905,1,444,0
20260905,1,445,0
20260905,1,446,0
20260905,1,447,0
20260905,1,448,0
20260905,1,449,0
20260905,1,450,0
20260905,1,451,0
20260905,1,452,0
20260905,1,453,0
20260905,1,454,0
20260905,1,455,0
20260905,1,456,0
20260905,1,457,0
20260905,1,458,0
20260905,1,459,0
20260905,1,460,0
20260905,1,461,0
20260905,1,462,0
20260905,1,463,0
20260905,1,464,0
20260905,1,465,0
20260905,1,466,0
20260905,1,467,0
20260905,1,468,0
20260905,1,469,0
20260905,1,470,0
20260905,1,471,0
20260905,1,472,0
20260905,1,473,0
20260905,1,474,0
20260905,1,475,0
20260905,1,476,0
20260905,1,477,0
20260905,1,478,0
20260905,1,479,0
20260905,1,480,0
20260905,1,481,0
20260905,1,482,0
20260905,1,483,0
20260905,1,484,0
20260905,1,485,0
20260905,1,486,0
20260905,1,487,0
20260905,1,488,0
20260905,1,489,0
20260905,1,490,0
20260905,1,491,0
20260905,1,492,0
20260905,1,493,0
20260905,1,494,0
20260905,1,495,0
20260905,1,496,0
20260905,1,497,0
20260905,1,498,0
20260905,1,499,0
20260905,1,500,0
20260905,1,501,0
20260905,1,502,0
20260905,1,503,0
20260905,1,504,0
20260905,1,505,0
20260905,1,506,0
20260905,1,507,0
20260905,1,508,0
20260905,1,509,0
20260905,1,510,0
20260905,1,511,0
20260905,1,512,0
20260905,1,513,0
20260905,1,514,0
20260905,1,515,0
20260905,1,516,0
20260905,1,517,0
20260905,1,518,0
20260905,1,519,0
20260905,1,520,0
20260905,1,521,0
20260905,1,522,0
20260905,1,523,0
20260905,1,524,0
20260905,1,525,0
20260905,1,526,0
20260905,1,527,0
20260905,1,528,0
20260905,1,529,0
20260905,1,530,0
20260905,1,531,0
20260905,1,532,0
20260905,1,533,0
20260905,1,534,0
20260905,1,535,0
20260905,1,536,0
20260905,1,537,0
20260905,1,538,0
20260905,1,539,0
20260905,1,540,0
20260905,1,541,0
20260905,1,542,0
20260905,1,543,0
20260905,1,544,0
20260905,1,545,0
20260905,1,546,0
20260905,1,547,0
20260905,1,548,0
20260905,1,549,0
20260905,1,550,0
20260905,1,551,0
20260905,1,552,0
20260905,1,553,0
20260905,1,554,0
20260905,1,555,0
20260905,1,556,0
20260905,1,557,0
20260905,1,558,0
20260905,1,559,0
20260905,1,560,0
20260905,1,561,0
20260905,1,562,0
20260905,1,563,0
20260905,1,564,0
20260905,1,565,0
20260905,1,566,0
20260905,1,567,0
20260905,1,568,0
20260905,1,569,0
20260905,1,570,0
20260905,1,571,0
20260905,1,572,0
20260905,1,573,0
20260905,1,574,0
20260905,1,575,0
20260905,1,576,0
20260905,1,577,0
20260905,1,578,0
20260905,1,579,0
20260905,1,580,0
20260905,1,581,0
20260905,1,582,0
20260905,1,583,0
20260905,1,584,0
20260905,1,585,0
20260905,1,586,0
20260905,1,587,0
20260905,1,588,0
20260905,1,589,0
20260905,1,590,0
20260905,1,591,0
20260905,1,592,0
20260905,1,593,0
20260905,1,594,0
20260905,1,595,0
20260905,1,596,0
20260905,1,597,0
20260905,1,598,0
20260905,1,599,0
20260905,1,600,0
20260905,1,601,0
20260905,1,602,0
20260905,1,603,0
20260905,1,604,0
20260905,1,605,0
20260905,1,606,0
20260905,1,607,0
20260905,1,608,0
20260905,1,609,0
20260905,1,610,0
20260905,1,611,0
20260905,1,612,0
20260905,1,613,0
20260905,1,614,0
20260905,1,615,0
20260905,1,616,0
20260905,1,617,0
20260905,1,618,0
20260905,1,619,0
20260905,1,620,0
20260905,1,621,0
20260905,1,622,0
20260905,1,623,0
20260905,1,624,0
20260905,1,625,0
20260905,1,626,0
20260905,1,627,0
20260905,1,628,0
20260905,1,629,0
20260905,1,630,0
20260905,1,631,0
20260905,1,632,0
20260905,1,633,0
20260905,1,634,0
20260905,1,635,0
20260905,1,636,0
20260905,1,637,0
20260905,1,638,0
20260905,1,639,0
20260905,1,640,0
20260905,1,641,0
20260905,1,642,0
20260905,1,643,0
20260905,1,644,0
20260905,1,645,0
20260905,1,646,0
20260905,1,647,0
20260905,1,648,0
20260905,1,649,0
20260905,1,650,0
20260905,1,651,0
20260905,1,652,0
20260905,1,653,0
20260905,1,654,0
20260905,1,655,0
20260905,1,656,0
20260905,1,657,0
20260905,1,658,0
20260905,1,659,0
20260905,1,660,0
20260905,1,661,0
20260905,1,662,0
20260905,1,663,0
20260905,1,664,0
20260905,1,665,0
20260905,1,666,0
20260905,1,667,0
20260905,1,668,0
20260905,1,669,0
20260905,1,670,0
20260905,1,671,0
20260905,1,672,0
20260905,1,673,0
20260905,1,674,0
20260905,1,675,0
20260905,1,676,0
20260905,1,677,0
20260905,1,678,0
20260905,1,679,0
20260905,1,680,0
20260905,1,681,0
20260905,1,682,0
20260905,1,683,0
20260905,1,684,0
20260905,1,685,0
20260905,1,686,0
20260905,1,687,0
20260905,1,688,0
20260905,1,689,0
20260905,1,690,0
20260905,1,691,0
20260905,1,692,0
20260905,1,693,0
20260905,1,694,0
20260905,1,695,0
20260905,1,696,0
20260905,1,697,0
20260905,1,698,0
20260905,1,699,0
20260905,1,700,0
20260905,1,701,0
20260905,1,702,0
20260905,1,703,0
20260905,1,704,0
20260905,1,705,0
20260905,1,706,0
20260905,1,707,0
20260905,1,708,0
20260905,1,709,0
20260905,1,710,0
20260905,1,711,0
20260905,1,712,0
20260905,1,713,0
20260905,1,714,0
20260905,1,715,0
20260905,1,716,0
20260905,1,717,0
20260905,1,718,0
20260905,1,719,0
20260905,1,720,0
20260905,1,721,0
20260905,1,722,0
20260905,1,723,0
20260905,1,724,0
20260905,1,725,0
20260905,1,726,0
20260905,1,727,0
20260905,1,728,0
20260905,1,729,0
20260905,1,730,0
20260905,1,731,0
20260905,1,732,0
20260905,1,733,0
20260905,1,734,0
20260905,1,735,0
20260905,1,736,0
20260905,1,737,0
20260905,1,738,0
20260905,1,739,0
20260905,1,740,0
20260905,1,741,0
20260905,1,742,0
20260905,1,743,0
20260905,1,744,0
20260905,1,745,0
20260905,1,746,0
20260905,1,747,0
20260905,1,748,0
20260905,1,749,0
20260905,1,750,0
20260905,1,751,0
20260905,1,752,0
20260905,1,753,0
20260905,1,754,0
20260905,1,755,0
20260905,1,756,0
20260905,1,757,0
20260905,1,758,0
20260905,1,759,0
20260905,1,760,0
20260905,1,761,0
20260905,1,762,0
20260905,1,763,0
20260905,1,764,0
20260905,1,765,0
20260905,1,766,0
20260905,1,767,0
20260905,1,768,0
20260905,1,769,0
20260905,1,770,0
20260905,1,771,0
20260905,1,772,0
20260905,1,773,0
20260905,1,774,0
20260905,1,775,0
20260905,1,776,0
20260905,1,777,0
20260905,1,778,0
20260905,1,779,0
20260905,1,780,0
20260905,1,781,0
20260905,1,782,0
20260905,1,783,0
20260905,1,784,0
20260905,1,785,0
20260905,1,786,0
20260905,1,787,0
20260905,1,788,0
20260905,1,789,0
20260905,1,790,0
20260905,1,791,0
20260905,1,792,0
20260905,1,793,0
20260905,1,794,0
20260905,1,795,0
20260905,1,796,0
20260905,1,797,0
20260905,1,798,0
20260905,1,799,0
20260905,1,800,0
20260905,1,801,0
20260905,1,802,0
20260905,1,803,0
20260905,1,804,0
20260905,1,805,0
20260905,1,806,0
20260905,1,807,0
20260905,1,808,0
20260905,1,809,0
20260905,1,810,0
20260905,1,811,0
20260905,1,812,0
20260905,1,813,0
20260905,1,814,0
20260905,1,815,0
20260905,1,816,0
20260905,1,817,0
20260905,1,818,0
20260905,1,819,0
20260905,1,820,0
20260905,1,821,0
20260905,1,822,0
20260905,1,823,0
20260905,1,824,0
20260905,1,825,0
20260905,1,826,0
20260905,1,827,0
20260905,1,828,0
20260905,1,829,0
20260905,1,830,0
20260905,1,831,0
20260905,1,832,0
20260905,1,833,0
20260905,1,834,0
20260905,1,835,0
20260905,1,836,0
20260905,1,837,0
20260905,1,838,0
20260905,1,839,0
20260905,1,840,0
20260905,1,841,0
20260905,1,842,0
20260905,1,843,0
20260905,1,844,0
20260905,1,845,0
20260905,1,846,0
20260905,1,847,0
20260905,1,848,0
20260905,1,849,0
20260905,1,850,0
20260905,1,851,0
20260905,1,852,0
20260905,1,853,0
20260905,1,854,0
20260905,1,855,0
20260905,1,856,0
20260905,1,857,0
20260905,1,858,0
20260905,1,859,0
20260905,1,860,0
20260905,1,861,0
20260905,1,862,0
20260905,1,863,0
20260905,1,864,0
20260905,1,865,0
20260905,1,866,0
20260905,1,867,0
20260905,1,868,0
20260905,1,869,0
20260905,1,870,0
20260905,1,871,0
20260905,1,872,0
20260905,1,873,0
20260905,1,874,0
20260905,1,875,0
20260905,1,876,0
20260905,1,877,0
20260905,1,878,0
20260905,1,879,0
20260905,1,880,0
20260905,1,881,0
20260905,1,882,0
20260905,1,883,0
20260905,1,884,0
20260905,1,885,0
20260905,1,886,0
20260905,1,887,0
20260905,1,888,0
20260905,1,889,0
20260905,1,890,0
20260905,1,891,0
20260905,1,892,0
20260905,1,893,0
20260905,1,894,0
20260905,1,895,0
20260905,1,896,0
20260905,1,897,0
20260905,1,898,0
20260905,1,899,0
20260905,1,900,0
20260905,1,901,0
20260905,1,902,0
20260905,1,903,0
20260905,1,904,0
20260905,1,905,0
20260905,1,906,0
20260905,1,907,0
20260905,1,908,0
20260905,1,909,0
20260905,1,910,0
20260905,1,911,0
20260905,1,912,0
20260905,1,913,0
20260905,1,914,0
20260905,1,915,0
20260905,1,916,0
20260905,1,917,0
20260905,1,918,0
20260905,1,919,0
20260905,1,920,0
20260905,1,921,0
20260905,1,922,0
20260905,1,923,0
20260905,1,924,0
20260905,1,925,0
20260905,1,926,0
20260905,1,927,0
20260905,1,928,0
20260905,1,929,0
20260905,1,930,0
20260905,1,931,0
20260905,1,932,0
20260905,1,933,0
20260905,1,934,0
20260905,1,935,0
20260905,1,936,0
20260905,1,937,0
20260905,1,938,0
20260905,1,939,0
20260905,1,940,0
20260905,1,941,0
20260905,1,942,0
20260905,1,943,0
20260905,1,944,0
20260905,1,945,0
20260905,1,946,0
20260905,1,947,0
20260905,1,948,0
20260905,1,949,0
20260905,1,950,0
20260905,1,951,0
20260905,1,952,0
20260905,1,953,0
20260905,1,954,0
20260905,1,955,0
20260905,1,956,0
20260905,1,957,0
20260905,1,958,0
20260905,1,959,0
20260905,1,960,0
20260905,1,961,0
20260905,1,962,0
20260905,1,963,0
20260905,1,964,0
20260905,1,965,0
20260905,1,966,0
20260905,1,967,0
20260905,1,968,0
20260905,1,969,0
20260905,1,970,0
20260905,1,971,0
20260905,1,972,0
20260905,1,973,0
20260905,1,974,0
20260905,1,975,0
20260905,1,976,0
20260905,1,977,0
20260905,1,978,0
20260905,1,979,0
20260905,1,980,0
20260905,1,981,0
20260905,1,982,0
20260905,1,983,0
20260905,1,984,0
20260905,1,985,0
20260905,1,986,0
20260905,1,987,0
20260905,1,988,0
20260905,1,989,0
20260905,1,990,0
20260905,1,991,0
20260905,1,992,0
20260905,1,993,0
20260905,1,994,0
20260905,1,995,0
20260905,1,996,0
20260905,1,997,0
20260905,1,998,0
20260905,1,999,0
20260905,1,1000,0
20260905,45,1,18
20260905,45,2,28
20260905,45,3,14
20260905,45,4,6
20260905,45,5,18
20260905,45,6,6
20260905,45,7,25
20260905,45,8,6
20260905,45,9,21
20260905,45,10,1
20260905,45,11,43
20260905,45,12,13
20260905,45,13,13
20260905,45,14,6
20260905,45,15,24
20260905,45,16,10
20260905,45,17,19
20260905,45,18,19
20260905,45,19,9
20260905,45,20,42
20260905,45,21,15
20260905,45,22,3
20260905,45,23,16
20260905,45,24,30
20260905,45,25,30
20260905,45,26,43
20260905,45,27,19
20260905,45,28,11
20260905,45,29,9
20260905,45,30,0
20260905,45,31,18
20260905,45,32,37
20260905,45,33,33
20260905,45,34,17
20260905,45,35,15
20260905,45,36,44
20260905,45,37,30
20260905,45,38,10
20260905,45,39,12
20260905,45,40,3
20260905,45,41,34
20260905,45,42,6
20260905,45,43,8
20260905,45,44,35
20260905,45,45,37
20260905,45,46,19
20260905,45,47,29
20260905,45,48,13
20260905,45,49,10
20260905,45,50,43
20260905,45,51,31
20260905,45,52,5
20260905,45,53,38
20260905,45,54,42
20260905,45,55,6
20260905,45,56,4
20260905,45,57,8
20260905,45,58,30
20260905,45,59,38
20260905,45,60,1
20260905,45,61,7
20260905,45,62,23
20260905,45,63,10
20260905,45,64,31
20260905,45,65,41
20260905,45,66,12
20260905,45,67,39
20260905,45,68,10
20260905,45,69,12
20260905,45,70,13
20260905,45,71,24
20260905,45,72,19
20260905,45,73,14
20260905,45,74,3
20260905,45,75,29
20260905,45,76,2
20260905,45,77,5
20260905,45,78,39
20260905,45,79,27
20260905,45,80,16
20260905,45,81,19
20260905,45,82,2
20260905,45,83,43
20260905,45,84,23
20260905,45,85,20
20260905,45,86,31
20260905,45,87,41
20260905,45,88,13
20260905,45,89,42
20260905,45,90,31
20260905,45,91,11
20260905,45,92,20
20260905,45,93,31
20260905,45,94,44
20260905,45,95,36
20260905,45,96,9
20260905,45,97,44
20260905,45,98,28
20260905,45,99,12
20260905,45,100,41
20260905,45,101,6
20260905,45,102,21
20260905,45,103,22
20260905,45,104,25
20260905,45,105,17
20260905,45,106,35
20260905,45,107,27
20260905,45,108,21
20260905,45,109,30
20260905,45,110,28
20260905,45,111,9
20260905,45,112,38
20260905,45,113,43
20260905,45,114,24
20260905,45,115,15
20260905,45,116,12
20260905,45,117,26
20260905,45,118,44
20260905,45,119,44
20260905,45,120,2
20260905,45,121,37
20260905,45,122,12
20260905,45,123,19
20260905,45,124,20
20260905,45,125,35
20260905,45,126,10
20260905,45,127,31
20260905,45,128,20
20260905,45,129,23
20260905,45,130,23
20260905,45,131,25
20260905,45,132,43
20260905,45,133,13
20260905,45,134,19
20260905,45,135,13
20260905,45,136,41
20260905,45,137,43
20260905,45,138,12
20260905,45,139,36
20260905,45,140,1
20260905,45,141,4
20260905,45,142,3
20260905,45,143,9
20260905,45,144,18
20260905,45,145,33
20260905,45,146,31
20260905,45,147,30
20260905,45,148,40
20260905,45,149,44
20260905,45,150,1
20260905,45,151,40
20260905,45,152,25
20260905,45,153,37
20260905,45,154,16
20260905,45,155,34
20260905,45,156,38
20260905,45,157,11
20260905,45,158,23
20260905,45,159,13
20260905,45,160,44
20260905,45,161,3
20260905,45,162,5
20260905,45,163,16
20260905,45,164,41
20260905,45,165,25
20260905,45,166,8
20260905,45,167,40
20260905,45,168,31
20260905,45,169,5
20260905,45,170,39
20260905,45,171,10
20260905,45,172,9
20260905,45,173,5
20260905,45,174,27
20260905,45,175,32
20260905,45,176,30
20260905,45,177,0
20260905,45,178,16
20260905,45,179,0
20260905,45,180,12
20260905,45,181,2
20260905,45,182,8
20260905,45,183,23
20260905,45,184,17
20260905,45,185,10
20260905,45,186,16
20260905,45,187,2
20260905,45,188,29
20260905,45,189,28
20260905,45,190,31
20260905,45,191,23
20260905,45,192,27
20260905,45,193,7
20260905,45,194,44
20260905,45,195,13
20260905,45,196,35
20260905,45,197,11
20260905,45,198,6
20260905,45,199,36
20260905,45,200,29
20260905,45,201,29
20260905,45,202,27
20260905,45,203,11
20260905,45,204,2
20260905,45,205,10
20260905,45,206,24
20260905,45,207,23
20260905,45,208,35
20260905,45,209,30
20260905,45,210,23
20260905,45,211,3
20260905,45,212,29
20260905,45,213,38
20260905,45,214,36
20260905,45,215,7
20260905,45,216,9
20260905,45,217,30
20260905,45,218,38
20260905,45,219,43
20260905,45,220,13
20260905,45,221,42
20260905,45,222,25
20260905,45,223,3
20260905,45,224,23
20260905,45,225,43
20260905,45,226,28
20260905,45,227,21
20260905,45,228,0
20260905,45,229,8
20260905,45,230,8
20260905,45,231,26
20260905,45,232,40
20260905,45,233,18
20260905,45,234,8
20260905,45,235,19
20260905,45,236,2
20260905,45,237,6
20260905,45,238,29
20260905,45,239,20
20260905,45,240,19
20260905,45,241,26
20260905,45,242,0
20260905,45,243,41
20260905,45,244,11
20260905,45,245,15
20260905,45,246,44
20260905,45,247,22
20260905,45,248,29
20260905,45,249,30
20260905,45,250,3
20260905,45,251,20
20260905,45,252,21
20260905,45,253,35
20260905,45,254,5
20260905,45,255,11
20260905,45,256,27
20260905,45,257,25
20260905,45,258,12
20260905,45,259,31
20260905,45,260,1
20260905,45,261,5
20260905,45,262,17
20260905,45,263,2
20260905,45,264,21
20260905,45,265,26
20260905,45,266,24
20260905,45,267,4
20260905,45,268,5
20260905,45,269,7
20260905,45,270,42
20260905,45,271,44
20260905,45,272,34
20260905,45,273,11
20260905,45,274,30
20260905,45,275,17
20260905,45,276,31
20260905,45,277,31
20260905,45,278,6
20260905,45,279,38
20260905,45,280,30
20260905,45,281,14
20260905,45,282,42
20260905,45,283,24
20260905,45,284,9
20260905,45,285,38
20260905,45,286,41
20260905,45,287,25
20260905,45,288,0
20260905,45,289,4
20260905,45,290,23
20260905,45,291,34
20260905,45,292,41
20260905,45,293,39
20260905,45,294,29
20260905,45,295,24
20260905,45,296,26
20260905,45,297,42
20260905,45,298,11
20260905,45,299,7
20260905,45,300,34
20260905,45,301,25
20260905,45,302,2
20260905,45,303,13
20260905,45,304,42
20260905,45,305,32
20260905,45,306,16
20260905,45,307,40
20260905,45,308,35
20260905,45,309,12
20260905,45,310,19
20260905,45,311,39
20260905,45,312,5
20260905,45,313,29
20260905,45,314,14
20260905,45,315,9
20260905,45,316,42
20260905,45,317,20
20260905,45,318,21
20260905,45,319,2
20260905,45,320,27
20260905,45,321,20
20260905,45,322,26
20260905,45,323,44
20260905,45,324,42
20260905,45,325,35
20260905,45,326,12
20260905,45,327,3
20260905,45,328,19
20260905,45,329,38
20260905,45,330,21
20260905,45,331,37
20260905,45,332,0
20260905,45,333,3
20260905,45,334,11
20260905,45,335,12
20260905,45,336,7
20260905,45,337,41
20260905,45,338,20
20260905,45,339,28
20260905,45,340,35
20260905,45,341,44
20260905,45,342,6
20260905,45,343,38
20260905,45,344,21
20260905,45,345,7
20260905,45,346,14
20260905,45,347,3
20260905,45,348,20
20260905,45,349,7
20260905,45,350,25
20260905,45,351,1
20260905,45,352,20
20260905,45,353,2
20260905,45,354,39
20260905,45,355,33
20260905,45,356,34
20260905,45,357,30
20260905,45,358,33
20260905,45,359,3
20260905,45,360,1
20260905,45,361,24
20260905,45,362,37
20260905,45,363,14
20260905,45,364,14
20260905,45,365,36
20260905,45,366,0
20260905,45,367,39
20260905,45,368,44
20260905,45,369,38
20260905,45,370,3
20260905,45,371,14
20260905,45,372,33
20260905,45,373,0
20260905,45,374,1
20260905,45,375,30
20260905,45,376,20
20260905,45,377,10
20260905,45,378,14
20260905,45,379,14
20260905,45,380,38
20260905,45,381,15
20260905,45,382,2
20260905,45,383,39
20260905,45,384,24
20260905,45,385,34
20260905,45,386,19
20260905,45,387,37
20260905,45,388,39
20260905,45,389,41
20260905,45,390,36
20260905,45,391,35
20260905,45,392,22
20260905,45,393,36
20260905,45,394,35
20260905,45,395,22
20260905,45,396,32
20260905,45,397,19
20260905,45,398,4
20260905,45,399,22
20260905,45,400,12
20260905,45,401,0
20260905,45,402,6
20260905,45,403,6
20260905,45,404,12
20260905,45,405,8
20260905,45,406,6
20260905,45,407,6
20260905,45,408,33
20260905,45,409,42
20260905,45,410,41
20260905,45,411,39
20260905,45,412,0
20260905,45,413,42
20260905,45,414,42
20260905,45,415,15
20260905,45,416,9
20260905,45,417,7
20260905,45,418,8
20260905,45,419,36
20260905,45,420,17
20260905,45,421,39
20260905,45,422,35
20260905,45,423,0
20260905,45,424,6
20260905,45,425,10
20260905,45,426,28
20260905,45,427,28
20260905,45,428,36
20260905,45,429,12
20260905,45,430,8
20260905,45,431,4
20260905,45,432,29
20260905,45,433,3
20260905,45,434,40
20260905,45,435,34
20260905,45,436,35
20260905,45,437,31
20260905,45,438,24
20260905,45,439,16
20260905,45,440,34
20260905,45,441,25
20260905,45,442,27
20260905,45,443,43
20260905,45,444,42
20260905,45,445,28
20260905,45,446,36
20260905,45,447,17
20260905,45,448,13
20260905,45,449,20
20260905,45,450,2
20260905,45,451,14
20260905,45,452,25
20260905,45,453,44
20260905,45,454,41
20260905,45,455,15
20260905,45,456,41
20260905,45,457,36
20260905,45,458,20
20260905,45,459,22
20260905,45,460,28
20260905,45,461,6
20260905,45,462,4
20260905,45,463,10
20260905,45,464,11
20260905,45,465,42
20260905,45,466,24
20260905,45,467,40
20260905,45,468,12
20260905,45,469,0
20260905,45,470,39
20260905,45,471,43
20260905,45,472,38
20260905,45,473,7
20260905,45,474,18
20260905,45,475,12
20260905,45,476,42
20260905,45,477,3
20260905,45,478,12
20260905,45,479,8
20260905,45,480,39
20260905,45,481,30
20260905,45,482,10
20260905,45,483,11
20260905,45,484,38
20260905,45,485,42
20260905,45,486,33
20260905,45,487,39
20260905,45,488,31
20260905,45,489,27
20260905,45,490,30
20260905,45,491,10
20260905,45,492,27
20260905,45,493,15
20260905,45,494,6
20260905,45,495,3
20260905,45,496,17
20260905,45,497,5
20260905,45,498,7
20260905,45,499,11
20260905,45,500,32
20260905,45,501,41
20260905,45,502,29
20260905,45,503,11
20260905,45,504,29
20260905,45,505,26
20260905,45,506,36
20260905,45,507,16
20260905,45,508,37
20260905,45,509,32
20260905,45,510,7
20260905,45,511,10
20260905,45,512,14
20260905,45,513,20
20260905,45,514,44
20260905,45,515,10
20260905,45,516,2
20260905,45,517,27
20260905,45,518,38
20260905,45,519,7
20260905,45,520,29
20260905,45,521,37
20260905,45,522,18
20260905,45,523,13
20260905,45,524,2
20260905,45,525,13
20260905,45,526,19
20260905,45,527,26
20260905,45,528,24
20260905,45,529,1
20260905,45,530,12
20260905,45,531,1
20260905,45,532,17
20260905,45,533,0
20260905,45,534,25
20260905,45,535,0
20260905,45,536,27
20260905,45,537,17
20260905,45,538,44
20260905,45,539,36
20260905,45,540,37
20260905,45,541,13
20260905,45,542,43
20260905,45,543,7
20260905,45,544,9
20260905,45,545,20
20260905,45,546,3
20260905,45,547,34
20260905,45,548,6
20260905,45,549,4
20260905,45,550,29
20260905,45,551,23
20260905,45,552,0
20260905,45,553,15
20260905,45,554,36
20260905,45,555,41
20260905,45,556,29
20260905,45,557,5
20260905,45,558,6
20260905,45,559,3
20260905,45,560,26
20260905,45,561,21
20260905,45,562,20
20260905,45,563,16
20260905,45,564,34
20260905,45,565,3
20260905,45,566,0
20260905,45,567,18
20260905,45,568,32
20260905,45,569,11
20260905,45,570,38
20260905,45,571,36
20260905,45,572,18
20260905,45,573,41
20260905,45,574,34
20260905,45,575,4
20260905,45,576,14
20260905,45,577,35
20260905,45,578,34
20260905,45,579,38
20260905,45,580,4
20260905,45,581,40
20260905,45,582,11
20260905,45,583,9
20260905,45,584,6
20260905,45,585,33
20260905,45,586,24
20260905,45,587,38
20260905,45,588,2
20260905,45,589,18
20260905,45,590,31
20260905,45,591,19
20260905,45,592,25
20260905,45,593,21
20260905,45,594,28
20260905,45,595,31
20260905,45,596,12
20260905,45,597,44
20260905,45,598,21
20260905,45,599,17
20260905,45,600,41
20260905,45,601,3
20260905,45,602,38
20260905,45,603,11
20260905,45,604,41
20260905,45,605,10
20260905,45,606,14
20260905,45,607,41
20260905,45,608,10
20260905,45,609,0
20260905,45,610,8
20260905,45,611,25
20260905,45,612,17
20260905,45,613,1
20260905,45,614,36
20260905,45,615,14
20260905,45,616,20
20260905,45,617,21
20260905,45,618,7
20260905,45,619,9
20260905,45,620,34
20260905,45,621,38
20260905,45,622,38
20260905,45,623,5
20260905,45,624,23
20260905,45,625,3
20260905,45,626,37
20260905,45,627,4
20260905,45,628,40
20260905,45,629,44
20260905,45,630,42
20260905,45,631,9
20260905,45,632,29
20260905,45,633,44
20260905,45,634,7
20260905,45,635,7
20260905,45,636,26
20260905,45,637,33
20260905,45,638,10
20260905,45,639,3
20260905,45,640,22
20260905,45,641,35
20260905,45,642,35
20260905,45,643,16
20260905,45,644,25
20260905,45,645,32
20260905,45,646,39
20260905,45,647,28
20260905,45,648,24
20260905,45,649,27
20260905,45,650,14
20260905,45,651,17
20260905,45,652,16
20260905,45,653,38
20260905,45,654,44
20260905,45,655,24
20260905,45,656,44
20260905,45,657,25
20260905,45,658,33
20260905,45,659,42
20260905,45,660,5
20260905,45,661,24
20260905,45,662,35
20260905,45,663,5
20260905,45,664,32
20260905,45,665,29
20260905,45,666,39
20260905,45,667,16
20260905,45,668,11
20260905,45,669,24
20260905,45,670,23
20260905,45,671,21
20260905,45,672,23
20260905,45,673,41
20260905,45,674,8
20260905,45,675,35
20260905,45,676,7
20260905,45,677,11
20260905,45,678,38
20260905,45,679,23
20260905,45,680,13
20260905,45,681,42
20260905,45,682,31
20260905,45,683,14
20260905,45,684,5
20260905,45,685,31
20260905,45,686,22
20260905,45,687,12
20260905,45,688,24
20260905,45,689,9
20260905,45,690,14
20260905,45,691,31
20260905,45,692,2
20260905,45,693,17
20260905,45,694,18
20260905,45,695,27
20260905,45,696,4
20260905,45,697,36
20260905,45,698,36
20260905,45,699,36
20260905,45,700,4
20260905,45,701,43
20260905,45,702,5
20260905,45,703,25
20260905,45,704,16
20260905,45,705,1
20260905,45,706,5
20260905,45,707,19
20260905,45,708,18
20260905,45,709,7
20260905,45,710,12
20260905,45,711,0
20260905,45,712,39
20260905,45,713,1
20260905,45,714,7
20260905,45,715,9
20260905,45,716,10
20260905,45,717,14
20260905,45,718,13
20260905,45,719,32
20260905,45,720,21
20260905,45,721,1
20260905,45,722,27
20260905,45,723,5
20260905,45,724,19
20260905,45,725,38
20260905,45,726,20
20260905,45,727,40
20260905,45,728,41
20260905,45,729,9
20260905,45,730,23
20260905,45,731,40
20260905,45,732,39
20260905,45,733,7
20260905,45,734,30
20260905,45,735,16
20260905,45,736,2
20260905,45,737,2
20260905,45,738,43
20260905,45,739,28
20260905,45,740,36
20260905,45,741,20
20260905,45,742,18
20260905,45,743,38
20260905,45,744,34
20260905,45,745,20
20260905,45,746,1
20260905,45,747,40
20260905,45,748,6
20260905,45,749,17
20260905,45,750,18
20260905,45,751,32
20260905,45,752,39
20260905,45,753,15
20260905,45,754,29
20260905,45,755,10
20260905,45,756,6
20260905,45,757,0
20260905,45,758,19
20260905,45,759,15
20260905,45,760,32
20260905,45,761,15
20260905,45,762,40
20260905,45,763,12
20260905,45,764,11
20260905,45,765,22
20260905,45,766,40
20260905,45,767,23
20260905,45,768,31
20260905,45,769,37
20260905,45,770,21
20260905,45,771,12
20260905,45,772,1
20260905,45,773,30
20260905,45,774,6
20260905,45,775,37
20260905,45,776,14
20260905,45,777,0
20260905,45,778,18
20260905,45,779,5
20260905,45,780,12
20260905,45,781,23
20260905,45,782,28
20260905,45,783,17
20260905,45,784,30
20260905,45,785,4
20260905,45,786,13
20260905,45,787,42
20260905,45,788,41
20260905,45,789,26
20260905,45,790,3
20260905,45,791,10
20260905,45,792,10
20260905,45,793,19
20260905,45,794,11
20260905,45,795,33
20260905,45,796,42
20260905,45,797,42
20260905,45,798,1
20260905,45,799,8
20260905,45,800,23
20260905,45,801,21
20260905,45,802,42
20260905,45,803,35
20260905,45,804,25
20260905,45,805,37
20260905,45,806,13
20260905,45,807,15
20260905,45,808,30
20260905,45,809,4
20260905,45,810,32
20260905,45,811,26
20260905,45,812,29
20260905,45,813,10
20260905,45,814,18
20260905,45,815,24
20260905,45,816,20
20260905,45,817,6
20260905,45,818,38
20260905,45,819,23
20260905,45,820,44
20260905,45,821,35
20260905,45,822,36
20260905,45,823,20
20260905,45,824,25
20260905,45,825,18
20260905,45,826,30
20260905,45,827,7
20260905,45,828,29
20260905,45,829,16
20260905,45,830,26
20260905,45,831,3
20260905,45,832,10
20260905,45,833,26
20260905,45,834,26
20260905,45,835,15
20260905,45,836,42
20260905,45,837,31
20260905,45,838,15
20260905,45,839,17
20260905,45,840,37
20260905,45,841,20
20260905,45,842,30
20260905,45,843,2
20260905,45,844,5
20260905,45,845,21
20260905,45,846,32
20260905,45,847,39
20260905,45,848,11
20260905,45,849,31
20260905,45,850,32
20260905,45,851,8
20260905,45,852,40
20260905,45,853,38
20260905,45,854,18
20260905,45,855,6
20260905,45,856,3
20260905,45,857,17
20260905,45,858,2
20260905,45,859,9
20260905,45,860,10
20260905,45,861,24
20260905,45,862,26
20260905,45,863,14
20260905,45,864,15
20260905,45,865,22
20260905,45,866,34
20260905,45,867,29
20260905,45,868,34
20260905,45,869,12
20260905,45,870,15
20260905,45,871,32
20260905,45,872,18
20260905,45,873,14
20260905,45,874,6
20260905,45,875,26
20260905,45,876,20
20260905,45,877,15
20260905,45,878,8
20260905,45,879,3
20260905,45,880,16
20260905,45,881,23
20260905,45,882,3
20260905,45,883,12
20260905,45,884,3
20260905,45,885,35
20260905,45,886,20
20260905,45,887,0
20260905,45,888,41
20260905,45,889,36
20260905,45,890,13
20260905,45,891,41
20260905,45,892,14
20260905,45,893,31
20260905,45,894,8
20260905,45,895,14
20260905,45,896,44
20260905,45,897,29
20260905,45,898,17
20260905,45,899,9
20260905,45,900,19
20260905,45,901,23
20260905,45,902,39
20260905,45,903,13
20260905,45,904,32
20260905,45,905,11
20260905,45,906,4
20260905,45,907,16
20260905,45,908,29
20260905,45,909,4
20260905,45,910,41
20260905,45,911,22
20260905,45,912,41
20260905,45,913,42
20260905,45,914,11
20260905,45,915,21
20260905,45,916,12
20260905,45,917,7
20260905,45,918,9
20260905,45,919,10
20260905,45,920,36
20260905,45,921,7
20260905,45,922,29
20260905,45,923,29
20260905,45,924,44
20260905,45,925,24
20260905,45,926,40
20260905,45,927,31
20260905,45,928,4
20260905,45,929,41
20260905,45,930,8
20260905,45,931,42
20260905,45,932,34
20260905,45,933,33
20260905,45,934,17
20260905,45,935,6
20260905,45,936,38
20260905,45,937,28
20260905,45,938,32
20260905,45,939,32
20260905,45,940,0
20260905,45,941,23
20260905,45,942,15
20260905,45,943,14
20260905,45,944,0
20260905,45,945,22
20260905,45,946,23
20260905,45,947,25
20260905,45,948,24
20260905,45,949,39
20260905,45,950,41
20260905,45,951,27
20260905,45,952,28
20260905,45,953,25
20260905,45,954,31
20260905,45,955,29
20260905,45,956,44
20260905,45,957,38
20260905,45,958,33
20260905,45,959,4
20260905,45,960,33
20260905,45,961,1
20260905,45,962,14
20260905,45,963,0
20260905,45,964,29
20260905,45,965,18
20260905,45,966,35
20260905,45,967,27
20260905,45,968,40
20260905,45,969,0
20260905,45,970,18
20260905,45,971,6
20260905,45,972,6
20260905,45,973,37
20260905,45,974,10
20260905,45,975,36
20260905,45,976,19
20260905,45,977,30
20260905,45,978,44
20260905,45,979,41
20260905,45,980,26
20260905,45,981,14
20260905,45,982,14
20260905,45,983,43
20260905,45,984,2
20260905,45,985,17
20260905,45,986,16
20260905,45,987,35
20260905,45,988,16
20260905,45,989,11
20260905,45,990,9
20260905,45,991,21
20260905,45,992,40
20260905,45,993,28
20260905,45,994,6
20260905,45,995,10
20260905,45,996,39
20260905,45,997,25
20260905,45,998,6
20260905,45,999,18
20260905,45,1000,11
20260905,111,1,82
20260905,111,2,54
20260905,111,3,28
20260905,111,4,49
20260905,111,5,57
20260905,111,6,78
20260905,111,7,70
20260905,111,8,82
20260905,111,9,70
20260905,111,10,89
20260905,111,11,70
20260905,111,12,21
20260905,111,13,1
20260905,111,14,107
20260905,111,15,63
20260905,111,16,77
20260905,111,17,77
20260905,111,18,70
20260905,111,19,88
20260905,111,20,10
20260905,111,21,83
20260905,111,22,19
20260905,111,23,58
20260905,111,24,9
20260905,111,25,106
20260905,111,26,15
20260905,111,27,67
20260905,111,28,16
20260905,111,29,94
20260905,111,30,94
20260905,111,31,53
20260905,111,32,43
20260905,111,33,19
20260905,111,34,63
20260905,111,35,75
20260905,111,36,73
20260905,111,37,0
20260905,111,38,82
20260905,111,39,101
20260905,111,40,47
20260905,111,41,62
20260905,111,42,33
20260905,111,43,57
20260905,111,44,17
20260905,111,45,57
20260905,111,46,79
20260905,111,47,108
20260905,111,48,94
20260905,111,49,10
20260905,111,50,12
20260905,111,51,3
20260905,111,52,34
20260905,111,53,49
20260905,111,54,6
20260905,111,55,72
20260905,111,56,35
20260905,111,57,101
20260905,111,58,19
20260905,111,59,48
20260905,111,60,29
20260905,111,61,77
20260905,111,62,74
20260905,111,63,62
20260905,111,64,57
20260905,111,65,45
20260905,111,66,107
20260905,111,67,95
20260905,111,68,5
20260905,111,69,62
20260905,111,70,102
20260905,111,71,106
20260905,111,72,70
20260905,111,73,4
20260905,111,74,8
20260905,111,75,94
20260905,111,76,102
20260905,111,77,65
20260905,111,78,58
20260905,111,79,71
20260905,111,80,23
20260905,111,81,10
20260905,111,82,31
20260905,111,83,105
20260905,111,84,45
20260905,111,85,12
20260905,111,86,103
20260905,111,87,74
20260905,111,88,49
20260905,111,89,76
20260905,111,90,13
20260905,111,91,88
20260905,111,92,83
20260905,111,93,14
20260905,111,94,67
20260905,111,95,109
20260905,111,96,93
20260905,111,97,2
20260905,111,98,69
20260905,111,99,49
20260905,111,100,50
20260905,111,101,103
20260905,111,102,51
20260905,111,103,27
20260905,111,104,16
20260905,111,105,19
20260905,111,106,2
20260905,111,107,63
20260905,111,108,50
20260905,111,109,59
20260905,111,110,43
20260905,111,111,87
20260905,111,112,20
20260905,111,113,31
20260905,111,114,105
20260905,111,115,45
20260905,111,116,77
20260905,111,117,49
20260905,111,118,106
20260905,111,119,31
20260905,111,120,11
20260905,111,121,109
20260905,111,122,20
20260905,111,123,31
20260905,111,124,44
20260905,111,125,59
20260905,111,126,36
20260905,111,127,73
20260905,111,128,108
20260905,111,129,50
20260905,111,130,28
20260905,111,131,12
20260905,111,132,46
20260905,111,133,41
20260905,111,134,6
20260905,111,135,85
20260905,111,136,22
20260905,111,137,89
20260905,111,138,81
20260905,111,139,99
20260905,111,140,27
20260905,111,141,85
20260905,111,142,94
20260905,111,143,110
20260905,111,144,28
20260905,111,145,9
20260905,111,146,53
20260905,111,147,38
20260905,111,148,47
20260905,111,149,43
20260905,111,150,88
20260905,111,151,79
20260905,111,152,76
20260905,111,153,109
20260905,111,154,62
20260905,111,155,26
20260905,111,156,108
20260905,111,157,44
20260905,111,158,66
20260905,111,159,37
20260905,111,160,57
20260905,111,161,12
20260905,111,162,83
20260905,111,163,55
20260905,111,164,84
20260905,111,165,55
20260905,111,166,99
20260905,111,167,74
20260905,111,168,31
20260905,111,169,20
20260905,111,170,87
20260905,111,171,87
20260905,111,172,25
20260905,111,173,43
20260905,111,174,45
20260905,111,175,77
20260905,111,176,83
20260905,111,177,13
20260905,111,178,105
20260905,111,179,43
20260905,111,180,63
20260905,111,181,56
20260905,111,182,12
20260905,111,183,63
20260905,111,184,45
20260905,111,185,36
20260905,111,186,1
20260905,111,187,68
20260905,111,188,3
20260905,111,189,73
20260905,111,190,18
20260905,111,191,33
20260905,111,192,95
20260905,111,193,30
20260905,111,194,40
20260905,111,195,44
20260905,111,196,56
20260905,111,197,1
20260905,111,198,40
20260905,111,199,89
20260905,111,200,101
20260905,111,201,80
20260905,111,202,34
20260905,111,203,38
20260905,111,204,50
20260905,111,205,11
20260905,111,206,46
20260905,111,207,23
20260905,111,208,13
20260905,111,209,48
20260905,111,210,44
20260905,111,211,52
20260905,111,212,67
20260905,111,213,110
20260905,111,214,5
20260905,111,215,80
20260905,111,216,105
20260905,111,217,25
20260905,111,218,72
20260905,111,219,40
20260905,111,220,31
20260905,111,221,5
20260905,111,222,50
20260905,111,223,103
20260905,111,224,74
20260905,111,225,9
20260905,111,226,56
20260905,111,227,69
20260905,111,228,91
20260905,111,229,52
20260905,111,230,96
20260905,111,231,94
20260905,111,232,64
20260905,111,233,80
20260905,111,234,64
20260905,111,235,12
20260905,111,236,2
20260905,111,237,72
20260905,111,238,23
20260905,111,239,81
20260905,111,240,10
20260905,111,241,16
20260905,111,242,66
20260905,111,243,93
20260905,111,244,92
20260905,111,245,46
20260905,111,246,31
20260905,111,247,23
20260905,111,248,91
20260905,111,249,7
20260905,111,250,108
20260905,111,251,77
20260905,111,252,35
20260905,111,253,11
20260905,111,254,49
20260905,111,255,70
20260905,111,256,36
20260905,111,257,29
20260905,111,258,93
20260905,111,259,91
20260905,111,260,62
20260905,111,261,75
20260905,111,262,2
20260905,111,263,53
20260905,111,264,10
20260905,111,265,88
20260905,111,266,87
20260905,111,267,99
20260905,111,268,30
20260905,111,269,48
20260905,111,270,87
20260905,111,271,3
20260905,111,272,93
20260905,111,273,61
20260905,111,274,102
20260905,111,275,36
20260905,111,276,7
20260905,111,277,55
20260905,111,278,109
20260905,111,279,55
20260905,111,280,73
20260905,111,281,94
20260905,111,282,110
20260905,111,283,102
20260905,111,284,61
20260905,111,285,107
20260905,111,286,77
20260905,111,287,106
20260905,111,288,53
20260905,111,289,25
20260905,111,290,51
20260905,111,291,3
20260905,111,292,87
20260905,111,293,43
20260905,111,294,92
20260905,111,295,85
20260905,111,296,64
20260905,111,297,8
20260905,111,298,8
20260905,111,299,26
20260905,111,300,60
20260905,111,301,40
20260905,111,302,82
20260905,111,303,8
20260905,111,304,19
20260905,111,305,2
20260905,111,306,70
20260905,111,307,57
20260905,111,308,93
20260905,111,309,20
20260905,111,310,19
20260905,111,311,26
20260905,111,312,64
20260905,111,313,41
20260905,111,314,11
20260905,111,315,109
20260905,111,316,15
20260905,111,317,108
20260905,111,318,86
20260905,111,319,29
20260905,111,320,55
20260905,111,321,94
20260905,111,322,67
20260905,111,323,84
20260905,111,324,85
20260905,111,325,99
20260905,111,326,69
20260905,111,327,61
20260905,111,328,63
20260905,111,329,11
20260905,111,330,27
20260905,111,331,89
20260905,111,332,62
20260905,111,333,49
20260905,111,334,12
20260905,111,335,31
20260905,111,336,65
20260905,111,337,69
20260905,111,338,81
20260905,111,339,2
20260905,111,340,47
20260905,111,341,21
20260905,111,342,26
20260905,111,343,88
20260905,111,344,57
20260905,111,345,68
20260905,111,346,5
20260905,111,347,71
20260905,111,348,106
20260905,111,349,44
20260905,111,350,98
20260905,111,351,56
20260905,111,352,75
20260905,111,353,94
20260905,111,354,81
20260905,111,355,95
20260905,111,356,54
20260905,111,357,95
20260905,111,358,6
20260905,111,359,58
20260905,111,360,110
20260905,111,361,38
20260905,111,362,94
20260905,111,363,14
20260905,111,364,106
20260905,111,365,47
20260905,111,366,24
20260905,111,367,9
20260905,111,368,38
20260905,111,369,41
20260905,111,370,25
20260905,111,371,0
20260905,111,372,4
20260905,111,373,23
20260905,111,374,34
20260905,111,375,41
20260905,111,376,103
20260905,111,377,60
20260905,111,378,93
20260905,111,379,88
20260905,111,380,90
20260905,111,381,42
20260905,111,382,75
20260905,111,383,71
20260905,111,384,98
20260905,111,385,25
20260905,111,386,66
20260905,111,387,45
20260905,111,388,13
20260905,111,389,42
20260905,111,390,110
20260905,111,391,96
20260905,111,392,16
20260905,111,393,56
20260905,111,394,104
20260905,111,395,35
20260905,111,396,49
20260905,111,397,76
20260905,111,398,19
20260905,111,399,39
20260905,111,400,69
20260905,111,401,93
20260905,111,402,78
20260905,111,403,73
20260905,111,404,106
20260905,111,405,61
20260905,111,406,84
20260905,111,407,85
20260905,111,408,50
20260905,111,409,66
20260905,111,410,58
20260905,111,411,46
20260905,111,412,27
20260905,111,413,84
20260905,111,414,90
20260905,111,415,108
20260905,111,416,62
20260905,111,417,42
20260905,111,418,35
20260905,111,419,76
20260905,111,420,67
20260905,111,421,83
20260905,111,422,38
20260905,111,423,21
20260905,111,424,101
20260905,111,425,0
20260905,111,426,59
20260905,111,427,3
20260905,111,428,75
20260905,111,429,76
20260905,111,430,7
20260905,111,431,105
20260905,111,432,84
20260905,111,433,92
20260905,111,434,35
20260905,111,435,108
20260905,111,436,6
20260905,111,437,102
20260905,111,438,85
20260905,111,439,7
20260905,111,440,58
20260905,111,441,14
20260905,111,442,3
20260905,111,443,20
20260905,111,444,47
20260905,111,445,7
20260905,111,446,89
20260905,111,447,65
20260905,111,448,84
20260905,111,449,2
20260905,111,450,103
20260905,111,451,33
20260905,111,452,98
20260905,111,453,30
20260905,111,454,59
20260905,111,455,33
20260905,111,456,3
20260905,111,457,65
20260905,111,458,24
20260905,111,459,101
20260905,111,460,78
20260905,111,461,14
20260905,111,462,100
20260905,111,463,64
20260905,111,464,103
20260905,111,465,44
20260905,111,466,38
20260905,111,467,49
20260905,111,468,67
20260905,111,469,14
20260905,111,470,97
20260905,111,471,64
20260905,111,472,1
20260905,111,473,30
20260905,111,474,55
20260905,111,475,20
20260905,111,476,74
20260905,111,477,14
20260905,111,478,78
20260905,111,479,102
20260905,111,480,15
20260905,111,481,2
20260905,111,482,103
20260905,111,483,24
20260905,111,484,98
20260905,111,485,83
20260905,111,486,110
20260905,111,487,37
20260905,111,488,39
20260905,111,489,41
20260905,111,490,36
20260905,111,491,99
20260905,111,492,58
20260905,111,493,55
20260905,111,494,22
20260905,111,495,100
20260905,111,496,35
20260905,111,497,22
20260905,111,498,32
20260905,111,499,83
20260905,111,500,68
20260905,111,501,86
20260905,111,502,76
20260905,111,503,0
20260905,111,504,6
20260905,111,505,6
20260905,111,506,12
20260905,111,507,8
20260905,111,508,6
20260905,111,509,6
20260905,111,510,33
20260905,111,511,106
20260905,111,512,105
20260905,111,513,39
20260905,111,514,61
20260905,111,515,51
20260905,111,516,0
20260905,111,517,59
20260905,111,518,106
20260905,111,519,106
20260905,111,520,79
20260905,111,521,73
20260905,111,522,7
20260905,111,523,109
20260905,111,524,72
20260905,111,525,57
20260905,111,526,36
20260905,111,527,55
20260905,111,528,81
20260905,111,529,63
20260905,111,530,103
20260905,111,531,99
20260905,111,532,64
20260905,111,533,70
20260905,111,534,10
20260905,111,535,28
20260905,111,536,28
20260905,111,537,100
20260905,111,538,12
20260905,111,539,72
20260905,111,540,68
20260905,111,541,93
20260905,111,542,3
20260905,111,543,104
20260905,111,544,98
20260905,111,545,63
20260905,111,546,63
20260905,111,547,35
20260905,111,548,31
20260905,111,549,88
20260905,111,550,54
20260905,111,551,50
20260905,111,552,16
20260905,111,553,98
20260905,111,554,50
20260905,111,555,25
20260905,111,556,91
20260905,111,557,107
20260905,111,558,106
20260905,111,559,92
20260905,111,560,100
20260905,111,561,49
20260905,111,562,81
20260905,111,563,13
20260905,111,564,52
20260905,111,565,84
20260905,111,566,2
20260905,111,567,14
20260905,111,568,25
20260905,111,569,108
20260905,111,570,105
20260905,111,571,79
20260905,111,572,41
20260905,111,573,100
20260905,111,574,46
20260905,111,575,20
20260905,111,576,22
20260905,111,577,92
20260905,111,578,6
20260905,111,579,68
20260905,111,580,10
20260905,111,581,11
20260905,111,582,106
20260905,111,583,45
20260905,111,584,88
20260905,111,585,104
20260905,111,586,76
20260905,111,587,0
20260905,111,588,58
20260905,111,589,103
20260905,111,590,107
20260905,111,591,102
20260905,111,592,71
20260905,111,593,18
20260905,111,594,60
20260905,111,595,12
20260905,111,596,42
20260905,111,597,67
20260905,111,598,76
20260905,111,599,72
20260905,111,600,39
20260905,111,601,48
20260905,111,602,49
20260905,111,603,30
20260905,111,604,51
20260905,111,605,10
20260905,111,606,53
20260905,111,607,11
20260905,111,608,102
20260905,111,609,42
20260905,111,610,97
20260905,111,611,39
20260905,111,612,95
20260905,111,613,27
20260905,111,614,30
20260905,111,615,10
20260905,111,616,59
20260905,111,617,27
20260905,111,618,79
20260905,111,619,58
20260905,111,620,6
20260905,111,621,3
20260905,111,622,17
20260905,111,623,69
20260905,111,624,71
20260905,111,625,75
20260905,111,626,32
20260905,111,627,41
20260905,111,628,93
20260905,111,629,60
20260905,111,630,11
20260905,111,631,93
20260905,111,632,26
20260905,111,633,100
20260905,111,634,48
20260905,111,635,53
20260905,111,636,80
20260905,111,637,37
20260905,111,638,96
20260905,111,639,7
20260905,111,640,47
20260905,111,641,74
20260905,111,642,78
20260905,111,643,84
20260905,111,644,108
20260905,111,645,74
20260905,111,646,46
20260905,111,647,56
20260905,111,648,2
20260905,111,649,27
20260905,111,650,38
20260905,111,651,7
20260905,111,652,29
20260905,111,653,48
20260905,111,654,37
20260905,111,655,18
20260905,111,656,13
20260905,111,657,66
20260905,111,658,13
20260905,111,659,83
20260905,111,660,26
20260905,111,661,24
20260905,111,662,53
20260905,111,663,1
20260905,111,664,12
20260905,111,665,65
20260905,111,666,81
20260905,111,667,0
20260905,111,668,45
20260905,111,669,25
20260905,111,670,64
20260905,111,671,63
20260905,111,672,91
20260905,111,673,17
20260905,111,674,45
20260905,111,675,108
20260905,111,676,53
20260905,111,677,100
20260905,111,678,37
20260905,111,679,13
20260905,111,680,43
20260905,111,681,7
20260905,111,682,47
20260905,111,683,9
20260905,111,684,20
20260905,111,685,59
20260905,111,686,67
20260905,111,687,98
20260905,111,688,6
20260905,111,689,53
20260905,111,690,51
20260905,111,691,48
20260905,111,692,68
20260905,111,693,93
20260905,111,694,87
20260905,111,695,0
20260905,111,696,15
20260905,111,697,47
20260905,111,698,100
20260905,111,699,41
20260905,111,700,93
20260905,111,701,5
20260905,111,702,110
20260905,111,703,51
20260905,111,704,70
20260905,111,705,3
20260905,111,706,26
20260905,111,707,85
20260905,111,708,54
20260905,111,709,20
20260905,111,710,80
20260905,111,711,34
20260905,111,712,3
20260905,111,713,0
20260905,111,714,18
20260905,111,715,60
20260905,111,716,96
20260905,111,717,59
20260905,111,718,11
20260905,111,719,38
20260905,111,720,100
20260905,111,721,18
20260905,111,722,105
20260905,111,723,98
20260905,111,724,4
20260905,111,725,78
20260905,111,726,35
20260905,111,727,98
20260905,111,728,38
20260905,111,729,68
20260905,111,730,40
20260905,111,731,75
20260905,111,732,73
20260905,111,733,6
20260905,111,734,33
20260905,111,735,24
20260905,111,736,38
20260905,111,737,2
20260905,111,738,56
20260905,111,739,18
20260905,111,740,95
20260905,111,741,83
20260905,111,742,25
20260905,111,743,21
20260905,111,744,28
20260905,111,745,59
20260905,111,746,95
20260905,111,747,12
20260905,111,748,44
20260905,111,749,85
20260905,111,750,81
20260905,111,751,61
20260905,111,752,105
20260905,111,753,3
20260905,111,754,50
20260905,111,755,38
20260905,111,756,46
20260905,111,757,11
20260905,111,758,105
20260905,111,759,10
20260905,111,760,53
20260905,111,761,78
20260905,111,762,41
20260905,111,763,10
20260905,111,764,109
20260905,111,765,48
20260905,111,766,64
20260905,111,767,72
20260905,111,768,89
20260905,111,769,17
20260905,111,770,56
20260905,111,771,1
20260905,111,772,100
20260905,111,773,78
20260905,111,774,84
20260905,111,775,85
20260905,111,776,7
20260905,111,777,73
20260905,111,778,34
20260905,111,779,102
20260905,111,780,52
20260905,111,781,38
20260905,111,782,5
20260905,111,783,23
20260905,111,784,67
20260905,111,785,53
20260905,111,786,101
20260905,111,787,4
20260905,111,788,40
20260905,111,789,108
20260905,111,790,106
20260905,111,791,9
20260905,111,792,109
20260905,111,793,29
20260905,111,794,44
20260905,111,795,71
20260905,111,796,7
20260905,111,797,26
20260905,111,798,97
20260905,111,799,74
20260905,111,800,3
20260905,111,801,86
20260905,111,802,99
20260905,111,803,35
20260905,111,804,80
20260905,111,805,57
20260905,111,806,25
20260905,111,807,32
20260905,111,808,39
20260905,111,809,92
20260905,111,810,24
20260905,111,811,27
20260905,111,812,58
20260905,111,813,78
20260905,111,814,81
20260905,111,815,16
20260905,111,816,102
20260905,111,817,44
20260905,111,818,47
20260905,111,819,88
20260905,111,820,49
20260905,111,821,108
20260905,111,822,89
20260905,111,823,97
20260905,111,824,106
20260905,111,825,46
20260905,111,826,5
20260905,111,827,88
20260905,111,828,35
20260905,111,829,69
20260905,111,830,96
20260905,111,831,93
20260905,111,832,39
20260905,111,833,80
20260905,111,834,11
20260905,111,835,88
20260905,111,836,87
20260905,111,837,21
20260905,111,838,60
20260905,111,839,87
20260905,111,840,41
20260905,111,841,72
20260905,111,842,99
20260905,111,843,7
20260905,111,844,75
20260905,111,845,102
20260905,111,846,53
20260905,111,847,87
20260905,111,848,13
20260905,111,849,42
20260905,111,850,95
20260905,111,851,14
20260905,111,852,55
20260905,111,853,5
20260905,111,854,95
20260905,111,855,22
20260905,111,856,12
20260905,111,857,24
20260905,111,858,73
20260905,111,859,14
20260905,111,860,31
20260905,111,861,2
20260905,111,862,17
20260905,111,863,18
20260905,111,864,50
20260905,111,865,27
20260905,111,866,68
20260905,111,867,100
20260905,111,868,50
20260905,111,869,100
20260905,111,870,36
20260905,111,871,68
20260905,111,872,55
20260905,111,873,107
20260905,111,874,69
20260905,111,875,89
20260905,111,876,52
20260905,111,877,80
20260905,111,878,65
20260905,111,879,69
20260905,111,880,83
20260905,111,881,82
20260905,111,882,7
20260905,111,883,76
20260905,111,884,0
20260905,111,885,103
20260905,111,886,52
20260905,111,887,1
20260905,111,888,71
20260905,111,889,73
20260905,111,890,74
20260905,111,891,14
20260905,111,892,13
20260905,111,893,96
20260905,111,894,85
20260905,111,895,1
20260905,111,896,27
20260905,111,897,5
20260905,111,898,47
20260905,111,899,19
20260905,111,900,38
20260905,111,901,84
20260905,111,902,104
20260905,111,903,105
20260905,111,904,73
20260905,111,905,52
20260905,111,906,87
20260905,111,907,40
20260905,111,908,103
20260905,111,909,55
20260905,111,910,7
20260905,111,911,94
20260905,111,912,80
20260905,111,913,66
20260905,111,914,66
20260905,111,915,43
20260905,111,916,28
20260905,111,917,100
20260905,111,918,52
20260905,111,919,84
20260905,111,920,18
20260905,111,921,38
20260905,111,922,98
20260905,111,923,20
20260905,111,924,1
20260905,111,925,104
20260905,111,926,70
20260905,111,927,81
20260905,111,928,18
20260905,111,929,58
20260905,111,930,96
20260905,111,931,56
20260905,111,932,63
20260905,111,933,57
20260905,111,934,103
20260905,111,935,15
20260905,111,936,93
20260905,111,937,74
20260905,111,938,6
20260905,111,939,0
20260905,111,940,19
20260905,111,941,79
20260905,111,942,96
20260905,111,943,15
20260905,111,944,109
20260905,111,945,47
20260905,111,946,63
20260905,111,947,40
20260905,111,948,12
20260905,111,949,11
20260905,111,950,86
20260905,111,951,62
20260905,111,952,40
20260905,111,953,59
20260905,111,954,87
20260905,111,955,31
20260905,111,956,37
20260905,111,957,55
20260905,111,958,85
20260905,111,959,12
20260905,111,960,1
20260905,111,961,94
20260905,111,962,6
20260905,111,963,37
20260905,111,964,14
20260905,111,965,64
20260905,111,966,18
20260905,111,967,69
20260905,111,968,12
20260905,111,969,87
20260905,111,970,92
20260905,111,971,81
20260905,111,972,54
20260905,111,973,56
20260905,111,974,30
20260905,111,975,68
20260905,111,976,77
20260905,111,977,60
20260905,111,978,106
20260905,111,979,105
20260905,111,980,90
20260905,111,981,3
20260905,111,982,74
20260905,111,983,10
20260905,111,984,83
20260905,111,985,11
20260905,111,986,49
20260905,111,987,33
20260905,111,988,42
20260905,111,989,42
20260905,111,990,1
20260905,111,991,8
20260905,111,992,47
20260905,111,993,23
20260905,111,994,21
20260905,111,995,106
20260905,111,996,99
20260905,111,997,89
20260905,111,998,61
20260905,111,999,101
20260905,111,1000,77
20260905,128,1,82
20260905,128,2,54
20260905,128,3,28
20260905,128,4,49
20260905,128,5,57
20260905,128,6,78
20260905,128,7,70
20260905,128,8,126
20260905,128,9,82
20260905,128,10,70
20260905,128,11,89
20260905,128,12,70
20260905,128,13,21
20260905,128,14,1
20260905,128,15,107
20260905,128,16,63
20260905,128,17,77
20260905,128,18,77
20260905,128,19,70
20260905,128,20,88
20260905,128,21,10
20260905,128,22,83
20260905,128,23,119
20260905,128,24,19
20260905,128,25,58
20260905,128,26,112
20260905,128,27,9
20260905,128,28,106
20260905,128,29,15
20260905,128,30,67
20260905,128,31,16
20260905,128,32,94
20260905,128,33,94
20260905,128,34,53
20260905,128,35,43
20260905,128,36,19
20260905,128,37,63
20260905,128,38,75
20260905,128,39,73
20260905,128,40,0
20260905,128,41,82
20260905,128,42,101
20260905,128,43,47
20260905,128,44,62
20260905,128,45,33
20260905,128,46,57
20260905,128,47,17
20260905,128,48,57
20260905,128,49,79
20260905,128,50,108
20260905,128,51,94
20260905,128,52,113
20260905,128,53,10
20260905,128,54,12
20260905,128,55,3
20260905,128,56,34
20260905,128,57,49
20260905,128,58,6
20260905,128,59,72
20260905,128,60,114
20260905,128,61,35
20260905,128,62,101
20260905,128,63,19
20260905,128,64,48
20260905,128,65,29
20260905,128,66,117
20260905,128,67,77
20260905,128,68,74
20260905,128,69,62
20260905,128,70,57
20260905,128,71,45
20260905,128,72,107
20260905,128,73,95
20260905,128,74,5
20260905,128,75,62
20260905,128,76,102
20260905,128,77,126
20260905,128,78,106
20260905,128,79,124
20260905,128,80,70
20260905,128,81,4
20260905,128,82,8
20260905,128,83,94
20260905,128,84,102
20260905,128,85,65
20260905,128,86,58
20260905,128,87,121
20260905,128,88,71
20260905,128,89,23
20260905,128,90,10
20260905,128,91,112
20260905,128,92,116
20260905,128,93,31
20260905,128,94,105
20260905,128,95,45
20260905,128,96,12
20260905,128,97,103
20260905,128,98,113
20260905,128,99,74
20260905,128,100,49
20260905,128,101,76
20260905,128,102,119
20260905,128,103,13
20260905,128,104,88
20260905,128,105,83
20260905,128,106,14
20260905,128,107,67
20260905,128,108,109
20260905,128,109,93
20260905,128,110,2
20260905,128,111,69
20260905,128,112,49
20260905,128,113,50
20260905,128,114,103
20260905,128,115,51
20260905,128,116,27
20260905,128,117,16
20260905,128,118,19
20260905,128,119,2
20260905,128,120,63
20260905,128,121,50
20260905,128,122,59
20260905,128,123,43
20260905,128,124,121
20260905,128,125,87
20260905,128,126,20
20260905,128,127,31
20260905,128,128,105
20260905,128,129,45
20260905,128,130,77
20260905,128,131,115
20260905,128,132,49
20260905,128,133,106
20260905,128,134,31
20260905,128,135,11
20260905,128,136,109
20260905,128,137,20
20260905,128,138,31
20260905,128,139,44
20260905,128,140,59
20260905,128,141,36
20260905,128,142,73
20260905,128,143,112
20260905,128,144,108
20260905,128,145,50
20260905,128,146,28
20260905,128,147,12
20260905,128,148,46
20260905,128,149,41
20260905,128,150,6
20260905,128,151,85
20260905,128,152,118
20260905,128,153,22
20260905,128,154,124
20260905,128,155,89
20260905,128,156,81
20260905,128,157,99
20260905,128,158,27
20260905,128,159,85
20260905,128,160,94
20260905,128,161,110
20260905,128,162,114
20260905,128,163,28
20260905,128,164,9
20260905,128,165,53
20260905,128,166,125
20260905,128,167,126
20260905,128,168,38
20260905,128,169,47
20260905,128,170,43
20260905,128,171,88
20260905,128,172,79
20260905,128,173,76
20260905,128,174,109
20260905,128,175,62
20260905,128,176,26
20260905,128,177,108
20260905,128,178,44
20260905,128,179,66
20260905,128,180,37
20260905,128,181,57
20260905,128,182,12
20260905,128,183,83
20260905,128,184,55
20260905,128,185,84
20260905,128,186,124
20260905,128,187,55
20260905,128,188,112
20260905,128,189,99
20260905,128,190,74
20260905,128,191,31
20260905,128,192,20
20260905,128,193,87
20260905,128,194,87
20260905,128,195,25
20260905,128,196,43
20260905,128,197,116
20260905,128,198,45
20260905,128,199,77
20260905,128,200,83
20260905,128,201,113
20260905,128,202,13
20260905,128,203,105
20260905,128,204,43
20260905,128,205,63
20260905,128,206,56
20260905,128,207,12
20260905,128,208,63
20260905,128,209,45
20260905,128,210,36
20260905,128,211,1
20260905,128,212,68
20260905,128,213,3
20260905,128,214,73
20260905,128,215,18
20260905,128,216,33
20260905,128,217,95
20260905,128,218,30
20260905,128,219,40
20260905,128,220,44
20260905,128,221,116
20260905,128,222,56
20260905,128,223,120
20260905,128,224,121
20260905,128,225,113
20260905,128,226,123
20260905,128,227,1
20260905,128,228,40
20260905,128,229,89
20260905,128,230,101
20260905,128,231,80
20260905,128,232,127
20260905,128,233,34
20260905,128,234,38
20260905,128,235,50
20260905,128,236,11
20260905,128,237,46
20260905,128,238,23
20260905,128,239,13
20260905,128,240,48
20260905,128,241,44
20260905,128,242,52
20260905,128,243,112
20260905,128,244,67
20260905,128,245,110
20260905,128,246,5
20260905,128,247,80
20260905,128,248,105
20260905,128,249,25
20260905,128,250,112
20260905,128,251,72
20260905,128,252,40
20260905,128,253,31
20260905,128,254,124
20260905,128,255,5
20260905,128,256,50
20260905,128,257,103
20260905,128,258,74
20260905,128,259,125
20260905,128,260,9
20260905,128,261,56
20260905,128,262,69
20260905,128,263,91
20260905,128,264,52
20260905,128,265,96
20260905,128,266,94
20260905,128,267,64
20260905,128,268,80
20260905,128,269,64
20260905,128,270,12
20260905,128,271,2
20260905,128,272,72
20260905,128,273,23
20260905,128,274,81
20260905,128,275,10
20260905,128,276,16
20260905,128,277,66
20260905,128,278,93
20260905,128,279,92
20260905,128,280,46
20260905,128,281,31
20260905,128,282,23
20260905,128,283,91
20260905,128,284,7
20260905,128,285,108
20260905,128,286,77
20260905,128,287,35
20260905,128,288,11
20260905,128,289,49
20260905,128,290,124
20260905,128,291,70
20260905,128,292,36
20260905,128,293,29
20260905,128,294,93
20260905,128,295,91
20260905,128,296,62
20260905,128,297,75
20260905,128,298,125
20260905,128,299,2
20260905,128,300,53
20260905,128,301,10
20260905,128,302,88
20260905,128,303,87
20260905,128,304,99
20260905,128,305,30
20260905,128,306,48
20260905,128,307,87
20260905,128,308,3
20260905,128,309,114
20260905,128,310,93
20260905,128,311,61
20260905,128,312,102
20260905,128,313,36
20260905,128,314,7
20260905,128,315,55
20260905,128,316,109
20260905,128,317,55
20260905,128,318,73
20260905,128,319,94
20260905,128,320,110
20260905,128,321,102
20260905,128,322,61
20260905,128,323,124
20260905,128,324,107
20260905,128,325,77
20260905,128,326,106
20260905,128,327,53
20260905,128,328,25
20260905,128,329,51
20260905,128,330,3
20260905,128,331,87
20260905,128,332,43
20260905,128,333,92
20260905,128,334,115
20260905,128,335,85
20260905,128,336,64
20260905,128,337,8
20260905,128,338,8
20260905,128,339,26
20260905,128,340,60
20260905,128,341,40
20260905,128,342,82
20260905,128,343,126
20260905,128,344,8
20260905,128,345,19
20260905,128,346,2
20260905,128,347,70
20260905,128,348,57
20260905,128,349,93
20260905,128,350,20
20260905,128,351,19
20260905,128,352,26
20260905,128,353,64
20260905,128,354,41
20260905,128,355,11
20260905,128,356,109
20260905,128,357,120
20260905,128,358,15
20260905,128,359,116
20260905,128,360,115
20260905,128,361,108
20260905,128,362,117
20260905,128,363,86
20260905,128,364,29
20260905,128,365,55
20260905,128,366,94
20260905,128,367,67
20260905,128,368,84
20260905,128,369,85
20260905,128,370,99
20260905,128,371,111
20260905,128,372,69
20260905,128,373,61
20260905,128,374,63
20260905,128,375,11
20260905,128,376,117
20260905,128,377,27
20260905,128,378,89
20260905,128,379,62
20260905,128,380,115
20260905,128,381,49
20260905,128,382,12
20260905,128,383,31
20260905,128,384,65
20260905,128,385,117
20260905,128,386,69
20260905,128,387,119
20260905,128,388,116
20260905,128,389,81
20260905,128,390,2
20260905,128,391,47
20260905,128,392,21
20260905,128,393,26
20260905,128,394,88
20260905,128,395,57
20260905,128,396,68
20260905,128,397,5
20260905,128,398,71
20260905,128,399,106
20260905,128,400,44
20260905,128,401,98
20260905,128,402,112
20260905,128,403,56
20260905,128,404,75
20260905,128,405,94
20260905,128,406,81
20260905,128,407,95
20260905,128,408,54
20260905,128,409,95
20260905,128,410,6
20260905,128,411,58
20260905,128,412,110
20260905,128,413,38
20260905,128,414,94
20260905,128,415,14
20260905,128,416,106
20260905,128,417,47
20260905,128,418,24
20260905,128,419,9
20260905,128,420,38
20260905,128,421,41
20260905,128,422,25
20260905,128,423,113
20260905,128,424,0
20260905,128,425,4
20260905,128,426,23
20260905,128,427,34
20260905,128,428,41
20260905,128,429,103
20260905,128,430,60
20260905,128,431,93
20260905,128,432,88
20260905,128,433,90
20260905,128,434,123
20260905,128,435,42
20260905,128,436,75
20260905,128,437,71
20260905,128,438,98
20260905,128,439,25
20260905,128,440,124
20260905,128,441,66
20260905,128,442,45
20260905,128,443,13
20260905,128,444,42
20260905,128,445,110
20260905,128,446,96
20260905,128,447,16
20260905,128,448,56
20260905,128,449,104
20260905,128,450,35
20260905,128,451,49
20260905,128,452,76
20260905,128,453,19
20260905,128,454,39
20260905,128,455,69
20260905,128,456,93
20260905,128,457,78
20260905,128,458,73
20260905,128,459,106
20260905,128,460,61
20260905,128,461,117
20260905,128,462,84
20260905,128,463,85
20260905,128,464,50
20260905,128,465,116
20260905,128,466,66
20260905,128,467,58
20260905,128,468,46
20260905,128,469,27
20260905,128,470,115
20260905,128,471,84
20260905,128,472,90
20260905,128,473,115
20260905,128,474,108
20260905,128,475,120
20260905,128,476,62
20260905,128,477,113
20260905,128,478,42
20260905,128,479,35
20260905,128,480,76
20260905,128,481,67
20260905,128,482,83
20260905,128,483,38
20260905,128,484,21
20260905,128,485,101
20260905,128,486,117
20260905,128,487,126
20260905,128,488,0
20260905,128,489,59
20260905,128,490,3
20260905,128,491,75
20260905,128,492,76
20260905,128,493,7
20260905,128,494,105
20260905,128,495,84
20260905,128,496,92
20260905,128,497,35
20260905,128,498,108
20260905,128,499,6
20260905,128,500,102
20260905,128,501,85
20260905,128,502,7
20260905,128,503,58
20260905,128,504,14
20260905,128,505,3
20260905,128,506,20
20260905,128,507,47
20260905,128,508,7
20260905,128,509,89
20260905,128,510,65
20260905,128,511,84
20260905,128,512,2
20260905,128,513,113
20260905,128,514,103
20260905,128,515,33
20260905,128,516,98
20260905,128,517,30
20260905,128,518,59
20260905,128,519,33
20260905,128,520,120
20260905,128,521,3
20260905,128,522,65
20260905,128,523,24
20260905,128,524,101
20260905,128,525,78
20260905,128,526,14
20260905,128,527,100
20260905,128,528,127
20260905,128,529,64
20260905,128,530,103
20260905,128,531,44
20260905,128,532,38
20260905,128,533,49
20260905,128,534,67
20260905,128,535,14
20260905,128,536,97
20260905,128,537,64
20260905,128,538,1
20260905,128,539,113
20260905,128,540,121
20260905,128,541,30
20260905,128,542,55
20260905,128,543,20
20260905,128,544,74
20260905,128,545,14
20260905,128,546,78
20260905,128,547,119
20260905,128,548,119
20260905,128,549,102
20260905,128,550,15
20260905,128,551,2
20260905,128,552,103
20260905,128,553,24
20260905,128,554,122
20260905,128,555,98
20260905,128,556,83
20260905,128,557,110
20260905,128,558,37
20260905,128,559,39
20260905,128,560,41
20260905,128,561,36
20260905,128,562,99
20260905,128,563,58
20260905,128,564,55
20260905,128,565,22
20260905,128,566,100
20260905,128,567,124
20260905,128,568,35
20260905,128,569,125
20260905,128,570,22
20260905,128,571,32
20260905,128,572,83
20260905,128,573,68
20260905,128,574,86
20260905,128,575,115
20260905,128,576,76
20260905,128,577,0
20260905,128,578,6
20260905,128,579,6
20260905,128,580,12
20260905,128,581,8
20260905,128,582,6
20260905,128,583,120
20260905,128,584,6
20260905,128,585,33
20260905,128,586,114
20260905,128,587,106
20260905,128,588,105
20260905,128,589,39
20260905,128,590,115
20260905,128,591,61
20260905,128,592,51
20260905,128,593,0
20260905,128,594,59
20260905,128,595,106
20260905,128,596,106
20260905,128,597,79
20260905,128,598,119
20260905,128,599,73
20260905,128,600,7
20260905,128,601,109
20260905,128,602,72
20260905,128,603,57
20260905,128,604,36
20260905,128,605,55
20260905,128,606,81
20260905,128,607,63
20260905,128,608,103
20260905,128,609,99
20260905,128,610,64
20260905,128,611,70
20260905,128,612,126
20260905,128,613,10
20260905,128,614,28
20260905,128,615,124
20260905,128,616,28
20260905,128,617,100
20260905,128,618,12
20260905,128,619,72
20260905,128,620,68
20260905,128,621,93
20260905,128,622,113
20260905,128,623,3
20260905,128,624,104
20260905,128,625,98
20260905,128,626,63
20260905,128,627,63
20260905,128,628,35
20260905,128,629,31
20260905,128,630,88
20260905,128,631,113
20260905,128,632,54
20260905,128,633,50
20260905,128,634,16
20260905,128,635,98
20260905,128,636,50
20260905,128,637,123
20260905,128,638,25
20260905,128,639,91
20260905,128,640,107
20260905,128,641,106
20260905,128,642,92
20260905,128,643,100
20260905,128,644,49
20260905,128,645,117
20260905,128,646,81
20260905,128,647,13
20260905,128,648,52
20260905,128,649,84
20260905,128,650,2
20260905,128,651,14
20260905,128,652,124
20260905,128,653,25
20260905,128,654,113
20260905,128,655,108
20260905,128,656,105
20260905,128,657,79
20260905,128,658,41
20260905,128,659,100
20260905,128,660,126
20260905,128,661,117
20260905,128,662,46
20260905,128,663,20
20260905,128,664,22
20260905,128,665,92
20260905,128,666,6
20260905,128,667,68
20260905,128,668,10
20260905,128,669,111
20260905,128,670,11
20260905,128,671,106
20260905,128,672,45
20260905,128,673,88
20260905,128,674,104
20260905,128,675,76
20260905,128,676,0
20260905,128,677,119
20260905,128,678,58
20260905,128,679,103
20260905,128,680,107
20260905,128,681,102
20260905,128,682,71
20260905,128,683,18
20260905,128,684,60
20260905,128,685,12
20260905,128,686,127
20260905,128,687,117
20260905,128,688,122
20260905,128,689,42
20260905,128,690,67
20260905,128,691,76
20260905,128,692,72
20260905,128,693,112
20260905,128,694,39
20260905,128,695,126
20260905,128,696,48
20260905,128,697,49
20260905,128,698,30
20260905,128,699,51
20260905,128,700,10
20260905,128,701,112
20260905,128,702,53
20260905,128,703,11
20260905,128,704,102
20260905,128,705,42
20260905,128,706,97
20260905,128,707,39
20260905,128,708,95
20260905,128,709,27
20260905,128,710,112
20260905,128,711,30
20260905,128,712,10
20260905,128,713,59
20260905,128,714,27
20260905,128,715,79
20260905,128,716,58
20260905,128,717,6
20260905,128,718,3
20260905,128,719,17
20260905,128,720,69
20260905,128,721,71
20260905,128,722,75
20260905,128,723,32
20260905,128,724,41
20260905,128,725,93
20260905,128,726,60
20260905,128,727,11
20260905,128,728,93
20260905,128,729,26
20260905,128,730,100
20260905,128,731,48
20260905,128,732,53
20260905,128,733,80
20260905,128,734,37
20260905,128,735,120
20260905,128,736,96
20260905,128,737,7
20260905,128,738,47
20260905,128,739,74
20260905,128,740,78
20260905,128,741,84
20260905,128,742,108
20260905,128,743,74
20260905,128,744,46
20260905,128,745,56
20260905,128,746,2
20260905,128,747,27
20260905,128,748,38
20260905,128,749,114
20260905,128,750,7
20260905,128,751,29
20260905,128,752,48
20260905,128,753,118
20260905,128,754,37
20260905,128,755,18
20260905,128,756,13
20260905,128,757,66
20260905,128,758,13
20260905,128,759,126
20260905,128,760,83
20260905,128,761,26
20260905,128,762,24
20260905,128,763,53
20260905,128,764,1
20260905,128,765,12
20260905,128,766,65
20260905,128,767,81
20260905,128,768,0
20260905,128,769,45
20260905,128,770,25
20260905,128,771,64
20260905,128,772,63
20260905,128,773,111
20260905,128,774,91
20260905,128,775,17
20260905,128,776,45
20260905,128,777,108
20260905,128,778,124
20260905,128,779,53
20260905,128,780,100
20260905,128,781,37
20260905,128,782,13
20260905,128,783,43
20260905,128,784,7
20260905,128,785,47
20260905,128,786,9
20260905,128,787,20
20260905,128,788,59
20260905,128,789,67
20260905,128,790,98
20260905,128,791,6
20260905,128,792,53
20260905,128,793,51
20260905,128,794,48
20260905,128,795,68
20260905,128,796,112
20260905,128,797,125
20260905,128,798,123
20260905,128,799,93
20260905,128,800,87
20260905,128,801,0
20260905,128,802,15
20260905,128,803,47
20260905,128,804,100
20260905,128,805,123
20260905,128,806,41
20260905,128,807,93
20260905,128,808,5
20260905,128,809,110
20260905,128,810,123
20260905,128,811,51
20260905,128,812,70
20260905,128,813,3
20260905,128,814,26
20260905,128,815,85
20260905,128,816,54
20260905,128,817,20
20260905,128,818,80
20260905,128,819,34
20260905,128,820,3
20260905,128,821,113
20260905,128,822,0
20260905,128,823,18
20260905,128,824,60
20260905,128,825,96
20260905,128,826,59
20260905,128,827,11
20260905,128,828,38
20260905,128,829,100
20260905,128,830,18
20260905,128,831,116
20260905,128,832,114
20260905,128,833,105
20260905,128,834,98
20260905,128,835,4
20260905,128,836,78
20260905,128,837,35
20260905,128,838,98
20260905,128,839,38
20260905,128,840,68
20260905,128,841,40
20260905,128,842,75
20260905,128,843,73
20260905,128,844,6
20260905,128,845,33
20260905,128,846,24
20260905,128,847,114
20260905,128,848,38
20260905,128,849,2
20260905,128,850,56
20260905,128,851,18
20260905,128,852,95
20260905,128,853,83
20260905,128,854,25
20260905,128,855,21
20260905,128,856,28
20260905,128,857,59
20260905,128,858,95
20260905,128,859,12
20260905,128,860,44
20260905,128,861,85
20260905,128,862,81
20260905,128,863,61
20260905,128,864,105
20260905,128,865,3
20260905,128,866,50
20260905,128,867,116
20260905,128,868,38
20260905,128,869,117
20260905,128,870,46
20260905,128,871,11
20260905,128,872,105
20260905,128,873,10
20260905,128,874,53
20260905,128,875,78
20260905,128,876,115
20260905,128,877,41
20260905,128,878,10
20260905,128,879,109
20260905,128,880,48
20260905,128,881,64
20260905,128,882,72
20260905,128,883,116
20260905,128,884,89
20260905,128,885,17
20260905,128,886,56
20260905,128,887,1
20260905,128,888,100
20260905,128,889,78
20260905,128,890,84
20260905,128,891,85
20260905,128,892,7
20260905,128,893,118
20260905,128,894,73
20260905,128,895,123
20260905,128,896,34
20260905,128,897,102
20260905,128,898,52
20260905,128,899,38
20260905,128,900,5
20260905,128,901,23
20260905,128,902,67
20260905,128,903,53
20260905,128,904,101
20260905,128,905,4
20260905,128,906,40
20260905,128,907,123
20260905,128,908,108
20260905,128,909,106
20260905,128,910,9
20260905,128,911,109
20260905,128,912,29
20260905,128,913,44
20260905,128,914,71
20260905,128,915,7
20260905,128,916,26
20260905,128,917,97
20260905,128,918,74
20260905,128,919,3
20260905,128,920,86
20260905,128,921,99
20260905,128,922,35
20260905,128,923,80
20260905,128,924,116
20260905,128,925,57
20260905,128,926,25
20260905,128,927,32
20260905,128,928,39
20260905,128,929,92
20260905,128,930,24
20260905,128,931,27
20260905,128,932,58
20260905,128,933,78
20260905,128,934,81
20260905,128,935,16
20260905,128,936,102
20260905,128,937,44
20260905,128,938,115
20260905,128,939,47
20260905,128,940,88
20260905,128,941,49
20260905,128,942,108
20260905,128,943,89
20260905,128,944,97
20260905,128,945,106
20260905,128,946,46
20260905,128,947,5
20260905,128,948,88
20260905,128,949,35
20260905,128,950,69
20260905,128,951,96
20260905,128,952,93
20260905,128,953,39
20260905,128,954,117
20260905,128,955,80
20260905,128,956,11
20260905,128,957,88
20260905,128,958,87
20260905,128,959,21
20260905,128,960,60
20260905,128,961,122
20260905,128,962,87
20260905,128,963,118
20260905,128,964,41
20260905,128,965,72
20260905,128,966,99
20260905,128,967,7
20260905,128,968,75
20260905,128,969,115
20260905,128,970,102
20260905,128,971,53
20260905,128,972,87
20260905,128,973,13
20260905,128,974,42
20260905,128,975,112
20260905,128,976,95
20260905,128,977,14
20260905,128,978,55
20260905,128,979,5
20260905,128,980,95
20260905,128,981,22
20260905,128,982,12
20260905,128,983,24
20260905,128,984,73
20260905,128,985,14
20260905,128,986,31
20260905,128,987,2
20260905,128,988,17
20260905,128,989,18
20260905,128,990,50
20260905,128,991,27
20260905,128,992,68
20260905,128,993,100
20260905,128,994,50
20260905,128,995,100
20260905,128,996,124
20260905,128,997,36
20260905,128,998,68
20260905,128,999,55
20260905,128,1000,107
20260905,65536,1,1590
20260905,65536,2,12593
20260905,65536,3,78
20260905,65536,4,33918
20260905,65536,5,49222
20260905,65536,6,48966
20260905,65536,7,24321
20260905,65536,8,19007
20260905,65536,9,33869
20260905,65536,10,12504
20260905,65536,11,38483
20260905,65536,12,28051
20260905,65536,13,35824
20260905,65536,14,7402
20260905,65536,15,41923
20260905,65536,16,47454
20260905,65536,17,54325
20260905,65536,18,52115
20260905,65536,19,64843
20260905,65536,20,4096
20260905,65536,21,29669
20260905,65536,22,51646
20260905,65536,23,18873
20260905,65536,24,5689
20260905,65536,25,13548
20260905,65536,26,40177
20260905,65536,27,30476
20260905,65536,28,64034
20260905,65536,29,59654
20260905,65536,30,15474
20260905,65536,31,7397
20260905,65536,32,1200
20260905,65536,33,27509
20260905,65536,34,8906
20260905,65536,35,6841
20260905,65536,36,42347
20260905,65536,37,45189
20260905,65536,38,19942
20260905,65536,39,23914
20260905,65536,40,59590
20260905,65536,41,64520
20260905,65536,42,14694
20260905,65536,43,570
20260905,65536,44,12103
20260905,65536,45,33546
20260905,65536,46,3828
20260905,65536,47,57065
20260905,65536,48,41996
20260905,65536,49,14065
20260905,65536,50,2481
20260905,65536,51,30071
20260905,65536,52,19160
20260905,65536,53,26894
20260905,65536,54,64365
20260905,65536,55,11010
20260905,65536,56,30257
20260905,65536,57,56935
20260905,65536,58,12187
20260905,65536,59,36499
20260905,65536,60,12351
20260905,65536,61,52667
20260905,65536,62,44025
20260905,65536,63,7060
20260905,65536,64,59241
20260905,65536,65,54733
20260905,65536,66,48177
20260905,65536,67,16159
20260905,65536,68,50157
20260905,65536,69,64799
20260905,65536,70,1851
20260905,65536,71,36425
20260905,65536,72,8940
20260905,65536,73,63644
20260905,65536,74,36014
20260905,65536,75,50438
20260905,65536,76,31990
20260905,65536,77,17532
20260905,65536,78,4049
20260905,65536,79,25883
20260905,65536,80,25438
20260905,65536,81,26866
20260905,65536,82,28297
20260905,65536,83,34045
20260905,65536,84,8614
20260905,65536,85,55339
20260905,65536,86,19407
20260905,65536,87,28781
20260905,65536,88,62618
20260905,65536,89,15020
20260905,65536,90,19877
20260905,65536,91,20492
20260905,65536,92,14647
20260905,65536,93,25084
20260905,65536,94,28016
20260905,65536,95,42698
20260905,65536,96,14612
20260905,65536,97,54231
20260905,65536,98,5419
20260905,65536,99,18605
20260905,65536,100,14675
20260905,65536,101,23437
20260905,65536,102,33067
20260905,65536,103,35768
20260905,65536,104,59199
20260905,65536,105,6308
20260905,65536,106,35780
20260905,65536,107,38473
20260905,65536,108,6817
20260905,65536,109,43038
20260905,65536,110,20268
20260905,65536,111,39224
20260905,65536,112,42489
20260905,65536,113,35707
20260905,65536,114,28072
20260905,65536,115,56549
20260905,65536,116,53759
20260905,65536,117,61734
20260905,65536,118,29707
20260905,65536,119,12695
20260905,65536,120,6320
20260905,65536,121,43444
20260905,65536,122,40899
20260905,65536,123,11141
20260905,65536,124,1257
20260905,65536,125,15472
20260905,65536,126,47272
20260905,65536,127,8316
20260905,65536,128,8882
20260905,65536,129,57290
20260905,65536,130,18313
20260905,65536,131,6725
20260905,65536,132,6964
20260905,65536,133,48606
20260905,65536,134,41424
20260905,65536,135,780
20260905,65536,136,19784
20260905,65536,137,33361
20260905,65536,138,8208
20260905,65536,139,62173
20260905,65536,140,26798
20260905,65536,141,31127
20260905,65536,142,26759
20260905,65536,143,29389
20260905,65536,144,60299
20260905,65536,145,32508
20260905,65536,146,17316
20260905,65536,147,61661
20260905,65536,148,25150
20260905,65536,149,16125
20260905,65536,150,49589
20260905,65536,151,34392
20260905,65536,152,62307
20260905,65536,153,26416
20260905,65536,154,16387
20260905,65536,155,54109
20260905,65536,156,12390
20260905,65536,157,6279
20260905,65536,158,48237
20260905,65536,159,45129
20260905,65536,160,30446
20260905,65536,161,7741
20260905,65536,162,34539
20260905,65536,163,25962
20260905,65536,164,16793
20260905,65536,165,33539
20260905,65536,166,31275
20260905,65536,167,10739
20260905,65536,168,14656
20260905,65536,169,392
20260905,65536,170,50620
20260905,65536,171,2642
20260905,65536,172,15368
20260905,65536,173,65026
20260905,65536,174,26937
20260905,65536,175,29332
20260905,65536,176,34714
20260905,65536,177,553
20260905,65536,178,30957
20260905,65536,179,34831
20260905,65536,180,25459
20260905,65536,181,7285
20260905,65536,182,3869
20260905,65536,183,40158
20260905,65536,184,19156
20260905,65536,185,17379
20260905,65536,186,54213
20260905,65536,187,46399
20260905,65536,188,32757
20260905,65536,189,18137
20260905,65536,190,51827
20260905,65536,191,49036
20260905,65536,192,62273
20260905,65536,193,32581
20260905,65536,194,63348
20260905,65536,195,41346
20260905,65536,196,8213
20260905,65536,197,26072
20260905,65536,198,40004
20260905,65536,199,21447
20260905,65536,200,50732
20260905,65536,201,64752
20260905,65536,202,29899
20260905,65536,203,10577
20260905,65536,204,5814
20260905,65536,205,9478
20260905,65536,206,57326
20260905,65536,207,50014
20260905,65536,208,57450
20260905,65536,209,55320
20260905,65536,210,26406
20260905,65536,211,22553
20260905,65536,212,8320
20260905,65536,213,2455
20260905,65536,214,14121
20260905,65536,215,15932
20260905,65536,216,31192
20260905,65536,217,61947
20260905,65536,218,38603
20260905,65536,219,64482
20260905,65536,220,252
20260905,65536,221,40621
20260905,65536,222,50218
20260905,65536,223,52576
20260905,65536,224,1976
20260905,65536,225,36899
20260905,65536,226,25420
20260905,65536,227,34599
20260905,65536,228,42973
20260905,65536,229,64457
20260905,65536,230,61245
20260905,65536,231,47444
20260905,65536,232,42802
20260905,65536,233,64834
20260905,65536,234,2990
20260905,65536,235,15603
20260905,65536,236,58842
20260905,65536,237,51948
20260905,65536,238,64830
20260905,65536,239,27562
20260905,65536,240,40140
20260905,65536,241,21843
20260905,65536,242,51605
20260905,65536,243,37109
20260905,65536,244,64000
20260905,65536,245,34435
20260905,65536,246,45260
20260905,65536,247,46825
20260905,65536,248,36572
20260905,65536,249,45420
20260905,65536,250,19174
20260905,65536,251,55559
20260905,65536,252,3726
20260905,65536,253,53652
20260905,65536,254,36999
20260905,65536,255,58817
20260905,65536,256,26370
20260905,65536,257,18023
20260905,65536,258,56290
20260905,65536,259,43963
20260905,65536,260,28920
20260905,65536,261,51649
20260905,65536,262,44005
20260905,65536,263,34190
20260905,65536,264,62079
20260905,65536,265,42471
20260905,65536,266,9126
20260905,65536,267,30531
20260905,65536,268,15969
20260905,65536,269,4353
20260905,65536,270,40441
20260905,65536,271,29495
20260905,65536,272,19018
20260905,65536,273,53070
20260905,65536,274,9719
20260905,65536,275,37007
20260905,65536,276,7143
20260905,65536,277,49530
20260905,65536,278,6739
20260905,65536,279,26149
20260905,65536,280,12585
20260905,65536,281,3811
20260905,65536,282,10167
20260905,65536,283,12516
20260905,65536,284,61731
20260905,65536,285,1942
20260905,65536,286,5459
20260905,65536,287,49238
20260905,65536,288,17996
20260905,65536,289,39942
20260905,65536,290,59788
20260905,65536,291,6406
20260905,65536,292,18054
20260905,65536,293,22130
20260905,65536,294,54761
20260905,65536,295,17139
20260905,65536,296,56499
20260905,65536,297,56379
20260905,65536,298,18410
20260905,65536,299,8951
20260905,65536,300,57607
20260905,65536,301,18120
20260905,65536,302,12580
20260905,65536,303,25297
20260905,65536,304,26087
20260905,65536,305,41920
20260905,65536,306,16638
20260905,65536,307,18204
20260905,65536,308,57756
20260905,65536,309,15116
20260905,65536,310,32324
20260905,65536,311,42737
20260905,65536,312,31976
20260905,65536,313,59583
20260905,65536,314,17571
20260905,65536,315,9944
20260905,65536,316,64310
20260905,65536,317,33552
20260905,65536,318,42674
20260905,65536,319,24729
20260905,65536,320,12395
20260905,65536,321,39772
20260905,65536,322,46641
20260905,65536,323,24657
20260905,65536,324,27188
20260905,65536,325,8194
20260905,65536,326,59004
20260905,65536,327,22897
20260905,65536,328,31721
20260905,65536,329,29097
20260905,65536,330,56062
20260905,65536,331,23342
20260905,65536,332,53526
20260905,65536,333,57094
20260905,65536,334,31114
20260905,65536,335,42763
20260905,65536,336,28973
20260905,65536,337,21992
20260905,65536,338,20096
20260905,65536,339,3642
20260905,65536,340,46443
20260905,65536,341,15943
20260905,65536,342,29244
20260905,65536,343,21247
20260905,65536,344,62586
20260905,65536,345,58819
20260905,65536,346,19144
20260905,65536,347,61095
20260905,65536,348,6704
20260905,65536,349,63518
20260905,65536,350,14218
20260905,65536,351,45365
20260905,65536,352,57446
20260905,65536,353,64353
20260905,65536,354,21727
20260905,65536,355,48368
20260905,65536,356,27786
20260905,65536,357,19995
20260905,65536,358,64954
20260905,65536,359,45443
20260905,65536,360,29765
20260905,65536,361,33611
20260905,65536,362,40105
20260905,65536,363,47676
20260905,65536,364,27357
20260905,65536,365,18532
20260905,65536,366,16437
20260905,65536,367,57125
20260905,65536,368,52064
20260905,65536,369,40111
20260905,65536,370,11982
20260905,65536,371,14572
20260905,65536,372,41006
20260905,65536,373,55554
20260905,65536,374,51750
20260905,65536,375,19591
20260905,65536,376,58928
20260905,65536,377,61221
20260905,65536,378,30093
20260905,65536,379,34445
20260905,65536,380,39251
20260905,65536,381,4120
20260905,65536,382,58881
20260905,65536,383,33345
20260905,65536,384,44800
20260905,65536,385,44057
20260905,65536,386,36415
20260905,65536,387,9307
20260905,65536,388,45229
20260905,65536,389,1020
20260905,65536,390,41572
20260905,65536,391,57485
20260905,65536,392,27143
20260905,65536,393,34441
20260905,65536,394,20283
20260905,65536,395,20578
20260905,65536,396,52533
20260905,65536,397,11568
20260905,65536,398,19568
20260905,65536,399,7803
20260905,65536,400,4567
20260905,65536,401,49679
20260905,65536,402,53988
20260905,65536,403,23465
20260905,65536,404,15109
20260905,65536,405,22651
20260905,65536,406,48070
20260905,65536,407,60442
20260905,65536,408,48694
20260905,65536,409,12496
20260905,65536,410,5635
20260905,65536,411,48512
20260905,65536,412,30012
20260905,65536,413,1979
20260905,65536,414,21670
20260905,65536,415,51346
20260905,65536,416,44658
20260905,65536,417,52706
20260905,65536,418,29902
20260905,65536,419,1890
20260905,65536,420,10308
20260905,65536,421,34251
20260905,65536,422,30726
20260905,65536,423,54168
20260905,65536,424,45478
20260905,65536,425,5688
20260905,65536,426,38239
20260905,65536,427,17305
20260905,65536,428,57116
20260905,65536,429,38879
20260905,65536,430,46636
20260905,65536,431,12625
20260905,65536,432,50665
20260905,65536,433,20018
20260905,65536,434,38310
20260905,65536,435,43310
20260905,65536,436,24681
20260905,65536,437,60341
20260905,65536,438,1907
20260905,65536,439,14218
20260905,65536,440,7600
20260905,65536,441,13768
20260905,65536,442,29273
20260905,65536,443,7224
20260905,65536,444,3172
20260905,65536,445,20436
20260905,65536,446,10759
20260905,65536,447,59465
20260905,65536,448,34338
20260905,65536,449,27956
20260905,65536,450,60293
20260905,65536,451,40131
20260905,65536,452,65381
20260905,65536,453,16552
20260905,65536,454,7276
20260905,65536,455,777
20260905,65536,456,58525
20260905,65536,457,38471
20260905,65536,458,16026
20260905,65536,459,1866
20260905,65536,460,30422
20260905,65536,461,35491
20260905,65536,462,52596
20260905,65536,463,18457
20260905,65536,464,29479
20260905,65536,465,52376
20260905,65536,466,60218
20260905,65536,467,42961
20260905,65536,468,29926
20260905,65536,469,37619
20260905,65536,470,64856
20260905,65536,471,46316
20260905,65536,472,61665
20260905,65536,473,52014
20260905,65536,474,3544
20260905,65536,475,49477
20260905,65536,476,11741
20260905,65536,477,20725
20260905,65536,478,65163
20260905,65536,479,27991
20260905,65536,480,29628
20260905,65536,481,15703
20260905,65536,482,16041
20260905,65536,483,58979
20260905,65536,484,19019
20260905,65536,485,26598
20260905,65536,486,48855
20260905,65536,487,13610
20260905,65536,488,31071
20260905,65536,489,60727
20260905,65536,490,49887
20260905,65536,491,23436
20260905,65536,492,55241
20260905,65536,493,5663
20260905,65536,494,30609
20260905,65536,495,21682
20260905,65536,496,40004
20260905,65536,497,33458
20260905,65536,498,44284
20260905,65536,499,51012
20260905,65536,500,15979
20260905,65536,501,58201
20260905,65536,502,54992
20260905,65536,503,59123
20260905,65536,504,60997
20260905,65536,505,34002
20260905,65536,506,43468
20260905,65536,507,21607
20260905,65536,508,62721
20260905,65536,509,37321
20260905,65536,510,15758
20260905,65536,511,51168
20260905,65536,512,54657
20260905,65536,513,30619
20260905,65536,514,32517
20260905,65536,515,10643
20260905,65536,516,50772
20260905,65536,517,58217
20260905,65536,518,35764
20260905,65536,519,44840
20260905,65536,520,40631
20260905,65536,521,22238
20260905,65536,522,31938
20260905,65536,523,8824
20260905,65536,524,5148
20260905,65536,525,63156
20260905,65536,526,35540
20260905,65536,527,35474
20260905,65536,528,29538
20260905,65536,529,40949
20260905,65536,530,12648
20260905,65536,531,30673
20260905,65536,532,22330
20260905,65536,533,48312
20260905,65536,534,22841
20260905,65536,535,9459
20260905,65536,536,40285
20260905,65536,537,33542
20260905,65536,538,39955
20260905,65536,539,18656
20260905,65536,540,33773
20260905,65536,541,57023
20260905,65536,542,27020
20260905,65536,543,44246
20260905,65536,544,29096
20260905,65536,545,63063
20260905,65536,546,2597
20260905,65536,547,15957
20260905,65536,548,13313
20260905,65536,549,13702
20260905,65536,550,2171
20260905,65536,551,56953
20260905,65536,552,58386
20260905,65536,553,32965
20260905,65536,554,16343
20260905,65536,555,54511
20260905,65536,556,30545
20260905,65536,557,52664
20260905,65536,558,8004
20260905,65536,559,45244
20260905,65536,560,5874
20260905,65536,561,9306
20260905,65536,562,14410
20260905,65536,563,15093
20260905,65536,564,22995
20260905,65536,565,30987
20260905,65536,566,7345
20260905,65536,567,10666
20260905,65536,568,2305
20260905,65536,569,8584
20260905,65536,570,60311
20260905,65536,571,63978
20260905,65536,572,31065
20260905,65536,573,15845
20260905,65536,574,12725
20260905,65536,575,12205
20260905,65536,576,19443
20260905,65536,577,48964
20260905,65536,578,24154
20260905,65536,579,32756
20260905,65536,580,34386
20260905,65536,581,63768
20260905,65536,582,17286
20260905,65536,583,58166
20260905,65536,584,1772
20260905,65536,585,21111
20260905,65536,586,23396
20260905,65536,587,31956
20260905,65536,588,48690
20260905,65536,589,37178
20260905,65536,590,61191
20260905,65536,591,14301
20260905,65536,592,1626
20260905,65536,593,43316
20260905,65536,594,24346
20260905,65536,595,8666
20260905,65536,596,31530
20260905,65536,597,57980
20260905,65536,598,8721
20260905,65536,599,49334
20260905,65536,600,62878
20260905,65536,601,44869
20260905,65536,602,37280
20260905,65536,603,24907
20260905,65536,604,59808
20260905,65536,605,51624
20260905,65536,606,1401
20260905,65536,607,63942
20260905,65536,608,37393
20260905,65536,609,8636
20260905,65536,610,44787
20260905,65536,611,20170
20260905,65536,612,7770
20260905,65536,613,27325
20260905,65536,614,2160
20260905,65536,615,25942
20260905,65536,616,55069
20260905,65536,617,45819
20260905,65536,618,5836
20260905,65536,619,6240
20260905,65536,620,41022
20260905,65536,621,18318
20260905,65536,622,43573
20260905,65536,623,31514
20260905,65536,624,63828
20260905,65536,625,22728
20260905,65536,626,48695
20260905,65536,627,46969
20260905,65536,628,43216
20260905,65536,629,44675
20260905,65536,630,49462
20260905,65536,631,51070
20260905,65536,632,28659
20260905,65536,633,32624
20260905,65536,634,53987
20260905,65536,635,19328
20260905,65536,636,52196
20260905,65536,637,26537
20260905,65536,638,50413
20260905,65536,639,36255
20260905,65536,640,52808
20260905,65536,641,49012
20260905,65536,642,39916
20260905,65536,643,56081
20260905,65536,644,60051
20260905,65536,645,1831
20260905,65536,646,28208
20260905,65536,647,45818
20260905,65536,648,10107
20260905,65536,649,16011
20260905,65536,650,15056
20260905,65536,651,64367
20260905,65536,652,62084
20260905,65536,653,7958
20260905,65536,654,28138
20260905,65536,655,63637
20260905,65536,656,1164
20260905,65536,657,22665
20260905,65536,658,29943
20260905,65536,659,32036
20260905,65536,660,49212
20260905,65536,661,6173
20260905,65536,662,28396
20260905,65536,663,43944
20260905,65536,664,26552
20260905,65536,665,2025
20260905,65536,666,49288
20260905,65536,667,32418
20260905,65536,668,3894
20260905,65536,669,59526
20260905,65536,670,16220
20260905,65536,671,17696
20260905,65536,672,55255
20260905,65536,673,27983
20260905,65536,674,17230
20260905,65536,675,60118
20260905,65536,676,33087
20260905,65536,677,43864
20260905,65536,678,21417
20260905,65536,679,7614
20260905,65536,680,64665
20260905,65536,681,19997
20260905,65536,682,42598
20260905,65536,683,56245
20260905,65536,684,27892
20260905,65536,685,10628
20260905,65536,686,41793
20260905,65536,687,64056
20260905,65536,688,5368
20260905,65536,689,55197
20260905,65536,690,31011
20260905,65536,691,28284
20260905,65536,692,11776
20260905,65536,693,44754
20260905,65536,694,5311
20260905,65536,695,61820
20260905,65536,696,45386
20260905,65536,697,10736
20260905,65536,698,2515
20260905,65536,699,22639
20260905,65536,700,46942
20260905,65536,701,29225
20260905,65536,702,24270
20260905,65536,703,16014
20260905,65536,704,32503
20260905,65536,705,20474
20260905,65536,706,41794
20260905,65536,707,40848
20260905,65536,708,60816
20260905,65536,709,16011
20260905,65536,710,18197
20260905,65536,711,17768
20260905,65536,712,19270
20260905,65536,713,40827
20260905,65536,714,41319
20260905,65536,715,7622
20260905,65536,716,53491
20260905,65536,717,64630
20260905,65536,718,55236
20260905,65536,719,25144
20260905,65536,720,29462
20260905,65536,721,26924
20260905,65536,722,11138
20260905,65536,723,4225
20260905,65536,724,29240
20260905,65536,725,17056
20260905,65536,726,6928
20260905,65536,727,13346
20260905,65536,728,28649
20260905,65536,729,52966
20260905,65536,730,64136
20260905,65536,731,64590
20260905,65536,732,10969
20260905,65536,733,42197
20260905,65536,734,50371
20260905,65536,735,29308
20260905,65536,736,27259
20260905,65536,737,10084
20260905,65536,738,55774
20260905,65536,739,23391
20260905,65536,740,39701
20260905,65536,741,20276
20260905,65536,742,59910
20260905,65536,743,42904
20260905,65536,744,53026
20260905,65536,745,29056
20260905,65536,746,22968
20260905,65536,747,37389
20260905,65536,748,44983
20260905,65536,749,22505
20260905,65536,750,19858
20260905,65536,751,31315
20260905,65536,752,44199
20260905,65536,753,61270
20260905,65536,754,34
20260905,65536,755,8939
20260905,65536,756,14102
20260905,65536,757,50172
20260905,65536,758,56835
20260905,65536,759,48523
20260905,65536,760,27480
20260905,65536,761,16331
20260905,65536,762,32435
20260905,65536,763,61312
20260905,65536,764,14917
20260905,65536,765,37526
20260905,65536,766,11318
20260905,65536,767,19690
20260905,65536,768,40679
20260905,65536,769,5267
20260905,65536,770,38871
20260905,65536,771,35427
20260905,65536,772,59240
20260905,65536,773,8319
20260905,65536,774,18834
20260905,65536,775,41081
20260905,65536,776,54842
20260905,65536,777,58796
20260905,65536,778,42186
20260905,65536,779,7545
20260905,65536,780,9191
20260905,65536,781,22572
20260905,65536,782,58872
20260905,65536,783,777
20260905,65536,784,48470
20260905,65536,785,41849
20260905,65536,786,13377
20260905,65536,787,62837
20260905,65536,788,64622
20260905,65536,789,62983
20260905,65536,790,38718
20260905,65536,791,59154
20260905,65536,792,36271
20260905,65536,793,35705
20260905,65536,794,50303
20260905,65536,795,32726
20260905,65536,796,18394
20260905,65536,797,15881
20260905,65536,798,35484
20260905,65536,799,56863
20260905,65536,800,61626
20260905,65536,801,63338
20260905,65536,802,31944
20260905,65536,803,38104
20260905,65536,804,17084
20260905,65536,805,3679
20260905,65536,806,57202
20260905,65536,807,45781
20260905,65536,808,12291
20260905,65536,809,50788
20260905,65536,810,1032
20260905,65536,811,15235
20260905,65536,812,18912
20260905,65536,813,39850
20260905,65536,814,4691
20260905,65536,815,18358
20260905,65536,816,40953
20260905,65536,817,29770
20260905,65536,818,54124
20260905,65536,819,24843
20260905,65536,820,27267
20260905,65536,821,361
20260905,65536,822,52296
20260905,65536,823,2758
20260905,65536,824,31477
20260905,65536,825,35383
20260905,65536,826,55506
20260905,65536,827,24101
20260905,65536,828,56022
20260905,65536,829,3805
20260905,65536,830,23449
20260905,65536,831,3163
20260905,65536,832,42367
20260905,65536,833,41223
20260905,65536,834,24660
20260905,65536,835,47665
20260905,65536,836,44234
20260905,65536,837,36399
20260905,65536,838,50115
20260905,65536,839,33689
20260905,65536,840,53333
20260905,65536,841,23701
20260905,65536,842,28187
20260905,65536,843,57780
20260905,65536,844,47331
20260905,65536,845,26277
20260905,65536,846,43657
20260905,65536,847,23200
20260905,65536,848,50085
20260905,65536,849,2756
20260905,65536,850,37795
20260905,65536,851,61315
20260905,65536,852,62501
20260905,65536,853,23885
20260905,65536,854,56881
20260905,65536,855,34622
20260905,65536,856,7128
20260905,65536,857,37342
20260905,65536,858,25384
20260905,65536,859,57618
20260905,65536,860,23153
20260905,65536,861,42303
20260905,65536,862,64658
20260905,65536,863,13619
20260905,65536,864,9734
20260905,65536,865,48062
20260905,65536,866,30606
20260905,65536,867,10681
20260905,65536,868,44539
20260905,65536,869,24655
20260905,65536,870,54134
20260905,65536,871,12116
20260905,65536,872,40035
20260905,65536,873,25194
20260905,65536,874,32980
20260905,65536,875,18607
20260905,65536,876,16913
20260905,65536,877,19574
20260905,65536,878,62182
20260905,65536,879,52967
20260905,65536,880,24051
20260905,65536,881,37138
20260905,65536,882,48450
20260905,65536,883,52066
20260905,65536,884,34230
20260905,65536,885,17519
20260905,65536,886,33886
20260905,65536,887,36432
20260905,65536,888,28331
20260905,65536,889,22997
20260905,65536,890,41760
20260905,65536,891,57377
20260905,65536,892,40997
20260905,65536,893,48882
20260905,65536,894,52663
20260905,65536,895,52720
20260905,65536,896,23887
20260905,65536,897,56864
20260905,65536,898,29805
20260905,65536,899,11721
20260905,65536,900,47438
20260905,65536,901,61737
20260905,65536,902,4852
20260905,65536,903,28711
20260905,65536,904,6120
20260905,65536,905,48064
20260905,65536,906,59532
20260905,65536,907,51651
20260905,65536,908,21090
20260905,65536,909,61074
20260905,65536,910,55774
20260905,65536,911,4134
20260905,65536,912,13373
20260905,65536,913,55843
20260905,65536,914,43221
20260905,65536,915,2542
20260905,65536,916,50971
20260905,65536,917,57913
20260905,65536,918,53672
20260905,65536,919,2862
20260905,65536,920,43252
20260905,65536,921,63059
20260905,65536,922,18222
20260905,65536,923,44204
20260905,65536,924,11900
20260905,65536,925,35562
20260905,65536,926,37729
20260905,65536,927,9732
20260905,65536,928,41015
20260905,65536,929,56992
20260905,65536,930,39331
20260905,65536,931,55427
20260905,65536,932,23461
20260905,65536,933,48933
20260905,65536,934,52615
20260905,65536,935,29946
20260905,65536,936,30942
20260905,65536,937,38832
20260905,65536,938,55295
20260905,65536,939,64058
20260905,65536,940,59410
20260905,65536,941,16660
20260905,65536,942,49602
20260905,65536,943,43868
20260905,65536,944,58158
20260905,65536,945,41329
20260905,65536,946,26648
20260905,65536,947,40923
20260905,65536,948,24642
20260905,65536,949,51040
20260905,65536,950,56057
20260905,65536,951,57239
20260905,65536,952,11648
20260905,65536,953,49954
20260905,65536,954,876
20260905,65536,955,10600
20260905,65536,956,37022
20260905,65536,957,15025
20260905,65536,958,27514
20260905,65536,959,43108
20260905,65536,960,62033
20260905,65536,961,57247
20260905,65536,962,2567
20260905,65536,963,16097
20260905,65536,964,18953
20260905,65536,965,4464
20260905,65536,966,41920
20260905,65536,967,19872
20260905,65536,968,64175
20260905,65536,969,41044
20260905,65536,970,19958
20260905,65536,971,35269
20260905,65536,972,51853
20260905,65536,973,13944
20260905,65536,974,31682
20260905,65536,975,20007
20260905,65536,976,22732
20260905,65536,977,3701
20260905,65536,978,1724
20260905,65536,979,35132
20260905,65536,980,58440
20260905,65536,981,8072
20260905,65536,982,16540
20260905,65536,983,63247
20260905,65536,984,21105
20260905,65536,985,12511
20260905,65536,986,4133
20260905,65536,987,46356
20260905,65536,988,9818
20260905,65536,989,48031
20260905,65536,990,36588
20260905,65536,991,5461
20260905,65536,992,48485
20260905,65536,993,32710
20260905,65536,994,64242
20260905,65536,995,15442
20260905,65536,996,1119
20260905,65536,997,63448
20260905,65536,998,19271
20260905,65536,999,55341
20260905,65536,1000,40568
20260905,65537,1,1590
20260905,65537,2,12593
20260905,65537,3,33918
20260905,65537,4,49222
20260905,65537,5,12504
20260905,65537,6,38483
20260905,65537,7,35824
20260905,65537,8,47454
20260905,65537,9,54325
20260905,65537,10,29669
20260905,65537,11,40177
20260905,65537,12,30476
20260905,65537,13,15474
20260905,65537,14,6841
20260905,65537,15,19942
20260905,65537,16,23914
20260905,65537,17,59590
20260905,65537,18,64520
20260905,65537,19,14694
20260905,65537,20,3828
20260905,65537,21,2481
20260905,65537,22,30071
20260905,65537,23,56935
20260905,65537,24,36499
20260905,65537,25,12351
20260905,65537,26,52667
20260905,65537,27,16159
20260905,65537,28,64799
20260905,65537,29,1851
20260905,65537,30,36425
20260905,65537,31,8940
20260905,65537,32,63644
20260905,65537,33,36014
20260905,65537,34,17532
20260905,65537,35,26866
20260905,65537,36,28297
20260905,65537,37,8614
20260905,65537,38,19407
20260905,65537,39,28781
20260905,65537,40,62618
20260905,65537,41,15020
20260905,65537,42,19877
20260905,65537,43,25084
20260905,65537,44,18605
20260905,65537,45,59199
20260905,65537,46,6817
20260905,65537,47,20268
20260905,65537,48,39224
20260905,65537,49,42489
20260905,65537,50,53759
20260905,65537,51,61734
20260905,65537,52,29707
20260905,65537,53,12695
20260905,65537,54,43444
20260905,65537,55,40899
20260905,65537,56,11141
20260905,65537,57,1257
20260905,65537,58,47272
20260905,65537,59,6725
20260905,65537,60,48606
20260905,65537,61,41424
20260905,65537,62,780
20260905,65537,63,19784
20260905,65537,64,8208
20260905,65537,65,62173
20260905,65537,66,26798
20260905,65537,67,29389
20260905,65537,68,17316
20260905,65537,69,49589
20260905,65537,70,34392
20260905,65537,71,26416
20260905,65537,72,54109
20260905,65537,73,6279
20260905,65537,74,30446
20260905,65537,75,7741
20260905,65537,76,34539
20260905,65537,77,10739
20260905,65537,78,392
20260905,65537,79,50620
20260905,65537,80,2642
20260905,65537,81,15368
20260905,65537,82,26937
20260905,65537,83,553
20260905,65537,84,34831
20260905,65537,85,25459
20260905,65537,86,7285
20260905,65537,87,3869
20260905,65537,88,51827
20260905,65537,89,26072
20260905,65537,90,50732
20260905,65537,91,64752
20260905,65537,92,29899
20260905,65537,93,10577
20260905,65537,94,57326
20260905,65537,95,50014
20260905,65537,96,57450
20260905,65537,97,2455
20260905,65537,98,14121
20260905,65537,99,61947
20260905,65537,100,38603
20260905,65537,101,40621
20260905,65537,102,52576
20260905,65537,103,1976
20260905,65537,104,36899
20260905,65537,105,64457
20260905,65537,106,61245
20260905,65537,107,64834
20260905,65537,108,2990
20260905,65537,109,58842
20260905,65537,110,64830
20260905,65537,111,51605
20260905,65537,112,64000
20260905,65537,113,36572
20260905,65537,114,19174
20260905,65537,115,3726
20260905,65537,116,26370
20260905,65537,117,43963
20260905,65537,118,44005
20260905,65537,119,34190
20260905,65537,120,62079
20260905,65537,121,42471
20260905,65537,122,9126
20260905,65537,123,15969
20260905,65537,124,4353
20260905,65537,125,29495
20260905,65537,126,19018
20260905,65537,127,53070
20260905,65537,128,37007
20260905,65537,129,7143
20260905,65537,130,49530
20260905,65537,131,6739
20260905,65537,132,26149
20260905,65537,133,3811
20260905,65537,134,10167
20260905,65537,135,12516
20260905,65537,136,61731
20260905,65537,137,5459
20260905,65537,138,49238
20260905,65537,139,39942
20260905,65537,140,59788
20260905,65537,141,6406
20260905,65537,142,18054
20260905,65537,143,54761
20260905,65537,144,56379
20260905,65537,145,18410
20260905,65537,146,16638
20260905,65537,147,18204
20260905,65537,148,57756
20260905,65537,149,15116
20260905,65537,150,32324
20260905,65537,151,59583
20260905,65537,152,33552
20260905,65537,153,42674
20260905,65537,154,39772
20260905,65537,155,46641
20260905,65537,156,8194
20260905,65537,157,59004
20260905,65537,158,31721
20260905,65537,159,56062
20260905,65537,160,53526
20260905,65537,161,57094
20260905,65537,162,31114
20260905,65537,163,28973
20260905,65537,164,21992
20260905,65537,165,20096
20260905,65537,166,15943
20260905,65537,167,29244
20260905,65537,168,21247
20260905,65537,169,58819
20260905,65537,170,19144
20260905,65537,171,61095
20260905,65537,172,6704
20260905,65537,173,45365
20260905,65537,174,64353
20260905,65537,175,27786
20260905,65537,176,45443
20260905,65537,177,40105
20260905,65537,178,18532
20260905,65537,179,16437
20260905,65537,180,57125
20260905,65537,181,52064
20260905,65537,182,11982
20260905,65537,183,14572
20260905,65537,184,41006
20260905,65537,185,55554
20260905,65537,186,19591
20260905,65537,187,61221
20260905,65537,188,30093
20260905,65537,189,34445
20260905,65537,190,39251
20260905,65537,191,4120
20260905,65537,192,33345
20260905,65537,193,36415
20260905,65537,194,1020
20260905,65537,195,20283
20260905,65537,196,52533
20260905,65537,197,19568
20260905,65537,198,49679
20260905,65537,199,22651
20260905,65537,200,12496
20260905,65537,201,5635
20260905,65537,202,30012
20260905,65537,203,1979
20260905,65537,204,51346
20260905,65537,205,44658
20260905,65537,206,29902
20260905,65537,207,10308
20260905,65537,208,34251
20260905,65537,209,45478
20260905,65537,210,5688
20260905,65537,211,38239
20260905,65537,212,46636
20260905,65537,213,38310
20260905,65537,214,60341
20260905,65537,215,1907
20260905,65537,216,13768
20260905,65537,217,29273
20260905,65537,218,20436
20260905,65537,219,59465
20260905,65537,220,27956
20260905,65537,221,60293
20260905,65537,222,16552
20260905,65537,223,777
20260905,65537,224,38471
20260905,65537,225,52596
20260905,65537,226,29479
20260905,65537,227,52376
20260905,65537,228,42961
20260905,65537,229,29926
20260905,65537,230,37619
20260905,65537,231,52014
20260905,65537,232,11741
20260905,65537,233,65163
20260905,65537,234,27991
20260905,65537,235,15703
20260905,65537,236,16041
20260905,65537,237,58979
20260905,65537,238,31071
20260905,65537,239,60727
20260905,65537,240,23436
20260905,65537,241,55241
20260905,65537,242,5663
20260905,65537,243,30609
20260905,65537,244,21682
20260905,65537,245,33458
20260905,65537,246,44284
20260905,65537,247,51012
20260905,65537,248,54992
20260905,65537,249,21607
20260905,65537,250,62721
20260905,65537,251,15758
20260905,65537,252,50772
20260905,65537,253,58217
20260905,65537,254,31938
20260905,65537,255,8824
20260905,65537,256,63156
20260905,65537,257,35540
20260905,65537,258,29538
20260905,65537,259,40949
20260905,65537,260,30673
20260905,65537,261,22330
20260905,65537,262,48312
20260905,65537,263,33542
20260905,65537,264,39955
20260905,65537,265,27020
20260905,65537,266,29096
20260905,65537,267,13313
20260905,65537,268,13702
20260905,65537,269,56953
20260905,65537,270,58386
20260905,65537,271,16343
20260905,65537,272,54511
20260905,65537,273,30545
20260905,65537,274,52664
20260905,65537,275,8004
20260905,65537,276,5874
20260905,65537,277,22995
20260905,65537,278,30987
20260905,65537,279,2305
20260905,65537,280,8584
20260905,65537,281,48964
20260905,65537,282,24154
20260905,65537,283,34386
20260905,65537,284,17286
20260905,65537,285,58166
20260905,65537,286,21111
20260905,65537,287,37178
20260905,65537,288,61191
20260905,65537,289,1626
20260905,65537,290,24346
20260905,65537,291,62878
20260905,65537,292,44869
20260905,65537,293,51624
20260905,65537,294,1401
20260905,65537,295,63942
20260905,65537,296,8636
20260905,65537,297,44787
20260905,65537,298,7770
20260905,65537,299,27325
20260905,65537,300,2160
20260905,65537,301,55069
20260905,65537,302,45819
20260905,65537,303,5836
20260905,65537,304,41022
20260905,65537,305,43573
20260905,65537,306,28659
20260905,65537,307,32624
20260905,65537,308,19328
20260905,65537,309,36255
20260905,65537,310,39916
20260905,65537,311,10107
20260905,65537,312,16011
20260905,65537,313,15056
20260905,65537,314,62084
20260905,65537,315,1164
20260905,65537,316,32036
20260905,65537,317,49212
20260905,65537,318,43944
20260905,65537,319,2025
20260905,65537,320,32418
20260905,65537,321,16220
20260905,65537,322,17696
20260905,65537,323,55255
20260905,65537,324,60118
20260905,65537,325,64665
20260905,65537,326,42598
20260905,65537,327,56245
20260905,65537,328,10628
20260905,65537,329,5368
20260905,65537,330,55197
20260905,65537,331,31011
20260905,65537,332,11776
20260905,65537,333,44754
20260905,65537,334,5311
20260905,65537,335,61820
20260905,65537,336,10736
20260905,65537,337,29225
20260905,65537,338,24270
20260905,65537,339,20474
20260905,65537,340,17768
20260905,65537,341,19270
20260905,65537,342,40827
20260905,65537,343,64630
20260905,65537,344,26924
20260905,65537,345,4225
20260905,65537,346,17056
20260905,65537,347,6928
20260905,65537,348,28649
20260905,65537,349,64136
20260905,65537,350,64590
20260905,65537,351,42197
20260905,65537,352,29308
20260905,65537,353,27259
20260905,65537,354,10084
20260905,65537,355,55774
20260905,65537,356,39701
20260905,65537,357,59910
20260905,65537,358,29056
20260905,65537,359,22968
20260905,65537,360,37389
20260905,65537,361,44983
20260905,65537,362,31315
20260905,65537,363,61270
20260905,65537,364,8939
20260905,65537,365,50172
20260905,65537,366,56835
20260905,65537,367,32435
20260905,65537,368,61312
20260905,65537,369,14917
20260905,65537,370,11318
20260905,65537,371,40679
20260905,65537,372,59240
20260905,65537,373,18834
20260905,65537,374,54842
20260905,65537,375,9191
20260905,65537,376,48470
20260905,65537,377,13377
20260905,65537,378,62837
20260905,65537,379,62983
20260905,65537,380,38718
20260905,65537,381,59154
20260905,65537,382,50303
20260905,65537,383,18394
20260905,65537,384,15881
20260905,65537,385,35484
20260905,65537,386,61626
20260905,65537,387,38104
20260905,65537,388,17084
20260905,65537,389,3679
20260905,65537,390,57202
20260905,65537,391,45781
20260905,65537,392,50788
20260905,65537,393,1032
20260905,65537,394,18912
20260905,65537,395,39850
20260905,65537,396,40953
20260905,65537,397,54124
20260905,65537,398,52296
20260905,65537,399,2758
20260905,65537,400,56022
20260905,65537,401,3805
20260905,65537,402,3163
20260905,65537,403,42367
20260905,65537,404,41223
20260905,65537,405,24660
20260905,65537,406,44234
20260905,65537,407,53333
20260905,65537,408,23701
20260905,65537,409,23200
20260905,65537,410,2756
20260905,65537,411,61315
20260905,65537,412,62501
20260905,65537,413,56881
20260905,65537,414,34622
20260905,65537,415,37342
20260905,65537,416,42303
20260905,65537,417,10681
20260905,65537,418,12116
20260905,65537,419,40035
20260905,65537,420,32980
20260905,65537,421,16913
20260905,65537,422,19574
20260905,65537,423,52967
20260905,65537,424,24051
20260905,65537,425,52066
20260905,65537,426,17519
20260905,65537,427,36432
20260905,65537,428,28331
20260905,65537,429,41760
20260905,65537,430,57377
20260905,65537,431,48882
20260905,65537,432,52663
20260905,65537,433,52720
20260905,65537,434,23887
20260905,65537,435,11721
20260905,65537,436,61737
20260905,65537,437,4852
20260905,65537,438,28711
20260905,65537,439,6120
20260905,65537,440,59532
20260905,65537,441,51651
20260905,65537,442,21090
20260905,65537,443,61074
20260905,65537,444,13373
20260905,65537,445,55843
20260905,65537,446,43221
20260905,65537,447,2862
20260905,65537,448,43252
20260905,65537,449,44204
20260905,65537,450,11900
20260905,65537,451,37729
20260905,65537,452,9732
20260905,65537,453,56992
20260905,65537,454,39331
20260905,65537,455,55427
20260905,65537,456,48933
20260905,65537,457,52615
20260905,65537,458,38832
20260905,65537,459,64058
20260905,65537,460,16660
20260905,65537,461,43868
20260905,65537,462,41329
20260905,65537,463,40923
20260905,65537,464,51040
20260905,65537,465,56057
20260905,65537,466,49954
20260905,65537,467,876
20260905,65537,468,15025
20260905,65537,469,4464
20260905,65537,470,64175
20260905,65537,471,19958
20260905,65537,472,35269
20260905,65537,473,13944
20260905,65537,474,20007
20260905,65537,475,3701
20260905,65537,476,58440
20260905,65537,477,8072
20260905,65537,478,16540
20260905,65537,479,21105
20260905,65537,480,4133
20260905,65537,481,9818
20260905,65537,482,48031
20260905,65537,483,48485
20260905,65537,484,1119
20260905,65537,485,19271
20260905,65537,486,40568
20260905,65537,487,42289
20260905,65537,488,25023
20260905,65537,489,22707
20260905,65537,490,24297
20260905,65537,491,43031
20260905,65537,492,55844
20260905,65537,493,32366
20260905,65537,494,65274
20260905,65537,495,65160
20260905,65537,496,17498
20260905,65537,497,63685
20260905,65537,498,53782
20260905,65537,499,60501
20260905,65537,500,41383
20260905,65537,501,24778
20260905,65537,502,41647
20260905,65537,503,12842
20260905,65537,504,63941
20260905,65537,505,54243
20260905,65537,506,50695
20260905,65537,507,20880
20260905,65537,508,54045
20260905,65537,509,20139
20260905,65537,510,10716
20260905,65537,511,10205
20260905,65537,512,4624
20260905,65537,513,22028
20260905,65537,514,64293
20260905,65537,515,18826
20260905,65537,516,8368
20260905,65537,517,2843
20260905,65537,518,56911
20260905,65537,519,38915
20260905,65537,520,25363
20260905,65537,521,5622
20260905,65537,522,29648
20260905,65537,523,31136
20260905,65537,524,8047
20260905,65537,525,20888
20260905,65537,526,5531
20260905,65537,527,15709
20260905,65537,528,16070
20260905,65537,529,33902
20260905,65537,530,22214
20260905,65537,531,26653
20260905,65537,532,41837
20260905,65537,533,42842
20260905,65537,534,65400
20260905,65537,535,48095
20260905,65537,536,57454
20260905,65537,537,2738
20260905,65537,538,635
20260905,65537,539,58566
20260905,65537,540,40750
20260905,65537,541,41978
20260905,65537,542,21792
20260905,65537,543,41060
20260905,65537,544,37792
20260905,65537,545,17706
20260905,65537,546,33024
20260905,65537,547,28903
20260905,65537,548,58728
20260905,65537,549,46439
20260905,65537,550,59133
20260905,65537,551,7447
20260905,65537,552,9880
20260905,65537,553,58192
20260905,65537,554,48355
20260905,65537,555,65099
20260905,65537,556,54661
20260905,65537,557,14502
20260905,65537,558,61893
20260905,65537,559,4050
20260905,65537,560,37088
20260905,65537,561,38211
20260905,65537,562,46682
20260905,65537,563,30978
20260905,65537,564,41241
20260905,65537,565,54293
20260905,65537,566,30534
20260905,65537,567,40807
20260905,65537,568,6153
20260905,65537,569,43313
20260905,65537,570,45698
20260905,65537,571,47477
20260905,65537,572,1416
20260905,65537,573,61333
20260905,65537,574,51411
20260905,65537,575,51056
20260905,65537,576,54125
20260905,65537,577,60248
20260905,65537,578,23589
20260905,65537,579,28343
20260905,65537,580,41164
20260905,65537,581,24792
20260905,65537,582,999
20260905,65537,583,48352
20260905,65537,584,5761
20260905,65537,585,24010
20260905,65537,586,10280
20260905,65537,587,54141
20260905,65537,588,39386
20260905,65537,589,25948
20260905,65537,590,48027
20260905,65537,591,56143
20260905,65537,592,42201
20260905,65537,593,63025
20260905,65537,594,5077
20260905,65537,595,52388
20260905,65537,596,60190
20260905,65537,597,14791
20260905,65537,598,50160
20260905,65537,599,34469
20260905,65537,600,27175
20260905,65537,601,5504
20260905,65537,602,59291
20260905,65537,603,16760
20260905,65537,604,45945
20260905,65537,605,64718
20260905,65537,606,42409
20260905,65537,607,5504
20260905,65537,608,14303
20260905,65537,609,46843
20260905,65537,610,55943
20260905,65537,611,3495
20260905,65537,612,27302
20260905,65537,613,30217
20260905,65537,614,54698
20260905,65537,615,54423
20260905,65537,616,20425
20260905,65537,617,37403
20260905,65537,618,45098
20260905,65537,619,14087
20260905,65537,620,56117
20260905,65537,621,30865
20260905,65537,622,5549
20260905,65537,623,22271
20260905,65537,624,38188
20260905,65537,625,60173
20260905,65537,626,36734
20260905,65537,627,63266
20260905,65537,628,44542
20260905,65537,629,64629
20260905,65537,630,52540
20260905,65537,631,36520
20260905,65537,632,39326
20260905,65537,633,9604
20260905,65537,634,54467
20260905,65537,635,38765
20260905,65537,636,8527
20260905,65537,637,20122
20260905,65537,638,50473
20260905,65537,639,45080
20260905,65537,640,33404
20260905,65537,641,18094
20260905,65537,642,52756
20260905,65537,643,8791
20260905,65537,644,38220
20260905,65537,645,17830
20260905,65537,646,65246
20260905,65537,647,61301
20260905,65537,648,7645
20260905,65537,649,49319
20260905,65537,650,47779
20260905,65537,651,295
20260905,65537,652,54513
20260905,65537,653,2893
20260905,65537,654,33712
20260905,65537,655,56925
20260905,65537,656,41034
20260905,65537,657,40319
20260905,65537,658,28696
20260905,65537,659,39264
20260905,65537,660,17754
20260905,65537,661,25522
20260905,65537,662,37592
20260905,65537,663,61852
20260905,65537,664,15798
20260905,65537,665,61675
20260905,65537,666,56340
20260905,65537,667,47049
20260905,65537,668,39958
20260905,65537,669,9433
20260905,65537,670,64647
20260905,65537,671,28577
20260905,65537,672,59586
20260905,65537,673,5821
20260905,65537,674,39424
20260905,65537,675,23885
20260905,65537,676,7942
20260905,65537,677,21025
20260905,65537,678,32688
20260905,65537,679,39967
20260905,65537,680,48459
20260905,65537,681,39768
20260905,65537,682,55931
20260905,65537,683,3953
20260905,65537,684,34620
20260905,65537,685,62014
20260905,65537,686,23994
20260905,65537,687,12611
20260905,65537,688,2125
20260905,65537,689,1977
20260905,65537,690,24327
20260905,65537,691,33833
20260905,65537,692,59348
20260905,65537,693,46315
20260905,65537,694,59008
20260905,65537,695,14870
20260905,65537,696,42379
20260905,65537,697,9995
20260905,65537,698,62782
20260905,65537,699,3002
20260905,65537,700,16835
20260905,65537,701,1718
20260905,65537,702,47041
20260905,65537,703,9548
20260905,65537,704,42322
20260905,65537,705,13714
20260905,65537,706,33674
20260905,65537,707,25379
20260905,65537,708,55305
20260905,65537,709,18517
20260905,65537,710,31760
20260905,65537,711,56724
20260905,65537,712,31655
20260905,65537,713,63305
20260905,65537,714,57230
20260905,65537,715,65521
20260905,65537,716,53374
20260905,65537,717,47195
20260905,65537,718,14468
20260905,65537,719,6419
20260905,65537,720,48088
20260905,65537,721,56455
20260905,65537,722,22962
20260905,65537,723,43708
20260905,65537,724,31072
20260905,65537,725,37599
20260905,65537,726,5566
20260905,65537,727,34120
20260905,65537,728,11422
20260905,65537,729,29152
20260905,65537,730,60509
20260905,65537,731,40904
20260905,65537,732,52380
20260905,65537,733,21933
20260905,65537,734,2180
20260905,65537,735,41747
20260905,65537,736,36585
20260905,65537,737,34819
20260905,65537,738,28400
20260905,65537,739,65477
20260905,65537,740,24780
20260905,65537,741,49693
20260905,65537,742,62236
20260905,65537,743,21572
20260905,65537,744,14139
20260905,65537,745,25270
20260905,65537,746,35638
20260905,65537,747,54850
20260905,65537,748,56590
20260905,65537,749,3308
20260905,65537,750,21812
20260905,65537,751,32232
20260905,65537,752,1891
20260905,65537,753,37562
20260905,65537,754,19720
20260905,65537,755,53891
20260905,65537,756,38877
20260905,65537,757,28629
20260905,65537,758,12244
20260905,65537,759,36527
20260905,65537,760,38304
20260905,65537,761,14054
20260905,65537,762,31003
20260905,65537,763,24181
20260905,65537,764,47659
20260905,65537,765,65198
20260905,65537,766,44554
20260905,65537,767,40578
20260905,65537,768,55612
20260905,65537,769,53326
20260905,65537,770,33759
20260905,65537,771,62865
20260905,65537,772,27384
20260905,65537,773,50603
20260905,65537,774,36998
20260905,65537,775,3701
20260905,65537,776,4421
20260905,65537,777,16282
20260905,65537,778,38148
20260905,65537,779,55817
20260905,65537,780,57248
20260905,65537,781,23943
20260905,65537,782,45657
20260905,65537,783,60564
20260905,65537,784,53154
20260905,65537,785,60553
20260905,65537,786,30449
20260905,65537,787,28328
20260905,65537,788,37017
20260905,65537,789,25143
20260905,65537,790,42645
20260905,65537,791,13053
20260905,65537,792,42802
20260905,65537,793,40408
20260905,65537,794,26714
20260905,65537,795,1122
20260905,65537,796,30143
20260905,65537,797,48463
20260905,65537,798,32442
20260905,65537,799,1876
20260905,65537,800,26593
20260905,65537,801,33827
20260905,65537,802,57558
20260905,65537,803,30639
20260905,65537,804,35725
20260905,65537,805,52292
20260905,65537,806,10970
20260905,65537,807,42999
20260905,65537,808,39055
20260905,65537,809,41948
20260905,65537,810,49293
20260905,65537,811,3238
20260905,65537,812,58297
20260905,65537,813,38695
20260905,65537,814,8055
20260905,65537,815,48900
20260905,65537,816,28417
20260905,65537,817,57782
20260905,65537,818,13638
20260905,65537,819,46419
20260905,65537,820,26388
20260905,65537,821,54321
20260905,65537,822,12023
20260905,65537,823,3662
20260905,65537,824,12499
20260905,65537,825,50114
20260905,65537,826,44008
20260905,65537,827,23658
20260905,65537,828,38242
20260905,65537,829,58517
20260905,65537,830,25674
20260905,65537,831,51942
20260905,65537,832,8642
20260905,65537,833,6177
20260905,65537,834,24677
20260905,65537,835,312
20260905,65537,836,47527
20260905,65537,837,4041
20260905,65537,838,20425
20260905,65537,839,25923
20260905,65537,840,8140
20260905,65537,841,53730
20260905,65537,842,45508
20260905,65537,843,41974
20260905,65537,844,46883
20260905,65537,845,51204
20260905,65537,846,38211
20260905,65537,847,57793
20260905,65537,848,17673
20260905,65537,849,19117
20260905,65537,850,36234
20260905,65537,851,24862
20260905,65537,852,40012
20260905,65537,853,18860
20260905,65537,854,39529
20260905,65537,855,7227
20260905,65537,856,64656
20260905,65537,857,22343
20260905,65537,858,48234
20260905,65537,859,42661
20260905,65537,860,50611
20260905,65537,861,18987
20260905,65537,862,60616
20260905,65537,863,412
20260905,65537,864,17087
20260905,65537,865,29644
20260905,65537,866,13885
20260905,65537,867,25230
20260905,65537,868,1551
20260905,65537,869,12890
20260905,65537,870,38701
20260905,65537,871,13
20260905,65537,872,31558
20260905,65537,873,21157
20260905,65537,874,17853
20260905,65537,875,10484
20260905,65537,876,48828
20260905,65537,877,15004
20260905,65537,878,26109
20260905,65537,879,56045
20260905,65537,880,7272
20260905,65537,881,60770
20260905,65537,882,62787
20260905,65537,883,463
20260905,65537,884,1130
20260905,65537,885,59959
20260905,65537,886,28557
20260905,65537,887,11468
20260905,65537,888,25472
20260905,65537,889,39850
20260905,65537,890,16857
20260905,65537,891,25297
20260905,65537,892,40085
20260905,65537,893,11894
20260905,65537,894,40186
20260905,65537,895,42542
20260905,65537,896,5247
20260905,65537,897,19568
20260905,65537,898,14445
20260905,65537,899,16202
20260905,65537,900,42713
20260905,65537,901,35214
20260905,65537,902,13695
20260905,65537,903,55332
20260905,65537,904,17181
20260905,65537,905,30340
20260905,65537,906,2519
20260905,65537,907,197
20260905,65537,908,63193
20260905,65537,909,22782
20260905,65537,910,57299
20260905,65537,911,59133
20260905,65537,912,40185
20260905,65537,913,37800
20260905,65537,914,8864
20260905,65537,915,56468
20260905,65537,916,1356
20260905,65537,917,22185
20260905,65537,918,28220
20260905,65537,919,20356
20260905,65537,920,26611
20260905,65537,921,15809
20260905,65537,922,22142
20260905,65537,923,60017
20260905,65537,924,64586
20260905,65537,925,50813
20260905,65537,926,47584
20260905,65537,927,18641
20260905,65537,928,40908
20260905,65537,929,21583
20260905,65537,930,43613
20260905,65537,931,913
20260905,65537,932,51050
20260905,65537,933,6091
20260905,65537,934,28221
20260905,65537,935,1694
20260905,65537,936,34901
20260905,65537,937,5681
20260905,65537,938,9292
20260905,65537,939,33179
20260905,65537,940,8396
20260905,65537,941,2755
20260905,65537,942,10959
20260905,65537,943,29653
20260905,65537,944,22684
20260905,65537,945,47198
20260905,65537,946,60890
20260905,65537,947,46780
20260905,65537,948,51880
20260905,65537,949,53177
20260905,65537,950,28435
20260905,65537,951,55329
20260905,65537,952,20183
20260905,65537,953,14602
20260905,65537,954,62926
20260905,65537,955,16692
20260905,65537,956,30263
20260905,65537,957,43301
20260905,65537,958,33044
20260905,65537,959,41125
20260905,65537,960,4172
20260905,65537,961,56191
20260905,65537,962,56090
20260905,65537,963,3833
20260905,65537,964,23462
20260905,65537,965,8776
20260905,65537,966,4074
20260905,65537,967,55636
20260905,65537,968,14581
20260905,65537,969,26264
20260905,65537,970,35354
20260905,65537,971,16441
20260905,65537,972,52891
20260905,65537,973,21553
20260905,65537,974,18106
20260905,65537,975,16204
20260905,65537,976,51473
20260905,65537,977,35094
20260905,65537,978,50016
20260905,65537,979,47343
20260905,65537,980,44768
20260905,65537,981,5243
20260905,65537,982,17909
20260905,65537,983,36064
20260905,65537,984,54724
20260905,65537,985,13789
20260905,65537,986,16047
20260905,65537,987,7116
20260905,65537,988,56981
20260905,65537,989,27424
20260905,65537,990,528
20260905,65537,991,45125
20260905,65537,992,19976
20260905,65537,993,9786
20260905,65537,994,64556
20260905,65537,995,9664
20260905,65537,996,16295
20260905,65537,997,25492
20260905,65537,998,63896
20260905,65537,999,37858
20260905,65537,1000,30205
-1,1,1,0
-1,1,2,0
-1,1,3,0
-1,1,4,0
-1,1,5,0
-1,1,6,0
-1,1,7,0
-1,1,8,0
-1,1,9,0
-1,1,10,0
-1,1,11,0
-1,1,12,0
-1,1,13,0
-1,1,14,0
-1,1,15,0
-1,1,16,0
-1,1,17,0
-1,1,18,0
-1,1,19,0
-1,1,20,0
-1,1,21,0
-1,1,22,0
-1,1,23,0
-1,1,24,0
-1,1,25,0
-1,1,26,0
-1,1,27,0
-1,1,28,0
-1,1,29,0
-1,1,30,0
-1,1,31,0
-1,1,32,0
-1,1,33,0
-1,1,34,0
-1,1,35,0
-1,1,36,0
-1,1,37,0
-1,1,38,0
-1,1,39,0
-1,1,40,0
-1,1,41,0
-1,1,42,0
-1,1,43,0
-1,1,44,0
-1,1,45,0
-1,1,46,0
-1,1,47,0
-1,1,48,0
-1,1,49,0
-1,1,50,0
-1,1,51,0
-1,1,52,0
-1,1,53,0
-1,1,54,0
-1,1,55,0
-1,1,56,0
-1,1,57,0
-1,1,58,0
-1,1,59,0
-1,1,60,0
-1,1,61,0
-1,1,62,0
-1,1,63,0
-1,1,64,0
-1,1,65,0
-1,1,66,0
-1,1,67,0
-1,1,68,0
-1,1,69,0
-1,1,70,0
-1,1,71,0
-1,1,72,0
-1,1,73,0
-1,1,74,0
-1,1,75,0
-1,1,76,0
-1,1,77,0
-1,1,78,0
-1,1,79,0
-1,1,80,0
-1,1,81,0
-1,1,82,0
-1,1,83,0
-1,1,84,0
-1,1,85,0
-1,1,86,0
-1,1,87,0
-1,1,88,0
-1,1,89,0
-1,1,90,0
-1,1,91,0
-1,1,92,0
-1,1,93,0
-1,1,94,0
-1,1,95,0
-1,1,96,0
-1,1,97,0
-1,1,98,0
-1,1,99,0
-1,1,100,0
-1,1,101,0
-1,1,102,0
-1,1,103,0
-1,1,104,0
-1,1,105,0
-1,1,106,0
-1,1,107,0
-1,1,108,0
-1,1,109,0
-1,1,110,0
-1,1,111,0
-1,1,112,0
-1,1,113,0
-1,1,114,0
-1,1,115,0
-1,1,116,0
-1,1,117,0
-1,1,118,0
-1,1,119,0
-1,1,120,0
-1,1,121,0
-1,1,122,0
-1,1,123,0
-1,1,124,0
-1,1,125,0
-1,1,126,0
-1,1,127,0
-1,1,128,0
-1,1,129,0
-1,1,130,0
-1,1,131,0
-1,1,132,0
-1,1,133,0
-1,1,134,0
-1,1,135,0
-1,1,136,0
-1,1,137,0
-1,1,138,0
-1,1,139,0
-1,1,140,0
-1,1,141,0
-1,1,142,0
-1,1,143,0
-1,1,144,0
-1,1,145,0
-1,1,146,0
-1,1,147,0
-1,1,148,0
-1,1,149,0
-1,1,150,0
-1,1,151,0
-1,1,152,0
-1,1,153,0
-1,1,154,0
-1,1,155,0
-1,1,156,0
-1,1,157,0
-1,1,158,0
-1,1,159,0
-1,1,160,0
-1,1,161,0
-1,1,162,0
-1,1,163,0
-1,1,164,0
-1,1,165,0
-1,1,166,0
-1,1,167,0
-1,1,168,0
-1,1,169,0
-1,1,170,0
-1,1,171,0
-1,1,172,0
-1,1,173,0
-1,1,174,0
-1,1,175,0
-1,1,176,0
-1,1,177,0
-1,1,178,0
-1,1,179,0
-1,1,180,0
-1,1,181,0
-1,1,182,0
-1,1,183,0
-1,1,184,0
-1,1,185,0
-1,1,186,0
-1,1,187,0
-1,1,188,0
-1,1,189,0
-1,1,190,0
-1,1,191,0
-1,1,192,0
-1,1,193,0
-1,1,194,0
-1,1,195,0
-1,1,196,0
-1,1,197,0
-1,1,198,0
-1,1,199,0
-1,1,200,0
-1,1,201,0
-1,1,202,0
-1,1,203,0
-1,1,204,0
-1,1,205,0
-1,1,206,0
-1,1,207,0
-1,1,208,0
-1,1,209,0
-1,1,210,0
-1,1,211,0
-1,1,212,0
-1,1,213,0
-1,1,214,0
-1,1,215,0
-1,1,216,0
-1,1,217,0
-1,1,218,0
-1,1,219,0
-1,1,220,0
-1,1,221,0
-1,1,222,0
-1,1,223,0
-1,1,224,0
-1,1,225,0
-1,1,226,0
-1,1,227,0
-1,1,228,0
-1,1,229,0
-1,1,230,0
-1,1,231,0
-1,1,232,0
-1,1,233,0
-1,1,234,0
-1,1,235,0
-1,1,236,0
-1,1,237,0
-1,1,238,0
-1,1,239,0
-1,1,240,0
-1,1,241,0
-1,1,242,0
-1,1,243,0
-1,1,244,0
-1,1,245,0
-1,1,246,0
-1,1,247,0
-1,1,248,0
-1,1,249,0
-1,1,250,0
-1,1,251,0
-1,1,252,0
-1,1,253,0
-1,1,254,0
-1,1,255,0
-1,1,256,0
-1,1,257,0
-1,1,258,0
-1,1,259,0
-1,1,260,0
-1,1,261,0
-1,1,262,0
-1,1,263,0
-1,1,264,0
-1,1,265,0
-1,1,266,0
-1,1,267,0
-1,1,268,0
-1,1,269,0
-1,1,270,0
-1,1,271,0
-1,1,272,0
-1,1,273,0
-1,1,274,0
-1,1,275,0
-1,1,276,0
-1,1,277,0
-1,1,278,0
-1,1,279,0
-1,1,280,0
-1,1,281,0
-1,1,282,0
-1,1,283,0
-1,1,284,0
-1,1,285,0
-1,1,286,0
-1,1,287,0
-1,1,288,0
-1,1,289,0
-1,1,290,0
-1,1,291,0
-1,1,292,0
-1,1,293,0
-1,1,294,0
-1,1,295,0
-1,1,296,0
-1,1,297,0
-1,1,298,0
-1,1,299,0
-1,1,300,0
-1,1,301,0
-1,1,302,0
-1,1,303,0
-1,1,304,0
-1,1,305,0
-1,1,306,0
-1,1,307,0
-1,1,308,0
-1,1,309,0
-1,1,310,0
-1,1,311,0
-1,1,312,0
-1,1,313,0
-1,1,314,0
-1,1,315,0
-1,1,316,0
-1,1,317,0
-1,1,318,0
-1,1,319,0
-1,1,320,0
-1,1,321,0
-1,1,322,0
-1,1,323,0
-1,1,324,0
-1,1,325,0
-1,1,326,0
-1,1,327,0
-1,1,328,0
-1,1,329,0
-1,1,330,0
-1,1,331,0
-1,1,332,0
-1,1,333,0
-1,1,334,0
-1,1,335,0
-1,1,336,0
-1,1,337,0
-1,1,338,0
-1,1,339,0
-1,1,340,0
-1,1,341,0
-1,1,342,0
-1,1,343,0
-1,1,344,0
-1,1,345,0
-1,1,346,0
-1,1,347,0
-1,1,348,0
-1,1,349,0
-1,1,350,0
-1,1,351,0
-1,1,352,0
-1,1,353,0
-1,1,354,0
-1,1,355,0
-1,1,356,0
-1,1,357,0
-1,1,358,0
-1,1,359,0
-1,1,360,0
-1,1,361,0
-1,1,362,0
-1,1,363,0
-1,1,364,0
-1,1,365,0
-1,1,366,0
-1,1,367,0
-1,1,368,0
-1,1,369,0
-1,1,370,0
-1,1,371,0
-1,1,372,0
-1,1,373,0
-1,1,374,0
-1,1,375,0
-1,1,376,0
-1,1,377,0
-1,1,378,0
-1,1,379,0
-1,1,380,0
-1,1,381,0
-1,1,382,0
-1,1,383,0
-1,1,384,0
-1,1,385,0
-1,1,386,0
-1,1,387,0
-1,1,388,0
-1,1,389,0
-1,1,390,0
-1,1,391,0
-1,1,392,0
-1,1,393,0
-1,1,394,0
-1,1,395,0
-1,1,396,0
-1,1,397,0
-1,1,398,0
-1,1,399,0
-1,1,400,0
-1,1,401,0
-1,1,402,0
-1,1,403,0
-1,1,404,0
-1,1,405,0
-1,1,406,0
-1,1,407,0
-1,1,408,0
-1,1,409,0
-1,1,410,0
-1,1,411,0
-1,1,412,0
-1,1,413,0
-1,1,414,0
-1,1,415,0
-1,1,416,0
-1,1,417,0
-1,1,418,0
-1,1,419,0
-1,1,420,0
-1,1,421,0
-1,1,422,0
-1,1,423,0
-1,1,424,0
-1,1,425,0
-1,1,426,0
-1,1,427,0
-1,1,428,0
-1,1,429,0
-1,1,430,0
-1,1,431,0
-1,1,432,0
-1,1,433,0
-1,1,434,0
-1,1,435,0
-1,1,436,0
-1,1,437,0
-1,1,438,0
-1,1,439,0
-1,1,440,0
-1,1,441,0
-1,1,442,0
-1,1,443,0
-1,1,444,0
-1,1,445,0
-1,1,446,0
-1,1,447,0
-1,1,448,0
-1,1,449,0
-1,1,450,0
-1,1,451,0
-1,1,452,0
-1,1,453,0
-1,1,454,0
-1,1,455,0
-1,1,456,0
-1,1,457,0
-1,1,458,0
-1,1,459,0
-1,1,460,0
-1,1,461,0
-1,1,462,0
-1,1,463,0
-1,1,464,0
-1,1,465,0
-1,1,466,0
-1,1,467,0
-1,1,468,0
-1,1,469,0
-1,1,470,0
-1,1,471,0
-1,1,472,0
-1,1,473,0
-1,1,474,0
-1,1,475,0
-1,1,476,0
-1,1,477,0
-1,1,478,0
-1,1,479,0
-1,1,480,0
-1,1,481,0
-1,1,482,0
-1,1,483,0
-1,1,484,0
-1,1,485,0
-1,1,486,0
-1,1,487,0
-1,1,488,0
-1,1,489,0
-1,1,490,0
-1,1,491,0
-1,1,492,0
-1,1,493,0
-1,1,494,0
-1,1,495,0
-1,1,496,0
-1,1,497,0
-1,1,498,0
-1,1,499,0
-1,1,500,0
-1,1,501,0
-1,1,502,0
-1,1,503,0
-1,1,504,0
-1,1,505,0
-1,1,506,0
-1,1,507,0
-1,1,508,0
-1,1,509,0
-1,1,510,0
-1,1,511,0
-1,1,512,0
-1,1,513,0
-1,1,514,0
-1,1,515,0
-1,1,516,0
-1,1,517,0
-1,1,518,0
-1,1,519,0
-1,1,520,0
-1,1,521,0
-1,1,522,0
-1,1,523,0
-1,1,524,0
-1,1,525,0
-1,1,526,0
-1,1,527,0
-1,1,528,0
-1,1,529,0
-1,1,530,0
-1,1,531,0
-1,1,532,0
-1,1,533,0
-1,1,534,0
-1,1,535,0
-1,1,536,0
-1,1,537,0
-1,1,538,0
-1,1,539,0
-1,1,540,0
-1,1,541,0
-1,1,542,0
-1,1,543,0
-1,1,544,0
-1,1,545,0
-1,1,546,0
-1,1,547,0
-1,1,548,0
-1,1,549,0
-1,1,550,0
-1,1,551,0
-1,1,552,0
-1,1,553,0
-1,1,554,0
-1,1,555,0
-1,1,556,0
-1,1,557,0
-1,1,558,0
-1,1,559,0
-1,1,560,0
-1,1,561,0
-1,1,562,0
-1,1,563,0
-1,1,564,0
-1,1,565,0
-1,1,566,0
-1,1,567,0
-1,1,568,0
-1,1,569,0
-1,1,570,0
-1,1,571,0
-1,1,572,0
-1,1,573,0
-1,1,574,0
-1,1,575,0
-1,1,576,0
-1,1,577,0
-1,1,578,0
-1,1,579,0
-1,1,580,0
-1,1,581,0
-1,1,582,0
-1,1,583,0
-1,1,584,0
-1,1,585,0
-1,1,586,0
-1,1,587,0
-1,1,588,0
-1,1,589,0
-1,1,590,0
-1,1,591,0
-1,1,592,0
-1,1,593,0
-1,1,594,0
-1,1,595,0
-1,1,596,0
-1,1,597,0
-1,1,598,0
-1,1,599,0
-1,1,600,0
-1,1,601,0
-1,1,602,0
-1,1,603,0
-1,1,604,0
-1,1,605,0
-1,1,606,0
-1,1,607,0
-1,1,608,0
-1,1,609,0
-1,1,610,0
-1,1,611,0
-1,1,612,0
-1,1,613,0
-1,1,614,0
-1,1,615,0
-1,1,616,0
-1,1,617,0
-1,1,618,0
-1,1,619,0
-1,1,620,0
-1,1,621,0
-1,1,622,0
-1,1,623,0
-1,1,624,0
-1,1,625,0
-1,1,626,0
-1,1,627,0
-1,1,628,0
-1,1,629,0
-1,1,630,0
-1,1,631,0
-1,1,632,0
-1,1,633,0
-1,1,634,0
-1,1,635,0
-1,1,636,0
-1,1,637,0
-1,1,638,0
-1,1,639,0
-1,1,640,0
-1,1,641,0
-1,1,642,0
-1,1,643,0
-1,1,644,0
-1,1,645,0
-1,1,646,0
-1,1,647,0
-1,1,648,0
-1,1,649,0
-1,1,650,0
-1,1,651,0
-1,1,652,0
-1,1,653,0
-1,1,654,0
-1,1,655,0
-1,1,656,0
-1,1,657,0
-1,1,658,0
-1,1,659,0
-1,1,660,0
-1,1,661,0
-1,1,662,0
-1,1,663,0
-1,1,664,0
-1,1,665,0
-1,1,666,0
-1,1,667,0
-1,1,668,0
-1,1,669,0
-1,1,670,0
-1,1,671,0
-1,1,672,0
-1,1,673,0
-1,1,674,0
-1,1,675,0
-1,1,676,0
-1,1,677,0
-1,1,678,0
-1,1,679,0
-1,1,680,0
-1,1,681,0
-1,1,682,0
-1,1,683,0
-1,1,684,0
-1,1,685,0
-1,1,686,0
-1,1,687,0
-1,1,688,0
-1,1,689,0
-1,1,690,0
-1,1,691,0
-1,1,692,0
-1,1,693,0
-1,1,694,0
-1,1,695,0
-1,1,696,0
-1,1,697,0
-1,1,698,0
-1,1,699,0
-1,1,700,0
-1,1,701,0
-1,1,702,0
-1,1,703,0
-1,1,704,0
-1,1,705,0
-1,1,706,0
-1,1,707,0
-1,1,708,0
-1,1,709,0
-1,1,710,0
-1,1,711,0
-1,1,712,0
-1,1,713,0
-1,1,714,0
-1,1,715,0
-1,1,716,0
-1,1,717,0
-1,1,718,0
-1,1,719,0
-1,1,720,0
-1,1,721,0
-1,1,722,0
-1,1,723,0
-1,1,724,0
-1,1,725,0
-1,1,726,0
-1,1,727,0
-1,1,728,0
-1,1,729,0
-1,1,730,0
-1,1,731,0
-1,1,732,0
-1,1,733,0
-1,1,734,0
-1,1,735,0
-1,1,736,0
-1,1,737,0
-1,1,738,0
-1,1,739,0
-1,1,740,0
-1,1,741,0
-1,1,742,0
-1,1,743,0
-1,1,744,0
-1,1,745,0
-1,1,746,0
-1,1,747,0
-1,1,748,0
-1,1,749,0
-1,1,750,0
-1,1,751,0
-1,1,752,0
-1,1,753,0
-1,1,754,0
-1,1,755,0
-1,1,756,0
-1,1,757,0
-1,1,758,0
-1,1,759,0
-1,1,760,0
-1,1,761,0
-1,1,762,0
-1,1,763,0
-1,1,764,0
-1,1,765,0
-1,1,766,0
-1,1,767,0
-1,1,768,0
-1,1,769,0
-1,1,770,0
-1,1,771,0
-1,1,772,0
-1,1,773,0
-1,1,774,0
-1,1,775,0
-1,1,776,0
-1,1,777,0
-1,1,778,0
-1,1,779,0
-1,1,780,0
-1,1,781,0
-1,1,782,0
-1,1,783,0
-1,1,784,0
-1,1,785,0
-1,1,786,0
-1,1,787,0
-1,1,788,0
-1,1,789,0
-1,1,790,0
-1,1,791,0
-1,1,792,0
-1,1,793,0
-1,1,794,0
-1,1,795,0
-1,1,796,0
-1,1,797,0
-1,1,798,0
-1,1,799,0
-1,1,800,0
-1,1,801,0
-1,1,802,0
-1,1,803,0
-1,1,804,0
-1,1,805,0
-1,1,806,0
-1,1,807,0
-1,1,808,0
-1,1,809,0
-1,1,810,0
-1,1,811,0
-1,1,812,0
-1,1,813,0
-1,1,814,0
-1,1,815,0
-1,1,816,0
-1,1,817,0
-1,1,818,0
-1,1,819,0
-1,1,820,0
-1,1,821,0
-1,1,822,0
-1,1,823,0
-1,1,824,0
-1,1,825,0
-1,1,826,0
-1,1,827,0
-1,1,828,0
-1,1,829,0
-1,1,830,0
-1,1,831,0
-1,1,832,0
-1,1,833,0
-1,1,834,0
-1,1,835,0
-1,1,836,0
-1,1,837,0
-1,1,838,0
-1,1,839,0
-1,1,840,0
-1,1,841,0
-1,1,842,0
-1,1,843,0
-1,1,844,0
-1,1,845,0
-1,1,846,0
-1,1,847,0
-1,1,848,0
-1,1,849,0
-1,1,850,0
-1,1,851,0
-1,1,852,0
-1,1,853,0
-1,1,854,0
-1,1,855,0
-1,1,856,0
-1,1,857,0
-1,1,858,0
-1,1,859,0
-1,1,860,0
-1,1,861,0
-1,1,862,0
-1,1,863,0
-1,1,864,0
-1,1,865,0
-1,1,866,0
-1,1,867,0
-1,1,868,0
-1,1,869,0
-1,1,870,0
-1,1,871,0
-1,1,872,0
-1,1,873,0
-1,1,874,0
-1,1,875,0
-1,1,876,0
-1,1,877,0
-1,1,878,0
-1,1,879,0
-1,1,880,0
-1,1,881,0
-1,1,882,0
-1,1,883,0
-1,1,884,0
-1,1,885,0
-1,1,886,0
-1,1,887,0
-1,1,888,0
-1,1,889,0
-1,1,890,0
-1,1,891,0
-1,1,892,0
-1,1,893,0
-1,1,894,0
-1,1,895,0
-1,1,896,0
-1,1,897,0
-1,1,898,0
-1,1,899,0
-1,1,900,0
-1,1,901,0
-1,1,902,0
-1,1,903,0
-1,1,904,0
-1,1,905,0
-1,1,906,0
-1,1,907,0
-1,1,908,0
-1,1,909,0
-1,1,910,0
-1,1,911,0
-1,1,912,0
-1,1,913,0
-1,1,914,0
-1,1,915,0
-1,1,916,0
-1,1,917,0
-1,1,918,0
-1,1,919,0
-1,1,920,0
-1,1,921,0
-1,1,922,0
-1,1,923,0
-1,1,924,0
-1,1,925,0
-1,1,926,0
-1,1,927,0
-1,1,928,0
-1,1,929,0
-1,1,930,0
-1,1,931,0
-1,1,932,0
-1,1,933,0
-1,1,934,0
-1,1,935,0
-1,1,936,0
-1,1,937,0
-1,1,938,0
-1,1,939,0
-1,1,940,0
-1,1,941,0
-1,1,942,0
-1,1,943,0
-1,1,944,0
-1,1,945,0
-1,1,946,0
-1,1,947,0
-1,1,948,0
-1,1,949,0
-1,1,950,0
-1,1,951,0
-1,1,952,0
-1,1,953,0
-1,1,954,0
-1,1,955,0
-1,1,956,0
-1,1,957,0
-1,1,958,0
-1,1,959,0
-1,1,960,0
-1,1,961,0
-1,1,962,0
-1,1,963,0
-1,1,964,0
-1,1,965,0
-1,1,966,0
-1,1,967,0
-1,1,968,0
-1,1,969,0
-1,1,970,0
-1,1,971,0
-1,1,972,0
-1,1,973,0
-1,1,974,0
-1,1,975,0
-1,1,976,0
-1,1,977,0
-1,1,978,0
-1,1,979,0
-1,1,980,0
-1,1,981,0
-1,1,982,0
-1,1,983,0
-1,1,984,0
-1,1,985,0
-1,1,986,0
-1,1,987,0
-1,1,988,0
-1,1,989,0
-1,1,990,0
-1,1,991,0
-1,1,992,0
-1,1,993,0
-1,1,994,0
-1,1,995,0
-1,1,996,0
-1,1,997,0
-1,1,998,0
-1,1,999,0
-1,1,1000,0
-1,45,1,22
-1,45,2,7
-1,45,3,14
-1,45,4,24
-1,45,5,0
-1,45,6,32
-1,45,7,20
-1,45,8,32
-1,45,9,26
-1,45,10,3
-1,45,11,34
-1,45,12,28
-1,45,13,4
-1,45,14,19
-1,45,15,13
-1,45,16,16
-1,45,17,33
-1,45,18,18
-1,45,19,3
-1,45,20,26
-1,45,21,37
-1,45,22,12
-1,45,23,11
-1,45,24,26
-1,45,25,7
-1,45,26,30
-1,45,27,27
-1,45,28,44
-1,45,29,19
-1,45,30,32
-1,45,31,6
-1,45,32,26
-1,45,33,4
-1,45,34,42
-1,45,35,2
-1,45,36,31
-1,45,37,1
-1,45,38,42
-1,45,39,32
-1,45,40,32
-1,45,41,12
-1,45,42,15
-1,45,43,23
-1,45,44,40
-1,45,45,0
-1,45,46,33
-1,45,47,0
-1,45,48,43
-1,45,49,29
-1,45,50,8
-1,45,51,31
-1,45,52,8
-1,45,53,7
-1,45,54,44
-1,45,55,14
-1,45,56,19
-1,45,57,32
-1,45,58,40
-1,45,59,28
-1,45,60,0
-1,45,61,41
-1,45,62,36
-1,45,63,11
-1,45,64,30
-1,45,65,29
-1,45,66,9
-1,45,67,28
-1,45,68,11
-1,45,69,34
-1,45,70,38
-1,45,71,6
-1,45,72,36
-1,45,73,39
-1,45,74,29
-1,45,75,3
-1,45,76,17
-1,45,77,31
-1,45,78,32
-1,45,79,16
-1,45,80,40
-1,45,81,9
-1,45,82,4
-1,45,83,13
-1,45,84,22
-1,45,85,0
-1,45,86,24
-1,45,87,37
-1,45,88,4
-1,45,89,29
-1,45,90,11
-1,45,91,15
-1,45,92,40
-1,45,93,33
-1,45,94,6
-1,45,95,41
-1,45,96,22
-1,45,97,36
-1,45,98,18
-1,45,99,28
-1,45,100,16
-1,45,101,31
-1,45,102,33
-1,45,103,8
-1,45,104,31
-1,45,105,24
-1,45,106,32
-1,45,107,37
-1,45,108,11
-1,45,109,9
-1,45,110,17
-1,45,111,20
-1,45,112,36
-1,45,113,36
-1,45,114,25
-1,45,115,6
-1,45,116,1
-1,45,117,3
-1,45,118,4
-1,45,119,4
-1,45,120,20
-1,45,121,2
-1,45,122,32
-1,45,123,16
-1,45,124,25
-1,45,125,4
-1,45,126,22
-1,45,127,9
-1,45,128,30
-1,45,129,5
-1,45,130,18
-1,45,131,22
-1,45,132,28
-1,45,133,23
-1,45,134,36
-1,45,135,7
-1,45,136,26
-1,45,137,14
-1,45,138,32
-1,45,139,19
-1,45,140,39
-1,45,141,17
-1,45,142,44
-1,45,143,17
-1,45,144,27
-1,45,145,35
-1,45,146,20
-1,45,147,18
-1,45,148,33
-1,45,149,37
-1,45,150,4
-1,45,151,25
-1,45,152,9
-1,45,153,41
-1,45,154,32
-1,45,155,42
-1,45,156,21
-1,45,157,39
-1,45,158,17
-1,45,159,30
-1,45,160,35
-1,45,161,7
-1,45,162,16
-1,45,163,21
-1,45,164,41
-1,45,165,15
-1,45,166,10
-1,45,167,29
-1,45,168,4
-1,45,169,25
-1,45,170,42
-1,45,171,22
-1,45,172,32
-1,45,173,1
-1,45,174,31
-1,45,175,2
-1,45,176,38
-1,45,177,24
-1,45,178,28
-1,45,179,36
-1,45,180,44
-1,45,181,9
-1,45,182,26
-1,45,183,5
-1,45,184,16
-1,45,185,32
-1,45,186,30
-1,45,187,3
-1,45,188,5
-1,45,189,35
-1,45,190,14
-1,45,191,3
-1,45,192,25
-1,45,193,34
-1,45,194,33
-1,45,195,20
-1,45,196,42
-1,45,197,16
-1,45,198,12
-1,45,199,5
-1,45,200,29
-1,45,201,15
-1,45,202,20
-1,45,203,18
-1,45,204,17
-1,45,205,38
-1,45,206,10
-1,45,207,21
-1,45,208,20
-1,45,209,14
-1,45,210,43
-1,45,211,14
-1,45,212,23
-1,45,213,23
-1,45,214,21
-1,45,215,6
-1,45,216,5
-1,45,217,12
-1,45,218,11
-1,45,219,31
-1,45,220,28
-1,45,221,42
-1,45,222,15
-1,45,223,0
-1,45,224,37
-1,45,225,34
-1,45,226,9
-1,45,227,38
-1,45,228,14
-1,45,229,30
-1,45,230,13
-1,45,231,40
-1,45,232,28
-1,45,233,36
-1,45,234,43
-1,45,235,34
-1,45,236,41
-1,45,237,41
-1,45,238,37
-1,45,239,9
-1,45,240,14
-1,45,241,1
-1,45,242,42
-1,45,243,12
-1,45,244,40
-1,45,245,31
-1,45,246,37
-1,45,247,3
-1,45,248,2
-1,45,249,19
-1,45,250,36
-1,45,251,19
-1,45,252,41
-1,45,253,18
-1,45,254,41
-1,45,255,8
-1,45,256,18
-1,45,257,1
-1,45,258,43
-1,45,259,36
-1,45,260,15
-1,45,261,10
-1,45,262,28
-1,45,263,11
-1,45,264,29
-1,45,265,42
-1,45,266,26
-1,45,267,13
-1,45,268,26
-1,45,269,16
-1,45,270,43
-1,45,271,18
-1,45,272,40
-1,45,273,19
-1,45,274,4
-1,45,275,7
-1,45,276,3
-1,45,277,18
-1,45,278,34
-1,45,279,36
-1,45,280,11
-1,45,281,33
-1,45,282,20
-1,45,283,31
-1,45,284,21
-1,45,285,20
-1,45,286,7
-1,45,287,38
-1,45,288,10
-1,45,289,28
-1,45,290,41
-1,45,291,0
-1,45,292,11
-1,45,293,21
-1,45,294,5
-1,45,295,10
-1,45,296,4
-1,45,297,35
-1,45,298,14
-1,45,299,5
-1,45,300,10
-1,45,301,14
-1,45,302,16
-1,45,303,0
-1,45,304,11
-1,45,305,27
-1,45,306,10
-1,45,307,23
-1,45,308,6
-1,45,309,8
-1,45,310,30
-1,45,311,28
-1,45,312,14
-1,45,313,9
-1,45,314,21
-1,45,315,2
-1,45,316,26
-1,45,317,35
-1,45,318,0
-1,45,319,25
-1,45,320,37
-1,45,321,23
-1,45,322,9
-1,45,323,23
-1,45,324,15
-1,45,325,26
-1,45,326,10
-1,45,327,44
-1,45,328,28
-1,45,329,18
-1,45,330,40
-1,45,331,22
-1,45,332,26
-1,45,333,19
-1,45,334,36
-1,45,335,33
-1,45,336,16
-1,45,337,8
-1,45,338,9
-1,45,339,10
-1,45,340,21
-1,45,341,39
-1,45,342,40
-1,45,343,4
-1,45,344,17
-1,45,345,2
-1,45,346,22
-1,45,347,15
-1,45,348,30
-1,45,349,19
-1,45,350,9
-1,45,351,21
-1,45,352,14
-1,45,353,13
-1,45,354,15
-1,45,355,21
-1,45,356,33
-1,45,357,33
-1,45,358,27
-1,45,359,15
-1,45,360,36
-1,45,361,25
-1,45,362,31
-1,45,363,8
-1,45,364,41
-1,45,365,16
-1,45,366,34
-1,45,367,14
-1,45,368,5
-1,45,369,2
-1,45,370,34
-1,45,371,10
-1,45,372,25
-1,45,373,10
-1,45,374,25
-1,45,375,37
-1,45,376,19
-1,45,377,0
-1,45,378,11
-1,45,379,12
-1,45,380,26
-1,45,381,43
-1,45,382,32
-1,45,383,33
-1,45,384,30
-1,45,385,28
-1,45,386,12
-1,45,387,12
-1,45,388,7
-1,45,389,41
-1,45,390,38
-1,45,391,7
-1,45,392,18
-1,45,393,8
-1,45,394,43
-1,45,395,15
-1,45,396,18
-1,45,397,34
-1,45,398,6
-1,45,399,44
-1,45,400,13
-1,45,401,39
-1,45,402,16
-1,45,403,10
-1,45,404,27
-1,45,405,17
-1,45,406,18
-1,45,407,30
-1,45,408,2
-1,45,409,23
-1,45,410,35
-1,45,411,26
-1,45,412,20
-1,45,413,34
-1,45,414,6
-1,45,415,36
-1,45,416,19
-1,45,417,31
-1,45,418,13
-1,45,419,9
-1,45,420,2
-1,45,421,15
-1,45,422,25
-1,45,423,29
-1,45,424,18
-1,45,425,29
-1,45,426,14
-1,45,427,17
-1,45,428,12
-1,45,429,25
-1,45,430,3
-1,45,431,3
-1,45,432,11
-1,45,433,20
-1,45,434,0
-1,45,435,18
-1,45,436,22
-1,45,437,39
-1,45,438,30
-1,45,439,31
-1,45,440,38
-1,45,441,33
-1,45,442,36
-1,45,443,12
-1,45,444,23
-1,45,445,22
-1,45,446,30
-1,45,447,19
-1,45,448,33
-1,45,449,14
-1,45,450,0
-1,45,451,34
-1,45,452,1
-1,45,453,40
-1,45,454,39
-1,45,455,28
-1,45,456,33
-1,45,457,14
-1,45,458,30
-1,45,459,7
-1,45,460,36
-1,45,461,24
-1,45,462,1
-1,45,463,16
-1,45,464,28
-1,45,465,38
-1,45,466,20
-1,45,467,8
-1,45,468,28
-1,45,469,41
-1,45,470,20
-1,45,471,37
-1,45,472,20
-1,45,473,30
-1,45,474,9
-1,45,475,32
-1,45,476,34
-1,45,477,40
-1,45,478,25
-1,45,479,18
-1,45,480,25
-1,45,481,41
-1,45,482,7
-1,45,483,41
-1,45,484,27
-1,45,485,33
-1,45,486,22
-1,45,487,22
-1,45,488,7
-1,45,489,13
-1,45,490,40
-1,45,491,39
-1,45,492,14
-1,45,493,26
-1,45,494,5
-1,45,495,14
-1,45,496,10
-1,45,497,7
-1,45,498,26
-1,45,499,4
-1,45,500,40
-1,45,501,23
-1,45,502,11
-1,45,503,9
-1,45,504,38
-1,45,505,33
-1,45,506,21
-1,45,507,18
-1,45,508,11
-1,45,509,37
-1,45,510,14
-1,45,511,19
-1,45,512,34
-1,45,513,16
-1,45,514,28
-1,45,515,33
-1,45,516,37
-1,45,517,0
-1,45,518,9
-1,45,519,25
-1,45,520,17
-1,45,521,4
-1,45,522,26
-1,45,523,23
-1,45,524,6
-1,45,525,24
-1,45,526,41
-1,45,527,27
-1,45,528,37
-1,45,529,27
-1,45,530,19
-1,45,531,13
-1,45,532,26
-1,45,533,38
-1,45,534,2
-1,45,535,13
-1,45,536,21
-1,45,537,4
-1,45,538,14
-1,45,539,35
-1,45,540,23
-1,45,541,7
-1,45,542,40
-1,45,543,12
-1,45,544,37
-1,45,545,20
-1,45,546,2
-1,45,547,20
-1,45,548,31
-1,45,549,4
-1,45,550,17
-1,45,551,36
-1,45,552,22
-1,45,553,33
-1,45,554,2
-1,45,555,36
-1,45,556,43
-1,45,557,25
-1,45,558,32
-1,45,559,40
-1,45,560,29
-1,45,561,39
-1,45,562,14
-1,45,563,33
-1,45,564,40
-1,45,565,4
-1,45,566,11
-1,45,567,10
-1,45,568,16
-1,45,569,8
-1,45,570,27
-1,45,571,5
-1,45,572,33
-1,45,573,10
-1,45,574,22
-1,45,575,25
-1,45,576,42
-1,45,577,28
-1,45,578,10
-1,45,579,14
-1,45,580,27
-1,45,581,5
-1,45,582,12
-1,45,583,18
-1,45,584,28
-1,45,585,33
-1,45,586,0
-1,45,587,18
-1,45,588,9
-1,45,589,18
-1,45,590,12
-1,45,591,38
-1,45,592,26
-1,45,593,33
-1,45,594,24
-1,45,595,5
-1,45,596,3
-1,45,597,44
-1,45,598,10
-1,45,599,42
-1,45,600,18
-1,45,601,23
-1,45,602,22
-1,45,603,26
-1,45,604,22
-1,45,605,16
-1,45,606,21
-1,45,607,6
-1,45,608,6
-1,45,609,38
-1,45,610,41
-1,45,611,44
-1,45,612,43
-1,45,613,0
-1,45,614,43
-1,45,615,30
-1,45,616,36
-1,45,617,4
-1,45,618,29
-1,45,619,12
-1,45,620,33
-1,45,621,12
-1,45,622,13
-1,45,623,35
-1,45,624,32
-1,45,625,11
-1,45,626,26
-1,45,627,32
-1,45,628,14
-1,45,629,43
-1,45,630,30
-1,45,631,42
-1,45,632,43
-1,45,633,1
-1,45,634,36
-1,45,635,26
-1,45,636,21
-1,45,637,37
-1,45,638,8
-1,45,639,8
-1,45,640,3
-1,45,641,23
-1,45,642,7
-1,45,643,3
-1,45,644,18
-1,45,645,8
-1,45,646,22
-1,45,647,6
-1,45,648,26
-1,45,649,37
-1,45,650,27
-1,45,651,3
-1,45,652,9
-1,45,653,37
-1,45,654,15
-1,45,655,33
-1,45,656,3
-1,45,657,23
-1,45,658,29
-1,45,659,23
-1,45,660,3
-1,45,661,29
-1,45,662,29
-1,45,663,32
-1,45,664,6
-1,45,665,32
-1,45,666,19
-1,45,667,44
-1,45,668,7
-1,45,669,42
-1,45,670,42
-1,45,671,23
-1,45,672,0
-1,45,673,14
-1,45,674,31
-1,45,675,4
-1,45,676,19
-1,45,677,12
-1,45,678,42
-1,45,679,0
-1,45,680,37
-1,45,681,13
-1,45,682,8
-1,45,683,6
-1,45,684,44
-1,45,685,18
-1,45,686,21
-1,45,687,3
-1,45,688,37
-1,45,689,26
-1,45,690,14
-1,45,691,8
-1,45,692,33
-1,45,693,22
-1,45,694,26
-1,45,695,13
-1,45,696,20
-1,45,697,13
-1,45,698,32
-1,45,699,2
-1,45,700,19
-1,45,701,23
-1,45,702,15
-1,45,703,1
-1,45,704,29
-1,45,705,26
-1,45,706,14
-1,45,707,19
-1,45,708,39
-1,45,709,15
-1,45,710,43
-1,45,711,23
-1,45,712,38
-1,45,713,18
-1,45,714,29
-1,45,715,17
-1,45,716,24
-1,45,717,27
-1,45,718,29
-1,45,719,17
-1,45,720,13
-1,45,721,26
-1,45,722,4
-1,45,723,4
-1,45,724,3
-1,45,725,35
-1,45,726,40
-1,45,727,14
-1,45,728,7
-1,45,729,32
-1,45,730,1
-1,45,731,40
-1,45,732,18
-1,45,733,31
-1,45,734,1
-1,45,735,25
-1,45,736,15
-1,45,737,9
-1,45,738,32
-1,45,739,25
-1,45,740,11
-1,45,741,35
-1,45,742,37
-1,45,743,8
-1,45,744,4
-1,45,745,37
-1,45,746,34
-1,45,747,29
-1,45,748,2
-1,45,749,6
-1,45,750,18
-1,45,751,40
-1,45,752,28
-1,45,753,14
-1,45,754,36
-1,45,755,30
-1,45,756,31
-1,45,757,18
-1,45,758,2
-1,45,759,24
-1,45,760,31
-1,45,761,25
-1,45,762,24
-1,45,763,33
-1,45,764,29
-1,45,765,36
-1,45,766,13
-1,45,767,33
-1,45,768,41
-1,45,769,19
-1,45,770,15
-1,45,771,26
-1,45,772,7
-1,45,773,11
-1,45,774,24
-1,45,775,1
-1,45,776,19
-1,45,777,30
-1,45,778,36
-1,45,779,31
-1,45,780,12
-1,45,781,40
-1,45,782,34
-1,45,783,19
-1,45,784,34
-1,45,785,29
-1,45,786,2
-1,45,787,41
-1,45,788,9
-1,45,789,16
-1,45,790,16
-1,45,791,14
-1,45,792,14
-1,45,793,39
-1,45,794,23
-1,45,795,13
-1,45,796,18
-1,45,797,42
-1,45,798,24
-1,45,799,34
-1,45,800,43
-1,45,801,38
-1,45,802,16
-1,45,803,17
-1,45,804,10
-1,45,805,19
-1,45,806,4
-1,45,807,34
-1,45,808,44
-1,45,809,17
-1,45,810,15
-1,45,811,28
-1,45,812,33
-1,45,813,27
-1,45,814,41
-1,45,815,2
-1,45,816,31
-1,45,817,13
-1,45,818,36
-1,45,819,44
-1,45,820,26
-1,45,821,5
-1,45,822,12
-1,45,823,26
-1,45,824,0
-1,45,825,13
-1,45,826,32
-1,45,827,4
-1,45,828,25
-1,45,829,2
-1,45,830,27
-1,45,831,41
-1,45,832,15
-1,45,833,2
-1,45,834,39
-1,45,835,3
-1,45,836,8
-1,45,837,15
-1,45,838,34
-1,45,839,27
-1,45,840,40
-1,45,841,38
-1,45,842,14
-1,45,843,33
-1,45,844,17
-1,45,845,24
-1,45,846,32
-1,45,847,4
-1,45,848,19
-1,45,849,22
-1,45,850,43
-1,45,851,1
-1,45,852,21
-1,45,853,32
-1,45,854,39
-1,45,855,32
-1,45,856,31
-1,45,857,17
-1,45,858,21
-1,45,859,19
-1,45,860,33
-1,45,861,9
-1,45,862,43
-1,45,863,14
-1,45,864,30
-1,45,865,14
-1,45,866,27
-1,45,867,35
-1,45,868,22
-1,45,869,43
-1,45,870,28
-1,45,871,20
-1,45,872,42
-1,45,873,16
-1,45,874,32
-1,45,875,34
-1,45,876,36
-1,45,877,9
-1,45,878,11
-1,45,879,26
-1,45,880,32
-1,45,881,33
-1,45,882,11
-1,45,883,17
-1,45,884,18
-1,45,885,2
-1,45,886,7
-1,45,887,20
-1,45,888,31
-1,45,889,16
-1,45,890,31
-1,45,891,40
-1,45,892,3
-1,45,893,42
-1,45,894,2
-1,45,895,10
-1,45,896,19
-1,45,897,31
-1,45,898,8
-1,45,899,20
-1,45,900,3
-1,45,901,4
-1,45,902,36
-1,45,903,12
-1,45,904,5
-1,45,905,2
-1,45,906,25
-1,45,907,2
-1,45,908,43
-1,45,909,41
-1,45,910,25
-1,45,911,29
-1,45,912,16
-1,45,913,42
-1,45,914,35
-1,45,915,19
-1,45,916,24
-1,45,917,13
-1,45,918,5
-1,45,919,11
-1,45,920,33
-1,45,921,20
-1,45,922,25
-1,45,923,9
-1,45,924,20
-1,45,925,34
-1,45,926,7
-1,45,927,43
-1,45,928,2
-1,45,929,40
-1,45,930,29
-1,45,931,42
-1,45,932,43
-1,45,933,29
-1,45,934,32
-1,45,935,10
-1,45,936,39
-1,45,937,21
-1,45,938,37
-1,45,939,24
-1,45,940,34
-1,45,941,39
-1,45,942,34
-1,45,943,25
-1,45,944,39
-1,45,945,25
-1,45,946,22
-1,45,947,36
-1,45,948,35
-1,45,949,20
-1,45,950,32
-1,45,951,32
-1,45,952,18
-1,45,953,33
-1,45,954,3
-1,45,955,0
-1,45,956,37
-1,45,957,6
-1,45,958,15
-1,45,959,14
-1,45,960,41
-1,45,961,15
-1,45,962,21
-1,45,963,29
-1,45,964,31
-1,45,965,34
-1,45,966,29
-1,45,967,41
-1,45,968,18
-1,45,969,19
-1,45,970,11
-1,45,971,30
-1,45,972,21
-1,45,973,18
-1,45,974,7
-1,45,975,13
-1,45,976,4
-1,45,977,31
-1,45,978,28
-1,45,979,21
-1,45,980,43
-1,45,981,37
-1,45,982,8
-1,45,983,21
-1,45,984,22
-1,45,985,7
-1,45,986,42
-1,45,987,34
-1,45,988,32
-1,45,989,21
-1,45,990,35
-1,45,991,19
-1,45,992,9
-1,45,993,20
-1,45,994,44
-1,45,995,15
-1,45,996,20
-1,45,997,4
-1,45,998,36
-1,45,999,8
-1,45,1000,3
-1,111,1,22
-1,111,2,71
-1,111,3,14
-1,111,4,88
-1,111,5,51
-1,111,6,54
-1,111,7,0
-1,111,8,32
-1,111,9,20
-1,111,10,48
-1,111,11,32
-1,111,12,26
-1,111,13,55
-1,111,14,67
-1,111,15,98
-1,111,16,28
-1,111,17,68
-1,111,18,83
-1,111,19,77
-1,111,20,80
-1,111,21,97
-1,111,22,18
-1,111,23,60
-1,111,24,58
-1,111,25,3
-1,111,26,90
-1,111,27,37
-1,111,28,76
-1,111,29,11
-1,111,30,55
-1,111,31,26
-1,111,32,71
-1,111,33,94
-1,111,34,27
-1,111,35,108
-1,111,36,51
-1,111,37,83
-1,111,38,96
-1,111,39,70
-1,111,40,57
-1,111,41,90
-1,111,42,4
-1,111,43,55
-1,111,44,54
-1,111,45,109
-1,111,46,42
-1,111,47,66
-1,111,48,31
-1,111,49,1
-1,111,50,42
-1,111,51,32
-1,111,52,32
-1,111,53,12
-1,111,54,79
-1,111,55,87
-1,111,56,104
-1,111,57,64
-1,111,58,33
-1,111,59,0
-1,111,60,43
-1,111,61,56
-1,111,62,93
-1,111,63,72
-1,111,64,31
-1,111,65,72
-1,111,66,7
-1,111,67,58
-1,111,68,44
-1,111,69,14
-1,111,70,83
-1,111,71,32
-1,111,72,104
-1,111,73,61
-1,111,74,28
-1,111,75,64
-1,111,76,105
-1,111,77,36
-1,111,78,11
-1,111,79,49
-1,111,80,30
-1,111,81,29
-1,111,82,9
-1,111,83,28
-1,111,84,11
-1,111,85,98
-1,111,86,38
-1,111,87,70
-1,111,88,100
-1,111,89,39
-1,111,90,29
-1,111,91,62
-1,111,92,3
-1,111,93,47
-1,111,94,53
-1,111,95,17
-1,111,96,61
-1,111,97,31
-1,111,98,32
-1,111,99,80
-1,111,100,104
-1,111,101,73
-1,111,102,68
-1,111,103,77
-1,111,104,86
-1,111,105,0
-1,111,106,49
-1,111,107,51
-1,111,108,24
-1,111,109,37
-1,111,110,68
-1,111,111,29
-1,111,112,45
-1,111,113,11
-1,111,114,79
-1,111,115,104
-1,111,116,54
-1,111,117,97
-1,111,118,6
-1,111,119,54
-1,111,120,105
-1,111,121,53
-1,111,122,22
-1,111,123,100
-1,111,124,18
-1,111,125,63
-1,111,126,92
-1,111,127,16
-1,111,128,95
-1,111,129,97
-1,111,130,8
-1,111,131,31
-1,111,132,24
-1,111,133,96
-1,111,134,101
-1,111,135,75
-1,111,136,9
-1,111,137,17
-1,111,138,54
-1,111,139,84
-1,111,140,36
-1,111,141,36
-1,111,142,25
-1,111,143,70
-1,111,144,62
-1,111,145,1
-1,111,146,67
-1,111,147,68
-1,111,148,4
-1,111,149,84
-1,111,150,2
-1,111,151,32
-1,111,152,16
-1,111,153,89
-1,111,154,68
-1,111,155,86
-1,111,156,9
-1,111,157,30
-1,111,158,5
-1,111,159,82
-1,111,160,22
-1,111,161,92
-1,111,162,45
-1,111,163,60
-1,111,164,23
-1,111,165,56
-1,111,166,46
-1,111,167,100
-1,111,168,71
-1,111,169,26
-1,111,170,78
-1,111,171,96
-1,111,172,19
-1,111,173,110
-1,111,174,103
-1,111,175,81
-1,111,176,108
-1,111,177,17
-1,111,178,91
-1,111,179,60
-1,111,180,99
-1,111,181,84
-1,111,182,82
-1,111,183,97
-1,111,184,37
-1,111,185,52
-1,111,186,4
-1,111,187,89
-1,111,188,73
-1,111,189,41
-1,111,190,96
-1,111,191,106
-1,111,192,85
-1,111,193,103
-1,111,194,17
-1,111,195,30
-1,111,196,35
-1,111,197,71
-1,111,198,80
-1,111,199,21
-1,111,200,109
-1,111,201,110
-1,111,202,105
-1,111,203,79
-1,111,204,10
-1,111,205,29
-1,111,206,4
-1,111,207,25
-1,111,208,57
-1,111,209,47
-1,111,210,42
-1,111,211,86
-1,111,212,53
-1,111,213,96
-1,111,214,1
-1,111,215,95
-1,111,216,2
-1,111,217,102
-1,111,218,88
-1,111,219,28
-1,111,220,58
-1,111,221,36
-1,111,222,44
-1,111,223,73
-1,111,224,26
-1,111,225,5
-1,111,226,80
-1,111,227,96
-1,111,228,94
-1,111,229,3
-1,111,230,47
-1,111,231,69
-1,111,232,57
-1,111,233,35
-1,111,234,78
-1,111,235,47
-1,111,236,3
-1,111,237,89
-1,111,238,58
-1,111,239,56
-1,111,240,34
-1,111,241,33
-1,111,242,84
-1,111,243,106
-1,111,244,80
-1,111,245,109
-1,111,246,12
-1,111,247,69
-1,111,248,93
-1,111,249,79
-1,111,250,84
-1,111,251,110
-1,111,252,59
-1,111,253,18
-1,111,254,81
-1,111,255,47
-1,111,256,102
-1,111,257,10
-1,111,258,21
-1,111,259,20
-1,111,260,58
-1,111,261,14
-1,111,262,107
-1,111,263,78
-1,111,264,87
-1,111,265,23
-1,111,266,21
-1,111,267,48
-1,111,268,70
-1,111,269,5
-1,111,270,76
-1,111,271,75
-1,111,272,31
-1,111,273,92
-1,111,274,42
-1,111,275,47
-1,111,276,79
-1,111,277,0
-1,111,278,101
-1,111,279,98
-1,111,280,9
-1,111,281,102
-1,111,282,78
-1,111,283,94
-1,111,284,13
-1,111,285,104
-1,111,286,28
-1,111,287,100
-1,111,288,107
-1,111,289,34
-1,111,290,41
-1,111,291,57
-1,111,292,50
-1,111,293,105
-1,111,294,101
-1,111,295,59
-1,111,296,73
-1,111,297,14
-1,111,298,50
-1,111,299,65
-1,111,300,42
-1,111,301,76
-1,111,302,104
-1,111,303,31
-1,111,304,101
-1,111,305,67
-1,111,306,66
-1,111,307,19
-1,111,308,50
-1,111,309,36
-1,111,310,50
-1,111,311,46
-1,111,312,49
-1,111,313,19
-1,111,314,105
-1,111,315,18
-1,111,316,105
-1,111,317,8
-1,111,318,82
-1,111,319,45
-1,111,320,1
-1,111,321,107
-1,111,322,100
-1,111,323,15
-1,111,324,74
-1,111,325,28
-1,111,326,75
-1,111,327,49
-1,111,328,56
-1,111,329,93
-1,111,330,106
-1,111,331,90
-1,111,332,77
-1,111,333,90
-1,111,334,80
-1,111,335,107
-1,111,336,82
-1,111,337,104
-1,111,338,19
-1,111,339,4
-1,111,340,71
-1,111,341,67
-1,111,342,18
-1,111,343,34
-1,111,344,100
-1,111,345,75
-1,111,346,33
-1,111,347,20
-1,111,348,95
-1,111,349,61
-1,111,350,21
-1,111,351,20
-1,111,352,71
-1,111,353,102
-1,111,354,10
-1,111,355,28
-1,111,356,105
-1,111,357,64
-1,111,358,75
-1,111,359,21
-1,111,360,5
-1,111,361,74
-1,111,362,56
-1,111,363,68
-1,111,364,35
-1,111,365,14
-1,111,366,49
-1,111,367,69
-1,111,368,74
-1,111,369,78
-1,111,370,16
-1,111,371,64
-1,111,372,11
-1,111,373,91
-1,111,374,10
-1,111,375,62
-1,111,376,23
-1,111,377,60
-1,111,378,6
-1,111,379,72
-1,111,380,55
-1,111,381,94
-1,111,382,28
-1,111,383,78
-1,111,384,73
-1,111,385,21
-1,111,386,66
-1,111,387,26
-1,111,388,35
-1,111,389,0
-1,111,390,89
-1,111,391,101
-1,111,392,23
-1,111,393,9
-1,111,394,87
-1,111,395,15
-1,111,396,26
-1,111,397,10
-1,111,398,108
-1,111,399,28
-1,111,400,82
-1,111,401,104
-1,111,402,22
-1,111,403,58
-1,111,404,26
-1,111,405,83
-1,111,406,100
-1,111,407,97
-1,111,408,80
-1,111,409,72
-1,111,410,9
-1,111,411,74
-1,111,412,59
-1,111,413,21
-1,111,414,39
-1,111,415,104
-1,111,416,4
-1,111,417,81
-1,111,418,66
-1,111,419,86
-1,111,420,61
-1,111,421,61
-1,111,422,79
-1,111,423,94
-1,111,424,83
-1,111,425,73
-1,111,426,21
-1,111,427,14
-1,111,428,47
-1,111,429,77
-1,111,430,79
-1,111,431,21
-1,111,432,33
-1,111,433,97
-1,111,434,27
-1,111,435,15
-1,111,436,100
-1,111,437,89
-1,111,438,50
-1,111,439,95
-1,111,440,61
-1,111,441,54
-1,111,442,109
-1,111,443,8
-1,111,444,105
-1,111,445,16
-1,111,446,55
-1,111,447,34
-1,111,448,78
-1,111,449,110
-1,111,450,69
-1,111,451,2
-1,111,452,98
-1,111,453,51
-1,111,454,74
-1,111,455,25
-1,111,456,52
-1,111,457,74
-1,111,458,89
-1,111,459,48
-1,111,460,37
-1,111,461,83
-1,111,462,0
-1,111,463,11
-1,111,464,12
-1,111,465,90
-1,111,466,107
-1,111,467,96
-1,111,468,33
-1,111,469,94
-1,111,470,61
-1,111,471,92
-1,111,472,49
-1,111,473,76
-1,111,474,12
-1,111,475,55
-1,111,476,60
-1,111,477,49
-1,111,478,7
-1,111,479,41
-1,111,480,38
-1,111,481,7
-1,111,482,18
-1,111,483,72
-1,111,484,43
-1,111,485,15
-1,111,486,18
-1,111,487,62
-1,111,488,98
-1,111,489,56
-1,111,490,58
-1,111,491,70
-1,111,492,58
-1,111,493,108
-1,111,494,77
-1,111,495,103
-1,111,496,80
-1,111,497,57
-1,111,498,10
-1,111,499,27
-1,111,500,17
-1,111,501,18
-1,111,502,30
-1,111,503,66
-1,111,504,87
-1,111,505,35
-1,111,506,26
-1,111,507,84
-1,111,508,34
-1,111,509,70
-1,111,510,36
-1,111,511,19
-1,111,512,31
-1,111,513,13
-1,111,514,73
-1,111,515,2
-1,111,516,15
-1,111,517,89
-1,111,518,93
-1,111,519,18
-1,111,520,60
-1,111,521,29
-1,111,522,78
-1,111,523,48
-1,111,524,81
-1,111,525,12
-1,111,526,51
-1,111,527,25
-1,111,528,3
-1,111,529,67
-1,111,530,11
-1,111,531,20
-1,111,532,0
-1,111,533,18
-1,111,534,86
-1,111,535,39
-1,111,536,94
-1,111,537,31
-1,111,538,102
-1,111,539,33
-1,111,540,110
-1,111,541,52
-1,111,542,100
-1,111,543,49
-1,111,544,76
-1,111,545,23
-1,111,546,48
-1,111,547,86
-1,111,548,94
-1,111,549,83
-1,111,550,97
-1,111,551,110
-1,111,552,14
-1,111,553,50
-1,111,554,59
-1,111,555,64
-1,111,556,98
-1,111,557,1
-1,111,558,40
-1,111,559,103
-1,111,560,28
-1,111,561,33
-1,111,562,78
-1,111,563,94
-1,111,564,53
-1,111,565,71
-1,111,566,109
-1,111,567,36
-1,111,568,51
-1,111,569,88
-1,111,570,1
-1,111,571,80
-1,111,572,92
-1,111,573,38
-1,111,574,20
-1,111,575,8
-1,111,576,92
-1,111,577,105
-1,111,578,84
-1,111,579,101
-1,111,580,20
-1,111,581,94
-1,111,582,9
-1,111,583,32
-1,111,584,34
-1,111,585,40
-1,111,586,110
-1,111,587,51
-1,111,588,89
-1,111,589,18
-1,111,590,89
-1,111,591,41
-1,111,592,71
-1,111,593,110
-1,111,594,41
-1,111,595,27
-1,111,596,97
-1,111,597,86
-1,111,598,86
-1,111,599,7
-1,111,600,13
-1,111,601,54
-1,111,602,47
-1,111,603,104
-1,111,604,103
-1,111,605,78
-1,111,606,48
-1,111,607,26
-1,111,608,47
-1,111,609,69
-1,111,610,14
-1,111,611,10
-1,111,612,51
-1,111,613,45
-1,111,614,71
-1,111,615,90
-1,111,616,4
-1,111,617,50
-1,111,618,40
-1,111,619,23
-1,111,620,11
-1,111,621,9
-1,111,622,102
-1,111,623,52
-1,111,624,33
-1,111,625,85
-1,111,626,52
-1,111,627,110
-1,111,628,82
-1,111,629,11
-1,111,630,101
-1,111,631,78
-1,111,632,19
-1,111,633,98
-1,111,634,80
-1,111,635,28
-1,111,636,97
-1,111,637,101
-1,111,638,0
-1,111,639,73
-1,111,640,89
-1,111,641,17
-1,111,642,56
-1,111,643,68
-1,111,644,59
-1,111,645,26
-1,111,646,87
-1,111,647,6
-1,111,648,88
-1,111,649,105
-1,111,650,27
-1,111,651,101
-1,111,652,91
-1,111,653,83
-1,111,654,13
-1,111,655,26
-1,111,656,45
-1,111,657,38
-1,111,658,66
-1,111,659,13
-1,111,660,85
-1,111,661,4
-1,111,662,78
-1,111,663,35
-1,111,664,87
-1,111,665,71
-1,111,666,40
-1,111,667,12
-1,111,668,101
-1,111,669,20
-1,111,670,66
-1,111,671,84
-1,111,672,31
-1,111,673,4
-1,111,674,63
-1,111,675,17
-1,111,676,36
-1,111,677,22
-1,111,678,97
-1,111,679,66
-1,111,680,100
-1,111,681,43
-1,111,682,25
-1,111,683,96
-1,111,684,40
-1,111,685,29
-1,111,686,103
-1,111,687,14
-1,111,688,97
-1,111,689,40
-1,111,690,45
-1,111,691,47
-1,111,692,68
-1,111,693,75
-1,111,694,62
-1,111,695,74
-1,111,696,53
-1,111,697,80
-1,111,698,8
-1,111,699,91
-1,111,700,69
-1,111,701,97
-1,111,702,74
-1,111,703,22
-1,111,704,25
-1,111,705,52
-1,111,706,42
-1,111,707,50
-1,111,708,28
-1,111,709,63
-1,111,710,74
-1,111,711,14
-1,111,712,91
-1,111,713,69
-1,111,714,63
-1,111,715,12
-1,111,716,18
-1,111,717,92
-1,111,718,55
-1,111,719,33
-1,111,720,64
-1,111,721,18
-1,111,722,73
-1,111,723,82
-1,111,724,12
-1,111,725,56
-1,111,726,38
-1,111,727,26
-1,111,728,97
-1,111,729,109
-1,111,730,88
-1,111,731,5
-1,111,732,67
-1,111,733,109
-1,111,734,108
-1,111,735,49
-1,111,736,47
-1,111,737,10
-1,111,738,106
-1,111,739,18
-1,111,740,54
-1,111,741,87
-1,111,742,22
-1,111,743,62
-1,111,744,90
-1,111,745,86
-1,111,746,80
-1,111,747,85
-1,111,748,6
-1,111,749,6
-1,111,750,102
-1,111,751,105
-1,111,752,44
-1,111,753,43
-1,111,754,0
-1,111,755,57
-1,111,756,107
-1,111,757,30
-1,111,758,100
-1,111,759,68
-1,111,760,29
-1,111,761,76
-1,111,762,33
-1,111,763,12
-1,111,764,77
-1,111,765,35
-1,111,766,110
-1,111,767,32
-1,111,768,75
-1,111,769,26
-1,111,770,32
-1,111,771,14
-1,111,772,43
-1,111,773,30
-1,111,774,42
-1,111,775,43
-1,111,776,45
-1,111,777,110
-1,111,778,65
-1,111,779,100
-1,111,780,90
-1,111,781,21
-1,111,782,37
-1,111,783,63
-1,111,784,8
-1,111,785,8
-1,111,786,53
-1,111,787,67
-1,111,788,87
-1,111,789,71
-1,111,790,67
-1,111,791,18
-1,111,792,8
-1,111,793,22
-1,111,794,54
-1,111,795,47
-1,111,796,6
-1,111,797,26
-1,111,798,37
-1,111,799,27
-1,111,800,67
-1,111,801,9
-1,111,802,37
-1,111,803,79
-1,111,804,33
-1,111,805,67
-1,111,806,23
-1,111,807,93
-1,111,808,87
-1,111,809,45
-1,111,810,3
-1,111,811,58
-1,111,812,45
-1,111,813,50
-1,111,814,29
-1,111,815,93
-1,111,816,32
-1,111,817,6
-1,111,818,32
-1,111,819,45
-1,111,820,83
-1,111,821,44
-1,111,822,7
-1,111,823,42
-1,111,824,106
-1,111,825,23
-1,111,826,54
-1,111,827,64
-1,111,828,78
-1,111,829,31
-1,111,830,68
-1,111,831,61
-1,111,832,19
-1,111,833,76
-1,111,834,106
-1,111,835,64
-1,111,836,101
-1,111,837,51
-1,111,838,13
-1,111,839,8
-1,111,840,62
-1,111,841,6
-1,111,842,108
-1,111,843,82
-1,111,844,85
-1,111,845,3
-1,111,846,101
-1,111,847,26
-1,111,848,14
-1,111,849,72
-1,111,850,48
-1,111,851,109
-1,111,852,97
-1,111,853,48
-1,111,854,61
-1,111,855,86
-1,111,856,26
-1,111,857,77
-1,111,858,20
-1,111,859,77
-1,111,860,96
-1,111,861,58
-1,111,862,66
-1,111,863,109
-1,111,864,19
-1,111,865,87
-1,111,866,15
-1,111,867,1
-1,111,868,93
-1,111,869,26
-1,111,870,78
-1,111,871,19
-1,111,872,39
-1,111,873,15
-1,111,874,43
-1,111,875,23
-1,111,876,102
-1,111,877,82
-1,111,878,57
-1,111,879,29
-1,111,880,81
-1,111,881,47
-1,111,882,24
-1,111,883,91
-1,111,884,29
-1,111,885,17
-1,111,886,77
-1,111,887,58
-1,111,888,90
-1,111,889,68
-1,111,890,68
-1,111,891,3
-1,111,892,35
-1,111,893,104
-1,111,894,78
-1,111,895,71
-1,111,896,96
-1,111,897,1
-1,111,898,40
-1,111,899,82
-1,111,900,54
-1,111,901,54
-1,111,902,95
-1,111,903,65
-1,111,904,89
-1,111,905,15
-1,111,906,52
-1,111,907,73
-1,111,908,60
-1,111,909,32
-1,111,910,25
-1,111,911,75
-1,111,912,99
-1,111,913,37
-1,111,914,55
-1,111,915,72
-1,111,916,4
-1,111,917,37
-1,111,918,98
-1,111,919,93
-1,111,920,66
-1,111,921,56
-1,111,922,70
-1,111,923,18
-1,111,924,40
-1,111,925,92
-1,111,926,55
-1,111,927,47
-1,111,928,78
-1,111,929,100
-1,111,930,94
-1,111,931,31
-1,111,932,18
-1,111,933,2
-1,111,934,88
-1,111,935,31
-1,111,936,89
-1,111,937,50
-1,111,938,88
-1,111,939,33
-1,111,940,93
-1,111,941,100
-1,111,942,51
-1,111,943,13
-1,111,944,97
-1,111,945,50
-1,111,946,48
-1,111,947,41
-1,111,948,47
-1,111,949,57
-1,111,950,62
-1,111,951,45
-1,111,952,83
-1,111,953,79
-1,111,954,26
-1,111,955,71
-1,111,956,11
-1,111,957,24
-1,111,958,65
-1,111,959,19
-1,111,960,62
-1,111,961,30
-1,111,962,36
-1,111,963,95
-1,111,964,12
-1,111,965,104
-1,111,966,109
-1,111,967,98
-1,111,968,19
-1,111,969,53
-1,111,970,34
-1,111,971,93
-1,111,972,66
-1,111,973,41
-1,111,974,9
-1,111,975,16
-1,111,976,16
-1,111,977,78
-1,111,978,48
-1,111,979,78
-1,111,980,103
-1,111,981,46
-1,111,982,45
-1,111,983,23
-1,111,984,13
-1,111,985,18
-1,111,986,42
-1,111,987,88
-1,111,988,98
-1,111,989,43
-1,111,990,38
-1,111,991,45
-1,111,992,16
-1,111,993,81
-1,111,994,74
-1,111,995,83
-1,111,996,4
-1,111,997,98
-1,111,998,51
-1,111,999,108
-1,111,1000,17
-1,128,1,22
-1,128,2,125
-1,128,3,71
-1,128,4,14
-1,128,5,88
-1,128,6,127
-1,128,7,51
-1,128,8,54
-1,128,9,0
-1,128,10,112
-1,128,11,32
-1,128,12,20
-1,128,13,48
-1,128,14,32
-1,128,15,26
-1,128,16,55
-1,128,17,67
-1,128,18,98
-1,128,19,28
-1,128,20,68
-1,128,21,83
-1,128,22,77
-1,128,23,117
-1,128,24,80
-1,128,25,97
-1,128,26,18
-1,128,27,60
-1,128,28,58
-1,128,29,3
-1,128,30,90
-1,128,31,37
-1,128,32,76
-1,128,33,11
-1,128,34,55
-1,128,35,113
-1,128,36,26
-1,128,37,71
-1,128,38,94
-1,128,39,27
-1,128,40,108
-1,128,41,51
-1,128,42,83
-1,128,43,125
-1,128,44,96
-1,128,45,70
-1,128,46,57
-1,128,47,90
-1,128,48,116
-1,128,49,4
-1,128,50,55
-1,128,51,54
-1,128,52,109
-1,128,53,42
-1,128,54,66
-1,128,55,31
-1,128,56,1
-1,128,57,42
-1,128,58,113
-1,128,59,32
-1,128,60,121
-1,128,61,32
-1,128,62,12
-1,128,63,79
-1,128,64,87
-1,128,65,104
-1,128,66,64
-1,128,67,33
-1,128,68,0
-1,128,69,43
-1,128,70,56
-1,128,71,93
-1,128,72,72
-1,128,73,120
-1,128,74,31
-1,128,75,72
-1,128,76,7
-1,128,77,58
-1,128,78,44
-1,128,79,14
-1,128,80,83
-1,128,81,32
-1,128,82,104
-1,128,83,61
-1,128,84,28
-1,128,85,64
-1,128,86,119
-1,128,87,105
-1,128,88,36
-1,128,89,11
-1,128,90,117
-1,128,91,49
-1,128,92,30
-1,128,93,29
-1,128,94,9
-1,128,95,28
-1,128,96,11
-1,128,97,98
-1,128,98,38
-1,128,99,112
-1,128,100,70
-1,128,101,100
-1,128,102,39
-1,128,103,29
-1,128,104,62
-1,128,105,3
-1,128,106,47
-1,128,107,53
-1,128,108,17
-1,128,109,61
-1,128,110,31
-1,128,111,32
-1,128,112,80
-1,128,113,104
-1,128,114,73
-1,128,115,68
-1,128,116,77
-1,128,117,86
-1,128,118,0
-1,128,119,49
-1,128,120,113
-1,128,121,115
-1,128,122,51
-1,128,123,24
-1,128,124,37
-1,128,125,68
-1,128,126,29
-1,128,127,45
-1,128,128,11
-1,128,129,79
-1,128,130,104
-1,128,131,54
-1,128,132,97
-1,128,133,6
-1,128,134,54
-1,128,135,113
-1,128,136,105
-1,128,137,53
-1,128,138,125
-1,128,139,22
-1,128,140,100
-1,128,141,18
-1,128,142,63
-1,128,143,92
-1,128,144,16
-1,128,145,95
-1,128,146,97
-1,128,147,8
-1,128,148,31
-1,128,149,24
-1,128,150,96
-1,128,151,101
-1,128,152,75
-1,128,153,9
-1,128,154,17
-1,128,155,54
-1,128,156,84
-1,128,157,36
-1,128,158,36
-1,128,159,25
-1,128,160,70
-1,128,161,62
-1,128,162,1
-1,128,163,67
-1,128,164,115
-1,128,165,68
-1,128,166,4
-1,128,167,84
-1,128,168,2
-1,128,169,32
-1,128,170,16
-1,128,171,89
-1,128,172,121
-1,128,173,68
-1,128,174,86
-1,128,175,9
-1,128,176,116
-1,128,177,30
-1,128,178,5
-1,128,179,82
-1,128,180,22
-1,128,181,92
-1,128,182,45
-1,128,183,60
-1,128,184,23
-1,128,185,56
-1,128,186,111
-1,128,187,46
-1,128,188,100
-1,128,189,118
-1,128,190,71
-1,128,191,26
-1,128,192,78
-1,128,193,96
-1,128,194,19
-1,128,195,110
-1,128,196,103
-1,128,197,81
-1,128,198,108
-1,128,199,17
-1,128,200,91
-1,128,201,60
-1,128,202,116
-1,128,203,99
-1,128,204,84
-1,128,205,82
-1,128,206,97
-1,128,207,37
-1,128,208,115
-1,128,209,52
-1,128,210,4
-1,128,211,89
-1,128,212,73
-1,128,213,41
-1,128,214,96
-1,128,215,115
-1,128,216,106
-1,128,217,85
-1,128,218,103
-1,128,219,123
-1,128,220,17
-1,128,221,30
-1,128,222,35
-1,128,223,71
-1,128,224,80
-1,128,225,21
-1,128,226,121
-1,128,227,109
-1,128,228,110
-1,128,229,105
-1,128,230,79
-1,128,231,126
-1,128,232,10
-1,128,233,29
-1,128,234,4
-1,128,235,25
-1,128,236,57
-1,128,237,47
-1,128,238,42
-1,128,239,86
-1,128,240,53
-1,128,241,96
-1,128,242,1
-1,128,243,95
-1,128,244,2
-1,128,245,102
-1,128,246,88
-1,128,247,121
-1,128,248,28
-1,128,249,58
-1,128,250,36
-1,128,251,124
-1,128,252,126
-1,128,253,44
-1,128,254,73
-1,128,255,26
-1,128,256,5
-1,128,257,80
-1,128,258,96
-1,128,259,94
-1,128,260,3
-1,128,261,47
-1,128,262,69
-1,128,263,57
-1,128,264,35
-1,128,265,78
-1,128,266,47
-1,128,267,3
-1,128,268,89
-1,128,269,121
-1,128,270,58
-1,128,271,56
-1,128,272,34
-1,128,273,33
-1,128,274,84
-1,128,275,106
-1,128,276,80
-1,128,277,109
-1,128,278,12
-1,128,279,69
-1,128,280,93
-1,128,281,79
-1,128,282,84
-1,128,283,110
-1,128,284,59
-1,128,285,18
-1,128,286,81
-1,128,287,47
-1,128,288,102
-1,128,289,10
-1,128,290,21
-1,128,291,20
-1,128,292,58
-1,128,293,127
-1,128,294,14
-1,128,295,107
-1,128,296,78
-1,128,297,87
-1,128,298,23
-1,128,299,21
-1,128,300,120
-1,128,301,48
-1,128,302,70
-1,128,303,5
-1,128,304,76
-1,128,305,75
-1,128,306,31
-1,128,307,92
-1,128,308,42
-1,128,309,47
-1,128,310,79
-1,128,311,0
-1,128,312,101
-1,128,313,98
-1,128,314,9
-1,128,315,102
-1,128,316,118
-1,128,317,78
-1,128,318,94
-1,128,319,13
-1,128,320,104
-1,128,321,28
-1,128,322,100
-1,128,323,121
-1,128,324,107
-1,128,325,34
-1,128,326,41
-1,128,327,57
-1,128,328,50
-1,128,329,105
-1,128,330,101
-1,128,331,59
-1,128,332,73
-1,128,333,14
-1,128,334,119
-1,128,335,50
-1,128,336,65
-1,128,337,42
-1,128,338,119
-1,128,339,76
-1,128,340,104
-1,128,341,31
-1,128,342,101
-1,128,343,67
-1,128,344,66
-1,128,345,19
-1,128,346,50
-1,128,347,36
-1,128,348,50
-1,128,349,125
-1,128,350,46
-1,128,351,49
-1,128,352,19
-1,128,353,105
-1,128,354,115
-1,128,355,18
-1,128,356,105
-1,128,357,8
-1,128,358,82
-1,128,359,45
-1,128,360,115
-1,128,361,1
-1,128,362,107
-1,128,363,100
-1,128,364,15
-1,128,365,74
-1,128,366,28
-1,128,367,75
-1,128,368,123
-1,128,369,49
-1,128,370,56
-1,128,371,93
-1,128,372,106
-1,128,373,127
-1,128,374,90
-1,128,375,77
-1,128,376,90
-1,128,377,80
-1,128,378,118
-1,128,379,107
-1,128,380,82
-1,128,381,104
-1,128,382,19
-1,128,383,4
-1,128,384,71
-1,128,385,127
-1,128,386,67
-1,128,387,18
-1,128,388,126
-1,128,389,34
-1,128,390,100
-1,128,391,113
-1,128,392,75
-1,128,393,33
-1,128,394,20
-1,128,395,95
-1,128,396,61
-1,128,397,21
-1,128,398,115
-1,128,399,121
-1,128,400,20
-1,128,401,71
-1,128,402,117
-1,128,403,102
-1,128,404,10
-1,128,405,28
-1,128,406,105
-1,128,407,111
-1,128,408,64
-1,128,409,75
-1,128,410,21
-1,128,411,5
-1,128,412,74
-1,128,413,56
-1,128,414,68
-1,128,415,35
-1,128,416,14
-1,128,417,49
-1,128,418,69
-1,128,419,74
-1,128,420,78
-1,128,421,16
-1,128,422,124
-1,128,423,64
-1,128,424,11
-1,128,425,91
-1,128,426,10
-1,128,427,62
-1,128,428,23
-1,128,429,60
-1,128,430,6
-1,128,431,72
-1,128,432,55
-1,128,433,94
-1,128,434,28
-1,128,435,78
-1,128,436,73
-1,128,437,21
-1,128,438,66
-1,128,439,26
-1,128,440,35
-1,128,441,0
-1,128,442,89
-1,128,443,101
-1,128,444,23
-1,128,445,9
-1,128,446,87
-1,128,447,15
-1,128,448,26
-1,128,449,10
-1,128,450,108
-1,128,451,28
-1,128,452,82
-1,128,453,104
-1,128,454,22
-1,128,455,58
-1,128,456,26
-1,128,457,83
-1,128,458,121
-1,128,459,100
-1,128,460,97
-1,128,461,80
-1,128,462,72
-1,128,463,9
-1,128,464,74
-1,128,465,127
-1,128,466,115
-1,128,467,116
-1,128,468,113
-1,128,469,113
-1,128,470,59
-1,128,471,21
-1,128,472,39
-1,128,473,104
-1,128,474,4
-1,128,475,81
-1,128,476,66
-1,128,477,86
-1,128,478,120
-1,128,479,61
-1,128,480,61
-1,128,481,79
-1,128,482,94
-1,128,483,83
-1,128,484,73
-1,128,485,125
-1,128,486,118
-1,128,487,21
-1,128,488,14
-1,128,489,47
-1,128,490,77
-1,128,491,79
-1,128,492,21
-1,128,493,33
-1,128,494,97
-1,128,495,121
-1,128,496,27
-1,128,497,15
-1,128,498,111
-1,128,499,100
-1,128,500,112
-1,128,501,89
-1,128,502,50
-1,128,503,95
-1,128,504,61
-1,128,505,54
-1,128,506,109
-1,128,507,8
-1,128,508,105
-1,128,509,16
-1,128,510,123
-1,128,511,55
-1,128,512,34
-1,128,513,78
-1,128,514,110
-1,128,515,69
-1,128,516,2
-1,128,517,121
-1,128,518,98
-1,128,519,51
-1,128,520,74
-1,128,521,25
-1,128,522,52
-1,128,523,74
-1,128,524,89
-1,128,525,48
-1,128,526,37
-1,128,527,83
-1,128,528,0
-1,128,529,11
-1,128,530,12
-1,128,531,90
-1,128,532,107
-1,128,533,96
-1,128,534,33
-1,128,535,94
-1,128,536,61
-1,128,537,92
-1,128,538,49
-1,128,539,76
-1,128,540,12
-1,128,541,55
-1,128,542,60
-1,128,543,49
-1,128,544,122
-1,128,545,7
-1,128,546,41
-1,128,547,38
-1,128,548,7
-1,128,549,18
-1,128,550,114
-1,128,551,72
-1,128,552,43
-1,128,553,123
-1,128,554,15
-1,128,555,18
-1,128,556,62
-1,128,557,98
-1,128,558,56
-1,128,559,58
-1,128,560,70
-1,128,561,123
-1,128,562,58
-1,128,563,108
-1,128,564,77
-1,128,565,119
-1,128,566,103
-1,128,567,80
-1,128,568,57
-1,128,569,10
-1,128,570,113
-1,128,571,27
-1,128,572,17
-1,128,573,18
-1,128,574,30
-1,128,575,66
-1,128,576,87
-1,128,577,35
-1,128,578,26
-1,128,579,84
-1,128,580,114
-1,128,581,117
-1,128,582,34
-1,128,583,70
-1,128,584,36
-1,128,585,19
-1,128,586,31
-1,128,587,13
-1,128,588,73
-1,128,589,2
-1,128,590,15
-1,128,591,89
-1,128,592,93
-1,128,593,116
-1,128,594,18
-1,128,595,60
-1,128,596,29
-1,128,597,78
-1,128,598,48
-1,128,599,81
-1,128,600,111
-1,128,601,12
-1,128,602,51
-1,128,603,25
-1,128,604,3
-1,128,605,67
-1,128,606,11
-1,128,607,20
-1,128,608,0
-1,128,609,18
-1,128,610,86
-1,128,611,39
-1,128,612,94
-1,128,613,31
-1,128,614,102
-1,128,615,33
-1,128,616,110
-1,128,617,52
-1,128,618,100
-1,128,619,49
-1,128,620,76
-1,128,621,23
-1,128,622,117
-1,128,623,48
-1,128,624,86
-1,128,625,94
-1,128,626,83
-1,128,627,97
-1,128,628,110
-1,128,629,14
-1,128,630,50
-1,128,631,59
-1,128,632,64
-1,128,633,98
-1,128,634,1
-1,128,635,40
-1,128,636,103
-1,128,637,124
-1,128,638,28
-1,128,639,33
-1,128,640,78
-1,128,641,94
-1,128,642,53
-1,128,643,71
-1,128,644,109
-1,128,645,36
-1,128,646,51
-1,128,647,88
-1,128,648,1
-1,128,649,80
-1,128,650,92
-1,128,651,38
-1,128,652,126
-1,128,653,20
-1,128,654,8
-1,128,655,92
-1,128,656,105
-1,128,657,84
-1,128,658,101
-1,128,659,20
-1,128,660,94
-1,128,661,9
-1,128,662,32
-1,128,663,34
-1,128,664,119
-1,128,665,40
-1,128,666,110
-1,128,667,122
-1,128,668,51
-1,128,669,89
-1,128,670,118
-1,128,671,127
-1,128,672,18
-1,128,673,113
-1,128,674,89
-1,128,675,41
-1,128,676,71
-1,128,677,110
-1,128,678,41
-1,128,679,27
-1,128,680,97
-1,128,681,86
-1,128,682,86
-1,128,683,7
-1,128,684,13
-1,128,685,111
-1,128,686,54
-1,128,687,47
-1,128,688,104
-1,128,689,103
-1,128,690,78
-1,128,691,48
-1,128,692,26
-1,128,693,47
-1,128,694,69
-1,128,695,14
-1,128,696,10
-1,128,697,124
-1,128,698,112
-1,128,699,51
-1,128,700,45
-1,128,701,71
-1,128,702,90
-1,128,703,4
-1,128,704,50
-1,128,705,40
-1,128,706,23
-1,128,707,11
-1,128,708,9
-1,128,709,102
-1,128,710,52
-1,128,711,112
-1,128,712,33
-1,128,713,115
-1,128,714,85
-1,128,715,52
-1,128,716,110
-1,128,717,82
-1,128,718,11
-1,128,719,101
-1,128,720,78
-1,128,721,19
-1,128,722,98
-1,128,723,80
-1,128,724,28
-1,128,725,97
-1,128,726,121
-1,128,727,101
-1,128,728,0
-1,128,729,73
-1,128,730,89
-1,128,731,123
-1,128,732,17
-1,128,733,56
-1,128,734,68
-1,128,735,119
-1,128,736,59
-1,128,737,26
-1,128,738,87
-1,128,739,6
-1,128,740,88
-1,128,741,105
-1,128,742,124
-1,128,743,27
-1,128,744,101
-1,128,745,91
-1,128,746,83
-1,128,747,13
-1,128,748,26
-1,128,749,45
-1,128,750,123
-1,128,751,122
-1,128,752,38
-1,128,753,66
-1,128,754,13
-1,128,755,85
-1,128,756,4
-1,128,757,78
-1,128,758,35
-1,128,759,87
-1,128,760,71
-1,128,761,40
-1,128,762,12
-1,128,763,101
-1,128,764,20
-1,128,765,66
-1,128,766,116
-1,128,767,84
-1,128,768,31
-1,128,769,4
-1,128,770,124
-1,128,771,63
-1,128,772,17
-1,128,773,36
-1,128,774,22
-1,128,775,97
-1,128,776,66
-1,128,777,100
-1,128,778,43
-1,128,779,25
-1,128,780,126
-1,128,781,96
-1,128,782,40
-1,128,783,29
-1,128,784,103
-1,128,785,14
-1,128,786,97
-1,128,787,40
-1,128,788,45
-1,128,789,47
-1,128,790,68
-1,128,791,75
-1,128,792,62
-1,128,793,74
-1,128,794,118
-1,128,795,53
-1,128,796,80
-1,128,797,8
-1,128,798,91
-1,128,799,69
-1,128,800,97
-1,128,801,74
-1,128,802,22
-1,128,803,25
-1,128,804,111
-1,128,805,52
-1,128,806,119
-1,128,807,42
-1,128,808,50
-1,128,809,115
-1,128,810,120
-1,128,811,28
-1,128,812,63
-1,128,813,74
-1,128,814,14
-1,128,815,91
-1,128,816,69
-1,128,817,63
-1,128,818,12
-1,128,819,18
-1,128,820,92
-1,128,821,55
-1,128,822,33
-1,128,823,64
-1,128,824,18
-1,128,825,73
-1,128,826,82
-1,128,827,12
-1,128,828,56
-1,128,829,38
-1,128,830,113
-1,128,831,114
-1,128,832,26
-1,128,833,121
-1,128,834,97
-1,128,835,109
-1,128,836,88
-1,128,837,5
-1,128,838,67
-1,128,839,109
-1,128,840,108
-1,128,841,49
-1,128,842,47
-1,128,843,10
-1,128,844,123
-1,128,845,112
-1,128,846,106
-1,128,847,18
-1,128,848,126
-1,128,849,54
-1,128,850,87
-1,128,851,118
-1,128,852,22
-1,128,853,62
-1,128,854,90
-1,128,855,86
-1,128,856,80
-1,128,857,85
-1,128,858,6
-1,128,859,6
-1,128,860,102
-1,128,861,105
-1,128,862,122
-1,128,863,44
-1,128,864,43
-1,128,865,0
-1,128,866,125
-1,128,867,57
-1,128,868,107
-1,128,869,30
-1,128,870,100
-1,128,871,68
-1,128,872,29
-1,128,873,76
-1,128,874,33
-1,128,875,12
-1,128,876,77
-1,128,877,35
-1,128,878,110
-1,128,879,32
-1,128,880,75
-1,128,881,26
-1,128,882,32
-1,128,883,14
-1,128,884,43
-1,128,885,30
-1,128,886,121
-1,128,887,117
-1,128,888,118
-1,128,889,42
-1,128,890,43
-1,128,891,45
-1,128,892,110
-1,128,893,65
-1,128,894,100
-1,128,895,90
-1,128,896,21
-1,128,897,37
-1,128,898,63
-1,128,899,8
-1,128,900,120
-1,128,901,8
-1,128,902,53
-1,128,903,67
-1,128,904,126
-1,128,905,87
-1,128,906,71
-1,128,907,67
-1,128,908,120
-1,128,909,120
-1,128,910,18
-1,128,911,8
-1,128,912,22
-1,128,913,54
-1,128,914,47
-1,128,915,6
-1,128,916,26
-1,128,917,37
-1,128,918,27
-1,128,919,67
-1,128,920,9
-1,128,921,119
-1,128,922,37
-1,128,923,79
-1,128,924,33
-1,128,925,67
-1,128,926,23
-1,128,927,117
-1,128,928,118
-1,128,929,93
-1,128,930,87
-1,128,931,45
-1,128,932,3
-1,128,933,111
-1,128,934,58
-1,128,935,45
-1,128,936,50
-1,128,937,123
-1,128,938,29
-1,128,939,112
-1,128,940,93
-1,128,941,32
-1,128,942,121
-1,128,943,6
-1,128,944,32
-1,128,945,45
-1,128,946,83
-1,128,947,44
-1,128,948,7
-1,128,949,42
-1,128,950,106
-1,128,951,23
-1,128,952,54
-1,128,953,64
-1,128,954,78
-1,128,955,31
-1,128,956,68
-1,128,957,61
-1,128,958,19
-1,128,959,76
-1,128,960,106
-1,128,961,64
-1,128,962,101
-1,128,963,51
-1,128,964,13
-1,128,965,8
-1,128,966,62
-1,128,967,6
-1,128,968,108
-1,128,969,116
-1,128,970,82
-1,128,971,124
-1,128,972,85
-1,128,973,3
-1,128,974,101
-1,128,975,26
-1,128,976,14
-1,128,977,111
-1,128,978,72
-1,128,979,48
-1,128,980,109
-1,128,981,117
-1,128,982,97
-1,128,983,48
-1,128,984,115
-1,128,985,61
-1,128,986,86
-1,128,987,26
-1,128,988,77
-1,128,989,20
-1,128,990,77
-1,128,991,96
-1,128,992,58
-1,128,993,66
-1,128,994,125
-1,128,995,109
-1,128,996,19
-1,128,997,87
-1,128,998,15
-1,128,999,1
-1,128,1000,93
-1,65536,1,12541
-1,65536,2,9614
-1,65536,3,35199
-1,65536,4,57142
-1,65536,5,14192
-1,65536,6,17044
-1,65536,7,35104
-1,65536,8,62135
-1,65536,9,5986
-1,65536,10,50372
-1,65536,11,63565
-1,65536,12,40144
-1,65536,13,18194
-1,65536,14,26938
-1,65536,15,1114
-1,65536,16,46412
-1,65536,17,9143
-1,65536,18,49946
-1,65536,19,25950
-1,65536,20,28268
-1,65536,21,595
-1,65536,22,56032
-1,65536,23,33081
-1,65536,24,19316
-1,65536,25,14135
-1,65536,26,42733
-1,65536,27,24898
-1,65536,28,12289
-1,65536,29,58353
-1,65536,30,58617
-1,65536,31,56972
-1,65536,32,599
-1,65536,33,20032
-1,65536,34,6656
-1,65536,35,40504
-1,65536,36,39240
-1,65536,37,25375
-1,65536,38,41095
-1,65536,39,11052
-1,65536,40,29651
-1,65536,41,49000
-1,65536,42,42396
-1,65536,43,40951
-1,65536,44,41892
-1,65536,45,35445
-1,65536,46,5406
-1,65536,47,137
-1,65536,48,32011
-1,65536,49,32678
-1,65536,50,24774
-1,65536,51,2215
-1,65536,52,2750
-1,65536,53,60079
-1,65536,54,27665
-1,65536,55,11295
-1,65536,56,33360
-1,65536,57,40009
-1,65536,58,46669
-1,65536,59,18688
-1,65536,60,31217
-1,65536,61,5555
-1,65536,62,7717
-1,65536,63,39197
-1,65536,64,32523
-1,65536,65,37224
-1,65536,66,24161
-1,65536,67,52790
-1,65536,68,51817
-1,65536,69,35709
-1,65536,70,24292
-1,65536,71,37439
-1,65536,72,8208
-1,65536,73,55905
-1,65536,74,11551
-1,65536,75,64864
-1,65536,76,50763
-1,65536,77,53777
-1,65536,78,54484
-1,65536,79,17828
-1,65536,80,26694
-1,65536,81,50305
-1,65536,82,16243
-1,65536,83,64900
-1,65536,84,18434
-1,65536,85,7056
-1,65536,86,40697
-1,65536,87,30806
-1,65536,88,34676
-1,65536,89,21765
-1,65536,90,62486
-1,65536,91,24109
-1,65536,92,54423
-1,65536,93,25327
-1,65536,94,58596
-1,65536,95,455
-1,65536,96,23502
-1,65536,97,1939
-1,65536,98,16359
-1,65536,99,1004
-1,65536,100,45915
-1,65536,101,37364
-1,65536,102,29140
-1,65536,103,46433
-1,65536,104,627
-1,65536,105,42244
-1,65536,106,51785
-1,65536,107,28640
-1,65536,108,50410
-1,65536,109,46695
-1,65536,110,44433
-1,65536,111,48035
-1,65536,112,63568
-1,65536,113,47993
-1,65536,114,47726
-1,65536,115,53839
-1,65536,116,31882
-1,65536,117,55556
-1,65536,118,41913
-1,65536,119,18602
-1,65536,120,14517
-1,65536,121,32001
-1,65536,122,60418
-1,65536,123,59736
-1,65536,124,3228
-1,65536,125,61860
-1,65536,126,6782
-1,65536,127,63049
-1,65536,128,4613
-1,65536,129,64480
-1,65536,130,48131
-1,65536,131,56901
-1,65536,132,37283
-1,65536,133,9007
-1,65536,134,59097
-1,65536,135,20922
-1,65536,136,41250
-1,65536,137,30292
-1,65536,138,12496
-1,65536,139,46476
-1,65536,140,29149
-1,65536,141,51540
-1,65536,142,15035
-1,65536,143,20817
-1,65536,144,54886
-1,65536,145,11157
-1,65536,146,43194
-1,65536,147,2446
-1,65536,148,17486
-1,65536,149,3863
-1,65536,150,14712
-1,65536,151,6598
-1,65536,152,40652
-1,65536,153,26527
-1,65536,154,30122
-1,65536,155,29135
-1,65536,156,44005
-1,65536,157,51849
-1,65536,158,28022
-1,65536,159,28638
-1,65536,160,6760
-1,65536,161,33892
-1,65536,162,4843
-1,65536,163,28713
-1,65536,164,14898
-1,65536,165,26853
-1,65536,166,48713
-1,65536,167,39927
-1,65536,168,60353
-1,65536,169,44919
-1,65536,170,6248
-1,65536,171,55141
-1,65536,172,59458
-1,65536,173,15666
-1,65536,174,10034
-1,65536,175,46894
-1,65536,176,49427
-1,65536,177,39027
-1,65536,178,58729
-1,65536,179,19026
-1,65536,180,32115
-1,65536,181,41963
-1,65536,182,23951
-1,65536,183,31260
-1,65536,184,4859
-1,65536,185,56888
-1,65536,186,2026
-1,65536,187,19930
-1,65536,188,15194
-1,65536,189,63350
-1,65536,190,52946
-1,65536,191,22035
-1,65536,192,2631
-1,65536,193,23875
-1,65536,194,48126
-1,65536,195,37476
-1,65536,196,47307
-1,65536,197,17172
-1,65536,198,42429
-1,65536,199,44531
-1,65536,200,16916
-1,65536,201,17013
-1,65536,202,64522
-1,65536,203,54249
-1,65536,204,10560
-1,65536,205,23829
-1,65536,206,7242
-1,65536,207,21060
-1,65536,208,17422
-1,65536,209,51269
-1,65536,210,38734
-1,65536,211,7164
-1,65536,212,30731
-1,65536,213,59274
-1,65536,214,15511
-1,65536,215,6790
-1,65536,216,48567
-1,65536,217,33692
-1,65536,218,61897
-1,65536,219,53698
-1,65536,220,25251
-1,65536,221,58201
-1,65536,222,22167
-1,65536,223,40023
-1,65536,224,24346
-1,65536,225,52332
-1,65536,226,8018
-1,65536,227,51094
-1,65536,228,24986
-1,65536,229,65017
-1,65536,230,65121
-1,65536,231,8136
-1,65536,232,48842
-1,65536,233,18675
-1,65536,234,57585
-1,65536,235,62267
-1,65536,236,60327
-1,65536,237,15748
-1,65536,238,57154
-1,65536,239,34168
-1,65536,240,64317
-1,65536,241,39518
-1,65536,242,48201
-1,65536,243,1910
-1,65536,244,56462
-1,65536,245,17485
-1,65536,246,34325
-1,65536,247,61025
-1,65536,248,60187
-1,65536,249,2927
-1,65536,250,24560
-1,65536,251,41394
-1,65536,252,36797
-1,65536,253,4973
-1,65536,254,58601
-1,65536,255,3323
-1,65536,256,56610
-1,65536,257,16878
-1,65536,258,17794
-1,65536,259,40290
-1,65536,260,22858
-1,65536,261,8884
-1,65536,262,29913
-1,65536,263,36901
-1,65536,264,9728
-1,65536,265,58252
-1,65536,266,46827
-1,65536,267,60321
-1,65536,268,21565
-1,65536,269,58033
-1,65536,270,59404
-1,65536,271,65468
-1,65536,272,25978
-1,65536,273,49577
-1,65536,274,64135
-1,65536,275,46194
-1,65536,276,50475
-1,65536,277,58127
-1,65536,278,52798
-1,65536,279,63160
-1,65536,280,3398
-1,65536,281,51642
-1,65536,282,37325
-1,65536,283,22119
-1,65536,284,313
-1,65536,285,62833
-1,65536,286,6801
-1,65536,287,32926
-1,65536,288,37463
-1,65536,289,14234
-1,65536,290,40306
-1,65536,291,55714
-1,65536,292,2468
-1,65536,293,25375
-1,65536,294,22985
-1,65536,295,41743
-1,65536,296,36957
-1,65536,297,35602
-1,65536,298,35357
-1,65536,299,12080
-1,65536,300,34543
-1,65536,301,22323
-1,65536,302,50563
-1,65536,303,59659
-1,65536,304,58880
-1,65536,305,5718
-1,65536,306,21342
-1,65536,307,49638
-1,65536,308,62062
-1,65536,309,50404
-1,65536,310,49100
-1,65536,311,36597
-1,65536,312,39382
-1,65536,313,14803
-1,65536,314,48238
-1,65536,315,55602
-1,65536,316,30272
-1,65536,317,51329
-1,65536,318,53607
-1,65536,319,55196
-1,65536,320,3022
-1,65536,321,60597
-1,65536,322,62061
-1,65536,323,51635
-1,65536,324,39425
-1,65536,325,36956
-1,65536,326,55166
-1,65536,327,20872
-1,65536,328,12009
-1,65536,329,7653
-1,65536,330,20318
-1,65536,331,60832
-1,65536,332,6135
-1,65536,333,56430
-1,65536,334,33203
-1,65536,335,7414
-1,65536,336,6930
-1,65536,337,64857
-1,65536,338,54471
-1,65536,339,57897
-1,65536,340,45665
-1,65536,341,982
-1,65536,342,29837
-1,65536,343,4406
-1,65536,344,65256
-1,65536,345,3918
-1,65536,346,18586
-1,65536,347,15941
-1,65536,348,64650
-1,65536,349,47088
-1,65536,350,49453
-1,65536,351,41050
-1,65536,352,27442
-1,65536,353,63255
-1,65536,354,43529
-1,65536,355,57396
-1,65536,356,3233
-1,65536,357,63317
-1,65536,358,21486
-1,65536,359,9099
-1,65536,360,45134
-1,65536,361,63202
-1,65536,362,41884
-1,65536,363,55801
-1,65536,364,40960
-1,65536,365,16729
-1,65536,366,59409
-1,65536,367,41284
-1,65536,368,41019
-1,65536,369,59991
-1,65536,370,2136
-1,65536,371,43644
-1,65536,372,62821
-1,65536,373,21075
-1,65536,374,12442
-1,65536,375,891
-1,65536,376,27174
-1,65536,377,25997
-1,65536,378,16132
-1,65536,379,675
-1,65536,380,9415
-1,65536,381,21260
-1,65536,382,32404
-1,65536,383,17396
-1,65536,384,40607
-1,65536,385,6652
-1,65536,386,37009
-1,65536,387,46102
-1,65536,388,13762
-1,65536,389,63403
-1,65536,390,46974
-1,65536,391,23208
-1,65536,392,61671
-1,65536,393,15841
-1,65536,394,34733
-1,65536,395,51524
-1,65536,396,16190
-1,65536,397,24566
-1,65536,398,39376
-1,65536,399,16347
-1,65536,400,27617
-1,65536,401,50582
-1,65536,402,57583
-1,65536,403,3703
-1,65536,404,57650
-1,65536,405,27384
-1,65536,406,24639
-1,65536,407,16142
-1,65536,408,50885
-1,65536,409,39692
-1,65536,410,63708
-1,65536,411,50721
-1,65536,412,48402
-1,65536,413,4306
-1,65536,414,40504
-1,65536,415,2929
-1,65536,416,40986
-1,65536,417,16481
-1,65536,418,33752
-1,65536,419,9155
-1,65536,420,1260
-1,65536,421,41391
-1,65536,422,41595
-1,65536,423,40042
-1,65536,424,9214
-1,65536,425,15319
-1,65536,426,18966
-1,65536,427,57306
-1,65536,428,9040
-1,65536,429,12934
-1,65536,430,20198
-1,65536,431,37242
-1,65536,432,40619
-1,65536,433,12157
-1,65536,434,7403
-1,65536,435,9060
-1,65536,436,20509
-1,65536,437,3233
-1,65536,438,27597
-1,65536,439,26862
-1,65536,440,37835
-1,65536,441,2080
-1,65536,442,59563
-1,65536,443,55161
-1,65536,444,49782
-1,65536,445,35499
-1,65536,446,10990
-1,65536,447,52452
-1,65536,448,35093
-1,65536,449,32319
-1,65536,450,54776
-1,65536,451,31925
-1,65536,452,28286
-1,65536,453,25671
-1,65536,454,28664
-1,65536,455,25490
-1,65536,456,44438
-1,65536,457,40495
-1,65536,458,41754
-1,65536,459,57627
-1,65536,460,21129
-1,65536,461,805
-1,65536,462,64545
-1,65536,463,29847
-1,65536,464,47990
-1,65536,465,47191
-1,65536,466,5251
-1,65536,467,16954
-1,65536,468,2482
-1,65536,469,413
-1,65536,470,41053
-1,65536,471,41081
-1,65536,472,61984
-1,65536,473,47955
-1,65536,474,7303
-1,65536,475,42218
-1,65536,476,20406
-1,65536,477,35662
-1,65536,478,39748
-1,65536,479,60563
-1,65536,480,1514
-1,65536,481,60773
-1,65536,482,27405
-1,65536,483,30910
-1,65536,484,29548
-1,65536,485,6482
-1,65536,486,28757
-1,65536,487,23141
-1,65536,488,49422
-1,65536,489,8648
-1,65536,490,54637
-1,65536,491,7265
-1,65536,492,25843
-1,65536,493,30678
-1,65536,494,25421
-1,65536,495,11597
-1,65536,496,47290
-1,65536,497,41853
-1,65536,498,42131
-1,65536,499,63119
-1,65536,500,11229
-1,65536,501,19790
-1,65536,502,11431
-1,65536,503,53163
-1,65536,504,60262
-1,65536,505,52690
-1,65536,506,49912
-1,65536,507,9169
-1,65536,508,58136
-1,65536,509,58141
-1,65536,510,54221
-1,65536,511,16090
-1,65536,512,59588
-1,65536,513,10275
-1,65536,514,48488
-1,65536,515,25847
-1,65536,516,19455
-1,65536,517,1659
-1,65536,518,29736
-1,65536,519,63542
-1,65536,520,34271
-1,65536,521,51161
-1,65536,522,15284
-1,65536,523,32188
-1,65536,524,33817
-1,65536,525,50787
-1,65536,526,49207
-1,65536,527,38660
-1,65536,528,60898
-1,65536,529,35906
-1,65536,530,51142
-1,65536,531,9256
-1,65536,532,62647
-1,65536,533,5838
-1,65536,534,1502
-1,65536,535,20882
-1,65536,536,17624
-1,65536,537,44403
-1,65536,538,8281
-1,65536,539,6783
-1,65536,540,63777
-1,65536,541,11876
-1,65536,542,33587
-1,65536,543,63201
-1,65536,544,52784
-1,65536,545,39727
-1,65536,546,41662
-1,65536,547,53331
-1,65536,548,5402
-1,65536,549,4107
-1,65536,550,40701
-1,65536,551,17555
-1,65536,552,26270
-1,65536,553,54111
-1,65536,554,62963
-1,65536,555,3053
-1,65536,556,28307
-1,65536,557,60578
-1,65536,558,3650
-1,65536,559,34953
-1,65536,560,62992
-1,65536,561,10800
-1,65536,562,4711
-1,65536,563,20855
-1,65536,564,16023
-1,65536,565,35725
-1,65536,566,10026
-1,65536,567,34402
-1,65536,568,44459
-1,65536,569,44333
-1,65536,570,22097
-1,65536,571,12106
-1,65536,572,40580
-1,65536,573,57523
-1,65536,574,36881
-1,65536,575,47964
-1,65536,576,48057
-1,65536,577,50232
-1,65536,578,35689
-1,65536,579,63263
-1,65536,580,25212
-1,65536,581,51172
-1,65536,582,39532
-1,65536,583,23621
-1,65536,584,59836
-1,65536,585,57856
-1,65536,586,61901
-1,65536,587,63172
-1,65536,588,1666
-1,65536,589,8250
-1,65536,590,62427
-1,65536,591,27497
-1,65536,592,45135
-1,65536,593,1703
-1,65536,594,53947
-1,65536,595,4270
-1,65536,596,24840
-1,65536,597,26210
-1,65536,598,52699
-1,65536,599,30566
-1,65536,600,63073
-1,65536,601,23982
-1,65536,602,52768
-1,65536,603,39556
-1,65536,604,59094
-1,65536,605,36289
-1,65536,606,40888
-1,65536,607,38695
-1,65536,608,39456
-1,65536,609,35089
-1,65536,610,14099
-1,65536,611,32009
-1,65536,612,58510
-1,65536,613,30478
-1,65536,614,12763
-1,65536,615,8534
-1,65536,616,22940
-1,65536,617,41578
-1,65536,618,8544
-1,65536,619,46654
-1,65536,620,21874
-1,65536,621,49134
-1,65536,622,20698
-1,65536,623,62817
-1,65536,624,30525
-1,65536,625,40173
-1,65536,626,18114
-1,65536,627,43207
-1,65536,628,59423
-1,65536,629,35575
-1,65536,630,49261
-1,65536,631,43381
-1,65536,632,41219
-1,65536,633,16758
-1,65536,634,16458
-1,65536,635,63743
-1,65536,636,52077
-1,65536,637,51437
-1,65536,638,18708
-1,65536,639,62266
-1,65536,640,30783
-1,65536,641,4516
-1,65536,642,23621
-1,65536,643,28783
-1,65536,644,5314
-1,65536,645,11563
-1,65536,646,11417
-1,65536,647,7709
-1,65536,648,22007
-1,65536,649,41518
-1,65536,650,1194
-1,65536,651,62883
-1,65536,652,54168
-1,65536,653,18757
-1,65536,654,61515
-1,65536,655,12921
-1,65536,656,35540
-1,65536,657,36988
-1,65536,658,42196
-1,65536,659,65058
-1,65536,660,8043
-1,65536,661,16834
-1,65536,662,16605
-1,65536,663,31094
-1,65536,664,49386
-1,65536,665,10294
-1,65536,666,61879
-1,65536,667,49629
-1,65536,668,12234
-1,65536,669,34517
-1,65536,670,16174
-1,65536,671,32408
-1,65536,672,25442
-1,65536,673,15923
-1,65536,674,62425
-1,65536,675,55143
-1,65536,676,62422
-1,65536,677,45411
-1,65536,678,46420
-1,65536,679,59360
-1,65536,680,31890
-1,65536,681,12913
-1,65536,682,34816
-1,65536,683,51125
-1,65536,684,33587
-1,65536,685,38267
-1,65536,686,48175
-1,65536,687,37429
-1,65536,688,41359
-1,65536,689,16981
-1,65536,690,17821
-1,65536,691,42850
-1,65536,692,41838
-1,65536,693,28434
-1,65536,694,499
-1,65536,695,1310
-1,65536,696,54674
-1,65536,697,47476
-1,65536,698,22212
-1,65536,699,55708
-1,65536,700,61045
-1,65536,701,24491
-1,65536,702,49381
-1,65536,703,40904
-1,65536,704,61946
-1,65536,705,32662
-1,65536,706,3719
-1,65536,707,14449
-1,65536,708,32352
-1,65536,709,33468
-1,65536,710,35949
-1,65536,711,24505
-1,65536,712,65300
-1,65536,713,5743
-1,65536,714,32079
-1,65536,715,29828
-1,65536,716,48676
-1,65536,717,48200
-1,65536,718,54768
-1,65536,719,53531
-1,65536,720,34356
-1,65536,721,55658
-1,65536,722,54646
-1,65536,723,18596
-1,65536,724,39878
-1,65536,725,46765
-1,65536,726,1717
-1,65536,727,59148
-1,65536,728,34351
-1,65536,729,34527
-1,65536,730,37027
-1,65536,731,6561
-1,65536,732,63388
-1,65536,733,39601
-1,65536,734,12460
-1,65536,735,60432
-1,65536,736,57472
-1,65536,737,48362
-1,65536,738,51869
-1,65536,739,30305
-1,65536,740,65284
-1,65536,741,15152
-1,65536,742,26494
-1,65536,743,48002
-1,65536,744,32777
-1,65536,745,46687
-1,65536,746,3367
-1,65536,747,61853
-1,65536,748,45635
-1,65536,749,62280
-1,65536,750,14447
-1,65536,751,41404
-1,65536,752,31916
-1,65536,753,5732
-1,65536,754,64725
-1,65536,755,10606
-1,65536,756,9514
-1,65536,757,62928
-1,65536,758,61959
-1,65536,759,13481
-1,65536,760,63918
-1,65536,761,37833
-1,65536,762,8455
-1,65536,763,60959
-1,65536,764,9220
-1,65536,765,33127
-1,65536,766,6428
-1,65536,767,46587
-1,65536,768,44720
-1,65536,769,49085
-1,65536,770,8545
-1,65536,771,1767
-1,65536,772,36558
-1,65536,773,18995
-1,65536,774,38647
-1,65536,775,35726
-1,65536,776,51100
-1,65536,777,64357
-1,65536,778,63953
-1,65536,779,32118
-1,65536,780,39209
-1,65536,781,37996
-1,65536,782,62156
-1,65536,783,64924
-1,65536,784,50361
-1,65536,785,43848
-1,65536,786,13606
-1,65536,787,35450
-1,65536,788,64719
-1,65536,789,52642
-1,65536,790,17436
-1,65536,791,59655
-1,65536,792,42851
-1,65536,793,4100
-1,65536,794,22223
-1,65536,795,3774
-1,65536,796,34020
-1,65536,797,43386
-1,65536,798,44982
-1,65536,799,3173
-1,65536,800,63881
-1,65536,801,42441
-1,65536,802,42827
-1,65536,803,36678
-1,65536,804,56438
-1,65536,805,60521
-1,65536,806,57900
-1,65536,807,49265
-1,65536,808,23294
-1,65536,809,42514
-1,65536,810,36069
-1,65536,811,26827
-1,65536,812,61561
-1,65536,813,4270
-1,65536,814,23765
-1,65536,815,24771
-1,65536,816,41596
-1,65536,817,31633
-1,65536,818,51911
-1,65536,819,49004
-1,65536,820,28085
-1,65536,821,2327
-1,65536,822,8277
-1,65536,823,18975
-1,65536,824,60505
-1,65536,825,17400
-1,65536,826,21164
-1,65536,827,55430
-1,65536,828,48559
-1,65536,829,3139
-1,65536,830,39552
-1,65536,831,4754
-1,65536,832,64160
-1,65536,833,2909
-1,65536,834,26511
-1,65536,835,35860
-1,65536,836,37239
-1,65536,837,18244
-1,65536,838,62396
-1,65536,839,15365
-1,65536,840,32095
-1,65536,841,46222
-1,65536,842,31047
-1,65536,843,59523
-1,65536,844,1212
-1,65536,845,3671
-1,65536,846,42782
-1,65536,847,9682
-1,65536,848,64897
-1,65536,849,35182
-1,65536,850,33604
-1,65536,851,57168
-1,65536,852,46021
-1,65536,853,24595
-1,65536,854,51811
-1,65536,855,57620
-1,65536,856,46094
-1,65536,857,13053
-1,65536,858,15887
-1,65536,859,38006
-1,65536,860,55378
-1,65536,861,25318
-1,65536,862,20999
-1,65536,863,3324
-1,65536,864,5981
-1,65536,865,24296
-1,65536,866,21586
-1,65536,867,2167
-1,65536,868,50726
-1,65536,869,31503
-1,65536,870,26454
-1,65536,871,34363
-1,65536,872,19522
-1,65536,873,36283
-1,65536,874,26660
-1,65536,875,10821
-1,65536,876,17891
-1,65536,877,32043
-1,65536,878,8395
-1,65536,879,33695
-1,65536,880,39821
-1,65536,881,11316
-1,65536,882,7462
-1,65536,883,62440
-1,65536,884,15412
-1,65536,885,45994
-1,65536,886,52776
-1,65536,887,29858
-1,65536,888,16257
-1,65536,889,50602
-1,65536,890,43596
-1,65536,891,52479
-1,65536,892,43468
-1,65536,893,8715
-1,65536,894,9319
-1,65536,895,26604
-1,65536,896,7500
-1,65536,897,18738
-1,65536,898,13782
-1,65536,899,62598
-1,65536,900,19908
-1,65536,901,59293
-1,65536,902,11305
-1,65536,903,42587
-1,65536,904,5736
-1,65536,905,34043
-1,65536,906,50890
-1,65536,907,61799
-1,65536,908,46029
-1,65536,909,20540
-1,65536,910,63653
-1,65536,911,56266
-1,65536,912,56506
-1,65536,913,55406
-1,65536,914,40045
-1,65536,915,46155
-1,65536,916,35761
-1,65536,917,33653
-1,65536,918,3845
-1,65536,919,4800
-1,65536,920,2544
-1,65536,921,11663
-1,65536,922,33090
-1,65536,923,58162
-1,65536,924,3327
-1,65536,925,40477
-1,65536,926,47001
-1,65536,927,26857
-1,65536,928,25471
-1,65536,929,36378
-1,65536,930,46999
-1,65536,931,59210
-1,65536,932,2237
-1,65536,933,12459
-1,65536,934,60604
-1,65536,935,18824
-1,65536,936,39572
-1,65536,937,33734
-1,65536,938,15122
-1,65536,939,7977
-1,65536,940,25351
-1,65536,941,1972
-1,65536,942,37188
-1,65536,943,8172
-1,65536,944,53355
-1,65536,945,46383
-1,65536,946,24944
-1,65536,947,12376
-1,65536,948,64838
-1,65536,949,18925
-1,65536,950,57910
-1,65536,951,41570
-1,65536,952,61803
-1,65536,953,46068
-1,65536,954,25815
-1,65536,955,14494
-1,65536,956,46717
-1,65536,957,59772
-1,65536,958,53033
-1,65536,959,54647
-1,65536,960,55160
-1,65536,961,3481
-1,65536,962,1497
-1,65536,963,40981
-1,65536,964,44067
-1,65536,965,2440
-1,65536,966,7345
-1,65536,967,1280
-1,65536,968,46564
-1,65536,969,43567
-1,65536,970,14910
-1,65536,971,56548
-1,65536,972,8181
-1,65536,973,22141
-1,65536,974,37542
-1,65536,975,38484
-1,65536,976,31789
-1,65536,977,65208
-1,65536,978,2078
-1,65536,979,12666
-1,65536,980,59317
-1,65536,981,5772
-1,65536,982,33126
-1,65536,983,35904
-1,65536,984,58826
-1,65536,985,28006
-1,65536,986,32317
-1,65536,987,53895
-1,65536,988,4681
-1,65536,989,49975
-1,65536,990,14914
-1,65536,991,31620
-1,65536,992,23942
-1,65536,993,15391
-1,65536,994,15962
-1,65536,995,32007
-1,65536,996,19096
-1,65536,997,12305
-1,65536,998,46307
-1,65536,999,62568
-1,65536,1000,16007
-1,65537,1,12541
-1,65537,2,35199
-1,65537,3,14192
-1,65537,4,17044
-1,65537,5,35104
-1,65537,6,62135
-1,65537,7,50372
-1,65537,8,26938
-1,65537,9,33081
-1,65537,10,19316
-1,65537,11,14135
-1,65537,12,42733
-1,65537,13,24898
-1,65537,14,58353
-1,65537,15,58617
-1,65537,16,56972
-1,65537,17,20032
-1,65537,18,25375
-1,65537,19,41095
-1,65537,20,11052
-1,65537,21,29651
-1,65537,22,49000
-1,65537,23,40951
-1,65537,24,32011
-1,65537,25,32678
-1,65537,26,24774
-1,65537,27,2215
-1,65537,28,33360
-1,65537,29,40009
-1,65537,30,46669
-1,65537,31,18688
-1,65537,32,7717
-1,65537,33,39197
-1,65537,34,24161
-1,65537,35,52790
-1,65537,36,24292
-1,65537,37,37439
-1,65537,38,8208
-1,65537,39,11551
-1,65537,40,64864
-1,65537,41,54484
-1,65537,42,17828
-1,65537,43,50305
-1,65537,44,64900
-1,65537,45,18434
-1,65537,46,7056
-1,65537,47,30806
-1,65537,48,21765
-1,65537,49,62486
-1,65537,50,24109
-1,65537,51,54423
-1,65537,52,25327
-1,65537,53,58596
-1,65537,54,455
-1,65537,55,23502
-1,65537,56,1939
-1,65537,57,16359
-1,65537,58,37364
-1,65537,59,46433
-1,65537,60,42244
-1,65537,61,48035
-1,65537,62,31882
-1,65537,63,14517
-1,65537,64,32001
-1,65537,65,59736
-1,65537,66,61860
-1,65537,67,6782
-1,65537,68,63049
-1,65537,69,4613
-1,65537,70,64480
-1,65537,71,48131
-1,65537,72,9007
-1,65537,73,41250
-1,65537,74,12496
-1,65537,75,15035
-1,65537,76,20817
-1,65537,77,11157
-1,65537,78,43194
-1,65537,79,6598
-1,65537,80,30122
-1,65537,81,44005
-1,65537,82,51849
-1,65537,83,28022
-1,65537,84,28638
-1,65537,85,33892
-1,65537,86,28713
-1,65537,87,39927
-1,65537,88,60353
-1,65537,89,44919
-1,65537,90,6248
-1,65537,91,10034
-1,65537,92,58729
-1,65537,93,19026
-1,65537,94,23951
-1,65537,95,31260
-1,65537,96,63350
-1,65537,97,22035
-1,65537,98,2631
-1,65537,99,48126
-1,65537,100,37476
-1,65537,101,64522
-1,65537,102,54249
-1,65537,103,21060
-1,65537,104,38734
-1,65537,105,7164
-1,65537,106,30731
-1,65537,107,15511
-1,65537,108,6790
-1,65537,109,48567
-1,65537,110,33692
-1,65537,111,61897
-1,65537,112,25251
-1,65537,113,58201
-1,65537,114,52332
-1,65537,115,8018
-1,65537,116,51094
-1,65537,117,24986
-1,65537,118,65121
-1,65537,119,8136
-1,65537,120,57585
-1,65537,121,15748
-1,65537,122,34168
-1,65537,123,24560
-1,65537,124,4973
-1,65537,125,58601
-1,65537,126,3323
-1,65537,127,16878
-1,65537,128,29913
-1,65537,129,36901
-1,65537,130,46827
-1,65537,131,60321
-1,65537,132,21565
-1,65537,133,58033
-1,65537,134,59404
-1,65537,135,64135
-1,65537,136,46194
-1,65537,137,50475
-1,65537,138,52798
-1,65537,139,63160
-1,65537,140,3398
-1,65537,141,37325
-1,65537,142,313
-1,65537,143,62833
-1,65537,144,32926
-1,65537,145,37463
-1,65537,146,40306
-1,65537,147,2468
-1,65537,148,41743
-1,65537,149,35602
-1,65537,150,35357
-1,65537,151,12080
-1,65537,152,22323
-1,65537,153,58880
-1,65537,154,5718
-1,65537,155,50404
-1,65537,156,39382
-1,65537,157,14803
-1,65537,158,55602
-1,65537,159,51329
-1,65537,160,53607
-1,65537,161,55196
-1,65537,162,60597
-1,65537,163,51635
-1,65537,164,39425
-1,65537,165,36956
-1,65537,166,55166
-1,65537,167,20872
-1,65537,168,12009
-1,65537,169,7653
-1,65537,170,20318
-1,65537,171,6135
-1,65537,172,56430
-1,65537,173,33203
-1,65537,174,57897
-1,65537,175,982
-1,65537,176,18586
-1,65537,177,64650
-1,65537,178,47088
-1,65537,179,27442
-1,65537,180,63255
-1,65537,181,57396
-1,65537,182,3233
-1,65537,183,21486
-1,65537,184,9099
-1,65537,185,41884
-1,65537,186,41284
-1,65537,187,59991
-1,65537,188,2136
-1,65537,189,27174
-1,65537,190,25997
-1,65537,191,675
-1,65537,192,21260
-1,65537,193,17396
-1,65537,194,40607
-1,65537,195,6652
-1,65537,196,46102
-1,65537,197,63403
-1,65537,198,23208
-1,65537,199,15841
-1,65537,200,34733
-1,65537,201,24566
-1,65537,202,16347
-1,65537,203,50582
-1,65537,204,3703
-1,65537,205,57650
-1,65537,206,24639
-1,65537,207,16142
-1,65537,208,63708
-1,65537,209,48402
-1,65537,210,40504
-1,65537,211,2929
-1,65537,212,40986
-1,65537,213,41595
-1,65537,214,40042
-1,65537,215,9214
-1,65537,216,15319
-1,65537,217,18966
-1,65537,218,57306
-1,65537,219,9040
-1,65537,220,20198
-1,65537,221,40619
-1,65537,222,12157
-1,65537,223,9060
-1,65537,224,20509
-1,65537,225,3233
-1,65537,226,27597
-1,65537,227,37835
-1,65537,228,2080
-1,65537,229,59563
-1,65537,230,55161
-1,65537,231,35499
-1,65537,232,35093
-1,65537,233,54776
-1,65537,234,31925
-1,65537,235,25490
-1,65537,236,44438
-1,65537,237,40495
-1,65537,238,41754
-1,65537,239,41053
-1,65537,240,41081
-1,65537,241,61984
-1,65537,242,7303
-1,65537,243,42218
-1,65537,244,35662
-1,65537,245,1514
-1,65537,246,60773
-1,65537,247,30910
-1,65537,248,29548
-1,65537,249,6482
-1,65537,250,28757
-1,65537,251,49422
-1,65537,252,54637
-1,65537,253,25843
-1,65537,254,25421
-1,65537,255,11597
-1,65537,256,47290
-1,65537,257,41853
-1,65537,258,19790
-1,65537,259,52690
-1,65537,260,16090
-1,65537,261,59588
-1,65537,262,25847
-1,65537,263,1659
-1,65537,264,63542
-1,65537,265,34271
-1,65537,266,33817
-1,65537,267,38660
-1,65537,268,51142
-1,65537,269,9256
-1,65537,270,62647
-1,65537,271,1502
-1,65537,272,17624
-1,65537,273,6783
-1,65537,274,63777
-1,65537,275,52784
-1,65537,276,40701
-1,65537,277,26270
-1,65537,278,54111
-1,65537,279,62963
-1,65537,280,3053
-1,65537,281,28307
-1,65537,282,62992
-1,65537,283,10800
-1,65537,284,4711
-1,65537,285,20855
-1,65537,286,10026
-1,65537,287,34402
-1,65537,288,44333
-1,65537,289,22097
-1,65537,290,57523
-1,65537,291,36881
-1,65537,292,48057
-1,65537,293,63263
-1,65537,294,39532
-1,65537,295,23621
-1,65537,296,59836
-1,65537,297,57856
-1,65537,298,61901
-1,65537,299,63172
-1,65537,300,8250
-1,65537,301,1703
-1,65537,302,52699
-1,65537,303,30566
-1,65537,304,63073
-1,65537,305,52768
-1,65537,306,39556
-1,65537,307,38695
-1,65537,308,30478
-1,65537,309,41578
-1,65537,310,8544
-1,65537,311,46654
-1,65537,312,21874
-1,65537,313,62817
-1,65537,314,18114
-1,65537,315,43207
-1,65537,316,59423
-1,65537,317,35575
-1,65537,318,41219
-1,65537,319,16758
-1,65537,320,16458
-1,65537,321,51437
-1,65537,322,18708
-1,65537,323,62266
-1,65537,324,4516
-1,65537,325,23621
-1,65537,326,28783
-1,65537,327,11563
-1,65537,328,7709
-1,65537,329,22007
-1,65537,330,41518
-1,65537,331,1194
-1,65537,332,62883
-1,65537,333,12921
-1,65537,334,16834
-1,65537,335,16605
-1,65537,336,49386
-1,65537,337,12234
-1,65537,338,62425
-1,65537,339,45411
-1,65537,340,31890
-1,65537,341,33587
-1,65537,342,38267
-1,65537,343,37429
-1,65537,344,3719
-1,65537,345,14449
-1,65537,346,32352
-1,65537,347,5743
-1,65537,348,32079
-1,65537,349,29828
-1,65537,350,48200
-1,65537,351,39878
-1,65537,352,46765
-1,65537,353,1717
-1,65537,354,34351
-1,65537,355,37027
-1,65537,356,6561
-1,65537,357,39601
-1,65537,358,30305
-1,65537,359,65284
-1,65537,360,26494
-1,65537,361,48002
-1,65537,362,3367
-1,65537,363,61853
-1,65537,364,62280
-1,65537,365,14447
-1,65537,366,41404
-1,65537,367,31916
-1,65537,368,5732
-1,65537,369,9514
-1,65537,370,13481
-1,65537,371,37833
-1,65537,372,8455
-1,65537,373,33127
-1,65537,374,46587
-1,65537,375,36558
-1,65537,376,18995
-1,65537,377,38647
-1,65537,378,35726
-1,65537,379,51100
-1,65537,380,64357
-1,65537,381,64924
-1,65537,382,13606
-1,65537,383,35450
-1,65537,384,17436
-1,65537,385,59655
-1,65537,386,22223
-1,65537,387,34020
-1,65537,388,44982
-1,65537,389,42441
-1,65537,390,42827
-1,65537,391,56438
-1,65537,392,60521
-1,65537,393,49265
-1,65537,394,23294
-1,65537,395,36069
-1,65537,396,4270
-1,65537,397,24771
-1,65537,398,51911
-1,65537,399,49004
-1,65537,400,28085
-1,65537,401,8277
-1,65537,402,18975
-1,65537,403,60505
-1,65537,404,17400
-1,65537,405,48559
-1,65537,406,4754
-1,65537,407,26511
-1,65537,408,18244
-1,65537,409,32095
-1,65537,410,31047
-1,65537,411,1212
-1,65537,412,42782
-1,65537,413,9682
-1,65537,414,64897
-1,65537,415,35182
-1,65537,416,33604
-1,65537,417,57168
-1,65537,418,24595
-1,65537,419,51811
-1,65537,420,15887
-1,65537,421,55378
-1,65537,422,20999
-1,65537,423,5981
-1,65537,424,24296
-1,65537,425,2167
-1,65537,426,50726
-1,65537,427,26454
-1,65537,428,19522
-1,65537,429,33695
-1,65537,430,39821
-1,65537,431,45994
-1,65537,432,52479
-1,65537,433,8715
-1,65537,434,9319
-1,65537,435,26604
-1,65537,436,7500
-1,65537,437,18738
-1,65537,438,5736
-1,65537,439,34043
-1,65537,440,46029
-1,65537,441,63653
-1,65537,442,56266
-1,65537,443,56506
-1,65537,444,40045
-1,65537,445,46155
-1,65537,446,35761
-1,65537,447,3845
-1,65537,448,4800
-1,65537,449,2544
-1,65537,450,58162
-1,65537,451,47001
-1,65537,452,26857
-1,65537,453,36378
-1,65537,454,2237
-1,65537,455,12459
-1,65537,456,18824
-1,65537,457,39572
-1,65537,458,33734
-1,65537,459,25351
-1,65537,460,1972
-1,65537,461,8172
-1,65537,462,53355
-1,65537,463,12376
-1,65537,464,64838
-1,65537,465,18925
-1,65537,466,57910
-1,65537,467,61803
-1,65537,468,46068
-1,65537,469,25815
-1,65537,470,14494
-1,65537,471,55160
-1,65537,472,3481
-1,65537,473,1497
-1,65537,474,2440
-1,65537,475,46564
-1,65537,476,43567
-1,65537,477,14910
-1,65537,478,8181
-1,65537,479,37542
-1,65537,480,38484
-1,65537,481,65208
-1,65537,482,2078
-1,65537,483,59317
-1,65537,484,5772
-1,65537,485,28006
-1,65537,486,32317
-1,65537,487,53895
-1,65537,488,4681
-1,65537,489,23942
-1,65537,490,15391
-1,65537,491,15962
-1,65537,492,19096
-1,65537,493,62568
-1,65537,494,16007
-1,65537,495,10291
-1,65537,496,60653
-1,65537,497,15841
-1,65537,498,35300
-1,65537,499,7199
-1,65537,500,1086
-1,65537,501,51556
-1,65537,502,1836
-1,65537,503,29774
-1,65537,504,24071
-1,65537,505,11930
-1,65537,506,56379
-1,65537,507,33745
-1,65537,508,19150
-1,65537,509,32209
-1,65537,510,21021
-1,65537,511,54586
-1,65537,512,5245
-1,65537,513,62223
-1,65537,514,64035
-1,65537,515,1394
-1,65537,516,2407
-1,65537,517,13440
-1,65537,518,26627
-1,65537,519,28499
-1,65537,520,4729
-1,65537,521,38533
-1,65537,522,30648
-1,65537,523,62870
-1,65537,524,28100
-1,65537,525,60582
-1,65537,526,4708
-1,65537,527,30321
-1,65537,528,11278
-1,65537,529,8758
-1,65537,530,17447
-1,65537,531,59728
-1,65537,532,28460
-1,65537,533,57348
-1,65537,534,36894
-1,65537,535,26066
-1,65537,536,56275
-1,65537,537,6178
-1,65537,538,7667
-1,65537,539,33872
-1,65537,540,32773
-1,65537,541,3700
-1,65537,542,27551
-1,65537,543,52828
-1,65537,544,2812
-1,65537,545,33637
-1,65537,546,2565
-1,65537,547,12491
-1,65537,548,21259
-1,65537,549,157
-1,65537,550,40642
-1,65537,551,33433
-1,65537,552,22450
-1,65537,553,48486
-1,65537,554,41097
-1,65537,555,13302
-1,65537,556,7954
-1,65537,557,19270
-1,65537,558,57662
-1,65537,559,45017
-1,65537,560,21085
-1,65537,561,557
-1,65537,562,7051
-1,65537,563,4342
-1,65537,564,18510
-1,65537,565,54075
-1,65537,566,24773
-1,65537,567,18875
-1,65537,568,16980
-1,65537,569,32506
-1,65537,570,57439
-1,65537,571,49856
-1,65537,572,54505
-1,65537,573,25932
-1,65537,574,30264
-1,65537,575,51381
-1,65537,576,33051
-1,65537,577,16281
-1,65537,578,41078
-1,65537,579,58346
-1,65537,580,43710
-1,65537,581,21586
-1,65537,582,33998
-1,65537,583,43603
-1,65537,584,17663
-1,65537,585,56791
-1,65537,586,12873
-1,65537,587,25813
-1,65537,588,44506
-1,65537,589,42945
-1,65537,590,48848
-1,65537,591,62893
-1,65537,592,48343
-1,65537,593,19793
-1,65537,594,63628
-1,65537,595,46753
-1,65537,596,12804
-1,65537,597,31900
-1,65537,598,45137
-1,65537,599,48614
-1,65537,600,26109
-1,65537,601,64708
-1,65537,602,6712
-1,65537,603,8135
-1,65537,604,57010
-1,65537,605,47866
-1,65537,606,31759
-1,65537,607,41479
-1,65537,608,26942
-1,65537,609,54187
-1,65537,610,43302
-1,65537,611,14786
-1,65537,612,21595
-1,65537,613,52661
-1,65537,614,40878
-1,65537,615,36773
-1,65537,616,45869
-1,65537,617,19943
-1,65537,618,32385
-1,65537,619,65209
-1,65537,620,44460
-1,65537,621,29241
-1,65537,622,31650
-1,65537,623,37047
-1,65537,624,29653
-1,65537,625,59750
-1,65537,626,54873
-1,65537,627,31083
-1,65537,628,21429
-1,65537,629,19112
-1,65537,630,27919
-1,65537,631,41304
-1,65537,632,48921
-1,65537,633,59122
-1,65537,634,24596
-1,65537,635,5218
-1,65537,636,15383
-1,65537,637,14178
-1,65537,638,34093
-1,65537,639,55355
-1,65537,640,31406
-1,65537,641,19573
-1,65537,642,24250
-1,65537,643,35677
-1,65537,644,61896
-1,65537,645,3010
-1,65537,646,23866
-1,65537,647,51874
-1,65537,648,8628
-1,65537,649,18154
-1,65537,650,21448
-1,65537,651,45859
-1,65537,652,7781
-1,65537,653,54361
-1,65537,654,1760
-1,65537,655,59710
-1,65537,656,6801
-1,65537,657,51980
-1,65537,658,21972
-1,65537,659,40673
-1,65537,660,60977
-1,65537,661,57550
-1,65537,662,3148
-1,65537,663,48735
-1,65537,664,49033
-1,65537,665,2195
-1,65537,666,11741
-1,65537,667,59791
-1,65537,668,48553
-1,65537,669,48202
-1,65537,670,956
-1,65537,671,58616
-1,65537,672,20618
-1,65537,673,14726
-1,65537,674,38389
-1,65537,675,16449
-1,65537,676,25326
-1,65537,677,43036
-1,65537,678,54292
-1,65537,679,88
-1,65537,680,17640
-1,65537,681,19662
-1,65537,682,13681
-1,65537,683,554
-1,65537,684,12634
-1,65537,685,17542
-1,65537,686,62625
-1,65537,687,60390
-1,65537,688,46293
-1,65537,689,42383
-1,65537,690,26009
-1,65537,691,55873
-1,65537,692,49362
-1,65537,693,24912
-1,65537,694,7311
-1,65537,695,46613
-1,65537,696,40636
-1,65537,697,24848
-1,65537,698,60784
-1,65537,699,27654
-1,65537,700,41080
-1,65537,701,42272
-1,65537,702,8231
-1,65537,703,46073
-1,65537,704,9300
-1,65537,705,37100
-1,65537,706,38098
-1,65537,707,54909
-1,65537,708,18647
-1,65537,709,64703
-1,65537,710,33390
-1,65537,711,17634
-1,65537,712,35930
-1,65537,713,16093
-1,65537,714,61344
-1,65537,715,39748
-1,65537,716,26518
-1,65537,717,34951
-1,65537,718,62252
-1,65537,719,3863
-1,65537,720,26428
-1,65537,721,36820
-1,65537,722,49977
-1,65537,723,28137
-1,65537,724,9692
-1,65537,725,29064
-1,65537,726,29380
-1,65537,727,2295
-1,65537,728,36242
-1,65537,729,15436
-1,65537,730,17054
-1,65537,731,48719
-1,65537,732,4259
-1,65537,733,24542
-1,65537,734,45732
-1,65537,735,13192
-1,65537,736,3595
-1,65537,737,32048
-1,65537,738,59323
-1,65537,739,49803
-1,65537,740,21733
-1,65537,741,6722
-1,65537,742,44358
-1,65537,743,61180
-1,65537,744,63974
-1,65537,745,43525
-1,65537,746,32800
-1,65537,747,8782
-1,65537,748,1141
-1,65537,749,861
-1,65537,750,19021
-1,65537,751,30088
-1,65537,752,59097
-1,65537,753,56491
-1,65537,754,47482
-1,65537,755,56212
-1,65537,756,19685
-1,65537,757,5838
-1,65537,758,8081
-1,65537,759,21366
-1,65537,760,1849
-1,65537,761,54273
-1,65537,762,43040
-1,65537,763,567
-1,65537,764,44251
-1,65537,765,61147
-1,65537,766,54575
-1,65537,767,35801
-1,65537,768,2841
-1,65537,769,23270
-1,65537,770,46495
-1,65537,771,9629
-1,65537,772,7206
-1,65537,773,22017
-1,65537,774,28344
-1,65537,775,4191
-1,65537,776,60360
-1,65537,777,64188
-1,65537,778,60546
-1,65537,779,17307
-1,65537,780,64267
-1,65537,781,26674
-1,65537,782,18959
-1,65537,783,16719
-1,65537,784,26231
-1,65537,785,53861
-1,65537,786,16769
-1,65537,787,16194
-1,65537,788,35540
-1,65537,789,8170
-1,65537,790,57053
-1,65537,791,18091
-1,65537,792,42535
-1,65537,793,62143
-1,65537,794,17244
-1,65537,795,64208
-1,65537,796,25577
-1,65537,797,62590
-1,65537,798,29244
-1,65537,799,21664
-1,65537,800,52540
-1,65537,801,47630
-1,65537,802,6433
-1,65537,803,38129
-1,65537,804,37860
-1,65537,805,4735
-1,65537,806,15164
-1,65537,807,19057
-1,65537,808,42103
-1,65537,809,33253
-1,65537,810,17433
-1,65537,811,58834
-1,65537,812,59503
-1,65537,813,20698
-1,65537,814,28562
-1,65537,815,25105
-1,65537,816,10499
-1,65537,817,35165
-1,65537,818,24360
-1,65537,819,10046
-1,65537,820,1635
-1,65537,821,12226
-1,65537,822,12560
-1,65537,823,46475
-1,65537,824,28621
-1,65537,825,13869
-1,65537,826,32283
-1,65537,827,35149
-1,65537,828,34824
-1,65537,829,28519
-1,65537,830,45035
-1,65537,831,47436
-1,65537,832,17517
-1,65537,833,6251
-1,65537,834,47128
-1,65537,835,51034
-1,65537,836,36374
-1,65537,837,60929
-1,65537,838,62961
-1,65537,839,43700
-1,65537,840,21329
-1,65537,841,12010
-1,65537,842,707
-1,65537,843,19012
-1,65537,844,34348
-1,65537,845,53738
-1,65537,846,51243
-1,65537,847,19633
-1,65537,848,64135
-1,65537,849,58951
-1,65537,850,44033
-1,65537,851,59624
-1,65537,852,55508
-1,65537,853,37849
-1,65537,854,58055
-1,65537,855,52542
-1,65537,856,28305
-1,65537,857,1896
-1,65537,858,12584
-1,65537,859,26192
-1,65537,860,48596
-1,65537,861,1322
-1,65537,862,50589
-1,65537,863,43522
-1,65537,864,41367
-1,65537,865,50919
-1,65537,866,48515
-1,65537,867,22297
-1,65537,868,51929
-1,65537,869,53944
-1,65537,870,31944
-1,65537,871,37694
-1,65537,872,49632
-1,65537,873,28030
-1,65537,874,58951
-1,65537,875,30481
-1,65537,876,57162
-1,65537,877,26689
-1,65537,878,23893
-1,65537,879,48853
-1,65537,880,50267
-1,65537,881,20032
-1,65537,882,29827
-1,65537,883,59621
-1,65537,884,49511
-1,65537,885,24139
-1,65537,886,60007
-1,65537,887,30256
-1,65537,888,46161
-1,65537,889,16448
-1,65537,890,30329
-1,65537,891,1469
-1,65537,892,12920
-1,65537,893,48504
-1,65537,894,30049
-1,65537,895,16
-1,65537,896,52318
-1,65537,897,52895
-1,65537,898,27389
-1,65537,899,8443
-1,65537,900,37699
-1,65537,901,59247
-1,65537,902,34254
-1,65537,903,33224
-1,65537,904,63772
-1,65537,905,33400
-1,65537,906,19368
-1,65537,907,45068
-1,65537,908,39211
-1,65537,909,24212
-1,65537,910,30365
-1,65537,911,42770
-1,65537,912,31109
-1,65537,913,63250
-1,65537,914,46208
-1,65537,915,5914
-1,65537,916,16797
-1,65537,917,13543
-1,65537,918,6900
-1,65537,919,43879
-1,65537,920,12947
-1,65537,921,51931
-1,65537,922,5646
-1,65537,923,59771
-1,65537,924,50277
-1,65537,925,49822
-1,65537,926,23359
-1,65537,927,30407
-1,65537,928,62799
-1,65537,929,14680
-1,65537,930,57637
-1,65537,931,17453
-1,65537,932,1359
-1,65537,933,29940
-1,65537,934,55202
-1,65537,935,53815
-1,65537,936,9259
-1,65537,937,61461
-1,65537,938,10182
-1,65537,939,41910
-1,65537,940,29235
-1,65537,941,42181
-1,65537,942,8329
-1,65537,943,55423
-1,65537,944,50456
-1,65537,945,31091
-1,65537,946,28396
-1,65537,947,25098
-1,65537,948,56881
-1,65537,949,23761
-1,65537,950,19374
-1,65537,951,62102
-1,65537,952,46329
-1,65537,953,5239
-1,65537,954,45449
-1,65537,955,27407
-1,65537,956,44003
-1,65537,957,21829
-1,65537,958,51784
-1,65537,959,48309
-1,65537,960,63184
-1,65537,961,53086
-1,65537,962,54820
-1,65537,963,56043
-1,65537,964,16607
-1,65537,965,57597
-1,65537,966,64537
-1,65537,967,31320
-1,65537,968,61410
-1,65537,969,47005
-1,65537,970,57948
-1,65537,971,55888
-1,65537,972,51760
-1,65537,973,5290
-1,65537,974,24502
-1,65537,975,27649
-1,65537,976,13124
-1,65537,977,42685
-1,65537,978,18705
-1,65537,979,20449
-1,65537,980,48989
-1,65537,981,16466
-1,65537,982,48114
-1,65537,983,62552
-1,65537,984,15600
-1,65537,985,5378
-1,65537,986,48963
-1,65537,987,53895
-1,65537,988,31788
-1,65537,989,33619
-1,65537,990,40364
-1,65537,991,15872
-1,65537,992,13227
-1,65537,993,63208
-1,65537,994,663
-1,65537,995,29300
-1,65537,996,37404
-1,65537,997,37338
-1,65537,998,23406
-1,65537,999,63193
-1,65537,1000,86
