"vintage","method","country","time","output","consumption"
"current","hp1600","AUS","1998-Q4",0.0121483190440076,0.00580242501576718
"current","hp1600","AUS","1999-Q1",0.00985941854496808,0.0131727182948004
"current","hp1600","AUS","1999-Q2",0.00417250980009973,0.00899847049954034
"current","hp1600","AUS","1999-Q3",0.0056919698044439,0.0100619982993373
"current","hp1600","AUS","1999-Q4",0.0132590307572562,0.0132640290985725
"current","hp1600","AUS","2000-Q1",0.0081093739683554,0.00603387204324833
"current","hp1600","AUS","2000-Q2",0.00896127065684858,0.00443948539400893
"current","hp1600","AUS","2000-Q3",0.00285390321161003,0.00563258224258851
"current","hp1600","AUS","2000-Q4",-0.0099449963898446,0.00178081435591461
"current","hp1600","AUS","2001-Q1",-0.00917232574588357,0.000677795618593779
"current","hp1600","AUS","2001-Q2",-0.00881913962031186,-0.00330219031463335
"current","hp1600","AUS","2001-Q3",-0.00619163915412764,-0.0106570016740755
"current","hp1600","AUS","2001-Q4",-0.00291313114566808,-0.0130506384388968
"current","hp1600","AUS","2002-Q1",-0.00363636193245677,-0.0104899410245824
"current","hp1600","AUS","2002-Q2",0.00513727538055748,-0.00501052396435864
"current","hp1600","AUS","2002-Q3",-0.00101688328873622,-0.00159626343749684
"current","hp1600","AUS","2002-Q4",-0.00114759132597966,-0.00703701538866896
"current","hp1600","AUS","2003-Q1",-0.00721539268291117,-0.0115301630440866
"current","hp1600","AUS","2003-Q2",-0.0115402388277585,-0.0144217344104707
"current","hp1600","AUS","2003-Q3",-0.00319812948645945,-0.0116129124869068
"current","hp1600","AUS","2003-Q4",0.00522186062392653,0.000655497594526328
"current","hp1600","AUS","2004-Q1",0.0044197634305332,0.00945010535857377
"current","hp1600","AUS","2004-Q2",0.00366544342849439,0.00460755644956853
"current","hp1600","AUS","2004-Q3",0.00203956411188773,0.00575525805236474
"current","hp1600","AUS","2004-Q4",0.00141537976010703,0.00884821864829296
"current","hp1600","AUS","2005-Q1",0.00150044355518452,-0.00498685247549274
"current","hp1600","AUS","2005-Q2",-0.00190868640597632,0.00246715121641719
"current","hp1600","AUS","2005-Q3",0.00085262035880761,-0.00187992890224348
"current","hp1600","AUS","2005-Q4",0.000975574830283047,-0.00959342219707827
"current","hp1600","AUS","2006-Q1",-0.00611253059062643,-0.00838915150211421
"current","hp1600","AUS","2006-Q2",-0.0110833283629695,-0.00291455819457366
"current","hp1600","AUS","2006-Q3",-0.00392177358230147,-0.00152405211288524
"current","hp1600","AUS","2006-Q4",0.000677915498836692,0.00178141557479932
"current","hp1600","AUS","2007-Q1",0.00677701059858865,0.0134306508939395
"current","hp1600","AUS","2007-Q2",0.00592550575495656,0.012449567032782
"current","hp1600","AUS","2007-Q3",0.0102107838545692,0.0205951801825728
"current","hp1600","AUS","2007-Q4",0.00647216846670633,0.0234851378686961
"current","hp1600","AUS","2008-Q1",0.0105205835542734,0.020155135372552
"current","hp1600","AUS","2008-Q2",0.00716504434839739,0.00778089971388857
"current","hp1600","AUS","2008-Q3",0.00696917543261543,-0.00343291911300524
"current","hp1600","AUS","2008-Q4",-0.0042270274749962,-0.0134132739801998
"current","hp1600","AUS","2009-Q1",-0.000831950848201502,-0.0166682384871175
"current","hp1600","AUS","2009-Q2",-0.00111860133684474,-0.00871505224842178
"current","hp1600","AUS","2009-Q3",-0.0047248112497185,-0.0117926202948363
"current","hp1600","AUS","2009-Q4",-0.0034003676439619,-0.00606014175356705
"current","hp1600","AUS","2010-Q1",-0.00552073470642649,-0.00878408816924864
"current","hp1600","AUS","2010-Q2",-0.0058452416614149,-0.00186610939476586
"current","hp1600","AUS","2010-Q3",-0.00595670046088176,0.000703054318192684
"current","hp1600","AUS","2010-Q4",-0.00441594586986572,0.00451195870387142
"current","hp1600","AUS","2011-Q1",-0.01396292372684,0.00319788402945718
"current","hp1600","AUS","2011-Q2",-0.00862778152995157,0.00279128254204947
"current","hp1600","AUS","2011-Q3",-0.00200678661480247,0.00243505930593783
"current","hp1600","AUS","2011-Q4",0.00217304076157709,-0.000123482951477514
"current","hp1600","AUS","2012-Q1",0.00591483987232102,0.00779344544003095
"current","hp1600","AUS","2012-Q2",0.00627946065198517,0.00539997124272497
"current","hp1600","AUS","2012-Q3",0.00536087616399318,0.00179283118679147
"current","hp1600","AUS","2012-Q4",0.00299685741447797,-0.00252084009139185
"current","hp1600","AUS","2013-Q1",0.00174479509882976,-0.00284432197176936
"current","hp1600","AUS","2013-Q2",-0.00119079032726314,-0.00649650502135672
"current","hp1600","AUS","2013-Q3",0.000311538527004995,-0.00411322622077882
"current","hp1600","AUS","2013-Q4",0.00157282205688514,-0.00584595549081696
"current","hp1600","AUS","2014-Q1",0.00310516273587863,-0.0041458309577369
"current","hp1600","AUS","2014-Q2",0.00150952620206601,-0.0058143494542627
"current","hp1600","AUS","2014-Q3",-0.000782201126011284,-0.00265284548034987
"current","hp1600","AUS","2014-Q4",-0.00334678060595842,-0.00241291166014879
"current","hp1600","AUS","2015-Q1",0.000208000793120258,-0.00446614760194531
"current","hp1600","AUS","2015-Q2",-0.00494740526461783,-0.00399294448810558
"current","hp1600","AUS","2015-Q3",-0.00116855196114723,-0.000458743458698133
"current","hp1600","AUS","2015-Q4",-0.0010369565169747,-0.000989363114120827
"current","hp1600","AUS","2016-Q1",0.0022531832708818,0.00203939038571628
"current","hp1600","AUS","2016-Q2",0.00279650468936014,0.00177148394493835
"current","hp1600","AUS","2016-Q3",-0.00291076371672088,0.00306525682713258
"current","hp1600","AUS","2016-Q4",0.00288714773475757,0.00519387400283837
"current","hp1600","AUS","2017-Q1",0.000610627852681931,0.00594732014103528
"current","hp1600","AUS","2017-Q2",0.000822510836896565,0.00740883984341675
"current","hp1600","AUS","2017-Q3",0.00495558586733067,0.0104616504582369
"current","hp1600","AUS","2017-Q4",0.00355083444335291,0.0162960297596874
"current","hp1600","AUS","2018-Q1",0.00889862291813448,0.0195219313725399
"current","hp1600","AUS","2018-Q2",0.0107962521682691,0.0229982157475671
"current","hp1600","AUS","2018-Q3",0.0095692160462704,0.0217141303732954
"current","hp1600","AUS","2018-Q4",0.00697061442528342,0.0212678500230502
"current","hp1600","AUS","2019-Q1",0.00986642017721199,0.0221056015083762
"current","hp1600","AUS","2019-Q2",0.00749085238065815,0.0225474396887859
"current","hp1600","AUS","2019-Q3",0.00828140654677465,0.0184869872769397
"current","hp1600","AUS","2019-Q4",0.00913133857367802,0.0186570523631425
"current","hp1600","AUS","2020-Q1",0.00244708539820621,0.00225506270720979
"current","hp1600","AUS","2020-Q2",-0.073125005891523,-0.137335040037912
"current","hp1600","AUS","2020-Q3",-0.0447789506946445,-0.067804459663556
"current","hp1600","AUS","2020-Q4",-0.0167377792248443,-0.0271193209165351
"current","hp1600","AUS","2021-Q1",-0.000330916456013435,-0.017555790884896
"current","hp1600","AUS","2021-Q2",0.00115595431623679,-0.0126214401096581
"current","hp1600","AUS","2021-Q3",-0.0226713221797103,-0.0663800680549383
"current","hp1600","AUS","2021-Q4",0.0072773715397882,-0.0098770594421765
"current","hp1600","AUS","2022-Q1",0.0110644721462541,0.00781225869632
"current","hp1600","AUS","2022-Q2",0.0138915060550639,0.0200431504048509
"current","hp1600","AUS","2022-Q3",0.0123141630942718,0.024451635810255
"current","hp1600","AUS","2022-Q4",0.0147783765059541,0.0272527384239183
"current","hp1600","AUS","2023-Q1",0.0145269012381046,0.0277536609441611
"current","hp1600","AUS","2023-Q2",0.0121694179680022,0.0248584920636724
"current","hp1600","AUS","2023-Q3",0.0101528012087704,0.0174741073134289
"current","hp1600","AUS","2023-Q4",0.00486926433422488,0.0115971562948628
"current","hp1600","AUS","2024-Q1",0.00279660155376288,0.0111746871171812
"current","hp1600","AUS","2024-Q2",-0.000948411273476719,0.00133317577968629
"current","hp1600","AUS","2024-Q3",-0.0035936053857777,-0.00366787143261911
"current","hp1600","AUS","2024-Q4",-0.00451942522695843,-0.00306597210610541
"current","hp1600","AUS","2025-Q1",-0.00589353915496248,-0.00402169700758144
"current","hp1600","AUS","2025-Q2",-0.00338707287340091,-0.000162121355952308
"current","hp1600","AUS","2025-Q3",-0.00361659864574802,-0.00127988084439645
"current","hp1600","AUS","2025-Q4",0.000221688505435392,-0.0026857973821594
"current","hp1600","AUS","2026-Q1",-0.00215940728047514,-0.00442891005145833
"current","hp1600","AUS","2026-Q2",-0.00321043629752457,-0.00623856499400526
"current","hp1600","AUT","1998-Q4",-0.00316492997746005,-0.00402699851189847
"current","hp1600","AUT","1999-Q1",-0.00163896635182945,-0.00476902401275804
"current","hp1600","AUT","1999-Q2",0.000809406493000511,-0.00306241084844097
"current","hp1600","AUT","1999-Q3",0.00938793785262683,-0.000929131571975202
"current","hp1600","AUT","1999-Q4",0.0118424178364746,0.00780567068867088
"current","hp1600","AUT","2000-Q1",0.00557378574185877,0.0109971877411992
"current","hp1600","AUT","2000-Q2",0.0107468119970217,0.0101809500429398
"current","hp1600","AUT","2000-Q3",0.0185533569999065,0.00609158153538013
"current","hp1600","AUT","2000-Q4",0.0195587761403655,0.0122247812370377
"current","hp1600","AUT","2001-Q1",0.0109527685738886,0.0108695369678205
"current","hp1600","AUT","2001-Q2",0.00266522280198203,0.00532176618373709
"current","hp1600","AUT","2001-Q3",0.00136194571120308,0.00130388475612924
"current","hp1600","AUT","2001-Q4",-0.00148182958929362,0.0064629360759088
"current","hp1600","AUT","2002-Q1",0.00449011703723161,-0.00790594425138472
"current","hp1600","AUT","2002-Q2",0.00201515461503154,-0.000431645347375668
"current","hp1600","AUT","2002-Q3",-0.00307967916761928,-0.0112030433481191
"current","hp1600","AUT","2002-Q4",-0.0131575234705374,-0.0129894728104141
"current","hp1600","AUT","2003-Q1",-0.0133429654942911,-0.00887406826093695
"current","hp1600","AUT","2003-Q2",-0.0117395764197586,-0.00487646335420669
"current","hp1600","AUT","2003-Q3",-0.00946256214260964,0.000743557123881563
"current","hp1600","AUT","2003-Q4",-0.0118698838808175,-0.00365714642334405
"current","hp1600","AUT","2004-Q1",-0.0152465079071925,-0.000476268418892921
"current","hp1600","AUT","2004-Q2",-0.0106115140108565,-0.00178506453238623
"current","hp1600","AUT","2004-Q3",-0.00477229000728206,-0.00499420282495495
"current","hp1600","AUT","2004-Q4",-0.00703592753542909,-0.00126652341774468
"current","hp1600","AUT","2005-Q1",-0.0103956948122965,-0.00256737241500018
"current","hp1600","AUT","2005-Q2",-0.00810238762705022,0.00390512630134057
"current","hp1600","AUT","2005-Q3",-0.0119272001556095,0.00761707458455355
"current","hp1600","AUT","2005-Q4",-0.00214733217268979,-0.00290931115784492
"current","hp1600","AUT","2006-Q1",0.00152655940413131,-9.39471005659102e-05
"current","hp1600","AUT","2006-Q2",0.000771866263113213,-0.00179692534253522
"current","hp1600","AUT","2006-Q3",0.00170391321971351,0.0131095633148639
"current","hp1600","AUT","2006-Q4",0.0117304306376081,0.00570927525432429
"current","hp1600","AUT","2007-Q1",0.0181603905588665,-0.00601492940238736
"current","hp1600","AUT","2007-Q2",0.0234580057181322,-0.000859102728052816
"current","hp1600","AUT","2007-Q3",0.0253938850815469,0.00286282649928811
"current","hp1600","AUT","2007-Q4",0.0208840363644396,0.0115269029165862
"current","hp1600","AUT","2008-Q1",0.0384010387143412,0.0127394221346054
"current","hp1600","AUT","2008-Q2",0.0330521501109363,0.00410759377052726
"current","hp1600","AUT","2008-Q3",0.0236565903061588,-0.0128369292006946
"current","hp1600","AUT","2008-Q4",-0.0043857324583757,-0.00360312892842716
"current","hp1600","AUT","2009-Q1",-0.0174148637703634,-0.00984015843508363
"current","hp1600","AUT","2009-Q2",-0.0248096517370559,0.00382408431317967
"current","hp1600","AUT","2009-Q3",-0.0233145762089472,0.00226617641614474
"current","hp1600","AUT","2009-Q4",-0.0227234410848855,-0.00680558184118596
"current","hp1600","AUT","2010-Q1",-0.0282155283267539,-0.00317113294535526
"current","hp1600","AUT","2010-Q2",-0.017012651011595,-0.00588339947162431
"current","hp1600","AUT","2010-Q3",-0.00733219995964856,0.00755382577322761
"current","hp1600","AUT","2010-Q4",0.000228580289366516,0.00411783515642497
"current","hp1600","AUT","2011-Q1",0.0080243547053562,-0.000228593270507971
"current","hp1600","AUT","2011-Q2",0.00549471479163128,0.00491758838477667
"current","hp1600","AUT","2011-Q3",0.00880706729601149,0.00664199781730121
"current","hp1600","AUT","2011-Q4",0.0108663338471647,0.0063612934851718
"current","hp1600","AUT","2012-Q1",0.0128992821958338,0.017408311387025
"current","hp1600","AUT","2012-Q2",0.00739093442096446,0.00889959208910823
"current","hp1600","AUT","2012-Q3",0.00844668534276355,-0.00146859706744999
"current","hp1600","AUT","2012-Q4",-0.000729392275481029,-0.00630947759004174
"current","hp1600","AUT","2013-Q1",-0.00694333251724086,-0.002444717657723
"current","hp1600","AUT","2013-Q2",-0.00472674485600981,-0.00533375335179791
"current","hp1600","AUT","2013-Q3",-0.00435556402701145,-0.0072442156958762
"current","hp1600","AUT","2013-Q4",-0.00611724295687859,-0.00324135898440892
"current","hp1600","AUT","2014-Q1",-0.0088627214882155,-0.010680154822964
"current","hp1600","AUT","2014-Q2",-0.00673866315058203,-0.010900623453596
"current","hp1600","AUT","2014-Q3",-0.00810666806731449,-0.00644433047610458
"current","hp1600","AUT","2014-Q4",-0.00718477876347013,-0.0152050604593688
"current","hp1600","AUT","2015-Q1",-0.0102640796956324,-0.00342801671461504
"current","hp1600","AUT","2015-Q2",-0.00802852000153474,-0.0119182006553619
"current","hp1600","AUT","2015-Q3",-0.00782503541269216,-0.010613203612026
"current","hp1600","AUT","2015-Q4",-0.00751604486871277,-0.00345310636074834
"current","hp1600","AUT","2016-Q1",9.22301777366811e-05,-0.00629218245835378
"current","hp1600","AUT","2016-Q2",-0.00422420372883347,0.00313038171217466
"current","hp1600","AUT","2016-Q3",-0.00254758474377552,0.00135942670487265
"current","hp1600","AUT","2016-Q4",-0.000283630374423851,0.0109183901708046
"current","hp1600","AUT","2017-Q1",0.00574533632646352,0.0129686316523528
"current","hp1600","AUT","2017-Q2",0.00538619154647328,0.011037780050137
"current","hp1600","AUT","2017-Q3",0.00819904010732741,0.0199109066938286
"current","hp1600","AUT","2017-Q4",0.00961384515585414,0.0136153623518686
"current","hp1600","AUT","2018-Q1",0.0120711066841829,0.0184079630018674
"current","hp1600","AUT","2018-Q2",0.0171442029876036,0.0195354865410178
"current","hp1600","AUT","2018-Q3",0.0184230101516105,0.0130875970092708
"current","hp1600","AUT","2018-Q4",0.0252346045562795,0.0257363160576626
"current","hp1600","AUT","2019-Q1",0.0341286403382429,0.0246745885591855
"current","hp1600","AUT","2019-Q2",0.0256683273950147,0.0240089284960243
"current","hp1600","AUT","2019-Q3",0.0250380038087346,0.0253534973030961
"current","hp1600","AUT","2019-Q4",0.0165196573860128,0.0254683723145691
"current","hp1600","AUT","2020-Q1",0.00330654145834133,-0.0183768304464293
"current","hp1600","AUT","2020-Q2",-0.133773822573192,-0.134207978850437
"current","hp1600","AUT","2020-Q3",-0.0275880570233223,-0.0218909689230103
"current","hp1600","AUT","2020-Q4",-0.0451713909127561,-0.0548700373505261
"current","hp1600","AUT","2021-Q1",-0.0577922158373692,-0.0915182505460786
"current","hp1600","AUT","2021-Q2",-0.0160062779113492,-0.0352780010864105
"current","hp1600","AUT","2021-Q3",0.0114447464493114,0.046382674142971
"current","hp1600","AUT","2021-Q4",0.0108697710203515,0.00211439780793774
"current","hp1600","AUT","2022-Q1",0.0108072284386493,0.0213267934587692
"current","hp1600","AUT","2022-Q2",0.0362978791099646,0.0268535454618635
"current","hp1600","AUT","2022-Q3",0.0331047278968613,0.0285138286028247
"current","hp1600","AUT","2022-Q4",0.0300405554045612,0.0131131450636671
"current","hp1600","AUT","2023-Q1",0.026590996665494,0.0167450442121106
"current","hp1600","AUT","2023-Q2",0.0120103056200573,0.0117305026997646
"current","hp1600","AUT","2023-Q3",0.00462300829808708,6.85366232961327e-05
"current","hp1600","AUT","2023-Q4",-0.00218502001872872,-0.000234356503831402
"current","hp1600","AUT","2024-Q1",-0.0028626758422595,0.00760404874602217
"current","hp1600","AUT","2024-Q2",-0.00600566007324579,-0.0014062356173142
"current","hp1600","AUT","2024-Q3",-0.00876722905910651,0.00203533443272547
"current","hp1600","AUT","2024-Q4",-0.00610581342434494,0.00716264835942775
"current","hp1600","AUT","2025-Q1",-0.00390166534851182,0.00259406236035446
"current","hp1600","AUT","2025-Q2",-0.00368297090792168,0.00318353982287979
"current","hp1600","AUT","2025-Q3",-0.00250796487742299,-0.005060650935736
"current","hp1600","AUT","2025-Q4",-0.00204310941167062,-0.00401221738942282
"current","hp1600","AUT","2026-Q1",-0.00252265010072564,-0.00631391743310111
"current","hp1600","AUT","2026-Q2",-0.00551910111849705,-0.00497934953512981
"current","hp1600","CAN","1998-Q4",-0.00750053533582398,-0.00795728433853888
"current","hp1600","CAN","1999-Q1",0.000202086030026824,-0.00227228337736736
"current","hp1600","CAN","1999-Q2",-0.00163409870974763,-0.00100169073533381
"current","hp1600","CAN","1999-Q3",0.00404061970024081,0.00254491935892534
"current","hp1600","CAN","1999-Q4",0.00827837779739382,0.00349300498800448
"current","hp1600","CAN","2000-Q1",0.0143723555885024,0.00554674400858981
"current","hp1600","CAN","2000-Q2",0.0168877101494934,0.0056411832243871
"current","hp1600","CAN","2000-Q3",0.0181715614052154,0.00989599485256155
"current","hp1600","CAN","2000-Q4",0.0115084362705208,0.00374025651695992
"current","hp1600","CAN","2001-Q1",0.00875100380216642,0.00315619908279674
"current","hp1600","CAN","2001-Q2",0.00377444603544361,-0.0033661028487841
"current","hp1600","CAN","2001-Q3",-0.00481085769591088,-0.00893027307413902
"current","hp1600","CAN","2001-Q4",-0.00650102694433226,-0.0049269833968537
"current","hp1600","CAN","2002-Q1",0.000538079244509016,0.00183735189469157
"current","hp1600","CAN","2002-Q2",-0.000869425295545179,0.00626551200444282
"current","hp1600","CAN","2002-Q3",0.000604555556191298,7.56311845264974e-05
"current","hp1600","CAN","2002-Q4",-0.000906239732307267,0.0015837536091348
"current","hp1600","CAN","2003-Q1",-0.00221328913629301,-0.00228659274780767
"current","hp1600","CAN","2003-Q2",-0.0104019428218076,-0.00229666769018511
"current","hp1600","CAN","2003-Q3",-0.0133029196623576,-0.00202567905841021
"current","hp1600","CAN","2003-Q4",-0.0129866912952068,-0.00933349703969345
"current","hp1600","CAN","2004-Q1",-0.0121764115461446,-0.00524383648419215
"current","hp1600","CAN","2004-Q2",-0.00672307258359874,-0.00945389570186071
"current","hp1600","CAN","2004-Q3",-0.00116810596224436,-0.00867693700525255
"current","hp1600","CAN","2004-Q4",-2.80154796502945e-05,-0.00912505122360877
"current","hp1600","CAN","2005-Q1",-0.00241275556805828,-0.0037866018982128
"current","hp1600","CAN","2005-Q2",-0.000899622194995391,-0.00387522486070506
"current","hp1600","CAN","2005-Q3",0.00567450307835437,-0.00580872546091453
"current","hp1600","CAN","2005-Q4",0.0103254480969922,-0.00498049347282291
"current","hp1600","CAN","2006-Q1",0.0134415251744398,0.00023999982565661
"current","hp1600","CAN","2006-Q2",0.0092468707876406,0.000480163052446166
"current","hp1600","CAN","2006-Q3",0.00764490916362447,0.00252611910287427
"current","hp1600","CAN","2006-Q4",0.00748773470851498,0.00422786035927537
"current","hp1600","CAN","2007-Q1",0.00999514911089235,0.00387618110452783
"current","hp1600","CAN","2007-Q2",0.0160192083909663,0.0107977978852075
"current","hp1600","CAN","2007-Q3",0.0164242449018303,0.0123616247291909
"current","hp1600","CAN","2007-Q4",0.0146294110279417,0.0232303344703755
"current","hp1600","CAN","2008-Q1",0.0124618147771814,0.02448947904961
"current","hp1600","CAN","2008-Q2",0.0133267503790994,0.0196182026364996
"current","hp1600","CAN","2008-Q3",0.0188312123789156,0.0138700234091012
"current","hp1600","CAN","2008-Q4",0.0045129081739307,-0.00438239340242608
"current","hp1600","CAN","2009-Q1",-0.0210001301978,-0.0140486918958634
"current","hp1600","CAN","2009-Q2",-0.0346512937433866,-0.0126233361189418
"current","hp1600","CAN","2009-Q3",-0.0331739485574565,-0.00918654467163167
"current","hp1600","CAN","2009-Q4",-0.0248274313246058,-0.00898296914395411
"current","hp1600","CAN","2010-Q1",-0.0162310973950711,-0.00384924177522719
"current","hp1600","CAN","2010-Q2",-0.0146995754278403,-0.00118816224443407
"current","hp1600","CAN","2010-Q3",-0.0116548019394128,0.000978923954349556
"current","hp1600","CAN","2010-Q4",-0.00465553864326968,0.00468735314260401
"current","hp1600","CAN","2011-Q1",-0.0014279427057591,0.00107945814359064
"current","hp1600","CAN","2011-Q2",-0.00415216268633022,-0.000117194866875798
"current","hp1600","CAN","2011-Q3",0.00474699298242572,-0.00158545626543578
"current","hp1600","CAN","2011-Q4",0.00784815724527684,-0.00138300331860363
"current","hp1600","CAN","2012-Q1",0.00356560907130896,-0.0015723650775833
"current","hp1600","CAN","2012-Q2",0.00181895620910675,-0.00599696545505677
"current","hp1600","CAN","2012-Q3",-0.00186583098309547,-0.00574037200237586
"current","hp1600","CAN","2012-Q4",-0.00490535071323045,-0.00622950401512514
"current","hp1600","CAN","2013-Q1",-0.00111412085597083,-0.00546249698018905
"current","hp1600","CAN","2013-Q2",-0.000495589747255624,-0.00227144589078271
"current","hp1600","CAN","2013-Q3",0.00258869473556333,-0.00126566067961894
"current","hp1600","CAN","2013-Q4",0.00793565627362791,-0.00130613245365843
"current","hp1600","CAN","2014-Q1",0.00462150894316531,-0.00446438774706965
"current","hp1600","CAN","2014-Q2",0.00877034701358497,-0.00137905165856499
"current","hp1600","CAN","2014-Q3",0.0134752344619045,5.38648594422e-05
"current","hp1600","CAN","2014-Q4",0.0156254401622754,0.00156860829830727
"current","hp1600","CAN","2015-Q1",0.00540107055983776,-0.00265667717905551
"current","hp1600","CAN","2015-Q2",-0.00188785132877603,-0.0031708167633735
"current","hp1600","CAN","2015-Q3",-0.00279691211296489,-0.00145742492305809
"current","hp1600","CAN","2015-Q4",-0.00655943882406657,0.000413975590913152
"current","hp1600","CAN","2016-Q1",-0.00503769806955506,-0.00389267806069722
"current","hp1600","CAN","2016-Q2",-0.014368925942476,-0.00466761267182661
"current","hp1600","CAN","2016-Q3",-0.00834568795445782,-0.00326332697896678
"current","hp1600","CAN","2016-Q4",-0.00701124793008969,-0.00145839606054089
"current","hp1600","CAN","2017-Q1",0.00128381037809344,0.00398219215184846
"current","hp1600","CAN","2017-Q2",0.00761162943929631,0.0118486372282198
"current","hp1600","CAN","2017-Q3",0.00386285350839968,0.0167683138731154
"current","hp1600","CAN","2017-Q4",0.00494949143674231,0.0181354329758471
"current","hp1600","CAN","2018-Q1",0.0126290769141837,0.0206750802040644
"current","hp1600","CAN","2018-Q2",0.0166193645480488,0.0226110910781091
"current","hp1600","CAN","2018-Q3",0.0179658021738555,0.0244115264509108
"current","hp1600","CAN","2018-Q4",0.0167131948916745,0.0210454045943788
"current","hp1600","CAN","2019-Q1",0.0155652788490922,0.0230641894774642
"current","hp1600","CAN","2019-Q2",0.0229191118052126,0.0221985661576232
"current","hp1600","CAN","2019-Q3",0.0221483716763861,0.0236606778660121
"current","hp1600","CAN","2019-Q4",0.0213468620935789,0.0273998155986279
"current","hp1600","CAN","2020-Q1",-0.00216128352849643,0.00283595777864137
"current","hp1600","CAN","2020-Q2",-0.122761895412517,-0.153529650126954
"current","hp1600","CAN","2020-Q3",-0.0402233694453158,-0.0393290140050523
"current","hp1600","CAN","2020-Q4",-0.0263663011402515,-0.0387834375974547
"current","hp1600","CAN","2021-Q1",-0.0145581216586725,-0.0400743331606491
"current","hp1600","CAN","2021-Q2",-0.0211147112574733,-0.0464262323563565
"current","hp1600","CAN","2021-Q3",-0.00681230538778343,-0.00116843956396231
"current","hp1600","CAN","2021-Q4",0.0050865937877528,0.00255410401595862
"current","hp1600","CAN","2022-Q1",0.0094090777103356,0.00359977778184811
"current","hp1600","CAN","2022-Q2",0.0146384784317765,0.0227701015767941
"current","hp1600","CAN","2022-Q3",0.0165700501384733,0.0225558097684071
"current","hp1600","CAN","2022-Q4",0.0110749510728589,0.0204430255493805
"current","hp1600","CAN","2023-Q1",0.0154521518185533,0.0185075508637368
"current","hp1600","CAN","2023-Q2",0.0110049226760171,0.0118959381329022
"current","hp1600","CAN","2023-Q3",0.00553043595907933,0.00697669901714728
"current","hp1600","CAN","2023-Q4",0.000144258913031868,0.00691020023375977
"current","hp1600","CAN","2024-Q1",0.00157680680108164,0.00453124133592207
"current","hp1600","CAN","2024-Q2",0.00395504051000067,0.00116844753859983
"current","hp1600","CAN","2024-Q3",0.0064452987385845,0.00537803916410764
"current","hp1600","CAN","2024-Q4",0.00784748274610006,0.00486041192465151
"current","hp1600","CAN","2025-Q1",0.0094659273467178,0.000824021601749303
"current","hp1600","CAN","2025-Q2",0.00159440552003932,0.00450457978686977
"current","hp1600","CAN","2025-Q3",0.000908088611069097,-0.00419495968409735
"current","hp1600","CAN","2025-Q4",-0.00691916215217765,-0.00407698022243539
"current","hp1600","CAN","2026-Q1",-0.0114492826220476,-0.00510657809689108
"current","hp1600","CAN","2026-Q2",-0.00862144865324904,-0.00385445194069837
"current","hp1600","CHE","1998-Q4",-0.00938917627420241,-0.00143535803493334
"current","hp1600","CHE","1999-Q1",-0.00901901692030008,-0.00367562520645843
"current","hp1600","CHE","1999-Q2",-0.00904795760150118,-0.00232287428022567
"current","hp1600","CHE","1999-Q3",-0.00712210293848927,-0.000958578703347864
"current","hp1600","CHE","1999-Q4",0.0110681733767301,0.00403890953340775
"current","hp1600","CHE","2000-Q1",0.0113367036361442,0.00290218153012806
"current","hp1600","CHE","2000-Q2",0.00957211498056379,0.00621099361917694
"current","hp1600","CHE","2000-Q3",0.0127728757236729,0.00818084189104454
"current","hp1600","CHE","2000-Q4",0.0207396082258867,0.00849935375605085
"current","hp1600","CHE","2001-Q1",0.0156372992395574,0.0118855197050355
"current","hp1600","CHE","2001-Q2",0.0161304061596463,0.0146269900334663
"current","hp1600","CHE","2001-Q3",0.0115155562900602,0.0126976263660186
"current","hp1600","CHE","2001-Q4",0.00727381058474204,0.0103114614461078
"current","hp1600","CHE","2002-Q1",0.00430165801258395,0.00389690682871128
"current","hp1600","CHE","2002-Q2",0.00527266773811857,0.000847200440086643
"current","hp1600","CHE","2002-Q3",0.00280692040576219,-0.000799486549613341
"current","hp1600","CHE","2002-Q4",-0.00828064117192806,-0.00589860709497959
"current","hp1600","CHE","2003-Q1",-0.0185526392195225,-0.00751614510156051
"current","hp1600","CHE","2003-Q2",-0.0237089967034755,-0.0107483166112756
"current","hp1600","CHE","2003-Q3",-0.0193471535168995,-0.0107743617459609
"current","hp1600","CHE","2003-Q4",-0.0133555943111622,-0.00823136886777859
"current","hp1600","CHE","2004-Q1",-0.0126371574523313,-0.0035568771313207
"current","hp1600","CHE","2004-Q2",-0.0108634280889047,-0.00315266831037656
"current","hp1600","CHE","2004-Q3",-0.0163802893416481,-0.00430497723571599
"current","hp1600","CHE","2004-Q4",-0.0189072802979955,-0.00419563906654857
"current","hp1600","CHE","2005-Q1",-0.0163872965319183,-0.00244462188051017
"current","hp1600","CHE","2005-Q2",-0.0108996337792863,-0.00201424441702656
"current","hp1600","CHE","2005-Q3",-0.00762638550154265,0.00080515411857128
"current","hp1600","CHE","2005-Q4",-0.0044719210364265,0.00202079649519527
"current","hp1600","CHE","2006-Q1",0.000915136365686395,0.00171296121015516
"current","hp1600","CHE","2006-Q2",0.00278423837400609,-0.000123373493032971
"current","hp1600","CHE","2006-Q3",0.00380194079255499,0.000147941439137189
"current","hp1600","CHE","2006-Q4",0.010897644145159,-0.00236639958769722
"current","hp1600","CHE","2007-Q1",0.0112983956379501,0.00198185040821255
"current","hp1600","CHE","2007-Q2",0.0192415404754746,0.00148043348052533
"current","hp1600","CHE","2007-Q3",0.0215330748834553,0.00316959902584555
"current","hp1600","CHE","2007-Q4",0.0214892764247581,0.00492125935214219
"current","hp1600","CHE","2008-Q1",0.0231656969419481,0.00256188940622993
"current","hp1600","CHE","2008-Q2",0.0289318838887156,0.00156139002981151
"current","hp1600","CHE","2008-Q3",0.0304176175626135,0.00238400185506248
"current","hp1600","CHE","2008-Q4",0.00351212082209977,-0.00225632216742083
"current","hp1600","CHE","2009-Q1",-0.0181646846303335,-0.000669429655106453
"current","hp1600","CHE","2009-Q2",-0.0188022089865241,-0.00456079306076149
"current","hp1600","CHE","2009-Q3",-0.0137575823293015,-0.00280194631572012
"current","hp1600","CHE","2009-Q4",-0.0125224601351019,-0.00174172520663613
"current","hp1600","CHE","2010-Q1",-0.00409527709657009,-0.000231202757528122
"current","hp1600","CHE","2010-Q2",-0.000458015407865859,-0.00267380824449571
"current","hp1600","CHE","2010-Q3",0.000261176605741923,0.000526336200349069
"current","hp1600","CHE","2010-Q4",0.00387716955849765,-2.70955526246366e-05
"current","hp1600","CHE","2011-Q1",0.00093063234488545,-0.00442105990770435
"current","hp1600","CHE","2011-Q2",0.00460755404573512,-0.00507711803846237
"current","hp1600","CHE","2011-Q3",-0.00439576299321536,-0.0073818128991312
"current","hp1600","CHE","2011-Q4",-0.00533652720844102,-0.00163456872547236
"current","hp1600","CHE","2012-Q1",-0.00534329797490191,0.0027160834583238
"current","hp1600","CHE","2012-Q2",-0.00662443030509038,-0.00165195520213476
"current","hp1600","CHE","2012-Q3",-0.00279271003763488,-0.00346163122482146
"current","hp1600","CHE","2012-Q4",-0.00589245080021106,-0.000568979023464586
"current","hp1600","CHE","2013-Q1",-0.00623256194071886,0.00416535219715699
"current","hp1600","CHE","2013-Q2",-0.00399876964671114,0.00572072451583187
"current","hp1600","CHE","2013-Q3",-0.000669999072262718,0.00403618656579533
"current","hp1600","CHE","2013-Q4",-0.00327038323943154,0.00243658793682854
"current","hp1600","CHE","2014-Q1",-0.000860860260301779,-0.00376388902660224
"current","hp1600","CHE","2014-Q2",0.00379740441605506,-0.00455556961853007
"current","hp1600","CHE","2014-Q3",0.00523895030336287,-0.00446033851774826
"current","hp1600","CHE","2014-Q4",0.0071216724554796,-0.00428872852908423
"current","hp1600","CHE","2015-Q1",-0.000307345796375214,0.000296743374398689
"current","hp1600","CHE","2015-Q2",-0.00275779443319225,0.00347586763572469
"current","hp1600","CHE","2015-Q3",9.88990955742754e-06,0.00688742466611039
"current","hp1600","CHE","2015-Q4",0.00231210004010519,0.00503186756016976
"current","hp1600","CHE","2016-Q1",0.00325625359494441,0.00339736903231485
"current","hp1600","CHE","2016-Q2",0.00290556273537257,0.00339283558855961
"current","hp1600","CHE","2016-Q3",0.00230913282620716,0.00287131165473652
"current","hp1600","CHE","2016-Q4",-0.00454208202345776,0.00899605308998632
"current","hp1600","CHE","2017-Q1",-0.00818481940294317,0.0111223882463548
"current","hp1600","CHE","2017-Q2",-0.00439655929809234,0.00974809704440884
"current","hp1600","CHE","2017-Q3",-0.000904025341881575,0.0112618685356474
"current","hp1600","CHE","2017-Q4",0.00471328110747939,0.00871907512921197
"current","hp1600","CHE","2018-Q1",0.0129520804289599,0.00749817714032033
"current","hp1600","CHE","2018-Q2",0.0190655696008955,0.00472450380480773
"current","hp1600","CHE","2018-Q3",0.0108642372629646,0.00331132540406201
"current","hp1600","CHE","2018-Q4",0.0100490176653603,0.00495825490505499
"current","hp1600","CHE","2019-Q1",0.00652442675745037,0.0104143531485841
"current","hp1600","CHE","2019-Q2",0.00870119977059349,0.0154744512084796
"current","hp1600","CHE","2019-Q3",0.00787809100865982,0.0165596350604181
"current","hp1600","CHE","2019-Q4",0.00522281795276424,0.0155188482777542
"current","hp1600","CHE","2020-Q1",-0.0111597636270984,-0.010107209198925
"current","hp1600","CHE","2020-Q2",-0.0815534211748403,-0.0856696387141274
"current","hp1600","CHE","2020-Q3",-0.0269984654410691,-0.0057875534614317
"current","hp1600","CHE","2020-Q4",-0.023018669652715,-0.0217888831869755
"current","hp1600","CHE","2021-Q1",-0.0215869309226165,-0.0561777976171718
"current","hp1600","CHE","2021-Q2",-0.0005992223093203,-0.0226230093820415
"current","hp1600","CHE","2021-Q3",0.0151279168684046,-0.00168313171603641
"current","hp1600","CHE","2021-Q4",0.0173110059415044,-0.00240226386439731
"current","hp1600","CHE","2022-Q1",0.0140626574551635,0.00715576316737293
"current","hp1600","CHE","2022-Q2",0.0167259773943123,0.0120295572029873
"current","hp1600","CHE","2022-Q3",0.0169981692964427,0.014579463382569
"current","hp1600","CHE","2022-Q4",0.0133667511734932,0.00859562634958114
"current","hp1600","CHE","2023-Q1",0.0115581638523292,0.0054068265147875
"current","hp1600","CHE","2023-Q2",0.00294154509461399,0.00645483132994396
"current","hp1600","CHE","2023-Q3",0.00114023972527478,0.00390780600567056
"current","hp1600","CHE","2023-Q4",0.00169831740867358,0.00157294950521036
"current","hp1600","CHE","2024-Q1",-0.00351347215562746,0.00282727670286436
"current","hp1600","CHE","2024-Q2",0.000506397329290333,0.00529274280395615
"current","hp1600","CHE","2024-Q3",0.000607813119131006,0.00710064490430111
"current","hp1600","CHE","2024-Q4",-0.000314778666401496,0.00492208411499334
"current","hp1600","CHE","2025-Q1",0.00425369902193031,0.0026422126744423
"current","hp1600","CHE","2025-Q2",-0.00065746157244389,0.00171262411101305
"current","hp1600","CHE","2025-Q3",-0.00953401963680996,0.00199173924335279
"current","hp1600","CHE","2025-Q4",-0.00909304959130552,0.00145148057860982
"current","hp1600","CHE","2026-Q1",-0.00751712738868898,-0.00288575482671873
"current","hp1600","CHE","2026-Q2",0.00642586066866446,-0.00474296288038676
"current","hp1600","DEU","1998-Q4",-0.0104894145569113,-0.00697166201054644
"current","hp1600","DEU","1999-Q1",-0.00368877012212271,0.00366391283836947
"current","hp1600","DEU","1999-Q2",-0.00883359744100806,0.00367208485320537
"current","hp1600","DEU","1999-Q3",-0.000385971169792818,-0.000728901933229418
"current","hp1600","DEU","1999-Q4",3.96118194959626e-05,0.00712431690749558
"current","hp1600","DEU","2000-Q1",0.0112838154898183,0.00996505454296309
"current","hp1600","DEU","2000-Q2",0.0156842974433717,0.0148293838039793
"current","hp1600","DEU","2000-Q3",0.0121806377355714,0.0117535527010175
"current","hp1600","DEU","2000-Q4",0.00449075538345618,0.00778073328299234
"current","hp1600","DEU","2001-Q1",0.0220571017253889,0.0164780073671178
"current","hp1600","DEU","2001-Q2",0.0169727128513029,0.00591623600472682
"current","hp1600","DEU","2001-Q3",0.0138045505384778,0.00801608977943815
"current","hp1600","DEU","2001-Q4",0.00829574814790717,0.00918010633802445
"current","hp1600","DEU","2002-Q1",0.00115247329411476,-0.000474648852078971
"current","hp1600","DEU","2002-Q2",0.00298350853348756,-0.00978076933666862
"current","hp1600","DEU","2002-Q3",0.00718291194749469,-0.00418264445473538
"current","hp1600","DEU","2002-Q4",0.00261187345066997,-0.00133074464414634
"current","hp1600","DEU","2003-Q1",-0.0134394164306817,-0.00456138655097269
"current","hp1600","DEU","2003-Q2",-0.0140378186461834,-0.00593455861328698
"current","hp1600","DEU","2003-Q3",-0.00753669596586927,-0.000669816812565367
"current","hp1600","DEU","2003-Q4",-0.00857902513491582,-0.00228869989782108
"current","hp1600","DEU","2004-Q1",-0.0126616847335401,-0.00298864527001278
"current","hp1600","DEU","2004-Q2",-0.0093955040417077,-0.00567245307584873
"current","hp1600","DEU","2004-Q3",-0.015478710994611,-0.010466935502625
"current","hp1600","DEU","2004-Q4",-0.0190751293036688,-0.00611518071783882
"current","hp1600","DEU","2005-Q1",-0.020266529885526,-0.00186913987193698
"current","hp1600","DEU","2005-Q2",-0.0179102181450284,-8.57012351519108e-05
"current","hp1600","DEU","2005-Q3",-0.0133201978917718,-0.00136612271989496
"current","hp1600","DEU","2005-Q4",-0.0132582830425536,-0.00349586619457437
"current","hp1600","DEU","2006-Q1",-0.00546307027918783,0.00409635379509142
"current","hp1600","DEU","2006-Q2",0.00801670287652526,0.00772961910554736
"current","hp1600","DEU","2006-Q3",0.0121741049512882,0.00641122075146867
"current","hp1600","DEU","2006-Q4",0.0234366181910355,0.0158568502415786
"current","hp1600","DEU","2007-Q1",0.0215422789555677,-1.61065698305886e-05
"current","hp1600","DEU","2007-Q2",0.0251714032007264,0.00612375586543545
"current","hp1600","DEU","2007-Q3",0.0278819768989456,0.00415128196598663
"current","hp1600","DEU","2007-Q4",0.0331291982738937,0.00209454590867571
"current","hp1600","DEU","2008-Q1",0.0364034192180847,0.0035163269598467
"current","hp1600","DEU","2008-Q2",0.030553681730231,-0.00125562373617136
"current","hp1600","DEU","2008-Q3",0.0232705630093338,-0.00182556918688706
"current","hp1600","DEU","2008-Q4",0.00603263446980796,-0.00854820096791334
"current","hp1600","DEU","2009-Q1",-0.0439779186189629,-0.00140154423270888
"current","hp1600","DEU","2009-Q2",-0.0434606375480633,0.0010688295280313
"current","hp1600","DEU","2009-Q3",-0.0392687083168829,-0.00347932463351489
"current","hp1600","DEU","2009-Q4",-0.034072498985861,-0.00434952584540613
"current","hp1600","DEU","2010-Q1",-0.0295320767584108,-0.0118268262117969
"current","hp1600","DEU","2010-Q2",-0.0110532091816377,-0.0036214625631607
"current","hp1600","DEU","2010-Q3",-0.00449212368741764,-0.000781088821981586
"current","hp1600","DEU","2010-Q4",-0.00143749975470868,0.00255197123386793
"current","hp1600","DEU","2011-Q1",0.013072512264888,-0.00218730090249665
"current","hp1600","DEU","2011-Q2",0.0125381036451517,-0.000290423065780771
"current","hp1600","DEU","2011-Q3",0.0141764109679273,0.00167962838891374
"current","hp1600","DEU","2011-Q4",0.0100859325013232,0.00234623267533584
"current","hp1600","DEU","2012-Q1",0.0090671796712028,0.00417525631359026
"current","hp1600","DEU","2012-Q2",0.00657273650755109,0.00436717122791071
"current","hp1600","DEU","2012-Q3",0.00400897856546946,0.0048459725755309
"current","hp1600","DEU","2012-Q4",-0.00283819712658911,-0.00194338819819078
"current","hp1600","DEU","2013-Q1",-0.0122457244840937,-0.00867585705477594
"current","hp1600","DEU","2013-Q2",-0.00371329933393943,-0.00241100715195719
"current","hp1600","DEU","2013-Q3",-0.00394454106579299,-0.00168195957146976
"current","hp1600","DEU","2013-Q4",-0.00662320574940246,-0.0110236958542545
"current","hp1600","DEU","2014-Q1",-0.000398789599663518,-0.0122593714291529
"current","hp1600","DEU","2014-Q2",-0.00430482486336564,-0.0116648735628607
"current","hp1600","DEU","2014-Q3",-0.00427425812617279,-0.00749535735302914
"current","hp1600","DEU","2014-Q4",-0.000558297069667285,-0.00616301464356232
"current","hp1600","DEU","2015-Q1",-0.00735253409941927,-0.00606317247415335
"current","hp1600","DEU","2015-Q2",-0.00581284149752583,-0.00460578224629379
"current","hp1600","DEU","2015-Q3",-0.00554773809666661,-0.00188147999031629
"current","hp1600","DEU","2015-Q4",-0.00497384363317981,0.00162012788349033
"current","hp1600","DEU","2016-Q1",-0.00101016453666,0.0049999978314071
"current","hp1600","DEU","2016-Q2",-0.00270423035206658,-7.88130390983431e-05
"current","hp1600","DEU","2016-Q3",-0.00307916163188524,0.00242085024143692
"current","hp1600","DEU","2016-Q4",-0.0028207075859793,0.00661865911568459
"current","hp1600","DEU","2017-Q1",0.00582731875375334,0.00609740688455379
"current","hp1600","DEU","2017-Q2",0.00946743057069969,0.0113174345815715
"current","hp1600","DEU","2017-Q3",0.0142793911371277,0.00947576550193868
"current","hp1600","DEU","2017-Q4",0.0213310963626201,0.0153302289935389
"current","hp1600","DEU","2018-Q1",0.0132012714908411,0.0146780359854681
"current","hp1600","DEU","2018-Q2",0.0172232251559799,0.0168176685016719
"current","hp1600","DEU","2018-Q3",0.0103995917210848,0.0162637881773935
"current","hp1600","DEU","2018-Q4",0.0120855524131042,0.0233711429225202
"current","hp1600","DEU","2019-Q1",0.0172835795822918,0.0265263438792248
"current","hp1600","DEU","2019-Q2",0.0155866705550253,0.028608921276913
"current","hp1600","DEU","2019-Q3",0.0195353378089915,0.0356633237037607
"current","hp1600","DEU","2019-Q4",0.0134850808928214,0.0334334499360398
"current","hp1600","DEU","2020-Q1",-0.00674297576614016,-0.0107526216762611
"current","hp1600","DEU","2020-Q2",-0.101674651199366,-0.118205072600687
"current","hp1600","DEU","2020-Q3",-0.0187649377057315,-0.010957170621576
"current","hp1600","DEU","2020-Q4",-0.0117979789518862,-0.0326705096814246
"current","hp1600","DEU","2021-Q1",-0.0179826338401118,-0.0704036575197674
"current","hp1600","DEU","2021-Q2",0.00291122066171259,-0.0471143338707757
"current","hp1600","DEU","2021-Q3",0.00317951662373481,-0.00301490744541791
"current","hp1600","DEU","2021-Q4",0.00643446242244211,-0.000906951174735847
"current","hp1600","DEU","2022-Q1",0.012754527283006,0.0225598242643509
"current","hp1600","DEU","2022-Q2",0.0126702358601289,0.0220443866223142
"current","hp1600","DEU","2022-Q3",0.0146502363355869,0.0255540919333377
"current","hp1600","DEU","2022-Q4",0.0101973563117204,0.00432450155123138
"current","hp1600","DEU","2023-Q1",0.00231986984111802,0.00601822521578065
"current","hp1600","DEU","2023-Q2",0.000279877866939961,0.0112056671099902
"current","hp1600","DEU","2023-Q3",0.000873473506876653,0.00248424678325555
"current","hp1600","DEU","2023-Q4",-0.0030643288596352,-0.00375955672335551
"current","hp1600","DEU","2024-Q1",-0.00179175443731747,0.00367055574828409
"current","hp1600","DEU","2024-Q2",-0.00395609902391587,0.001864981954847
"current","hp1600","DEU","2024-Q3",-0.00372254095204387,0.00126129918566015
"current","hp1600","DEU","2024-Q4",-0.00234258477039988,0.00520033492562245
"current","hp1600","DEU","2025-Q1",-0.00196544840417325,0.00745167120160347
"current","hp1600","DEU","2025-Q2",-0.0029712727455355,0.00257546877409029
"current","hp1600","DEU","2025-Q3",-0.00407903733970821,-0.00191867440837001
"current","hp1600","DEU","2025-Q4",-0.00224998992112445,0.00417826114971887
"current","hp1600","DEU","2026-Q1",0.00136190391006988,-0.00510745122219151
"current","hp1600","DEU","2026-Q2",0.00382312940035777,-0.00732292756311704
"current","hp1600","FRA","1998-Q4",-0.00510247682422148,-0.00239919504187357
"current","hp1600","FRA","1999-Q1",-0.0058132213687067,-0.00796849189264939
"current","hp1600","FRA","1999-Q2",-0.00681478777266355,-0.00692005115820671
"current","hp1600","FRA","1999-Q3",0.000471761425501534,0.00877219583153245
"current","hp1600","FRA","1999-Q4",0.00735783012595203,0.0055999862162608
"current","hp1600","FRA","2000-Q1",0.00976229595157398,0.0103826036720901
"current","hp1600","FRA","2000-Q2",0.0143594083874139,0.0109163978116892
"current","hp1600","FRA","2000-Q3",0.0157139662174921,0.00860935371576601
"current","hp1600","FRA","2000-Q4",0.0153669203325282,0.00276680842894624
"current","hp1600","FRA","2001-Q1",0.0142257203529788,0.00595721720206225
"current","hp1600","FRA","2001-Q2",0.00878301420229018,0.0074387911045071
"current","hp1600","FRA","2001-Q3",0.0090387574822463,0.00639409605912048
"current","hp1600","FRA","2001-Q4",-0.000820141713319972,0.00585039651875754
"current","hp1600","FRA","2002-Q1",-0.000290049818965155,0.00210056559670551
"current","hp1600","FRA","2002-Q2",-0.000718513213686508,0.00240348615880509
"current","hp1600","FRA","2002-Q3",-0.00159400256041992,0.0034885886207489
"current","hp1600","FRA","2002-Q4",-0.00567586720878321,0.0018393745291449
"current","hp1600","FRA","2003-Q1",-0.00773432457210115,0.000238238816834837
"current","hp1600","FRA","2003-Q2",-0.0169079206352996,-0.00434428977587999
"current","hp1600","FRA","2003-Q3",-0.0106570769046784,-0.00444035679031667
"current","hp1600","FRA","2003-Q4",-0.0117356119453336,-0.0073279590122902
"current","hp1600","FRA","2004-Q1",-0.0062505607329285,-0.00706890894235081
"current","hp1600","FRA","2004-Q2",-0.00657078756872711,-0.00812001305504079
"current","hp1600","FRA","2004-Q3",-0.00776562204374632,-0.0141775404885853
"current","hp1600","FRA","2004-Q4",-0.00363206632624487,-0.00518901361945564
"current","hp1600","FRA","2005-Q1",-0.00539401612686182,-0.00590438530055033
"current","hp1600","FRA","2005-Q2",-0.00791536985626654,-0.00656708240825822
"current","hp1600","FRA","2005-Q3",-0.0045917176460724,-0.00622452177326503
"current","hp1600","FRA","2005-Q4",-0.0021322169065076,-0.00250750286903832
"current","hp1600","FRA","2006-Q1",0.00221901393001474,0.00193213594876424
"current","hp1600","FRA","2006-Q2",0.0103097079872498,0.00543181802892426
"current","hp1600","FRA","2006-Q3",0.00728006237062945,0.00321856318564124
"current","hp1600","FRA","2006-Q4",0.00898862885455112,0.000835681908014675
"current","hp1600","FRA","2007-Q1",0.0161447552008608,0.0063368711510043
"current","hp1600","FRA","2007-Q2",0.0196758964716573,0.0130274877968331
"current","hp1600","FRA","2007-Q3",0.020367683121553,0.0164509189233458
"current","hp1600","FRA","2007-Q4",0.0184570206443243,0.0136148580051254
"current","hp1600","FRA","2008-Q1",0.0252165140800645,0.00754279430047254
"current","hp1600","FRA","2008-Q2",0.0157509456673788,0.00375766375262836
"current","hp1600","FRA","2008-Q3",0.0118607529286324,0.00195065498124983
"current","hp1600","FRA","2008-Q4",-0.0026690631419672,-0.0042033330264769
"current","hp1600","FRA","2009-Q1",-0.0233803551851515,-0.0092852677368051
"current","hp1600","FRA","2009-Q2",-0.0230642370868786,-0.00633124148808552
"current","hp1600","FRA","2009-Q3",-0.0222889718840806,-0.00602915216932369
"current","hp1600","FRA","2009-Q4",-0.0166862463057295,0.000633729709173612
"current","hp1600","FRA","2010-Q1",-0.0156303650781111,0.000258361623441312
"current","hp1600","FRA","2010-Q2",-0.0125948578715999,4.46273847395798e-05
"current","hp1600","FRA","2010-Q3",-0.00769902602164273,0.0052050244212612
"current","hp1600","FRA","2010-Q4",-0.00405624118976558,0.0125140949856791
"current","hp1600","FRA","2011-Q1",0.00703613470560859,0.017948071620111
"current","hp1600","FRA","2011-Q2",0.00498426976830756,0.00234478695460955
"current","hp1600","FRA","2011-Q3",0.00614393719637974,0.000533575410485503
"current","hp1600","FRA","2011-Q4",0.00728267682074783,-0.00368413195939981
"current","hp1600","FRA","2012-Q1",0.00474472400830752,-0.00383127445170951
"current","hp1600","FRA","2012-Q2",-0.00172385029565587,-0.00573228930013603
"current","hp1600","FRA","2012-Q3",-0.000759175516353299,-0.00660750622175975
"current","hp1600","FRA","2012-Q4",-0.00371512067383396,-0.0069021711002011
"current","hp1600","FRA","2013-Q1",-0.00409499985454035,-0.00799654159125351
"current","hp1600","FRA","2013-Q2",0.0022807362059248,-0.00686715277036295
"current","hp1600","FRA","2013-Q3",-0.00232967165261161,-0.00819651104303322
"current","hp1600","FRA","2013-Q4",0.00121874685429821,-0.00574713168380067
"current","hp1600","FRA","2014-Q1",-0.00140848739484525,-0.0105813038125498
"current","hp1600","FRA","2014-Q2",-0.00169848667557248,-0.00600331880293745
"current","hp1600","FRA","2014-Q3",0.00237072784446389,-0.00603091106648229
"current","hp1600","FRA","2014-Q4",-0.00318163471168837,-0.00246524971212617
"current","hp1600","FRA","2015-Q1",-9.37090368930039e-05,-0.00057209834393868
"current","hp1600","FRA","2015-Q2",-0.0023215673593025,-0.0022294053799541
"current","hp1600","FRA","2015-Q3",-0.00197514744512335,-0.000394796388706676
"current","hp1600","FRA","2015-Q4",-0.00185749427603749,-0.00311287634519031
"current","hp1600","FRA","2016-Q1",-0.00139764677332864,0.00432282064563474
"current","hp1600","FRA","2016-Q2",-0.00659215150552856,0.00173517630528193
"current","hp1600","FRA","2016-Q3",-0.00740267129444008,-0.000464395499644426
"current","hp1600","FRA","2016-Q4",-0.00354397328585668,0.00523015768906432
"current","hp1600","FRA","2017-Q1",0.000572957343370774,0.00640685118008517
"current","hp1600","FRA","2017-Q2",0.00551387818994282,0.00775997186486604
"current","hp1600","FRA","2017-Q3",0.0107418390450828,0.0121712118463127
"current","hp1600","FRA","2017-Q4",0.0145458983197196,0.0112851940840395
"current","hp1600","FRA","2018-Q1",0.0119255403740228,0.0128890120570681
"current","hp1600","FRA","2018-Q2",0.0122758671774322,0.0125257068113741
"current","hp1600","FRA","2018-Q3",0.0159847224875441,0.0132062237569467
"current","hp1600","FRA","2018-Q4",0.0214972406736549,0.0128734808738801
"current","hp1600","FRA","2019-Q1",0.029375121255748,0.021536939477789
"current","hp1600","FRA","2019-Q2",0.0328063960916748,0.0268585929113059
"current","hp1600","FRA","2019-Q3",0.031710761152636,0.0269427192528636
"current","hp1600","FRA","2019-Q4",0.0250693148777594,0.0221928212984114
"current","hp1600","FRA","2020-Q1",-0.0280259694277685,-0.0274812950059369
"current","hp1600","FRA","2020-Q2",-0.160330579842633,-0.14011836128502
"current","hp1600","FRA","2020-Q3",-0.0217435257325298,0.00765137123073904
"current","hp1600","FRA","2020-Q4",-0.0246591003614249,-0.0422824803705635
"current","hp1600","FRA","2021-Q1",-0.0233361620876966,-0.0393651212445904
"current","hp1600","FRA","2021-Q2",-0.0147685360626274,-0.0250111487320086
"current","hp1600","FRA","2021-Q3",0.0106730925024513,0.0166492721311145
"current","hp1600","FRA","2021-Q4",0.011829459700493,0.0159526443079516
"current","hp1600","FRA","2022-Q1",0.00758397980038447,0.00536630989459997
"current","hp1600","FRA","2022-Q2",0.00731962295204911,0.0140221730551314
"current","hp1600","FRA","2022-Q3",0.00809059708046737,0.0175996586311929
"current","hp1600","FRA","2022-Q4",0.00779940567684866,0.0106402398535048
"current","hp1600","FRA","2023-Q1",0.00491338392844665,0.0102847495691589
"current","hp1600","FRA","2023-Q2",0.00987732678123837,0.00758556631329525
"current","hp1600","FRA","2023-Q3",0.00928724607377996,0.010313954762779
"current","hp1600","FRA","2023-Q4",0.0101232967425768,0.00567976653744603
"current","hp1600","FRA","2024-Q1",0.00844673401191023,0.00540222639888357
"current","hp1600","FRA","2024-Q2",0.00661328695902702,0.00129183278022003
"current","hp1600","FRA","2024-Q3",0.00698672166153853,0.00659681869841808
"current","hp1600","FRA","2024-Q4",0.00297135448790167,0.00390596649435132
"current","hp1600","FRA","2025-Q1",0.000820805349734523,0.000743540099019035
"current","hp1600","FRA","2025-Q2",-0.000605297457405762,-0.00121961704184234
"current","hp1600","FRA","2025-Q3",-0.000120037428457472,-0.00276220805053212
"current","hp1600","FRA","2025-Q4",-0.00120932883866736,-0.00274561145458711
"current","hp1600","FRA","2026-Q1",-0.00670824352058768,-0.00799877541682549
"current","hp1600","FRA","2026-Q2",-0.0100462390892229,-0.00753338182023021
"current","hp1600","GBR","1998-Q4",-0.00480971661656155,-0.00785434525960721
"current","hp1600","GBR","1999-Q1",-0.00647227310338211,-0.00827910554020458
"current","hp1600","GBR","1999-Q2",-0.0112228890679126,0.00120364548413373
"current","hp1600","GBR","1999-Q3",-0.00291216591008846,0.00144600634686843
"current","hp1600","GBR","1999-Q4",0.00488167974279077,-5.31812962420268e-05
"current","hp1600","GBR","2000-Q1",0.0100935612849554,0.00267630141669141
"current","hp1600","GBR","2000-Q2",0.00938348143540049,0.00405340344984974
"current","hp1600","GBR","2000-Q3",0.00771854575901953,0.00674410354978032
"current","hp1600","GBR","2000-Q4",0.00605795190045154,0.00558785574990752
"current","hp1600","GBR","2001-Q1",0.00690792433993511,-0.000727740465726818
"current","hp1600","GBR","2001-Q2",0.00372263726778062,-0.00175815614379751
"current","hp1600","GBR","2001-Q3",0.00127420455605922,0.00445007914457139
"current","hp1600","GBR","2001-Q4",-0.003070278034743,0.00328935795341446
"current","hp1600","GBR","2002-Q1",-0.00696638197049653,-0.00386588745068602
"current","hp1600","GBR","2002-Q2",-0.00854725131579817,-0.00749446634157915
"current","hp1600","GBR","2002-Q3",-0.00945260577866029,-0.00526824972078331
"current","hp1600","GBR","2002-Q4",-0.00954896217703503,-0.0040446887773481
"current","hp1600","GBR","2003-Q1",-0.00773470932101479,-0.00511434610632779
"current","hp1600","GBR","2003-Q2",-0.00499702193242832,-5.88672990515897e-05
"current","hp1600","GBR","2003-Q3",-0.00101770681039232,0.000756657433662218
"current","hp1600","GBR","2003-Q4",0.000511147349993753,-0.000162614212817491
"current","hp1600","GBR","2004-Q1",-0.00245820901869018,-0.00133121157668229
"current","hp1600","GBR","2004-Q2",-0.00364512607611686,0.00115031616254955
"current","hp1600","GBR","2004-Q3",-0.00588322869595889,0.00132683797161113
"current","hp1600","GBR","2004-Q4",-0.00694215558379443,0.00245597272420187
"current","hp1600","GBR","2005-Q1",-0.00464967868855689,0.00646464379598696
"current","hp1600","GBR","2005-Q2",-0.00150750150742143,0.00444317305013436
"current","hp1600","GBR","2005-Q3",0.00279143575100445,0.00711747185312434
"current","hp1600","GBR","2005-Q4",0.00864542279901161,0.00687639254497233
"current","hp1600","GBR","2006-Q1",0.00803087577646204,-0.00177875193510093
"current","hp1600","GBR","2006-Q2",0.006840436588554,-0.00455191183300402
"current","hp1600","GBR","2006-Q3",0.00496118021703178,0.000715257747034223
"current","hp1600","GBR","2006-Q4",0.0054670292865322,-0.000389898081781109
"current","hp1600","GBR","2007-Q1",0.0137580984527826,0.00772757779389953
"current","hp1600","GBR","2007-Q2",0.0209206322772858,0.0163537815273489
"current","hp1600","GBR","2007-Q3",0.0285330574323775,0.0343907796884136
"current","hp1600","GBR","2007-Q4",0.0356004874794777,0.0316299611709498
"current","hp1600","GBR","2008-Q1",0.0383720150686616,0.0351303356603768
"current","hp1600","GBR","2008-Q2",0.0323646284259968,0.021493392316713
"current","hp1600","GBR","2008-Q3",0.0154456909150287,0.00572798170167688
"current","hp1600","GBR","2008-Q4",-0.00614343836253422,-0.019331883811828
"current","hp1600","GBR","2009-Q1",-0.0267242779775381,-0.023761213031225
"current","hp1600","GBR","2009-Q2",-0.0298094170117774,-0.0254797484410376
"current","hp1600","GBR","2009-Q3",-0.0288879624987763,-0.0227489443834078
"current","hp1600","GBR","2009-Q4",-0.0260748388502593,-0.0154215553445482
"current","hp1600","GBR","2010-Q1",-0.018472875623133,-0.0176765476337415
"current","hp1600","GBR","2010-Q2",-0.00815278032071818,0.00798306517801129
"current","hp1600","GBR","2010-Q3",-0.00362731514851819,0.00879559379576619
"current","hp1600","GBR","2010-Q4",-0.00477218751515334,0.00449809459375471
"current","hp1600","GBR","2011-Q1",-0.00511178248686238,-0.00790274783598775
"current","hp1600","GBR","2011-Q2",-0.00790784516593816,-0.0142761725257203
"current","hp1600","GBR","2011-Q3",-0.00883247701048018,-0.015593868459397
"current","hp1600","GBR","2011-Q4",-0.0110141073697197,-0.0182665797002608
"current","hp1600","GBR","2012-Q1",-0.00497664828331672,-0.0211733516994113
"current","hp1600","GBR","2012-Q2",-0.00919552917535392,-0.0146769885115465
"current","hp1600","GBR","2012-Q3",-0.00289615400521047,-0.00516365886024679
"current","hp1600","GBR","2012-Q4",-0.00865349528428993,0.00373695778368016
"current","hp1600","GBR","2013-Q1",-0.0105983954851901,-0.0100096893164938
"current","hp1600","GBR","2013-Q2",-0.00881934486528721,-0.00875004359581271
"current","hp1600","GBR","2013-Q3",-0.00626057812620415,-0.00420853809598538
"current","hp1600","GBR","2013-Q4",-0.00494558214607288,-0.0088683474782237
"current","hp1600","GBR","2014-Q1",-0.00236701438222059,-0.0116856626875051
"current","hp1600","GBR","2014-Q2",0.0014999318622291,-0.010027921344203
"current","hp1600","GBR","2014-Q3",0.00405922695023238,0.000711609520658891
"current","hp1600","GBR","2014-Q4",0.00508374409579934,0.00118120256624764
"current","hp1600","GBR","2015-Q1",0.00260142169789999,-0.000402467306808828
"current","hp1600","GBR","2015-Q2",0.00172088648404943,-0.00187083973906246
"current","hp1600","GBR","2015-Q3",0.000272237444045188,0.0041977951433775
"current","hp1600","GBR","2015-Q4",0.00108285970491792,-0.00432631404333576
"current","hp1600","GBR","2016-Q1",0.00113185241340189,0.00945756452386615
"current","hp1600","GBR","2016-Q2",0.0037163950633635,0.013172318367644
"current","hp1600","GBR","2016-Q3",0.00364138935144993,0.0156416592879743
"current","hp1600","GBR","2016-Q4",0.00562971824542412,0.0126637713581616
"current","hp1600","GBR","2017-Q1",0.0112704834872642,0.0172272855608408
"current","hp1600","GBR","2017-Q2",0.0162683109994137,0.0147037021046032
"current","hp1600","GBR","2017-Q3",0.0198930460599545,0.0187333771561823
"current","hp1600","GBR","2017-Q4",0.0246381009346363,0.0224580637785684
"current","hp1600","GBR","2018-Q1",0.0230763405267646,0.0273383405727747
"current","hp1600","GBR","2018-Q2",0.0232714686093406,0.0240817416981764
"current","hp1600","GBR","2018-Q3",0.0247956431827682,0.0329947240919736
"current","hp1600","GBR","2018-Q4",0.0247412542819315,0.044820028699312
"current","hp1600","GBR","2019-Q1",0.0286444927355649,0.0435846297762731
"current","hp1600","GBR","2019-Q2",0.0298034588500275,0.0454988637213737
"current","hp1600","GBR","2019-Q3",0.0343796756769744,0.0452178418201307
"current","hp1600","GBR","2019-Q4",0.0334667594354261,0.0433134059712465
"current","hp1600","GBR","2020-Q1",0.0044684585831312,0.0152492953726154
"current","hp1600","GBR","2020-Q2",-0.219017314616062,-0.248642622818217
"current","hp1600","GBR","2020-Q3",-0.0643381111523008,-0.0682834829367571
"current","hp1600","GBR","2020-Q4",-0.0533037290129237,-0.0847952074526138
"current","hp1600","GBR","2021-Q1",-0.0671884591938158,-0.123932281955377
"current","hp1600","GBR","2021-Q2",-0.00322079784417619,-0.0164915506031817
"current","hp1600","GBR","2021-Q3",0.00961241967540761,0.0115196641531748
"current","hp1600","GBR","2021-Q4",0.0191305371162076,0.0108991377483485
"current","hp1600","GBR","2022-Q1",0.0248663679165864,0.0225320224457217
"current","hp1600","GBR","2022-Q2",0.025978603343089,0.0381860123017509
"current","hp1600","GBR","2022-Q3",0.0224948045705009,0.0350905383781032
"current","hp1600","GBR","2022-Q4",0.0206022388019378,0.0350653654384035
"current","hp1600","GBR","2023-Q1",0.0167095136315447,0.0254819250548899
"current","hp1600","GBR","2023-Q2",0.0127187948177676,0.0230424407583528
"current","hp1600","GBR","2023-Q3",0.00597725911646971,0.00770209165225832
"current","hp1600","GBR","2023-Q4",-0.00152319782160326,0.00235167380633443
"current","hp1600","GBR","2024-Q1",0.00150892940892337,0.000245655085536302
"current","hp1600","GBR","2024-Q2",0.00353514761240435,-0.00398098177532359
"current","hp1600","GBR","2024-Q3",0.00120999936032479,-0.000138328819404717
"current","hp1600","GBR","2024-Q4",0.00146497562858383,0.00091013621763775
"current","hp1600","GBR","2025-Q1",0.0031567066933799,0.000159903604336802
"current","hp1600","GBR","2025-Q2",0.000721812597982219,-0.00069592155950073
"current","hp1600","GBR","2025-Q3",-0.00249677287615605,-0.00262638581884046
"current","hp1600","GBR","2025-Q4",-0.00594233331935828,-0.00484096781156511
"current","hp1600","GBR","2026-Q1",-0.00361529479503228,-0.00234999154092363
"current","hp1600","GBR","2026-Q2",-0.00341555109477686,-0.00279894866597099
"current","hp1600","ITA","1998-Q4",-0.0137039033214444,0.0026862398100941
"current","hp1600","ITA","1999-Q1",-0.0143430277774113,0.000541089318875816
"current","hp1600","ITA","1999-Q2",-0.0155676055292511,0.00453590939515575
"current","hp1600","ITA","1999-Q3",-0.0103681747730746,0.0102259187831851
"current","hp1600","ITA","1999-Q4",-0.000398470750591221,0.0080817013944804
"current","hp1600","ITA","2000-Q1",0.00654474284372941,0.00967293186312675
"current","hp1600","ITA","2000-Q2",0.00800536101501926,0.0140650846668947
"current","hp1600","ITA","2000-Q3",0.0119866426448626,0.0133425168067134
"current","hp1600","ITA","2000-Q4",0.016961342299006,0.0137785707634033
"current","hp1600","ITA","2001-Q1",0.0210126595772661,0.0132397541805261
"current","hp1600","ITA","2001-Q2",0.0160639541883861,0.00833346943690718
"current","hp1600","ITA","2001-Q3",0.00784918674446517,0.000629938564536588
"current","hp1600","ITA","2001-Q4",0.00265967735460252,-0.00244501737109437
"current","hp1600","ITA","2002-Q1",0.000628285489719495,-0.00307707804641207
"current","hp1600","ITA","2002-Q2",0.000480970820989366,-0.00819044078475546
"current","hp1600","ITA","2002-Q3",-0.00153315922846219,-0.00926818594037329
"current","hp1600","ITA","2002-Q4",0.00136480775789981,-0.00360620211799973
"current","hp1600","ITA","2003-Q1",-0.00548750442796869,-0.00791559956408185
"current","hp1600","ITA","2003-Q2",-0.01063335453604,-0.00929698178769033
"current","hp1600","ITA","2003-Q3",-0.0156604105254492,-0.00728998763762102
"current","hp1600","ITA","2003-Q4",-0.00856061330651082,-0.00885477975483431
"current","hp1600","ITA","2004-Q1",-0.00763089818019175,-0.00738040911571963
"current","hp1600","ITA","2004-Q2",-0.00711174282439666,-0.00897720816624097
"current","hp1600","ITA","2004-Q3",-0.00856048181071007,-0.00804373836618974
"current","hp1600","ITA","2004-Q4",-0.00866823520842461,-0.0054272097136044
"current","hp1600","ITA","2005-Q1",-0.012399474224415,-0.00864730170896993
"current","hp1600","ITA","2005-Q2",-0.00632842156292955,-0.00332762855267596
"current","hp1600","ITA","2005-Q3",-0.00281831910898403,0.00041870637041445
"current","hp1600","ITA","2005-Q4",6.05232026761396e-05,0.00032094447752146
"current","hp1600","ITA","2006-Q1",0.00199703790137078,0.00422348070056337
"current","hp1600","ITA","2006-Q2",0.00403685536008716,0.00154543427420754
"current","hp1600","ITA","2006-Q3",0.00623681380271246,0.00176652506173802
"current","hp1600","ITA","2006-Q4",0.019461699979567,0.00734942618547205
"current","hp1600","ITA","2007-Q1",0.0184884261609473,0.0106091703201572
"current","hp1600","ITA","2007-Q2",0.0212993732897582,0.0148798681474456
"current","hp1600","ITA","2007-Q3",0.0219204446739146,0.0116008811411794
"current","hp1600","ITA","2007-Q4",0.0210509309785134,0.0101806064916461
"current","hp1600","ITA","2008-Q1",0.0335626506348471,0.0111296555836405
"current","hp1600","ITA","2008-Q2",0.0262000521512066,0.00606761528100649
"current","hp1600","ITA","2008-Q3",0.0133478230941566,-0.00150089995325864
"current","hp1600","ITA","2008-Q4",-0.00824721831112936,-0.00810572444833457
"current","hp1600","ITA","2009-Q1",-0.030393202178385,-0.00930518707070714
"current","hp1600","ITA","2009-Q2",-0.0329715807684215,-0.0119800703425057
"current","hp1600","ITA","2009-Q3",-0.0267826283967797,-0.00796169753776912
"current","hp1600","ITA","2009-Q4",-0.0212686717811807,-0.00534359631228975
"current","hp1600","ITA","2010-Q1",-0.0146281338448658,0.000611090588280468
"current","hp1600","ITA","2010-Q2",-0.00509178083598699,0.00274106937266242
"current","hp1600","ITA","2010-Q3",0.000350488065119001,0.011784330595128
"current","hp1600","ITA","2010-Q4",0.0116790413177106,0.0179057039514123
"current","hp1600","ITA","2011-Q1",0.0201149366442224,0.0214970997466106
"current","hp1600","ITA","2011-Q2",0.0205180322261258,0.0225142644427944
"current","hp1600","ITA","2011-Q3",0.0187190114867832,0.0222457264550608
"current","hp1600","ITA","2011-Q4",0.0116366189783102,0.0103218512711436
"current","hp1600","ITA","2012-Q1",0.00384273548453794,-0.000140321649304796
"current","hp1600","ITA","2012-Q2",-0.0019693813843618,-0.00620928351288742
"current","hp1600","ITA","2012-Q3",-0.00621071010505044,-0.00955847747825334
"current","hp1600","ITA","2012-Q4",-0.0117050034775286,-0.0146017163331265
"current","hp1600","ITA","2013-Q1",-0.0180550927749342,-0.0244958850535335
"current","hp1600","ITA","2013-Q2",-0.0165929639444643,-0.0252395602030832
"current","hp1600","ITA","2013-Q3",-0.0118557954988038,-0.021286560587264
"current","hp1600","ITA","2013-Q4",-0.0122368389088459,-0.0193315264576121
"current","hp1600","ITA","2014-Q1",-0.0110451062204552,-0.021316892136927
"current","hp1600","ITA","2014-Q2",-0.0103161195313967,-0.0191680411607369
"current","hp1600","ITA","2014-Q3",-0.0100668831874758,-0.0150292919048731
"current","hp1600","ITA","2014-Q4",-0.0117882560199949,-0.0111713497808114
"current","hp1600","ITA","2015-Q1",-0.00815761457230836,-0.0054797228136562
"current","hp1600","ITA","2015-Q2",-0.00446929324041849,0.00404671672901351
"current","hp1600","ITA","2015-Q3",-0.00493638613655303,0.00243135269886953
"current","hp1600","ITA","2015-Q4",-0.00131415533360774,0.0018216487754436
"current","hp1600","ITA","2016-Q1",-0.000318384974887134,0.00409033352770497
"current","hp1600","ITA","2016-Q2",0.001781842770375,0.00433938321612849
"current","hp1600","ITA","2016-Q3",0.00743801615198945,0.00626710748985009
"current","hp1600","ITA","2016-Q4",0.00985085685757795,0.0101530195623949
"current","hp1600","ITA","2017-Q1",0.0135780898856745,0.016110791416871
"current","hp1600","ITA","2017-Q2",0.0168283328135481,0.0186171977071669
"current","hp1600","ITA","2017-Q3",0.0166834127596803,0.0171324113755724
"current","hp1600","ITA","2017-Q4",0.021803937192637,0.0202872226296327
"current","hp1600","ITA","2018-Q1",0.0196733286137686,0.023902286423916
"current","hp1600","ITA","2018-Q2",0.0218724296707445,0.0272124022200422
"current","hp1600","ITA","2018-Q3",0.0204784089834354,0.0273378126356299
"current","hp1600","ITA","2018-Q4",0.022785930368811,0.0292202307392504
"current","hp1600","ITA","2019-Q1",0.0245466409529796,0.0333608441762654
"current","hp1600","ITA","2019-Q2",0.0279376362323795,0.0385830508984247
"current","hp1600","ITA","2019-Q3",0.0217854318263168,0.0314690371842582
"current","hp1600","ITA","2019-Q4",0.0181727262940998,0.0301552410490772
"current","hp1600","ITA","2020-Q1",-0.0418182604689928,-0.0406504001101206
"current","hp1600","ITA","2020-Q2",-0.177036437238186,-0.153949468549434
"current","hp1600","ITA","2020-Q3",-0.0469059402990479,-0.0371991522031347
"current","hp1600","ITA","2020-Q4",-0.0471761605407649,-0.0688024172045776
"current","hp1600","ITA","2021-Q1",-0.0343442146527846,-0.0823136101595892
"current","hp1600","ITA","2021-Q2",-0.0133807612946148,-0.0137913561348993
"current","hp1600","ITA","2021-Q3",0.00550035219864242,0.00446509706965702
"current","hp1600","ITA","2021-Q4",0.0169267904776726,0.00414117364301494
"current","hp1600","ITA","2022-Q1",0.0192371904465474,0.00812046279075563
"current","hp1600","ITA","2022-Q2",0.0298668933790569,0.0278133000926873
"current","hp1600","ITA","2022-Q3",0.0265152719754047,0.0271753302358925
"current","hp1600","ITA","2022-Q4",0.0193146108828322,0.0106926153716673
"current","hp1600","ITA","2023-Q1",0.0203216479018573,0.0201165958556528
"current","hp1600","ITA","2023-Q2",0.0159911326971821,0.0141916595192389
"current","hp1600","ITA","2023-Q3",0.012504012641549,0.0046263793323835
"current","hp1600","ITA","2023-Q4",0.0117011742696828,-0.00290879248887956
"current","hp1600","ITA","2024-Q1",0.00834606001316089,0.00671387738098209
"current","hp1600","ITA","2024-Q2",0.00623859548835107,0.00593662295543933
"current","hp1600","ITA","2024-Q3",0.00241869011898699,0.00438119137139613
"current","hp1600","ITA","2024-Q4",-2.25822758799857e-06,0.0054134170396469
"current","hp1600","ITA","2025-Q1",-0.000359037779417717,0.00264116944764967
"current","hp1600","ITA","2025-Q2",-0.0041668582330684,0.00154951934011352
"current","hp1600","ITA","2025-Q3",-0.00590741103507347,0.00028749470906223
"current","hp1600","ITA","2025-Q4",-0.00612848746138241,-0.00259863066033722
"current","hp1600","ITA","2026-Q1",-0.00654395740975312,-0.00124668379268636
"current","hp1600","ITA","2026-Q2",-0.00839888621946379,-0.00121862776330618
"current","hp1600","JPN","1998-Q4",-0.00312827123626156,-0.00930030474525761
"current","hp1600","JPN","1999-Q1",-0.0188644730230667,-0.00834266079376648
"current","hp1600","JPN","1999-Q2",-0.0150394947914929,-0.00906354628457443
"current","hp1600","JPN","1999-Q3",-0.0108987049254898,-0.00356327734438054
"current","hp1600","JPN","1999-Q4",-0.0130691491749562,-0.00569529329791357
"current","hp1600","JPN","2000-Q1",0.00380674377922613,-0.000225447228603443
"current","hp1600","JPN","2000-Q2",0.0080234102380792,-0.0057047003338418
"current","hp1600","JPN","2000-Q3",0.00555680719499193,-0.00740089127316415
"current","hp1600","JPN","2000-Q4",0.0137377047439163,0.00157338005845799
"current","hp1600","JPN","2001-Q1",0.0173342598350836,0.00304304701148619
"current","hp1600","JPN","2001-Q2",0.00737304186820564,0.00934142826396074
"current","hp1600","JPN","2001-Q3",-0.00693122570622484,0.00405956066861044
"current","hp1600","JPN","2001-Q4",-0.0117104150128599,0.000738186199530412
"current","hp1600","JPN","2002-Q1",-0.0119123783054796,0.00367800484616724
"current","hp1600","JPN","2002-Q2",-0.00764548006432133,0.0075945963228393
"current","hp1600","JPN","2002-Q3",-0.00759875150301639,0.00462661610609932
"current","hp1600","JPN","2002-Q4",-0.00842469493564347,-0.00201309680650196
"current","hp1600","JPN","2003-Q1",-0.012851672942462,-0.00398856009909516
"current","hp1600","JPN","2003-Q2",-0.00801503902432943,-0.00388123940352817
"current","hp1600","JPN","2003-Q3",-0.00857209726275261,-0.00613845680682771
"current","hp1600","JPN","2003-Q4",-0.00200602376747094,0.00221743951686667
"current","hp1600","JPN","2004-Q1",0.00300682543945769,0.00117907176101465
"current","hp1600","JPN","2004-Q2",-0.00118361120425021,-0.00185557363778074
"current","hp1600","JPN","2004-Q3",0.000945422872850911,0.0024929743254879
"current","hp1600","JPN","2004-Q4",-0.00616487517945434,-0.00906698901149113
"current","hp1600","JPN","2005-Q1",-0.00313763046986509,-0.00205740969997231
"current","hp1600","JPN","2005-Q2",0.00346943286680772,0.00241532927797382
"current","hp1600","JPN","2005-Q3",0.00970771279490013,0.00944137555926976
"current","hp1600","JPN","2005-Q4",0.0100464277531687,0.00906724524282407
"current","hp1600","JPN","2006-Q1",0.00866257702046274,0.00726112302224346
"current","hp1600","JPN","2006-Q2",0.00960109288145224,0.00899198270964555
"current","hp1600","JPN","2006-Q3",0.00798630315609825,-0.000398593796319038
"current","hp1600","JPN","2006-Q4",0.0202158674462469,0.0139964353496589
"current","hp1600","JPN","2007-Q1",0.0266482635698229,0.00975524393168818
"current","hp1600","JPN","2007-Q2",0.0278664439479245,0.0175176286497848
"current","hp1600","JPN","2007-Q3",0.021303298468818,0.00505032867204238
"current","hp1600","JPN","2007-Q4",0.0272831406832829,0.00948430864478409
"current","hp1600","JPN","2008-Q1",0.0299711715230131,0.0104495464364057
"current","hp1600","JPN","2008-Q2",0.0260508501153408,-0.000850439549951855
"current","hp1600","JPN","2008-Q3",0.0158400084591535,-0.00367198370343214
"current","hp1600","JPN","2008-Q4",-0.0072187280362995,-0.0183631183008201
"current","hp1600","JPN","2009-Q1",-0.0516931269445786,-0.0130177321736483
"current","hp1600","JPN","2009-Q2",-0.0397930232166141,-0.0189939139787189
"current","hp1600","JPN","2009-Q3",-0.0458077043471235,-0.0224110076560723
"current","hp1600","JPN","2009-Q4",-0.0297709868926271,-0.0115881055878966
"current","hp1600","JPN","2010-Q1",-0.0176539241307342,-0.00684443168338161
"current","hp1600","JPN","2010-Q2",-0.00441002249330705,0.000652277303057587
"current","hp1600","JPN","2010-Q3",0.0119254229079279,0.0143736344213766
"current","hp1600","JPN","2010-Q4",0.00210813282707969,-0.002979375996532
"current","hp1600","JPN","2011-Q1",-0.0138382712744096,-0.0263166343996185
"current","hp1600","JPN","2011-Q2",-0.0219344334170451,-0.0170000684978221
"current","hp1600","JPN","2011-Q3",-0.00018748071260611,-0.00953228395346524
"current","hp1600","JPN","2011-Q4",-0.00217695300588384,-0.00151564428122614
"current","hp1600","JPN","2012-Q1",0.0102026498076445,-0.00174263397409782
"current","hp1600","JPN","2012-Q2",-0.00165283958602869,-0.0019054010421592
"current","hp1600","JPN","2012-Q3",-0.00842216869741917,-0.00293570775789856
"current","hp1600","JPN","2012-Q4",-0.0120777668840858,-0.000368204739893902
"current","hp1600","JPN","2013-Q1",-0.00291812573841195,0.0129305089359917
"current","hp1600","JPN","2013-Q2",0.00429350668885125,0.017369901869536
"current","hp1600","JPN","2013-Q3",0.010415091625243,0.0203727799060496
"current","hp1600","JPN","2013-Q4",0.00559794024509524,0.0160847734181644
"current","hp1600","JPN","2014-Q1",0.0121178671862103,0.0347072280391831
"current","hp1600","JPN","2014-Q2",-0.00527137647820593,-0.0129362417163353
"current","hp1600","JPN","2014-Q3",-0.00668226939675145,-0.00713247736839366
"current","hp1600","JPN","2014-Q4",-0.00424929777759551,-0.00606051309528198
"current","hp1600","JPN","2015-Q1",0.00807934654751393,0.000203132286134269
"current","hp1600","JPN","2015-Q2",0.00603962331319678,-2.03398532416105e-05
"current","hp1600","JPN","2015-Q3",0.00450579545010644,0.00301595373634715
"current","hp1600","JPN","2015-Q4",-0.000307082213689414,-0.00291241294391046
"current","hp1600","JPN","2016-Q1",0.00539939943320729,-0.00176830657880453
"current","hp1600","JPN","2016-Q2",-0.000321933574639255,-0.00899857224412924
"current","hp1600","JPN","2016-Q3",-0.000194440857741521,-0.00426348111603574
"current","hp1600","JPN","2016-Q4",-0.00234979441912008,-0.00253702108257052
"current","hp1600","JPN","2017-Q1",0.00297464178588892,0.0012686767696707
"current","hp1600","JPN","2017-Q2",0.00443605707068709,0.00825226257406778
"current","hp1600","JPN","2017-Q3",0.0146959542683693,0.0059924680585269
"current","hp1600","JPN","2017-Q4",0.0148001326766331,0.0110681762134237
"current","hp1600","JPN","2018-Q1",0.0123255681701039,0.00968438462253143
"current","hp1600","JPN","2018-Q2",0.0177078439915067,0.0117362368115749
"current","hp1600","JPN","2018-Q3",0.0128876546239045,0.0151632977102059
"current","hp1600","JPN","2018-Q4",0.0129687869951576,0.0171008502862475
"current","hp1600","JPN","2019-Q1",0.0139456501515806,0.0155387163958615
"current","hp1600","JPN","2019-Q2",0.0179374017008041,0.0168763566214101
"current","hp1600","JPN","2019-Q3",0.0188438773444019,0.0259112679108551
"current","hp1600","JPN","2019-Q4",-0.0105791063858969,-0.00913156695795678
"current","hp1600","JPN","2020-Q1",-0.00704557893444848,-0.00569785781938167
"current","hp1600","JPN","2020-Q2",-0.0820588668715093,-0.0832345423771754
"current","hp1600","JPN","2020-Q3",-0.0334972270655923,-0.031052964153686
"current","hp1600","JPN","2020-Q4",-0.0179068750580649,-0.0123954840548836
"current","hp1600","JPN","2021-Q1",-0.00661748690350518,-0.0184218544206087
"current","hp1600","JPN","2021-Q2",-0.00176872679672892,-0.0122835987438366
"current","hp1600","JPN","2021-Q3",-0.00510998218595038,-0.0218593164713452
"current","hp1600","JPN","2021-Q4",0.00516279824947603,0.00697315680753801
"current","hp1600","JPN","2022-Q1",-0.00042567520229784,-0.00183969826787508
"current","hp1600","JPN","2022-Q2",0.0071753085065921,0.0125912693542594
"current","hp1600","JPN","2022-Q3",0.00262983122841036,0.0118936547497244
"current","hp1600","JPN","2022-Q4",0.00574731927159248,0.0139780929229788
"current","hp1600","JPN","2023-Q1",0.0130448218794792,0.0187847581355615
"current","hp1600","JPN","2023-Q2",0.0114292551446467,0.00805577812800964
"current","hp1600","JPN","2023-Q3",-0.00309036183610921,-0.000355085070946832
"current","hp1600","JPN","2023-Q4",-0.000372892818846005,-0.00150870433249101
"current","hp1600","JPN","2024-Q1",-0.00288778542313773,-0.0048221119232769
"current","hp1600","JPN","2024-Q2",-0.00625466296506709,-0.00693331555109509
"current","hp1600","JPN","2024-Q3",-0.000191966926771207,-0.00341384588687902
"current","hp1600","JPN","2024-Q4",0.00176788483195728,-0.00473205738521763
"current","hp1600","JPN","2025-Q1",0.0049784692154977,0.00020504186713487
"current","hp1600","JPN","2025-Q2",0.00465484495959946,-3.18059492748421e-05
"current","hp1600","JPN","2025-Q3",-0.0019166306268195,0.00361799358038531
"current","hp1600","JPN","2025-Q4",-0.00157896697255409,0.00314089690307923
"current","hp1600","JPN","2026-Q1",0.00111649688321362,0.00632335612840086
"current","hp1600","JPN","2026-Q2",0.00181775635862019,0.00452806688475692
"current","hp1600","USA","1998-Q4",0.00609835705118614,0.00198923800239226
"current","hp1600","USA","1999-Q1",0.00610155428015808,0.00113375768097104
"current","hp1600","USA","1999-Q2",0.00530459447906297,0.00541842936830064
"current","hp1600","USA","1999-Q3",0.00962449559865197,0.00587329078104706
"current","hp1600","USA","1999-Q4",0.017321127570283,0.00988336453348901
"current","hp1600","USA","2000-Q1",0.0126515526536693,0.0146141221134528
"current","hp1600","USA","2000-Q2",0.0226956980045528,0.0138810057363386
"current","hp1600","USA","2000-Q3",0.0159880317477346,0.013643970289625
"current","hp1600","USA","2000-Q4",0.0144706713078488,0.0128227246883572
"current","hp1600","USA","2001-Q1",0.00394182974301155,0.00716339382907821
"current","hp1600","USA","2001-Q2",0.0031055881851972,0.000111721159935666
"current","hp1600","USA","2001-Q3",-0.00783051401584286,-0.00527599830663257
"current","hp1600","USA","2001-Q4",-0.0119133588266567,0.00204182990867019
"current","hp1600","USA","2002-Q1",-0.0103570006057513,-0.00427042481814708
"current","hp1600","USA","2002-Q2",-0.0109997505874401,-0.00763086266756898
"current","hp1600","USA","2002-Q3",-0.0136991602437814,-0.00895205239033422
"current","hp1600","USA","2002-Q4",-0.0192450423479327,-0.0116041888209021
"current","hp1600","USA","2003-Q1",-0.0208095479680142,-0.0148021525232876
"current","hp1600","USA","2003-Q2",-0.0188444804548997,-0.0114433249179094
"current","hp1600","USA","2003-Q3",-0.00922256928531224,-0.00533536432834
"current","hp1600","USA","2003-Q4",-0.00455088960343438,-0.00629960300134336
"current","hp1600","USA","2004-Q1",-0.00573299662157182,-0.00471854910313353
"current","hp1600","USA","2004-Q2",-0.00477559992228716,-0.00682877028585077
"current","hp1600","USA","2004-Q3",-0.00198833927487459,-0.00253036038274906
"current","hp1600","USA","2004-Q4",0.00165720991394608,0.00153956387580244
"current","hp1600","USA","2005-Q1",0.00637622123078095,0.000928361558528989
"current","hp1600","USA","2005-Q2",0.00520917324429108,0.00526629144983644
"current","hp1600","USA","2005-Q3",0.0072050515173349,0.00713722540756651
"current","hp1600","USA","2005-Q4",0.00723643320309306,0.00290421398047511
"current","hp1600","USA","2006-Q1",0.0154248480534453,0.00801392490121936
"current","hp1600","USA","2006-Q2",0.0131907822984413,0.0078074378827557
"current","hp1600","USA","2006-Q3",0.0102436204508246,0.00920394679509579
"current","hp1600","USA","2006-Q4",0.0147354132982783,0.0140758375271409
"current","hp1600","USA","2007-Q1",0.0140534090955284,0.0159891470430165
"current","hp1600","USA","2007-Q2",0.0168380103814415,0.0147561929081691
"current","hp1600","USA","2007-Q3",0.0196213768634101,0.0179183373142428
"current","hp1600","USA","2007-Q4",0.0232497390353217,0.0187076772174884
"current","hp1600","USA","2008-Q1",0.0166243882845856,0.014499605827895
"current","hp1600","USA","2008-Q2",0.0204434406972777,0.014676283113613
"current","hp1600","USA","2008-Q3",0.0132252787372668,0.00456875995426655
"current","hp1600","USA","2008-Q4",-0.0107719925441015,-0.0067021515790017
"current","hp1600","USA","2009-Q1",-0.024047788519297,-0.0114039525066153
"current","hp1600","USA","2009-Q2",-0.0277758429873973,-0.0184832834065404
"current","hp1600","USA","2009-Q3",-0.0263522730760947,-0.0139812497465925
"current","hp1600","USA","2009-Q4",-0.0178726808078604,-0.0173778334742477
"current","hp1600","USA","2010-Q1",-0.0155308477642159,-0.0140238926999319
"current","hp1600","USA","2010-Q2",-0.00863236805754698,-0.00767699504523353
"current","hp1600","USA","2010-Q3",-0.0039310982502332,-0.003321412895076
"current","hp1600","USA","2010-Q4",-0.00192721489803323,-0.000149310319139985
"current","hp1600","USA","2011-Q1",-0.00779092699729738,0.00053036795937861
"current","hp1600","USA","2011-Q2",-0.00479278312990024,-0.00177877485205472
"current","hp1600","USA","2011-Q3",-0.00901267931965165,-0.00229232184838129
"current","hp1600","USA","2011-Q4",-0.00208621873968124,-0.00434460559604498
"current","hp1600","USA","2012-Q1",0.00179140951764613,-0.00116498616027452
"current","hp1600","USA","2012-Q2",0.00155378791538599,-0.00365364883799426
"current","hp1600","USA","2012-Q3",-0.00190277767078582,-0.00611157978754728
"current","hp1600","USA","2012-Q4",-0.005835558979146,-0.00686023219261846
"current","hp1600","USA","2013-Q1",-0.00128632232506,-0.00534568776935341
"current","hp1600","USA","2013-Q2",-0.00404418509036756,-0.00769225841863578
"current","hp1600","USA","2013-Q3",-0.00114193374063602,-0.00905975919460386
"current","hp1600","USA","2013-Q4",0.00183730784565055,-0.00592630110866528
"current","hp1600","USA","2014-Q1",-0.00742390755115077,-0.00816001371437953
"current","hp1600","USA","2014-Q2",-0.000476587729979086,-0.00459116854978374
"current","hp1600","USA","2014-Q3",0.00565597487431051,-0.00088455523493073
"current","hp1600","USA","2014-Q4",0.00471747000460717,0.00433854905500714
"current","hp1600","USA","2015-Q1",0.00768508567216788,0.00567397544997842
"current","hp1600","USA","2015-Q2",0.00786747433330022,0.00618130248712685
"current","hp1600","USA","2015-Q3",0.00588715456393348,0.00682772862922398
"current","hp1600","USA","2015-Q4",0.00178175686293724,0.00452120230758816
"current","hp1600","USA","2016-Q1",0.00164283148015628,0.00569892311848473
"current","hp1600","USA","2016-Q2",-0.00103365461967375,0.00434064193485302
"current","hp1600","USA","2016-Q3",0.000190076823144742,0.00501512635308623
"current","hp1600","USA","2016-Q4",-8.65587649723438e-05,0.0039580613646153
"current","hp1600","USA","2017-Q1",-0.000989783029178653,0.00548016890072908
"current","hp1600","USA","2017-Q2",-0.00111973832418991,0.00435644173861066
"current","hp1600","USA","2017-Q3",0.00107263138440748,0.00510630981885897
"current","hp1600","USA","2017-Q4",0.00667382995013228,0.010033890247989
"current","hp1600","USA","2018-Q1",0.00922841610758636,0.0113638655565064
"current","hp1600","USA","2018-Q2",0.00903534449596276,0.0108631837633658
"current","hp1600","USA","2018-Q3",0.00981898565447974,0.00964571445331332
"current","hp1600","USA","2018-Q4",0.00584209098965153,0.00694786318230446
"current","hp1600","USA","2019-Q1",0.00669734993832423,0.00267965248219708
"current","hp1600","USA","2019-Q2",0.00964794551861625,0.00525307519457516
"current","hp1600","USA","2019-Q3",0.0158905423275376,0.0105106949810432
"current","hp1600","USA","2019-Q4",0.0172416832039333,0.0108678756199496
"current","hp1600","USA","2020-Q1",-0.00155004744651923,-0.0125209586128923
"current","hp1600","USA","2020-Q2",-0.0892833731556086,-0.10966578825106
"current","hp1600","USA","2020-Q3",-0.0204164195559948,-0.0313844445126703
"current","hp1600","USA","2020-Q4",-0.0152316373087736,-0.0251050877177155
"current","hp1600","USA","2021-Q1",-0.00763552422914102,-0.0100825106842476
"current","hp1600","USA","2021-Q2",0.00282241631731116,0.016630614943139
"current","hp1600","USA","2021-Q3",0.00450047557129332,0.0171572308205388
"current","hp1600","USA","2021-Q4",0.0148827352002355,0.0189015841498981
"current","hp1600","USA","2022-Q1",0.00563740708215026,0.0119829562521761
"current","hp1600","USA","2022-Q2",0.000460824208391619,0.0122884655011802
"current","hp1600","USA","2022-Q3",0.000880321073879213,0.00915977934365464
"current","hp1600","USA","2022-Q4",0.000966457841370066,0.00337707349115904
"current","hp1600","USA","2023-Q1",0.00138054196731902,0.00665852522544197
"current","hp1600","USA","2023-Q2",0.00084806806527903,0.00273341556096041
"current","hp1600","USA","2023-Q3",0.00554504234377491,0.00270615977975425
"current","hp1600","USA","2023-Q4",0.00720683419631321,0.00266108382033967
"current","hp1600","USA","2024-Q1",0.00259734102629026,-0.00051441145309739
"current","hp1600","USA","2024-Q2",0.00474796012142677,0.00160908592441226
"current","hp1600","USA","2024-Q3",0.00633890791409499,0.0039604104927212
"current","hp1600","USA","2024-Q4",0.00434499539747678,0.00621195052372646
"current","hp1600","USA","2025-Q1",-0.00382804952498619,0.000488153149728226
"current","hp1600","USA","2025-Q2",-0.000931563158801602,-0.000627062750279826
"current","hp1600","USA","2025-Q3",0.00327720120261001,0.000684743530818884
"current","hp1600","USA","2025-Q4",-0.00200046096790023,-0.00169769044301724
"current","hp1600","USA","2026-Q1",-0.00330201972906804,-0.00749026576410198
"current","hp1600","USA","2026-Q2",-0.00608703525092792,-0.00615825950294607
"original","hp1600","AUS","1998-Q4",0.0114378930391984,0.00448642159414604
"original","hp1600","AUS","1999-Q1",0.00964593640719329,0.0123396508614977
"original","hp1600","AUS","1999-Q2",0.00501160073749654,0.010298760994462
"original","hp1600","AUS","1999-Q3",0.0048385698345344,0.00945156281164064
"original","hp1600","AUS","1999-Q4",0.0123466318754931,0.0121510230627369
"original","hp1600","AUS","2000-Q1",0.010759001557395,0.00521541244939347
"original","hp1600","AUS","2000-Q2",0.00968200912240349,0.00321173641825657
"original","hp1600","AUS","2000-Q3",0.00170764639966419,0.00460930271609535
"original","hp1600","AUS","2000-Q4",-0.0112810768774514,-0.000758890601517315
"original","hp1600","AUS","2001-Q1",-0.0070485275173794,-0.000688938350327058
"original","hp1600","AUS","2001-Q2",-0.00838247772855944,-0.00325876101134087
"original","hp1600","AUS","2001-Q3",-0.00550972677947935,-0.0100267873047983
"original","hp1600","AUS","2001-Q4",-0.00352003199201323,-0.0128182974885746
"original","hp1600","AUS","2002-Q1",-0.00371137635646215,-0.010703943762128
"original","hp1600","AUS","2002-Q2",0.00363070448659317,-0.0041386120395338
"original","hp1600","AUS","2002-Q3",-0.00109971751572135,-0.00105104006142215
"original","hp1600","AUS","2002-Q4",-0.00144284981300069,-0.00694456061844965
"original","hp1600","AUS","2003-Q1",-0.00953934444013436,-0.0124753526653426
"original","hp1600","AUS","2003-Q2",-0.0101914284840736,-0.0119550478798689
"original","hp1600","AUS","2003-Q3",-0.00331773739520998,-0.00939547625822864
"original","hp1600","AUS","2003-Q4",0.00457179583661716,0.00074585743095331
"original","hp1600","AUS","2004-Q1",0.00368818033440788,0.0056737527853179
"original","hp1600","AUS","2004-Q2",0.00102593213758356,0.00510133599468077
"original","hp1600","AUS","2004-Q3",0.00131637945145347,0.00809489422421506
"original","hp1600","AUS","2004-Q4",0.000201312510069254,0.00749550908798365
"original","hp1600","AUS","2005-Q1",0.000674016174777477,-0.00197184913688486
"original","hp1600","AUS","2005-Q2",-0.00225709589538533,0.00161231823396272
"original","hp1600","AUS","2005-Q3",0.00183441770969244,-0.00131757456618611
"original","hp1600","AUS","2005-Q4",0.00123315174041364,-0.0055679971802578
"original","hp1600","AUS","2006-Q1",-0.00454653938038287,-0.00649684926640561
"original","hp1600","AUS","2006-Q2",-0.0098627775148564,-0.00378313869863994
"original","hp1600","AUS","2006-Q3",-0.00714971629369341,-0.00365250808542468
"original","hp1600","AUS","2006-Q4",0.000855393047917473,0.000755805576398323
"original","hp1600","AUS","2007-Q1",0.00865586709498313,0.0130726552338969
"original","hp1600","AUS","2007-Q2",0.00945395580652692,0.0136578659668317
"original","hp1600","AUS","2007-Q3",0.0095243461373737,0.0192427641447985
"original","hp1600","AUS","2007-Q4",0.00809831786259931,0.0264163457462619
"original","hp1600","AUS","2008-Q1",0.0136353944593997,0.023529239138694
"original","hp1600","AUS","2008-Q2",0.0101782909914321,0.0110848550383854
"original","hp1600","AUS","2008-Q3",0.0104465035217279,0.00105632137868093
"original","hp1600","AUS","2008-Q4",-0.00412166140964223,-0.00841394555945946
"original","hp1600","AUS","2009-Q1",-0.000604728038759879,-0.0128052211913383
"original","hp1600","AUS","2009-Q2",-0.00247800805634481,-0.00937794999436577
"original","hp1600","AUS","2009-Q3",-0.00489180132928692,-0.0138039138562641
"original","hp1600","AUS","2009-Q4",-0.00358169963528187,-0.00988548568534083
"original","hp1600","AUS","2010-Q1",-0.00591408918155662,-0.0128128175069413
"original","hp1600","AUS","2010-Q2",-0.00648359100406743,-0.00512819220702693
"original","hp1600","AUS","2010-Q3",-0.00789155613102679,-0.00254110356724001
"original","hp1600","AUS","2010-Q4",-0.00312251153712095,0.00207464572675221
"original","hp1600","AUS","2011-Q1",-0.0131648536995332,0.00242975714916541
"original","hp1600","AUS","2011-Q2",-0.0065748155567808,0.00404522990132086
"original","hp1600","AUS","2011-Q3",-0.00139160352765679,0.00204371730021344
"original","hp1600","AUS","2011-Q4",0.00208928012700828,-0.00112424437910719
"original","hp1600","AUS","2012-Q1",0.00623975793385586,0.00577329868717039
"original","hp1600","AUS","2012-Q2",0.00513690440828659,0.00427272163821354
"original","hp1600","AUS","2012-Q3",0.00440735008277421,0.00280562586028839
"original","hp1600","AUS","2012-Q4",0.00313635311569808,0.000392545494720079
"original","hp1600","AUS","2013-Q1",-0.000389425611668694,-0.00256990572597379
"original","hp1600","AUS","2013-Q2",0.000364745899310986,-0.00454859131946076
"original","hp1600","AUS","2013-Q3",-0.00231561452495503,-0.00221432761047028
"original","hp1600","AUS","2013-Q4",-0.000535051681521052,-0.00221582253973408
"original","hp1600","AUS","2014-Q1",0.0028166445235224,-0.00259210549174747
"original","hp1600","AUS","2014-Q2",0.00187245129046704,-0.00139018396141241
"original","hp1600","AUS","2014-Q3",-0.00133868193497672,-0.00172496282390593
"original","hp1600","AUS","2014-Q4",-0.00296307498454169,0.00103580503399866
"original","hp1600","AUS","2015-Q1",-0.000119946089479715,0.000531765016531513
"original","hp1600","AUT","1998-Q4",-0.00657134978672962,-0.00615905281896575
"original","hp1600","AUT","1999-Q1",-0.00253169297813115,-0.00781008162004542
"original","hp1600","AUT","1999-Q2",0.000107639207167073,-0.00199927337761531
"original","hp1600","AUT","1999-Q3",0.00567846157891365,0.00272447844129897
"original","hp1600","AUT","1999-Q4",0.0100319237772923,0.00122864989668347
"original","hp1600","AUT","2000-Q1",0.00734798734464016,0.0036663480139622
"original","hp1600","AUT","2000-Q2",0.0137341577254992,0.0147691362129485
"original","hp1600","AUT","2000-Q3",0.012812621093058,0.0104798361919949
"original","hp1600","AUT","2000-Q4",0.0220130474918935,0.0171020111490773
"original","hp1600","AUT","2001-Q1",0.0149036171296068,0.0206470014151977
"original","hp1600","AUT","2001-Q2",0.00546737694452474,0.00394883594372342
"original","hp1600","AUT","2001-Q3",-0.00172309365292674,-0.00266040292621048
"original","hp1600","AUT","2001-Q4",-0.00194133807414668,-0.0014351918252137
"original","hp1600","AUT","2002-Q1",0.00265404819905562,-0.0031380565679729
"original","hp1600","AUT","2002-Q2",0.00153943344868858,-0.00626661709425128
"original","hp1600","AUT","2002-Q3",-0.00264945409016956,-0.0118211260015883
"original","hp1600","AUT","2002-Q4",-0.00684470453952675,-0.00333692257394367
"original","hp1600","AUT","2003-Q1",-0.00727146799387964,-0.00466329467183898
"original","hp1600","AUT","2003-Q2",-0.012744975106959,-0.00610994999922689
"original","hp1600","AUT","2003-Q3",-0.0143372261865862,-0.0033153020122214
"original","hp1600","AUT","2003-Q4",-0.0163634265149958,-0.0126023814795649
"original","hp1600","AUT","2004-Q1",-0.00960678950481563,-0.00884695401222547
"original","hp1600","AUT","2004-Q2",-0.00835308021582774,-0.00465691374320365
"original","hp1600","AUT","2004-Q3",-0.00784628913248751,-0.00640884042794139
"original","hp1600","AUT","2004-Q4",-0.0138035535297017,-0.000509438767455064
"original","hp1600","AUT","2005-Q1",-0.0135405725370027,-0.00274345065803012
"original","hp1600","AUT","2005-Q2",-0.00782918334113555,0.000461763260777427
"original","hp1600","AUT","2005-Q3",-0.00848893478519782,0.00573260053558945
"original","hp1600","AUT","2005-Q4",-0.00456829470653255,0.00461785596013349
"original","hp1600","AUT","2006-Q1",-0.000621376386148679,0.00677767958721588
"original","hp1600","AUT","2006-Q2",0.0026608718183772,0.00926960277515118
"original","hp1600","AUT","2006-Q3",0.00545809085228093,0.0101184239001226
"original","hp1600","AUT","2006-Q4",0.0156410206515601,0.00805831751114448
"original","hp1600","AUT","2007-Q1",0.0182458395546621,0.00847909588382024
"original","hp1600","AUT","2007-Q2",0.0283446431823344,0.00679821967536033
"original","hp1600","AUT","2007-Q3",0.0204613930684834,-0.00219918028591462
"original","hp1600","AUT","2007-Q4",0.0219328823841508,0.00489481211911552
"original","hp1600","AUT","2008-Q1",0.0353535251989861,-0.0016618126257943
"original","hp1600","AUT","2008-Q2",0.0304744805266896,-0.00338212280057593
"original","hp1600","AUT","2008-Q3",0.0207024630015454,-0.00283844388755338
"original","hp1600","AUT","2008-Q4",-0.00162611154570971,-0.00139876632087245
"original","hp1600","AUT","2009-Q1",-0.0213154819275664,-0.00871034588209975
"original","hp1600","AUT","2009-Q2",-0.0312084224461811,0.00296800582253842
"original","hp1600","AUT","2009-Q3",-0.0273420595776439,-0.00138931640149857
"original","hp1600","AUT","2009-Q4",-0.0152989936988158,-0.00813933358716932
"original","hp1600","AUT","2010-Q1",-0.0321767041398899,-0.00238149326238174
"original","hp1600","AUT","2010-Q2",-0.0141722801163889,-0.010118566971575
"original","hp1600","AUT","2010-Q3",-0.00746519780754067,-0.000527037636055593
"original","hp1600","AUT","2010-Q4",-0.00459399028451476,-0.000827332672838745
"original","hp1600","AUT","2011-Q1",0.0113228418410636,-0.00446148708327413
"original","hp1600","AUT","2011-Q2",0.00667941340738766,0.000988018623311842
"original","hp1600","AUT","2011-Q3",0.00552946503245939,0.00566009134814159
"original","hp1600","AUT","2011-Q4",0.00107205464886777,0.0138458523028541
"original","hp1600","AUT","2012-Q1",0.0102211585308809,0.0140637305776369
"original","hp1600","AUT","2012-Q2",0.00457621379237709,0.0055407366187712
"original","hp1600","AUT","2012-Q3",0.00521015201840112,0.00352160691835289
"original","hp1600","AUT","2012-Q4",0.000759527914922869,-0.0071601265970471
"original","hp1600","AUT","2013-Q1",-0.00222263037044402,-0.00220538879745357
"original","hp1600","AUT","2013-Q2",0.0011171684858587,0.00368455521218966
"original","hp1600","AUT","2013-Q3",0.000416499754912736,-0.000934533393317908
"original","hp1600","AUT","2013-Q4",0.00176036321953362,-0.00110781425855355
"original","hp1600","AUT","2014-Q1",0.00296568850118612,0.00111918554324659
"original","hp1600","AUT","2014-Q2",-0.0013009238655812,-0.00599118110766822
"original","hp1600","AUT","2014-Q3",-0.00306459695166816,-0.00282277682340818
"original","hp1600","AUT","2014-Q4",-0.00689722263694445,-0.00455403926269193
"original","hp1600","AUT","2015-Q1",-0.00164420232818129,-0.00456950965288207
"original","hp1600","CAN","1998-Q4",-0.00537623937350426,-0.00766134766477134
"original","hp1600","CAN","1999-Q1",-8.96470299285423e-05,-0.00302698906454296
"original","hp1600","CAN","1999-Q2",-0.000248177078022993,-0.00137878287945392
"original","hp1600","CAN","1999-Q3",0.00394414974851662,0.00277169883606153
"original","hp1600","CAN","1999-Q4",0.00913212669220904,0.00407077274568145
"original","hp1600","CAN","2000-Q1",0.0135753564950381,0.00480991134257246
"original","hp1600","CAN","2000-Q2",0.0174682513464418,0.00555832032471577
"original","hp1600","CAN","2000-Q3",0.0197619841156516,0.010439677409625
"original","hp1600","CAN","2000-Q4",0.0135128156824571,0.00432129277288581
"original","hp1600","CAN","2001-Q1",0.00798398900261998,0.00396812606647266
"original","hp1600","CAN","2001-Q2",0.00334714975231956,-0.00265939773030139
"original","hp1600","CAN","2001-Q3",-0.00476397226260262,-0.00883777758050137
"original","hp1600","CAN","2001-Q4",-0.00655405460937442,-0.00538362774658661
"original","hp1600","CAN","2002-Q1",-0.00184107729264147,-0.00053495972656934
"original","hp1600","CAN","2002-Q2",-0.00276795693303932,0.00401994445813831
"original","hp1600","CAN","2002-Q3",-0.000910552310337369,-0.00182718539401675
"original","hp1600","CAN","2002-Q4",-0.00154520650782557,0.000681893731485812
"original","hp1600","CAN","2003-Q1",-0.00348935059120556,-0.00183429808334879
"original","hp1600","CAN","2003-Q2",-0.0107432753311711,-0.00153614793761865
"original","hp1600","CAN","2003-Q3",-0.0133247290406794,-0.000525047882270267
"original","hp1600","CAN","2003-Q4",-0.0115771237525253,-0.00709100941187859
"original","hp1600","CAN","2004-Q1",-0.0114779304798425,-0.00328012393239623
"original","hp1600","CAN","2004-Q2",-0.00594555352316931,-0.00758645927562996
"original","hp1600","CAN","2004-Q3",-0.000238035331476608,-0.00721639789273689
"original","hp1600","CAN","2004-Q4",-0.000215791847588045,-0.00810805364540375
"original","hp1600","CAN","2005-Q1",-0.0023949504521485,-0.00360344120112621
"original","hp1600","CAN","2005-Q2",-0.000935238250711866,-0.00395152080394608
"original","hp1600","CAN","2005-Q3",0.00619024191007107,-0.00614868627180447
"original","hp1600","CAN","2005-Q4",0.0100171251205056,-0.00547772863509974
"original","hp1600","CAN","2006-Q1",0.0135773711420012,-0.000201634031032124
"original","hp1600","CAN","2006-Q2",0.00919739888863274,0.0001042198929763
"original","hp1600","CAN","2006-Q3",0.00681083779203902,0.00201519016901804
"original","hp1600","CAN","2006-Q4",0.00663929442026659,0.00350074828946853
"original","hp1600","CAN","2007-Q1",0.00812553509183757,0.00284706730289321
"original","hp1600","CAN","2007-Q2",0.0127705731204513,0.00982469034631283
"original","hp1600","CAN","2007-Q3",0.0154866387395268,0.0112875054640608
"original","hp1600","CAN","2007-Q4",0.0150742251110944,0.0215732948830562
"original","hp1600","CAN","2008-Q1",0.0119841898961535,0.0222681181265321
"original","hp1600","CAN","2008-Q2",0.0139304506198676,0.0180061483831878
"original","hp1600","CAN","2008-Q3",0.0176382431207561,0.0107259494066031
"original","hp1600","CAN","2008-Q4",0.00375362582851599,-0.00350662270521386
"original","hp1600","CAN","2009-Q1",-0.021883704597791,-0.0125567825086239
"original","hp1600","CAN","2009-Q2",-0.0339979356899148,-0.0114317050176188
"original","hp1600","CAN","2009-Q3",-0.0319545338444386,-0.00805127528062349
"original","hp1600","CAN","2009-Q4",-0.0228025874714312,-0.00676037603672902
"original","hp1600","CAN","2010-Q1",-0.0129093059845575,-0.00170398958158087
"original","hp1600","CAN","2010-Q2",-0.0102119369087619,-0.00122780534071191
"original","hp1600","CAN","2010-Q3",-0.00954436113408249,-0.00121763430332383
"original","hp1600","CAN","2010-Q4",-0.0031526779594164,0.00340557262785918
"original","hp1600","CAN","2011-Q1",0.000189282972862855,0.000232203385082391
"original","hp1600","CAN","2011-Q2",-0.00449286177110196,0.000225699138473707
"original","hp1600","CAN","2011-Q3",0.00676424430596885,-0.000519061886011975
"original","hp1600","CAN","2011-Q4",0.00781500712607932,-0.000156605299962046
"original","hp1600","CAN","2012-Q1",0.00510705816621239,-0.000596731980341718
"original","hp1600","CAN","2012-Q2",0.00424899164600395,-0.00488308299718017
"original","hp1600","CAN","2012-Q3",0.000859728199509042,-0.00381350247368803
"original","hp1600","CAN","2012-Q4",-0.00262718063846986,-0.00375265630562944
"original","hp1600","CAN","2013-Q1",1.52638568140539e-05,-0.00479876185976615
"original","hp1600","CAN","2013-Q2",-0.000384649335176,-0.00174977399731041
"original","hp1600","CAN","2013-Q3",0.000840253186998232,-0.000198326797718731
"original","hp1600","CAN","2013-Q4",0.002613039241113,0.000566182217645253
"original","hp1600","CAN","2014-Q1",-0.000235999451721199,-0.00176605054484262
"original","hp1600","CAN","2014-Q2",0.00282909566376364,0.00265636688095256
"original","hp1600","CAN","2014-Q3",0.00533045493018503,0.00362686744870024
"original","hp1600","CAN","2014-Q4",0.00541172603285722,0.00298494382233758
"original","hp1600","CAN","2015-Q1",-0.00148421557462432,-0.00170427495658313
"original","hp1600","CHE","1998-Q4",-0.00639795327012612,0.000805013802232437
"original","hp1600","CHE","1999-Q1",-0.00996388919457336,-0.00197574784695741
"original","hp1600","CHE","1999-Q2",-0.00791376839540659,0.000374386812717286
"original","hp1600","CHE","1999-Q3",-0.00744495052150832,0.000921648246675301
"original","hp1600","CHE","1999-Q4",0.00795161236348063,0.00356852459813526
"original","hp1600","CHE","2000-Q1",0.0100501750678427,-0.00101077790958205
"original","hp1600","CHE","2000-Q2",0.0124336898046733,0.00259164093590041
"original","hp1600","CHE","2000-Q3",0.0184894690913804,0.00741852623197467
"original","hp1600","CHE","2000-Q4",0.0219435346338909,0.00373197060576352
"original","hp1600","CHE","2001-Q1",0.0180459358403551,0.0101722435883102
"original","hp1600","CHE","2001-Q2",0.0152751883880234,0.0112247544928455
"original","hp1600","CHE","2001-Q3",0.0116013327724066,0.0105145662370283
"original","hp1600","CHE","2001-Q4",0.00481984133570048,0.00780616475388987
"original","hp1600","CHE","2002-Q1",0.00422617837225747,0.00574695525520554
"original","hp1600","CHE","2002-Q2",0.00155638076366731,0.00276971638967834
"original","hp1600","CHE","2002-Q3",-0.00329139953615595,-0.00153554775854276
"original","hp1600","CHE","2002-Q4",-0.0113867670645459,-0.00486383975600704
"original","hp1600","CHE","2003-Q1",-0.0181038251156851,-0.00785055420430169
"original","hp1600","CHE","2003-Q2",-0.0243407186811874,-0.00794753507829722
"original","hp1600","CHE","2003-Q3",-0.020206225514758,-0.00718493269528748
"original","hp1600","CHE","2003-Q4",-0.0132044338280464,-0.00599860182239481
"original","hp1600","CHE","2004-Q1",-0.011429320148464,-0.00321820004039932
"original","hp1600","CHE","2004-Q2",-0.0116592317184425,-0.00010933874096872
"original","hp1600","CHE","2004-Q3",-0.0143562632172047,-0.00304931006817797
"original","hp1600","CHE","2004-Q4",-0.0179372820096998,-0.00778866427604396
"original","hp1600","CHE","2005-Q1",-0.01288466955252,-0.00481994962383732
"original","hp1600","CHE","2005-Q2",-0.00998629886849898,-0.00538384918116054
"original","hp1600","CHE","2005-Q3",-0.00714076858722313,-0.000168052878931312
"original","hp1600","CHE","2005-Q4",-0.00464519235615772,0.00117130873968029
"original","hp1600","CHE","2006-Q1",0.000807721822198909,-0.00271779360990544
"original","hp1600","CHE","2006-Q2",0.00263285680612021,-0.00279421005961831
"original","hp1600","CHE","2006-Q3",0.00364788189933657,-0.00179031176620347
"original","hp1600","CHE","2006-Q4",0.0113818380029784,-0.000670328830171978
"original","hp1600","CHE","2007-Q1",0.0150695712889276,0.00235351258243914
"original","hp1600","CHE","2007-Q2",0.0194521778140693,0.00488444587057268
"original","hp1600","CHE","2007-Q3",0.0217000602119119,0.00571697310646671
"original","hp1600","CHE","2007-Q4",0.0240997031122334,0.00675213859539787
"original","hp1600","CHE","2008-Q1",0.0284360637756639,0.00221150451915192
"original","hp1600","CHE","2008-Q2",0.0283976110815083,0.00651234800859989
"original","hp1600","CHE","2008-Q3",0.0254227750487425,0.00499623593854709
"original","hp1600","CHE","2008-Q4",0.00322295294391452,-3.45725714748045e-05
"original","hp1600","CHE","2009-Q1",-0.0152382621783379,0.0034006650794994
"original","hp1600","CHE","2009-Q2",-0.0207152279971118,-0.000764226238774653
"original","hp1600","CHE","2009-Q3",-0.0167453590814185,-0.0011050051598943
"original","hp1600","CHE","2009-Q4",-0.014144613236659,-0.00118489808251796
"original","hp1600","CHE","2010-Q1",-0.00888008414290069,0.00361506099886309
"original","hp1600","CHE","2010-Q2",-0.00351920617210126,-0.00366530216257365
"original","hp1600","CHE","2010-Q3",-0.00344664741113325,0.000321592641605085
"original","hp1600","CHE","2010-Q4",0.00163311612782466,-0.00129696653475547
"original","hp1600","CHE","2011-Q1",0.000999612195132571,-0.00867976728371467
"original","hp1600","CHE","2011-Q2",0.00350660507242368,-0.00992469501160942
"original","hp1600","CHE","2011-Q3",-0.00178777077383471,-0.0087336413446994
"original","hp1600","CHE","2011-Q4",-0.001803377958536,-0.00506368465523249
"original","hp1600","CHE","2012-Q1",-0.00478363857382768,-0.000457577001766101
"original","hp1600","CHE","2012-Q2",-0.00555993790569319,-0.00157712368001772
"original","hp1600","CHE","2012-Q3",-0.00321863234719064,0.00296440013249882
"original","hp1600","CHE","2012-Q4",-0.00279780734182508,0.00467162562407311
"original","hp1600","CHE","2013-Q1",-0.00569651922621568,0.00543687447785611
"original","hp1600","CHE","2013-Q2",0.00056797834060196,0.00638340902922549
"original","hp1600","CHE","2013-Q3",0.000605598708246008,0.00308680545345903
"original","hp1600","CHE","2013-Q4",0.00154866578275985,0.00448717578880415
"original","hp1600","CHE","2014-Q1",0.00294834788467284,-0.000431740536697021
"original","hp1600","CHE","2014-Q2",0.00100134562969303,-0.00139593921892667
"original","hp1600","CHE","2014-Q3",0.00280899724392642,0.000296990164325603
"original","hp1600","CHE","2014-Q4",0.00407273041238631,-0.00174192554312406
"original","hp1600","CHE","2015-Q1",-0.00204209504954894,-0.00106176495817902
"original","hp1600","DEU","1998-Q4",-0.0111508513617821,-0.00407921672309715
"original","hp1600","DEU","1999-Q1",-0.00714717364140981,0.0019540100198084
"original","hp1600","DEU","1999-Q2",-0.0102774041755455,-0.00255791851895408
"original","hp1600","DEU","1999-Q3",-0.00414194759325451,-0.00342951303674158
"original","hp1600","DEU","1999-Q4",0.00357456952636455,0.00518236997757958
"original","hp1600","DEU","2000-Q1",0.0092492006130815,0.0055470701130861
"original","hp1600","DEU","2000-Q2",0.0152127041285097,0.0134634108115417
"original","hp1600","DEU","2000-Q3",0.00978307211508571,0.0109800662181844
"original","hp1600","DEU","2000-Q4",0.00709441628828087,0.00191786278814048
"original","hp1600","DEU","2001-Q1",0.0201682957650036,0.0164791055382215
"original","hp1600","DEU","2001-Q2",0.0178357986782003,0.0164259327110093
"original","hp1600","DEU","2001-Q3",0.0119747101652962,0.0159844984011534
"original","hp1600","DEU","2001-Q4",0.0110518254383874,0.00731476152034099
"original","hp1600","DEU","2002-Q1",0.00506629508187492,-0.00135841587746805
"original","hp1600","DEU","2002-Q2",0.00522706856667669,-0.00316838212098664
"original","hp1600","DEU","2002-Q3",0.00784644828528466,-0.00161077631999702
"original","hp1600","DEU","2002-Q4",0.00356224339844513,0.00181467083489348
"original","hp1600","DEU","2003-Q1",-0.0109422472448615,-0.00240750528457341
"original","hp1600","DEU","2003-Q2",-0.0127686282631443,-0.00420659296409486
"original","hp1600","DEU","2003-Q3",-0.010011821916613,-0.00575259193281579
"original","hp1600","DEU","2003-Q4",-0.00878343501455135,-0.00758532056138132
"original","hp1600","DEU","2004-Q1",-0.0113809034593596,-0.00205895218575143
"original","hp1600","DEU","2004-Q2",-0.0105614065854382,-0.00533075226877901
"original","hp1600","DEU","2004-Q3",-0.0150688078855705,-0.00831250164328103
"original","hp1600","DEU","2004-Q4",-0.0173936675855759,-0.00171645520345283
"original","hp1600","DEU","2005-Q1",-0.0221536735503177,-0.00393972806750863
"original","hp1600","DEU","2005-Q2",-0.0188230113858698,-0.00441716741631651
"original","hp1600","DEU","2005-Q3",-0.0142988663595035,-0.0041009512850028
"original","hp1600","DEU","2005-Q4",-0.0143684461130993,-0.00381069779515782
"original","hp1600","DEU","2006-Q1",-0.00831750310754221,0.00222552946324945
"original","hp1600","DEU","2006-Q2",0.00393797116880827,0.00420157595041857
"original","hp1600","DEU","2006-Q3",0.0101068676852355,0.00272184625085833
"original","hp1600","DEU","2006-Q4",0.0197248981769772,0.0179487557100483
"original","hp1600","DEU","2007-Q1",0.0208614657475535,-0.00388711956818867
"original","hp1600","DEU","2007-Q2",0.0248746506134081,0.00295755131895232
"original","hp1600","DEU","2007-Q3",0.0303541267007005,0.00379692075374872
"original","hp1600","DEU","2007-Q4",0.0310057325269513,0.00239923032127084
"original","hp1600","DEU","2008-Q1",0.0370882637665517,0.00238545392129112
"original","hp1600","DEU","2008-Q2",0.0322959590108052,0.000620420564455238
"original","hp1600","DEU","2008-Q3",0.0265746605102678,-0.000491155002888249
"original","hp1600","DEU","2008-Q4",0.00483905118969499,-0.0020708338616103
"original","hp1600","DEU","2009-Q1",-0.0426417447508751,0.00187104058566308
"original","hp1600","DEU","2009-Q2",-0.0439160947413729,0.00112437517100722
"original","hp1600","DEU","2009-Q3",-0.040234479140385,-0.0122030019879797
"original","hp1600","DEU","2009-Q4",-0.0335769710384849,-0.0087201198378844
"original","hp1600","DEU","2010-Q1",-0.0283556069867004,-0.0103853642044504
"original","hp1600","DEU","2010-Q2",-0.0110498055666838,-0.00778152511026545
"original","hp1600","DEU","2010-Q3",-0.00607957364518663,-0.00861487726372245
"original","hp1600","DEU","2010-Q4",-0.00130423468405676,-0.00258817219362917
"original","hp1600","DEU","2011-Q1",0.0140113677010366,0.00828269044955848
"original","hp1600","DEU","2011-Q2",0.0125472228975712,-0.00090740350847298
"original","hp1600","DEU","2011-Q3",0.0133696106003536,0.00740305109621219
"original","hp1600","DEU","2011-Q4",0.00984306152049053,0.00711992857888113
"original","hp1600","DEU","2012-Q1",0.0104884959394347,0.00238950567852532
"original","hp1600","DEU","2012-Q2",0.0078548988582408,0.00232009044010877
"original","hp1600","DEU","2012-Q3",0.00629438628272145,0.00133650884687189
"original","hp1600","DEU","2012-Q4",-0.00178005529610677,-0.00220552080135452
"original","hp1600","DEU","2013-Q1",-0.00764783400556745,-0.00323309084864913
"original","hp1600","DEU","2013-Q2",-0.00177976686618801,0.00166341038737381
"original","hp1600","DEU","2013-Q3",-0.00122265432446654,0.00446560175050726
"original","hp1600","DEU","2013-Q4",-0.00115582383634477,-0.00610083925610148
"original","hp1600","DEU","2014-Q1",0.00279876220375177,-0.00125602198790583
"original","hp1600","DEU","2014-Q2",-0.000938305248920732,-0.00399667335722118
"original","hp1600","DEU","2014-Q3",-0.00222417178528976,-8.4183752727037e-05
"original","hp1600","DEU","2014-Q4",0.00070791057237702,0.00395891582067276
"original","hp1600","DEU","2015-Q1",0.000992514738446551,0.00701173505912266
"original","hp1600","FRA","1998-Q4",-0.00247286443598631,-0.00166205861648621
"original","hp1600","FRA","1999-Q1",-0.00424255285014366,-0.00616260388848103
"original","hp1600","FRA","1999-Q2",-0.00274467976340306,-0.00554051112618527
"original","hp1600","FRA","1999-Q3",0.00110609471993114,0.00429918267110794
"original","hp1600","FRA","1999-Q4",0.00559215431164611,0.00687190101660625
"original","hp1600","FRA","2000-Q1",0.0111532465512923,0.0110035002872085
"original","hp1600","FRA","2000-Q2",0.0119168664528992,0.0112419315149901
"original","hp1600","FRA","2000-Q3",0.0118719482770901,0.00640613801103787
"original","hp1600","FRA","2000-Q4",0.0141482592557826,0.00463392140608102
"original","hp1600","FRA","2001-Q1",0.0147977213832025,0.00672083335516828
"original","hp1600","FRA","2001-Q2",0.00944865039601678,0.00806413312678406
"original","hp1600","FRA","2001-Q3",0.0069994146422672,0.00778649765551982
"original","hp1600","FRA","2001-Q4",-0.000199771827457361,0.00240273409617279
"original","hp1600","FRA","2002-Q1",0.000346713543002922,0.000453492075098809
"original","hp1600","FRA","2002-Q2",0.00141241015193271,0.0020123191430911
"original","hp1600","FRA","2002-Q3",-0.000583670953572179,0.00470364748022833
"original","hp1600","FRA","2002-Q4",-0.00649669221130765,0.00164569952360799
"original","hp1600","FRA","2003-Q1",-0.0104501539665944,-0.00251334898702762
"original","hp1600","FRA","2003-Q2",-0.0154289271586668,-0.00719454981314598
"original","hp1600","FRA","2003-Q3",-0.0128168830226157,-0.00331498264136564
"original","hp1600","FRA","2003-Q4",-0.00855324087856263,-0.00635751883867619
"original","hp1600","FRA","2004-Q1",-0.00678498578639341,-0.00755985993322286
"original","hp1600","FRA","2004-Q2",-0.00376519969390567,-0.0075680642026173
"original","hp1600","FRA","2004-Q3",-0.00387083631071435,-0.00978087742036303
"original","hp1600","FRA","2004-Q4",-0.00145219064595142,-0.00333796930576489
"original","hp1600","FRA","2005-Q1",-0.00503499248843582,-0.00235143308361975
"original","hp1600","FRA","2005-Q2",-0.00658444874642897,-0.00470797232673718
"original","hp1600","FRA","2005-Q3",-0.0052840194117932,-0.00244872905156277
"original","hp1600","FRA","2005-Q4",-0.0015198976336883,-0.00159046048015662
"original","hp1600","FRA","2006-Q1",0.00129213263377098,0.00200687349126804
"original","hp1600","FRA","2006-Q2",0.00815012071277892,0.00327584339966116
"original","hp1600","FRA","2006-Q3",0.00477085317966653,0.000610484138427285
"original","hp1600","FRA","2006-Q4",0.00942914348841112,0.00229820261812928
"original","hp1600","FRA","2007-Q1",0.0134950007160097,0.00569853190108493
"original","hp1600","FRA","2007-Q2",0.0175315917101963,0.00824813408084558
"original","hp1600","FRA","2007-Q3",0.0192758489632858,0.0127253263636133
"original","hp1600","FRA","2007-Q4",0.020020426608053,0.0126561701011861
"original","hp1600","FRA","2008-Q1",0.023035787108956,0.00804929846425504
"original","hp1600","FRA","2008-Q2",0.0160836241369932,0.003907394022139
"original","hp1600","FRA","2008-Q3",0.0119066673379026,-0.000709415269637553
"original","hp1600","FRA","2008-Q4",-0.00526902675301731,-0.00611075190366005
"original","hp1600","FRA","2009-Q1",-0.0222635422875058,-0.00730312729768519
"original","hp1600","FRA","2009-Q2",-0.0241339610949081,-0.00512961534982481
"original","hp1600","FRA","2009-Q3",-0.0239133565416713,-0.00791886686597482
"original","hp1600","FRA","2009-Q4",-0.0186008181028483,-0.00181600564995426
"original","hp1600","FRA","2010-Q1",-0.0153102110633193,0.000749402841987738
"original","hp1600","FRA","2010-Q2",-0.0107928886475366,0.00160023721142068
"original","hp1600","FRA","2010-Q3",-0.00644481709906933,0.00657518764286642
"original","hp1600","FRA","2010-Q4",-0.0027583754812862,0.00939973946960265
"original","hp1600","FRA","2011-Q1",0.00713033688604193,0.0128567073650575
"original","hp1600","FRA","2011-Q2",0.00469494747201058,-0.000403244141589337
"original","hp1600","FRA","2011-Q3",0.00501503507500205,0.00149149870171182
"original","hp1600","FRA","2011-Q4",0.00581524433480364,-0.00362558602201009
"original","hp1600","FRA","2012-Q1",0.00458812713845956,8.87070517539677e-05
"original","hp1600","FRA","2012-Q2",4.70521347715989e-05,-0.00473654697221358
"original","hp1600","FRA","2012-Q3",0.0010592035459141,-0.00454289948899106
"original","hp1600","FRA","2012-Q4",-0.000655429465101949,-0.0064873223373289
"original","hp1600","FRA","2013-Q1",-0.000926094279691449,-0.00542686610077551
"original","hp1600","FRA","2013-Q2",0.00498698948090364,-0.00344681470287714
"original","hp1600","FRA","2013-Q3",0.00222954045961323,-0.0049562071548075
"original","hp1600","FRA","2013-Q4",0.00278485823143463,-0.000783692288749169
"original","hp1600","FRA","2014-Q1",-0.0005091937580362,-0.00591746831149924
"original","hp1600","FRA","2014-Q2",-0.00325696172511039,-0.00291542732430018
"original","hp1600","FRA","2014-Q3",-0.0024615868984528,0.000193174448149184
"original","hp1600","FRA","2014-Q4",-0.00289907980241338,0.0013962223002802
"original","hp1600","FRA","2015-Q1",0.00220709417244431,0.00932896306223699
"original","hp1600","GBR","1998-Q4",0.00182647166676287,-0.00906970701997289
"original","hp1600","GBR","1999-Q1",-0.00180208189013397,-0.00394903205960747
"original","hp1600","GBR","1999-Q2",-0.00778044251883282,-0.0069177388545305
"original","hp1600","GBR","1999-Q3",8.18402848574897e-05,-0.000876887214747851
"original","hp1600","GBR","1999-Q4",0.00511432004700134,0.00421398240963542
"original","hp1600","GBR","2000-Q1",0.00732202127108586,0.0127026287561716
"original","hp1600","GBR","2000-Q2",0.00638037426177393,0.00171023487715665
"original","hp1600","GBR","2000-Q3",0.00204367037660656,0.00228602627343243
"original","hp1600","GBR","2000-Q4",-0.00306289660444525,-0.000987603423996224
"original","hp1600","GBR","2001-Q1",0.000180785943242176,-0.00542995724714091
"original","hp1600","GBR","2001-Q2",-0.000162792777006848,-0.00554899288922554
"original","hp1600","GBR","2001-Q3",-0.00278909031843513,0.00143873162769901
"original","hp1600","GBR","2001-Q4",-0.00758880430911337,0.00106328361595938
"original","hp1600","GBR","2002-Q1",-0.0109649008402431,0.000885495386404155
"original","hp1600","GBR","2002-Q2",-0.0106444141112487,-0.00180637689689857
"original","hp1600","GBR","2002-Q3",-0.00974589204357926,-0.00508352939121949
"original","hp1600","GBR","2002-Q4",-0.00846232761679941,-0.0070901568060432
"original","hp1600","GBR","2003-Q1",-0.00658571581398906,-0.00918268295086854
"original","hp1600","GBR","2003-Q2",-0.000260049156223965,0.000324021395978723
"original","hp1600","GBR","2003-Q3",0.00479699176283788,0.000647869424082355
"original","hp1600","GBR","2003-Q4",0.00738073964805354,0.00118801087866868
"original","hp1600","GBR","2004-Q1",0.00340482135700974,-0.00162977148992624
"original","hp1600","GBR","2004-Q2",-0.000551409330742936,0.00386300256041668
"original","hp1600","GBR","2004-Q3",-0.00599770629834684,0.00296011305108927
"original","hp1600","GBR","2004-Q4",-0.00844417781204893,-0.000628234293517833
"original","hp1600","GBR","2005-Q1",-0.00762885551149287,0.00551005167266361
"original","hp1600","GBR","2005-Q2",-0.00332450020113038,0.000132299485205989
"original","hp1600","GBR","2005-Q3",0.0013396200934622,0.00310352286969334
"original","hp1600","GBR","2005-Q4",0.00952593177315688,0.0073682761847306
"original","hp1600","GBR","2006-Q1",0.0105419101934135,-0.00144712349742712
"original","hp1600","GBR","2006-Q2",0.0111850178827175,0.00816778990657702
"original","hp1600","GBR","2006-Q3",0.00904431363026557,0.00968774099616918
"original","hp1600","GBR","2006-Q4",0.0131382472748661,0.00639964683717027
"original","hp1600","GBR","2007-Q1",0.01782628567326,0.00914554330477216
"original","hp1600","GBR","2007-Q2",0.0214006488803443,0.015206646682238
"original","hp1600","GBR","2007-Q3",0.0278606523815967,0.0272584694224368
"original","hp1600","GBR","2007-Q4",0.0310624146371594,0.032556474461083
"original","hp1600","GBR","2008-Q1",0.0331419029568242,0.0267574831559615
"original","hp1600","GBR","2008-Q2",0.0301469630726435,0.0195665903457033
"original","hp1600","GBR","2008-Q3",0.0129743701228055,0.0118771083374051
"original","hp1600","GBR","2008-Q4",-0.00976634075971639,-0.00412644125894991
"original","hp1600","GBR","2009-Q1",-0.0279462018517157,-0.0122983960717852
"original","hp1600","GBR","2009-Q2",-0.0306904191237986,-0.0216537240331145
"original","hp1600","GBR","2009-Q3",-0.0289242074139461,-0.0176896177175596
"original","hp1600","GBR","2009-Q4",-0.0254360248006198,-0.0118429272758824
"original","hp1600","GBR","2010-Q1",-0.020963481183595,-0.0176106975210911
"original","hp1600","GBR","2010-Q2",-0.0120791914738948,-0.00716603445956999
"original","hp1600","GBR","2010-Q3",-0.00672648193155226,-0.00887708175507079
"original","hp1600","GBR","2010-Q4",-0.00783564284406648,-0.00974841752753117
"original","hp1600","GBR","2011-Q1",-0.00411136060591514,-0.0137022260863656
"original","hp1600","GBR","2011-Q2",-0.00372053829556691,-0.0126816142209212
"original","hp1600","GBR","2011-Q3",0.00106379461423719,-0.0118125745693276
"original","hp1600","GBR","2011-Q4",-0.00149766667110977,-0.0100577678630122
"original","hp1600","GBR","2012-Q1",-0.00348865957863417,-0.0086452899086052
"original","hp1600","GBR","2012-Q2",-0.00818683665720164,-0.00744464237962591
"original","hp1600","GBR","2012-Q3",-0.00305048248862901,-0.00834002291834422
"original","hp1600","GBR","2012-Q4",-0.00982019803113165,-0.00642581835295451
"original","hp1600","GBR","2013-Q1",-0.00748132419034603,-0.00398568608976678
"original","hp1600","GBR","2013-Q2",-0.00486887829897384,-0.0029989138385019
"original","hp1600","GBR","2013-Q3",-0.00168977959140795,-0.000823075715133698
"original","hp1600","GBR","2013-Q4",-0.00173711585733441,-0.000988030059164216
"original","hp1600","GBR","2014-Q1",0.00286863179078066,0.00128714056608574
"original","hp1600","GBR","2014-Q2",0.00767857879333514,0.00581858488460853
"original","hp1600","GBR","2014-Q3",0.0104602557926819,0.0123706552602035
"original","hp1600","GBR","2014-Q4",0.0143391578812624,0.0139389050593206
"original","hp1600","GBR","2015-Q1",0.0136877669701917,0.0195336028074447
"original","hp1600","ITA","1998-Q4",-0.0126835900611717,0.00539858288902944
"original","hp1600","ITA","1999-Q1",-0.0133155139104605,0.00136067969520662
"original","hp1600","ITA","1999-Q2",-0.0123360537786461,0.00615342580088628
"original","hp1600","ITA","1999-Q3",-0.00942951304399491,0.0106665604073873
"original","hp1600","ITA","1999-Q4",-0.000897520932852201,0.00821552361286587
"original","hp1600","ITA","2000-Q1",0.00434619169983443,0.00433709192892212
"original","hp1600","ITA","2000-Q2",0.0090797053988191,0.0114202105807465
"original","hp1600","ITA","2000-Q3",0.010398833186486,0.011849431626002
"original","hp1600","ITA","2000-Q4",0.0187550864436643,0.0146534838972541
"original","hp1600","ITA","2001-Q1",0.021588314070489,0.0130780002400533
"original","hp1600","ITA","2001-Q2",0.012958798593888,0.00587355614569927
"original","hp1600","ITA","2001-Q3",0.00566466034663407,-0.000805093392791407
"original","hp1600","ITA","2001-Q4",0.00100924768588499,-0.00323421934904358
"original","hp1600","ITA","2002-Q1",-0.000624471362807339,-0.00389706358698665
"original","hp1600","ITA","2002-Q2",0.000197056728618462,-0.00967013901186943
"original","hp1600","ITA","2002-Q3",-0.000462143740776562,-0.00792294554286196
"original","hp1600","ITA","2002-Q4",-0.0022689153937334,-0.0041810224293073
"original","hp1600","ITA","2003-Q1",-0.0066721937920258,-0.00761374566680496
"original","hp1600","ITA","2003-Q2",-0.0122185263250731,-0.00748071015489228
"original","hp1600","ITA","2003-Q3",-0.012648140171625,-0.00657610905367429
"original","hp1600","ITA","2003-Q4",-0.0100689625684037,-0.00890700026263935
"original","hp1600","ITA","2004-Q1",-0.00742981314958275,-0.00839316692496276
"original","hp1600","ITA","2004-Q2",-0.00694332876185218,-0.00772341909082827
"original","hp1600","ITA","2004-Q3",-0.00690892659286164,-0.0085391038428055
"original","hp1600","ITA","2004-Q4",-0.00795425027015927,-0.00484078312145565
"original","hp1600","ITA","2005-Q1",-0.0118859385593469,-0.00983582471697265
"original","hp1600","ITA","2005-Q2",-0.00646459539551227,-0.0044722385705477
"original","hp1600","ITA","2005-Q3",-0.00191606310125051,0.00141551011975474
"original","hp1600","ITA","2005-Q4",-0.00220146414927277,0.000848580272599323
"original","hp1600","ITA","2006-Q1",0.00182779287925339,0.00246288341999475
"original","hp1600","ITA","2006-Q2",0.00592638657714497,0.000346956574301307
"original","hp1600","ITA","2006-Q3",0.00853721082462681,0.00459597515354328
"original","hp1600","ITA","2006-Q4",0.0183374226261789,0.00800694243312822
"original","hp1600","ITA","2007-Q1",0.0218927004308764,0.0113237683904356
"original","hp1600","ITA","2007-Q2",0.021725107073425,0.0137987751413412
"original","hp1600","ITA","2007-Q3",0.021037460714252,0.0116753911636827
"original","hp1600","ITA","2007-Q4",0.0203387436383935,0.00888862210773819
"original","hp1600","ITA","2008-Q1",0.0308432135580075,0.00612419428404993
"original","hp1600","ITA","2008-Q2",0.025075954737178,0.00444937567838722
"original","hp1600","ITA","2008-Q3",0.0141333010813247,-0.00342203889401316
"original","hp1600","ITA","2008-Q4",-0.00690690989743536,-0.00732157583711529
"original","hp1600","ITA","2009-Q1",-0.0350715902974624,-0.0158991643544825
"original","hp1600","ITA","2009-Q2",-0.0364990480775177,-0.0144459102293197
"original","hp1600","ITA","2009-Q3",-0.0281214765594354,-0.0112209841395536
"original","hp1600","ITA","2009-Q4",-0.0247153865449833,-0.00383564188557919
"original","hp1600","ITA","2010-Q1",-0.016805742197786,-0.00158811676087851
"original","hp1600","ITA","2010-Q2",-0.00691265486372948,0.00347954103993181
"original","hp1600","ITA","2010-Q3",0.00074896786563701,0.0124311381464777
"original","hp1600","ITA","2010-Q4",0.00697440292556277,0.0185939118756417
"original","hp1600","ITA","2011-Q1",0.0134919087654233,0.0205685380324096
"original","hp1600","ITA","2011-Q2",0.0180880241585867,0.0238330312515745
"original","hp1600","ITA","2011-Q3",0.015806910234095,0.0233319905237921
"original","hp1600","ITA","2011-Q4",0.00844981952362123,0.0100481240124363
"original","hp1600","ITA","2012-Q1",0.00143111888657529,-0.00300319342332708
"original","hp1600","ITA","2012-Q2",-0.00199862047555577,-0.00339453586136228
"original","hp1600","ITA","2012-Q3",-0.00411126687550132,-0.00766508855408099
"original","hp1600","ITA","2012-Q4",-0.00626143794841709,-0.0114428485529873
"original","hp1600","ITA","2013-Q1",-0.012152248155507,-0.0212007491421459
"original","hp1600","ITA","2013-Q2",-0.00987359718499527,-0.0219378170584368
"original","hp1600","ITA","2013-Q3",-0.0059754758541755,-0.0166673628651591
"original","hp1600","ITA","2013-Q4",-0.00336919396743951,-0.0121043803020731
"original","hp1600","ITA","2014-Q1",-0.00237353467561814,-0.00663990137252133
"original","hp1600","ITA","2014-Q2",-0.00155993417567773,-0.00161166107457278
"original","hp1600","ITA","2014-Q3",0.000602452917831302,0.00375443115853953
"original","hp1600","ITA","2014-Q4",0.00367983778801665,0.00875135245995606
"original","hp1600","ITA","2015-Q1",0.00950506352503013,0.011380014267563
"original","hp1600","JPN","1998-Q4",-0.00421509864465619,-0.000867689278347735
"original","hp1600","JPN","1999-Q1",-0.0135482545274356,-0.00364189427134556
"original","hp1600","JPN","1999-Q2",-0.0104281816861011,-0.000722398785256472
"original","hp1600","JPN","1999-Q3",-0.0134234022846087,6.77174880531206e-05
"original","hp1600","JPN","1999-Q4",-0.00930206380448367,0.000693403419406435
"original","hp1600","JPN","2000-Q1",0.00551737598118111,0.00081323931315411
"original","hp1600","JPN","2000-Q2",0.00576237376959453,-0.00561165362195875
"original","hp1600","JPN","2000-Q3",0.000842784825980016,-0.0109947731899034
"original","hp1600","JPN","2000-Q4",0.00611814061507992,-0.00569988118142646
"original","hp1600","JPN","2001-Q1",0.0103925604777151,0.000889136711611509
"original","hp1600","JPN","2001-Q2",0.00626473548912543,0.00520488669758991
"original","hp1600","JPN","2001-Q3",-0.00750299181131731,-0.00133979851907914
"original","hp1600","JPN","2001-Q4",-0.011329730375327,0.000974994245771569
"original","hp1600","JPN","2002-Q1",-0.0163244659386853,-0.00163589055293123
"original","hp1600","JPN","2002-Q2",-0.00883507047003337,0.00298932707781526
"original","hp1600","JPN","2002-Q3",-0.00581638562514092,0.00689705490149343
"original","hp1600","JPN","2002-Q4",-0.00532017975864076,0.00185922000900379
"original","hp1600","JPN","2003-Q1",-0.0144351585358868,-0.0050340418200324
"original","hp1600","JPN","2003-Q2",-0.00535369999566345,-0.00229106477250673
"original","hp1600","JPN","2003-Q3",-0.00504815582617047,-0.00614244406541739
"original","hp1600","JPN","2003-Q4",0.00163070440148445,0.00230066788391406
"original","hp1600","JPN","2004-Q1",0.00725415194323996,0.00363078417217317
"original","hp1600","JPN","2004-Q2",0.00440521674191013,0.000445238528977063
"original","hp1600","JPN","2004-Q3",0.00208253089007291,-0.00133997157327323
"original","hp1600","JPN","2004-Q4",-0.0040100592284327,-0.00954506352604319
"original","hp1600","JPN","2005-Q1",-0.00532269688036107,-0.00185705504621599
"original","hp1600","JPN","2005-Q2",0.00457342910086121,0.0026327412811406
"original","hp1600","JPN","2005-Q3",0.00502196921430189,0.00677595331597461
"original","hp1600","JPN","2005-Q4",0.00403362505679815,0.00842398726286116
"original","hp1600","JPN","2006-Q1",0.00579618067036358,0.00864643555290459
"original","hp1600","JPN","2006-Q2",0.00785612966429095,0.0102138691365429
"original","hp1600","JPN","2006-Q3",0.00508840547720265,-0.00108294399843814
"original","hp1600","JPN","2006-Q4",0.01622445577767,0.00971429127193729
"original","hp1600","JPN","2007-Q1",0.0247744948976088,0.0118665788653376
"original","hp1600","JPN","2007-Q2",0.0255136692706752,0.0132760854993137
"original","hp1600","JPN","2007-Q3",0.0209824119302945,0.00747981305993981
"original","hp1600","JPN","2007-Q4",0.0292381552359094,0.00748619630984901
"original","hp1600","JPN","2008-Q1",0.0358348225563689,0.0126023294470879
"original","hp1600","JPN","2008-Q2",0.0244558699068808,-0.00239316507990862
"original","hp1600","JPN","2008-Q3",0.0140788259177482,-0.00632577574399382
"original","hp1600","JPN","2008-Q4",-0.019020223351076,-0.0204787795981248
"original","hp1600","JPN","2009-Q1",-0.0595113529860361,-0.0306162942360275
"original","hp1600","JPN","2009-Q2",-0.0421621076830469,-0.0154437722403288
"original","hp1600","JPN","2009-Q3",-0.0415426059900221,-0.0176463416731407
"original","hp1600","JPN","2009-Q4",-0.0248074358100401,-0.00620563412051271
"original","hp1600","JPN","2010-Q1",-0.0106420648774745,-0.00114489545533151
"original","hp1600","JPN","2010-Q2",-0.000517748255595947,-0.00274045490075113
"original","hp1600","JPN","2010-Q3",0.0131477372181277,0.00790069114240568
"original","hp1600","JPN","2010-Q4",0.00666235059413591,0.000544848511223458
"original","hp1600","JPN","2011-Q1",-0.0138941043250377,-0.0198575907862272
"original","hp1600","JPN","2011-Q2",-0.0221190931163866,-0.0114039876021498
"original","hp1600","JPN","2011-Q3",0.00282441074427016,0.00161620849950242
"original","hp1600","JPN","2011-Q4",0.00309097965429449,0.00274718752872836
"original","hp1600","JPN","2012-Q1",0.0113695309829293,0.00535533638868024
"original","hp1600","JPN","2012-Q2",0.00402392258356135,0.010049994010448
"original","hp1600","JPN","2012-Q3",-0.00193176091906897,0.00413075538930451
"original","hp1600","JPN","2012-Q4",-0.00541439154090409,0.00162822653666278
"original","hp1600","JPN","2013-Q1",0.00543621792549018,0.0110303092929698
"original","hp1600","JPN","2013-Q2",0.00913637528646086,0.0184353503354
"original","hp1600","JPN","2013-Q3",0.0128936114784732,0.0194517315639577
"original","hp1600","JPN","2013-Q4",0.00872438882628572,0.0149987434295595
"original","hp1600","JPN","2014-Q1",0.0177164788056086,0.0333773867446086
"original","hp1600","JPN","2014-Q2",-0.00395286500112269,-0.0192798988900952
"original","hp1600","JPN","2014-Q3",-0.0093856173244673,-0.0180001412206101
"original","hp1600","JPN","2014-Q4",-0.00799376039462953,-0.0167506123743072
"original","hp1600","JPN","2015-Q1",0.000920661800953861,-0.0150522052175407
"original","hp1600","USA","1998-Q4",0.00691936018864187,0.00246414919508799
"original","hp1600","USA","1999-Q1",0.00554202872790855,0.000828854597483084
"original","hp1600","USA","1999-Q2",0.00465190369646888,0.00456286045735824
"original","hp1600","USA","1999-Q3",0.00831496274463495,0.00507321265630018
"original","hp1600","USA","1999-Q4",0.0169395220320058,0.00907186942447971
"original","hp1600","USA","2000-Q1",0.0115398647513991,0.0138329147952304
"original","hp1600","USA","2000-Q2",0.022227936844066,0.0132761479029372
"original","hp1600","USA","2000-Q3",0.0156868128376899,0.0130969620027305
"original","hp1600","USA","2000-Q4",0.0138550994019543,0.0123481196674574
"original","hp1600","USA","2001-Q1",0.00373952958145664,0.00718959157949544
"original","hp1600","USA","2001-Q2",0.00193604259388852,0.000604059812932484
"original","hp1600","USA","2001-Q3",-0.0081782738992051,-0.00471442115724304
"original","hp1600","USA","2001-Q4",-0.0122507104945371,0.00166761855927263
"original","hp1600","USA","2002-Q1",-0.00986852194185723,-0.0039613484108843
"original","hp1600","USA","2002-Q2",-0.0111216321740552,-0.0073604776271849
"original","hp1600","USA","2002-Q3",-0.0130053212375278,-0.00876498919264689
"original","hp1600","USA","2002-Q4",-0.0191228606787081,-0.0116683608215416
"original","hp1600","USA","2003-Q1",-0.0207189379515158,-0.0154559979676403
"original","hp1600","USA","2003-Q2",-0.0182627924780318,-0.0124583876973104
"original","hp1600","USA","2003-Q3",-0.00842628417002055,-0.00578987448974816
"original","hp1600","USA","2003-Q4",-0.00354902217291181,-0.00590386756745623
"original","hp1600","USA","2004-Q1",-0.00449314514482527,-0.00393206170123425
"original","hp1600","USA","2004-Q2",-0.00377072239456709,-0.00499453586979754
"original","hp1600","USA","2004-Q3",-0.00116098591589724,-0.00282822126185921
"original","hp1600","USA","2004-Q4",0.00118800068300545,0.000253421423018069
"original","hp1600","USA","2005-Q1",0.00574955272447473,0.00100253349122796
"original","hp1600","USA","2005-Q2",0.00517537802935033,0.00523378372624039
"original","hp1600","USA","2005-Q3",0.00806027721639395,0.00668648395168187
"original","hp1600","USA","2005-Q4",0.0086011007227587,0.00452359593634214
"original","hp1600","USA","2006-Q1",0.0157518002707481,0.0101210285807491
"original","hp1600","USA","2006-Q2",0.0143276831272384,0.0102638683868761
"original","hp1600","USA","2006-Q3",0.0112043626161528,0.0113192827305122
"original","hp1600","USA","2006-Q4",0.0153878974100172,0.0171067230462342
"original","hp1600","USA","2007-Q1",0.0127907114949372,0.0184094364038572
"original","hp1600","USA","2007-Q2",0.0175852141489382,0.0182509770715025
"original","hp1600","USA","2007-Q3",0.0218245177648062,0.0195227614867299
"original","hp1600","USA","2007-Q4",0.0232567711575709,0.0179514123264111
"original","hp1600","USA","2008-Q1",0.0145699555288397,0.0133645711103352
"original","hp1600","USA","2008-Q2",0.0179115202015752,0.0127652562899514
"original","hp1600","USA","2008-Q3",0.0116540585761867,0.00341683304819281
"original","hp1600","USA","2008-Q4",-0.0110636334464574,-0.0106820459987101
"original","hp1600","USA","2009-Q1",-0.0263880711481351,-0.0160779113712006
"original","hp1600","USA","2009-Q2",-0.0291933901508742,-0.0225923656591621
"original","hp1600","USA","2009-Q3",-0.0275348315151231,-0.0186349754597906
"original","hp1600","USA","2009-Q4",-0.0196992061045049,-0.0209769603242978
"original","hp1600","USA","2010-Q1",-0.0174014614925758,-0.018030378861473
"original","hp1600","USA","2010-Q2",-0.0100423975155044,-0.0125182977558786
"original","hp1600","USA","2010-Q3",-0.0058087580774982,-0.00885842508283365
"original","hp1600","USA","2010-Q4",-0.00226928499965024,-0.00166387405163265
"original","hp1600","USA","2011-Q1",-0.00911400692555626,0.000158271648938559
"original","hp1600","USA","2011-Q2",-0.0050670912996837,-0.00119625429251557
"original","hp1600","USA","2011-Q3",-0.00638947531754483,-0.00040814365586863
"original","hp1600","USA","2011-Q4",0.00118806179733406,-0.000771268709655066
"original","hp1600","USA","2012-Q1",0.00398904728959419,0.00135106616525713
"original","hp1600","USA","2012-Q2",0.00467705870498356,-0.00100145562485173
"original","hp1600","USA","2012-Q3",0.00175543121300132,-0.00255796953338707
"original","hp1600","USA","2012-Q4",-0.00227064839321139,-0.00411208933097634
"original","hp1600","USA","2013-Q1",-0.00191978381519991,-0.00238953292901651
"original","hp1600","USA","2013-Q2",-0.0036277839087511,-0.00356244108281425
"original","hp1600","USA","2013-Q3",-0.000867972459407023,-0.00405431167625667
"original","hp1600","USA","2013-Q4",0.00385000450890502,-0.000261211651534591
"original","hp1600","USA","2014-Q1",-0.00319394517432393,-0.00193676793658526
"original","hp1600","USA","2014-Q2",0.00320956224460735,0.00255527141150947
"original","hp1600","USA","2014-Q3",0.00888282753307046,0.0060692961367383
"original","hp1600","USA","2014-Q4",0.00920401496942206,0.0115233708684182
"original","hp1600","USA","2015-Q1",0.00599651682684785,0.0108524533655711
"current","growth","AUS","1998-Q4",0.0153124311057322,0.00938807384757112
"current","growth","AUS","1999-Q1",0.00743372585084145,0.0179774967683013
"current","growth","AUS","1999-Q2",0.00387666305222467,0.0063158293017942
"current","growth","AUS","1999-Q3",0.0109227892039669,0.0114323439844526
"current","growth","AUS","1999-Q4",0.016811567328908,0.0134510755953698
"current","growth","AUS","2000-Q1",0.00394100401873843,0.00290689462510407
"current","growth","AUS","2000-Q2",0.00980197607696986,0.00844674020648384
"current","growth","AUS","2000-Q3",0.00272046303209983,0.0111581383406278
"current","growth","AUS","2000-Q4",-0.00406938473306973,0.00605980238109716
"current","growth","AUS","2001-Q1",0.00942958689508444,0.00878121480947414
"current","growth","AUS","2001-Q2",0.00895700512838182,0.00590415840486536
"current","growth","AUS","2001-Q3",0.0111919908860383,0.00255691490448307
"current","growth","AUS","2001-Q4",0.0118119265484538,0.00757127869052532
"current","growth","AUS","2002-Q1",0.00778350280196705,0.0125977487006246
"current","growth","AUS","2002-Q2",0.0172562521721886,0.0155993941680155
"current","growth","AUS","2002-Q3",0.00230463095574684,0.0136213972335106
"current","growth","AUS","2002-Q4",0.0083077606462254,0.00485464655423407
"current","growth","AUS","2003-Q1",0.00235321512547415,0.00589061718399897
"current","growth","AUS","2003-Q2",0.00408086963242305,0.0075762662076766
"current","growth","AUS","2003-Q3",0.0167301662889336,0.0133492322810014
"current","growth","AUS","2003-Q4",0.0167808174546185,0.02286087968697
"current","growth","AUS","2004-Q1",0.00751993094274361,0.0194113650121039
"current","growth","AUS","2004-Q2",0.00752060298419721,0.00577113406198748
"current","growth","AUS","2004-Q3",0.00659639493006914,0.0117368546929928
"current","growth","AUS","2004-Q4",0.00754218846781463,0.0136390079243753
"current","growth","AUS","2005-Q1",0.00819355722764392,-0.00334710840176022
"current","growth","AUS","2005-Q2",0.00464039073677824,0.0178744330994984
"current","growth","AUS","2005-Q3",0.0107516991577192,0.0059932504836766
"current","growth","AUS","2005-Q4",0.00805287006002509,0.00253571498095084
"current","growth","AUS","2006-Q1",0.000780517751600485,0.0113501581673319
"current","growth","AUS","2006-Q2",0.0028363271067402,0.0154989656107514
"current","growth","AUS","2006-Q3",0.0149031551573184,0.0112699256303141
"current","growth","AUS","2006-Q4",0.0122648116661228,0.0130146752974252
"current","growth","AUS","2007-Q1",0.0136743354953488,0.0211620192731257
"current","growth","AUS","2007-Q2",0.00662087266204203,0.00831017810493684
"current","growth","AUS","2007-Q3",0.0116460476464528,0.0171986489526645
"current","growth","AUS","2007-Q4",0.00350550457233112,0.0116958441298447
"current","growth","AUS","2008-Q1",0.0111772255732081,0.00523268338010929
"current","growth","AUS","2008-Q2",0.00366334702259863,-0.00403612334702785
"current","growth","AUS","2008-Q3",0.00672505363763243,-0.00306905611741826
"current","growth","AUS","2008-Q4",-0.00435680529443161,-0.00199285473510002
"current","growth","AUS","2009-Q1",0.0101737437692133,0.00460921449812979
"current","growth","AUS","2009-Q2",0.00644943876031334,0.0157196022707922
"current","growth","AUS","2009-Q3",0.00310493405063816,0.00460622551777057
"current","growth","AUS","2009-Q4",0.00802757576600932,0.0133433432349328
"current","growth","AUS","2010-Q1",0.0045887337696815,0.00481631261716053
"current","growth","AUS","2010-Q2",0.00640241779442619,0.0143861677676096
"current","growth","AUS","2010-Q3",0.00664169465339803,0.00995832823236853
"current","growth","AUS","2010-Q4",0.00832488825747824,0.0111109236790039
"current","growth","AUS","2011-Q1",-0.00273083540455765,0.00589311804940174
"current","growth","AUS","2011-Q2",0.012181562041448,0.00670090329766637
"current","growth","AUS","2011-Q3",0.0134872339307126,0.00664873091850637
"current","growth","AUS","2011-Q4",0.0110500349783482,0.00434274312662097
"current","growth","AUS","2012-Q1",0.0105988704728865,0.0147149487769038
"current","growth","AUS","2012-Q2",0.00719280922622545,0.00430160778454436
"current","growth","AUS","2012-Q3",0.00586867114215117,0.002990201020868
"current","growth","AUS","2012-Q4",0.00437417882628566,0.00219450137409183
"current","growth","AUS","2013-Q1",0.00543230251548366,0.00610521534738595
"current","growth","AUS","2013-Q2",0.00369204500592879,0.00270515622862177
"current","growth","AUS","2013-Q3",0.00807141372967557,0.00867559990295774
"current","growth","AUS","2013-Q4",0.00776926744721429,0.00449685311459724
"current","growth","AUS","2014-Q1",0.00797686294837519,0.00786667689167153
"current","growth","AUS","2014-Q2",0.00478404641152252,0.00443105880553851
"current","growth","AUS","2014-Q3",0.00402367934382752,0.00918757004462023
"current","growth","AUS","2014-Q4",0.00368805742301959,0.00618231851630924
"current","growth","AUS","2015-Q1",0.00974566616189598,0.00379363920804643
"current","growth","AUS","2015-Q2",0.000972652455839551,0.00621123247596422
"current","growth","AUS","2015-Q3",0.00984314145921417,0.00914725702010877
"current","growth","AUS","2015-Q4",0.00612807700519724,0.00493883978984577
"current","growth","AUS","2016-Q1",0.00921404817230176,0.00833570651100146
"current","growth","AUS","2016-Q2",0.00638924194666046,0.00485701189566434
"current","growth","AUS","2016-Q3",5.66578257004124e-05,0.00621840292228804
"current","growth","AUS","2016-Q4",0.0114775847621473,0.00683581247528764
"current","growth","AUS","2017-Q1",0.00331482265545091,0.00522797603862557
"current","growth","AUS","2017-Q2",0.0057126213639016,0.0056913997162642
"current","growth","AUS","2017-Q3",0.00954131750999032,0.00702977332985277
"current","growth","AUS","2017-Q4",0.00390961748243335,0.00955478783023267
"current","growth","AUS","2018-Q1",0.0105700033761984,0.0066926575995172
"current","growth","AUS","2018-Q2",0.00703162898623511,0.00670247448230832
"current","growth","AUS","2018-Q3",0.00382824892778721,0.00172682672346802
"current","growth","AUS","2018-Q4",0.00239421687909314,0.00238901549263737
"current","growth","AUS","2019-Q1",0.00784838659893694,0.0035506641595191
"current","growth","AUS","2019-Q2",0.00256336092803444,0.00309889317834511
"current","growth","AUS","2019-Q3",0.00574858281154889,-0.00137891359679543
"current","growth","AUS","2019-Q4",0.00586449441917836,0.00297052136154896
"current","growth","AUS","2020-Q1",-0.00157054733126216,-0.0133766279100609
"current","growth","AUS","2020-Q2",-0.0703109252018841,-0.136222186860769
"current","growth","AUS","2020-Q3",0.0338045277484333,0.0733601084793349
"current","growth","AUS","2020-Q4",0.0337010935764575,0.0450095027547519
"current","growth","AUS","2021-Q1",0.0222443906777983,0.0143735758369559
"current","growth","AUS","2021-Q2",0.0074676996187204,0.0102039746974008
"current","growth","AUS","2021-Q3",-0.0177376583995663,-0.0480665019563133
"current","growth","AUS","2021-Q4",0.0361133118496451,0.0625726722184208
"current","growth","AUS","2022-Q1",0.00997875997787112,0.0240500673682043
"current","growth","AUS","2022-Q2",0.00900232408617896,0.0187901014074914
"current","growth","AUS","2022-Q3",0.00454508288233768,0.0110784130805062
"current","growth","AUS","2022-Q4",0.00850596197165387,0.00950653274079727
"current","growth","AUS","2023-Q1",0.00568947941197884,0.00718192184768363
"current","growth","AUS","2023-Q2",0.00347179741791415,0.00371849935704738
"current","growth","AUS","2023-Q3",0.00369918913857781,-0.000863601854733886
"current","growth","AUS","2023-Q4",0.00032459932089246,0.000540928840333521
"current","growth","AUS","2024-Q1",0.0034399543011947,0.00589341126709897
"current","growth","AUS","2024-Q2",0.00168727901943555,-0.00361947846166011
"current","growth","AUS","2024-Q3",0.00272371425416118,0.00114227411920353
"current","growth","AUS","2024-Q4",0.00439605404279675,0.00668247837318425
"current","growth","AUS","2025-Q1",0.00391482846784541,0.00507578870019287
"current","growth","AUS","2025-Q2",0.00777375554287474,0.00985378441556861
"current","growth","AUS","2025-Q3",0.00502370524605134,0.00484839148440663
"current","growth","AUS","2025-Q4",0.00908293789774106,0.0045413223647941
"current","growth","AUS","2026-Q1",0.00285819228572493,0.00419355995823345
"current","growth","AUS","2026-Q2",0.00418625253190008,0.0041231185818642
"current","growth","AUT","1998-Q4",0.00939367112118106,0.00117483065598911
"current","growth","AUT","1999-Q1",0.00857261649556129,0.00475546182972586
"current","growth","AUT","1999-Q2",0.00937709724927949,0.00719514738710991
"current","growth","AUT","1999-Q3",0.0153638628437598,0.00759284515350345
"current","growth","AUT","1999-Q4",0.00907145997189041,0.0141434705471912
"current","growth","AUT","2000-Q1",0.000160905282720947,0.0085267777966056
"current","growth","AUT","2000-Q2",0.0114034314183247,0.00442798409555678
"current","growth","AUT","2000-Q3",0.013829611964491,0.00105305617053908
"current","growth","AUT","2000-Q4",0.00681965867062928,0.0111694321923625
"current","growth","AUT","2001-Q1",-0.00299048884950182,0.00357420820087562
"current","growth","AUT","2001-Q2",-0.00284841701479621,-0.00071804567954814
"current","growth","AUT","2001-Q3",0.00398863804015548,0.00072596242703149
"current","growth","AUT","2001-Q4",0.00233176830220039,0.00983418614404563
"current","growth","AUT","2002-Q1",0.0110628120149965,-0.00974446738590373
"current","growth","AUT","2002-Q2",0.0025619919225619,0.0120700164450671
"current","growth","AUT","2002-Q3",-7.82169879318673e-05,-0.00618729059262968
"current","growth","AUT","2002-Q4",-0.00504673209294459,0.0028028833019178
"current","growth","AUT","2003-Q1",0.00489307376729364,0.00871973625674372
"current","growth","AUT","2003-Q2",0.00675399316030401,0.00861865072349666
"current","growth","AUT","2003-Q3",0.00751605201786276,0.0102539292781376
"current","growth","AUT","2003-Q4",0.00292915778240044,0.000239169320295218
"current","growth","AUT","2004-Q1",0.00206039129774283,0.00782028074683083
"current","growth","AUT","2004-Q2",0.0101682203701525,0.00332141659461982
"current","growth","AUT","2004-Q3",0.011454807905837,0.00140286680438884
"current","growth","AUT","2004-Q4",0.00341381788505224,0.00831134365079222
"current","growth","AUT","2005-Q1",0.00235609104850454,0.00324121977396707
"current","growth","AUT","2005-Q2",0.00801970236931737,0.0109589258190823
"current","growth","AUT","2005-Q3",0.00187775615147778,0.00812708291359243
"current","growth","AUT","2005-Q4",0.0154191828039245,-0.00619575368432557
"current","growth","AUT","2006-Q1",0.00920307068370008,0.00705304411471985
"current","growth","AUT","2006-Q2",0.00461612631403163,0.00243148206703836
"current","growth","AUT","2006-Q3",0.00609723692174668,0.0189274027532331
"current","growth","AUT","2006-Q4",0.0149392904714762,-0.00350436972095736
"current","growth","AUT","2007-Q1",0.0110445935873749,-0.00795653813938557
"current","growth","AUT","2007-Q2",0.00957571848116601,0.00879555360043227
"current","growth","AUT","2007-Q3",0.00585041162844568,0.0072302694623616
"current","growth","AUT","2007-Q4",-0.00097126696801908,0.0120370459221881
"current","growth","AUT","2008-Q1",0.0206831253021438,0.00444792322028675
"current","growth","AUT","2008-Q2",-0.00253868020618242,-0.00552898032260174
"current","growth","AUT","2008-Q3",-0.00690072107155082,-0.0139612592098715
"current","growth","AUT","2008-Q4",-0.0258016512104629,0.0121130186802656
"current","growth","AUT","2009-Q1",-0.0109666390832874,-0.00345434060599104
"current","growth","AUT","2009-Q2",-0.00543722829236692,0.0163556660320374
"current","growth","AUT","2009-Q3",0.00341006512920039,0.00104136356126894
"current","growth","AUT","2009-Q4",0.00251041110072414,-0.00656313478038584
"current","growth","AUT","2010-Q1",-0.00353624005096087,0.0060553445957936
"current","growth","AUT","2010-Q2",0.0132133784083077,-0.000380431887563759
"current","growth","AUT","2010-Q3",0.0117460540301302,0.0156766835799331
"current","growth","AUT","2010-Q4",0.00967130018814188,-0.00129590095238363
"current","growth","AUT","2011-Q1",0.00993644376699443,-0.00230797865910226
"current","growth","AUT","2011-Q2",-0.000373445837226427,0.00708329394757179
"current","growth","AUT","2011-Q3",0.00547446184168088,0.00356034379952064
"current","growth","AUT","2011-Q4",0.00422111588130569,0.00145728515256494
"current","growth","AUT","2012-Q1",0.00419386682078482,0.0126944467958729
"current","growth","AUT","2012-Q2",-0.00334223955302448,-0.00694049089451632
"current","growth","AUT","2012-Q3",0.00324123155251144,-0.00885692094910695
"current","growth","AUT","2012-Q4",-0.00695242258551332,-0.0033587699713582
"current","growth","AUT","2013-Q1",-0.00392802963551908,0.00534459749389349
"current","growth","AUT","2013-Q2",0.00458837914229981,-0.0013885298790921
"current","growth","AUT","2013-Q3",0.00284813890338853,-0.000367874981156646
"current","growth","AUT","2013-Q4",0.000836777240806441,0.00560560532101206
"current","growth","AUT","2014-Q1",-1.19149889368231e-05,-0.00576233391850955
"current","growth","AUT","2014-Q2",0.00500251525035544,0.00154123281442509
"current","growth","AUT","2014-Q3",0.0016595921639766,0.00630808506530656
"current","growth","AUT","2014-Q4",0.00409866168573814,-0.00682080902460491
"current","growth","AUT","2015-Q1",0.000241615216568292,0.0137991040957992
"current","growth","AUT","2015-Q2",0.00569109758859199,-0.00640147683856185
"current","growth","AUT","2015-Q3",0.0037777071582159,0.00344271574496702
"current","growth","AUT","2015-Q4",0.0039809428923494,0.00932174352525017
"current","growth","AUT","2016-Q1",0.0113521116307993,-0.000685219530650372
"current","growth","AUT","2016-Q2",-0.000531256157300319,0.0115347555596301
"current","growth","AUT","2016-Q3",0.00547265247204898,0.000261763119072
"current","growth","AUT","2016-Q4",0.00603771803953457,0.0114763567332794
"current","growth","AUT","2017-Q1",0.00974574275926798,0.0038173079352557
"current","growth","AUT","2017-Q2",0.00326574860260997,-0.000342289922903305
"current","growth","AUT","2017-Q3",0.00631455503889988,0.0102631109826365
"current","growth","AUT","2017-Q4",0.00476538676296023,-0.00511731129682325
"current","growth","AUT","2018-Q1",0.0056339050201597,0.00575835276456971
"current","growth","AUT","2018-Q2",0.00805899676688071,0.00188857468786807
"current","growth","AUT","2018-Q3",0.00406470423500416,-0.00587225440729533
"current","growth","AUT","2018-Q4",0.00939894284598175,0.0130704327692559
"current","growth","AUT","2019-Q1",0.0112958047377134,-0.000754260812392715
"current","growth","AUT","2019-Q2",-0.0062153827010718,-0.000416680845512829
"current","growth","AUT","2019-Q3",0.00150783911446517,0.00160624174047896
"current","growth","AUT","2019-Q4",-0.00642083738658705,0.000475428425142255
"current","growth","AUT","2020-Q1",-0.0110744979269644,-0.0432837361667513
"current","growth","AUT","2020-Q2",-0.134808549651204,-0.114950818196169
"current","growth","AUT","2020-Q3",0.108684930313281,0.113622668662845
"current","growth","AUT","2020-Q4",-0.0148462733785859,-0.0312254962373135
"current","growth","AUT","2021-Q1",-0.00965256583761764,-0.0344378244789425
"current","growth","AUT","2021-Q2",0.0449504662985554,0.0588820640009686
"current","growth","AUT","2021-Q3",0.0307407725932283,0.0846513259870623
"current","growth","AUT","2021-Q4",0.00275893931444138,-0.041033427719956
"current","growth","AUT","2022-Q1",0.00324163828986279,0.022615792935655
"current","growth","AUT","2022-Q2",0.028697990895262,0.00902437026864611
"current","growth","AUT","2022-Q3",-0.000143003894784499,0.00519112394413668
"current","growth","AUT","2022-Q4",-0.000208884163171774,-0.0118808351755533
"current","growth","AUT","2023-Q1",-0.000806105027757908,0.00711436123816078
"current","growth","AUT","2023-Q2",-0.012147272233447,-0.00158766381516706
"current","growth","AUT","2023-Q3",-0.00514549431788325,-0.00829840523784853
"current","growth","AUT","2023-Q4",-0.00473191558820396,0.002996949951104
"current","growth","AUT","2024-Q1",0.00126158154221834,0.0110741725012549
"current","growth","AUT","2024-Q2",-0.00131317295299738,-0.00583909747802203
"current","growth","AUT","2024-Q3",-0.00101552369293145,0.00655242456047667
"current","growth","AUT","2024-Q4",0.00434560150778651,0.00818120515621068
"current","growth","AUT","2025-Q1",0.00384290157594691,-0.00156701687252436
"current","growth","AUT","2025-Q2",0.0018246264813957,0.00354784231930871
"current","growth","AUT","2025-Q3",0.00275828898475616,-0.00531829104942894
"current","growth","AUT","2025-Q4",0.00203335984940267,0.00395459694246192
"current","growth","AUT","2026-Q1",0.00108048816188422,0.000594292967155852
"current","growth","AUT","2026-Q2",-0.00143987160503123,0.00422744881534598
"current","growth","CAN","1998-Q4",0.0134587591769222,0.00291269305397179
"current","growth","CAN","1999-Q1",0.0178942542979375,0.0144844290934838
"current","growth","CAN","1999-Q2",0.00821388616698648,0.0100263458631176
"current","growth","CAN","1999-Q3",0.0155527395483688,0.012252980456422
"current","growth","CAN","1999-Q4",0.0139122204124078,0.00959873912791664
"current","growth","CAN","2000-Q1",0.0155358976158038,0.0106439322262908
"current","growth","CAN","2000-Q2",0.0117009222138158,0.00862161182668331
"current","growth","CAN","2000-Q3",0.0101982397776066,0.012719870057559
"current","growth","CAN","2000-Q4",0.0019758121160276,0.00225163806511475
"current","growth","CAN","2001-Q1",0.00561313859685875,0.00777625408750104
"current","growth","CAN","2001-Q2",0.003139924971304,0.00180389952097038
"current","growth","CAN","2001-Q3",-0.000703162084812803,0.00274284859244922
"current","growth","CAN","2001-Q4",0.00597973757110459,0.0123039494804278
"current","growth","CAN","2002-Q1",0.0145158776597629,0.0150658782794402
"current","growth","CAN","2002-Q2",0.00589116791883448,0.0127347491171896
"current","growth","CAN","2002-Q3",0.00860992693469065,0.00212706538678908
"current","growth","CAN","2002-Q4",0.00547725366380902,0.00984465295531045
"current","growth","CAN","2003-Q1",0.00554830951018914,0.00449504289197478
"current","growth","CAN","2003-Q2",-0.00145134411679315,0.0083944372649789
"current","growth","CAN","2003-Q3",0.00373154076968873,0.00872345891732706
"current","growth","CAN","2003-Q4",0.00685071019161043,0.00120001008491499
"current","growth","CAN","2004-Q1",0.0072451676356593,0.0126589800553845
"current","growth","CAN","2004-Q2",0.0117789580771372,0.00442105193328857
"current","growth","CAN","2004-Q3",0.0117540318725808,0.00946688431822373
"current","growth","CAN","2004-Q4",0.00719111485873114,0.00829174000869237
"current","growth","CAN","2005-Q1",0.00349602633468926,0.014113923207022
"current","growth","CAN","2005-Q2",0.00720140725549534,0.00870245846584083
"current","growth","CAN","2005-Q3",0.0120461640552616,0.006850809640774
"current","growth","CAN","2005-Q4",0.00988244387630033,0.00958097029212901
"current","growth","CAN","2006-Q1",0.00808627775155912,0.0139132284625649
"current","growth","CAN","2006-Q2",0.000499943249518964,0.0088413512394947
"current","growth","CAN","2006-Q3",0.00281112907349801,0.0105242029002159
"current","growth","CAN","2006-Q4",0.00397428469683803,0.010025953033642
"current","growth","CAN","2007-Q1",0.00636189547021715,0.00778898236475634
"current","growth","CAN","2007-Q2",0.00961089555945982,0.0148518555699813
"current","growth","CAN","2007-Q3",0.00373980826564235,0.0092591927438086
"current","growth","CAN","2007-Q4",0.00131346562537615,0.0183115013159352
"current","growth","CAN","2008-Q1",0.000750088415147232,0.00843938640876907
"current","growth","CAN","2008-Q2",0.0036370062385167,0.002050959210111
"current","growth","CAN","2008-Q3",0.00818370804538837,0.000935899652818151
"current","growth","CAN","2008-Q4",-0.0116707640931661,-0.0117743838343607
"current","growth","CAN","2009-Q1",-0.0228243160286574,-0.00335353181473153
"current","growth","CAN","2009-Q2",-0.010845550238642,0.00761089676587723
"current","growth","CAN","2009-Q3",0.00446243310799055,0.0095243669227898
"current","growth","CAN","2009-Q4",0.0115520063626793,0.00621455608088262
"current","growth","CAN","2010-Q1",0.0120424171419362,0.0110837420004408
"current","growth","CAN","2010-Q2",0.00522287499243212,0.00856014288608264
"current","growth","CAN","2010-Q3",0.00697592762078258,0.00802280714660597
"current","growth","CAN","2010-Q4",0.0111555625953681,0.00952767399616405
"current","growth","CAN","2011-Q1",0.0075871002121044,0.00218235176400938
"current","growth","CAN","2011-Q2",0.00181363936624024,0.00457500339840955
"current","growth","CAN","2011-Q3",0.0135896277204406,0.00429588700824723
"current","growth","CAN","2011-Q4",0.00791591155038951,0.00597010245686036
"current","growth","CAN","2012-Q1",0.000631103751016937,0.00559180704939166
"current","growth","CAN","2012-Q2",0.00324543820009993,0.00137924154728886
"current","growth","CAN","2012-Q3",0.00136750601295788,0.00609127958371047
"current","growth","CAN","2012-Q4",0.00205587547105424,0.00538082131101092
"current","growth","CAN","2013-Q1",0.00891146076328475,0.00667306280539037
"current","growth","CAN","2013-Q2",0.00574226558418722,0.00913015112050886
"current","growth","CAN","2013-Q3",0.00818949406681391,0.00697145725625603
"current","growth","CAN","2013-Q4",0.0104113080260646,0.00594388038470051
"current","growth","CAN","2014-Q1",0.00168861579123813,0.00283609404071328
"current","growth","CAN","2014-Q2",0.00907425734068568,0.00908018332696514
"current","growth","CAN","2014-Q3",0.00954009082510687,0.00741597214741141
"current","growth","CAN","2014-Q4",0.00688780260851551,0.00747285603853776
"current","growth","CAN","2015-Q1",-0.00558334771655922,0.00169476633743848
"current","growth","CAN","2015-Q2",-0.00273367767852406,0.00535571407065838
"current","growth","CAN","2015-Q3",0.00357457876569001,0.00751924953727645
"current","growth","CAN","2015-Q4",0.000662501287063577,0.00759748269424776
"current","growth","CAN","2016-Q1",0.00589940223938967,0.00132296256273889
"current","growth","CAN","2016-Q2",-0.00499378751216817,0.00474178392279256
"current","growth","CAN","2016-Q3",0.0103244540525136,0.00678924190806818
"current","growth","CAN","2016-Q4",0.00559444804175868,0.00703634291870969
"current","growth","CAN","2017-Q1",0.012503658472653,0.0104946345221801
"current","growth","CAN","2017-Q2",0.0104704295369782,0.0127183927225616
"current","growth","CAN","2017-Q3",0.000314065401894936,0.00954728152447437
"current","growth","CAN","2017-Q4",0.00506068793226433,0.00575554251095411
"current","growth","CAN","2018-Q1",0.0115582362500479,0.00668453065650709
"current","growth","CAN","2018-Q2",0.00777002470485932,0.00584433045943733
"current","growth","CAN","2018-Q3",0.00503163969796105,0.00549208917746036
"current","growth","CAN","2018-Q4",0.00235282559675198,0.000142896161479555
"current","growth","CAN","2019-Q1",0.00240374207510463,0.0053944543125688
"current","growth","CAN","2019-Q2",0.0108881564913439,0.00243913809710428
"current","growth","CAN","2019-Q3",0.00279241730199686,0.00477282080720975
"current","growth","CAN","2019-Q4",0.00285097466655948,0.00714652431157425
"current","growth","CAN","2020-Q1",-0.0196919988989279,-0.020954276038962
"current","growth","CAN","2020-Q2",-0.116533125243045,-0.152431188315827
"current","growth","CAN","2020-Q3",0.0869436791678506,0.118584308600704
"current","growth","CAN","2020-Q4",0.0186094885225945,0.00540696082439318
"current","growth","CAN","2021-Q1",0.0168923275672963,0.00405207920680084
"current","growth","CAN","2021-Q2",-0.00117273173180266,-0.000547695305805007
"current","growth","CAN","2021-Q3",0.0199448566050275,0.0514778181106852
"current","growth","CAN","2021-Q4",0.0177456291717331,0.0102839662398644
"current","growth","CAN","2022-Q1",0.0103149218812923,0.0078733394060162
"current","growth","CAN","2022-Q2",0.0113121544654344,0.0261906743687987
"current","growth","CAN","2022-Q3",0.00805512973231437,0.00692743551384645
"current","growth","CAN","2022-Q4",0.000628900786985298,0.00509324297973102
"current","growth","CAN","2023-Q1",0.0104716362519746,0.00529187289888533
"current","growth","CAN","2023-Q2",0.00159455768854144,0.000606852639680966
"current","growth","CAN","2023-Q3",0.000501224704938963,0.00227170866025261
"current","growth","CAN","2023-Q4",0.00051691030930634,0.00708573097895204
"current","growth","CAN","2024-Q1",0.00725991904203127,0.00472771286855611
"current","growth","CAN","2024-Q2",0.00812688668849937,0.00369579886599603
"current","growth","CAN","2024-Q3",0.00815817656498474,0.0112204161044556
"current","growth","CAN","2024-Q4",0.00698982313227781,0.00644647025353784
"current","growth","CAN","2025-Q1",0.00713028825699347,0.00288538265703231
"current","growth","CAN","2025-Q2",-0.00242608521872079,0.0105674468823427
"current","growth","CAN","2025-Q3",0.00470801727512971,-0.00183957981260896
"current","growth","CAN","2025-Q4",-0.00246771787499434,0.00696178068737119
"current","growth","CAN","2026-Q1",0.000811479805927107,0.00580619367501711
"current","growth","CAN","2026-Q2",0.00816404583918739,0.00808550867320257
"current","growth","CHE","1998-Q4",-0.00657981199365665,0.00736671371195108
"current","growth","CHE","1999-Q1",0.00566837462179137,0.00300212690383361
"current","growth","CHE","1999-Q2",0.00519519501708032,0.00651951359061798
"current","growth","CHE","1999-Q3",0.00706072727453666,0.00643777314695093
"current","growth","CHE","1999-Q4",0.0232150473493391,0.00995857523274957
"current","growth","CHE","2000-Q1",0.00515790991114606,0.00369226382717969
"current","growth","CHE","2000-Q2",0.00297102741713928,0.00798852848097731
"current","growth","CHE","2000-Q3",0.00777132647996659,0.00648492281572466
"current","growth","CHE","2000-Q4",0.0123669437182201,0.00465746002226375
"current","growth","CHE","2001-Q1",-0.000869773428837206,0.00754261620729579
"current","growth","CHE","2001-Q2",0.00457360793654615,0.00671436327154673
"current","growth","CHE","2001-Q3",-0.000660968964657727,0.00186634099404159
"current","growth","CHE","2001-Q4",-0.000378988978566142,0.00124786236228758
"current","growth","CHE","2002-Q1",0.000842173132452828,-0.00291875779567263
"current","growth","CHE","2002-Q2",0.00478414369565527,0.000337751554845056
"current","growth","CHE","2002-Q3",0.00139612272718104,0.00166475922450182
"current","growth","CHE","2002-Q4",-0.00712373218748752,-0.00183082941116908
"current","growth","CHE","2003-Q1",-0.00615123176022969,0.00163995501778302
"current","growth","CHE","2003-Q2",-0.000828852133659908,4.31937455509512e-05
"current","growth","CHE","2003-Q3",0.00893429436605153,0.00329116510152971
"current","growth","CHE","2003-Q4",0.0108323448577092,0.00591930314751288
"current","growth","CHE","2004-Q1",0.00583885365566594,0.00812042311497585
"current","growth","CHE","2004-Q2",0.0071767267310463,0.00392513777918069
"current","growth","CHE","2004-Q3",0.000163767888174959,0.00244677103494162
"current","growth","CHE","2004-Q4",0.00341953151782803,0.00378775213612137
"current","growth","CHE","2005-Q1",0.00871042345263007,0.0055072575535231
"current","growth","CHE","2005-Q2",0.0118882264804956,0.00426031435094032
"current","growth","CHE","2005-Q3",0.00983990081551944,0.00671737417379248
"current","growth","CHE","2005-Q4",0.00983635831029339,0.00517474009356178
"current","growth","CHE","2006-Q1",0.0121285785612422,0.00370597105997028
"current","growth","CHE","2006-Q2",0.00861184153730399,0.00222702981703371
"current","growth","CHE","2006-Q3",0.00770382333351982,0.00438015777549694
"current","growth","CHE","2006-Q4",0.0136691088186787,0.00163582317906119
"current","growth","CHE","2007-Q1",0.00680772088807835,0.00853567106723574
"current","growth","CHE","2007-Q2",0.0141367685677256,0.0037177175121883
"current","growth","CHE","2007-Q3",0.0082319643760691,0.00593570851337155
"current","growth","CHE","2007-Q4",0.00561561561305446,0.00602223225306986
"current","growth","CHE","2008-Q1",0.007040454730177,0.00193383236952549
"current","growth","CHE","2008-Q2",0.0108339081363305,0.00331701054471978
"current","growth","CHE","2008-Q3",0.0062706872359648,0.00516770775000275
"current","growth","CHE","2008-Q4",-0.022371682982584,-0.000263387827432737
"current","growth","CHE","2009-Q1",-0.0173434926643043,0.00600141324550663
"current","growth","CHE","2009-Q2",0.00354812137198657,0.000565075932167147
"current","growth","CHE","2009-Q3",0.0091240863074038,0.00626112036044724
"current","growth","CHE","2009-Q4",0.00523812536772361,0.00560939417936268
"current","growth","CHE","2010-Q1",0.0123748608477818,0.00610590893510476
"current","growth","CHE","2010-Q2",0.00754291870847901,0.00219721979733656
"current","growth","CHE","2010-Q3",0.0045935732705189,0.00788248940832226
"current","growth","CHE","2010-Q4",0.00746955721378839,0.00416784264039016
"current","growth","CHE","2011-Q1",0.000896832053904006,0.000362978179008877
"current","growth","CHE","2011-Q2",0.00752314120818554,0.00413327432017319
"current","growth","CHE","2011-Q3",-0.00514062041324337,0.00251098612077882
"current","growth","CHE","2011-Q4",0.00295491612868126,0.0105800591005263
"current","growth","CHE","2012-Q1",0.00393565254360695,0.00918677283792313
"current","growth","CHE","2012-Q2",0.00271845786449454,0.000456537897314035
"current","growth","CHE","2012-Q3",0.00789556170397354,0.00299020416728091
"current","growth","CHE","2012-Q4",0.00103129600405616,0.00765365128006579
"current","growth","CHE","2013-Q1",0.00385931960074437,0.00944010092510084
"current","growth","CHE","2013-Q2",0.00649913287263537,0.00618920877406559
"current","growth","CHE","2013-Q3",0.0076536415019941,0.00286326472653009
"current","growth","CHE","2013-Q4",0.00177513838980659,0.00285164519186232
"current","growth","CHE","2014-Q1",0.00682639969662979,-0.00185379445864875
"current","growth","CHE","2014-Q2",0.00910515409595014,0.00344396100395805
"current","growth","CHE","2014-Q3",0.00590656851290206,0.00421099976428074
"current","growth","CHE","2014-Q4",0.00635637186537785,0.0041558264652739
"current","growth","CHE","2015-Q1",-0.00295297322532306,0.00842366922712756
"current","growth","CHE","2015-Q2",0.00202621097387556,0.00685415501059872
"current","growth","CHE","2015-Q3",0.00724298571736881,0.00690645924849065
"current","growth","CHE","2015-Q4",0.00677245682734195,0.00144442704147174
"current","growth","CHE","2016-Q1",0.00540565531324866,0.0014600826497535
"current","growth","CHE","2016-Q2",0.0040998207624181,0.00287730478216552
"current","growth","CHE","2016-Q3",0.00384288153686541,0.00214235471417012
"current","growth","CHE","2016-Q4",-0.0024214976424215,0.00856756440132322
"current","growth","CHE","2017-Q1",0.000780434734160451,0.00434680090630835
"current","growth","CHE","2017-Q2",0.00820509746882259,0.000628138330830197
"current","growth","CHE","2017-Q3",0.00789813140230677,0.00330943729847277
"current","growth","CHE","2017-Q4",0.0100040109598147,-0.000936526272464988
"current","growth","CHE","2018-Q1",0.0125983928626887,0.000220374191925998
"current","growth","CHE","2018-Q2",0.0104406995109869,-0.00146754296578067
"current","growth","CHE","2018-Q3",-0.00390368238367778,-0.000207650339319798
"current","growth","CHE","2018-Q4",0.00346760877020458,0.00278934757177218
"current","growth","CHE","2019-Q1",0.000764944820103253,0.00657496821969517
"current","growth","CHE","2019-Q2",0.00650082568404819,0.00619808074679895
"current","growth","CHE","2019-Q3",0.00356734820127258,0.00229144902564826
"current","growth","CHE","2019-Q4",0.00183891379888301,0.000292602185924196
"current","growth","CHE","2020-Q1",-0.0117424154273653,-0.0240963536332242
"current","growth","CHE","2020-Q2",-0.065561998430157,-0.07375752043672
"current","growth","CHE","2020-Q3",0.0596166466315466,0.0820347729206166
"current","growth","CHE","2020-Q4",0.00925908639318784,-0.0134818336379681
"current","growth","CHE","2021-Q1",0.00689932292795525,-0.0314871973136661
"current","growth","CHE","2021-Q2",0.0265998936216096,0.0368405209379237
"current","growth","CHE","2021-Q3",0.0214267403821022,0.0245763093888609
"current","growth","CHE","2021-Q4",0.00791254734520486,0.00322054264749383
"current","growth","CHE","2022-Q1",0.00246286267319817,0.013752436996235
"current","growth","CHE","2022-Q2",0.00831899918454226,0.0092729298493861
"current","growth","CHE","2022-Q3",0.00584384359270906,0.00710823087533896
"current","growth","CHE","2022-Q4",0.00183816410801363,-0.00130434194931794
"current","growth","CHE","2023-Q1",0.0035515074011947,0.00158295930733132
"current","growth","CHE","2023-Q2",-0.0033650753734662,0.00588849395274771
"current","growth","CHE","2023-Q3",0.00334984669970062,0.00234203901236896
"current","growth","CHE","2023-Q4",0.00561883692581766,0.0025866625083939
"current","growth","CHE","2024-Q1",-0.000230712010088396,0.00619462273063931
"current","growth","CHE","2024-Q2",0.00893303793771949,0.0074118431035668
"current","growth","CHE","2024-Q3",0.00495625180793091,0.00674943256560567
"current","growth","CHE","2024-Q4",0.00388380496287333,0.00275050309628888
"current","growth","CHE","2025-Q1",0.00933670821528132,0.00263354372599878
"current","growth","CHE","2025-Q2",-0.000171019977319276,0.00396807204726102
"current","growth","CHE","2025-Q3",-0.00415177248375542,0.00516256673328108
"current","growth","CHE","2025-Q4",0.0051627245496384,0.00433159986262588
"current","growth","CHE","2026-Q1",0.00630101082796841,0.000526890821673121
"current","growth","CHE","2026-Q2",0.0186720928456232,0.0030039538215334
"current","growth","DEU","1998-Q4",-0.000517028580839352,0.00842686675987103
"current","growth","DEU","1999-Q1",0.0115358993904362,0.0150158460882146
"current","growth","DEU","1999-Q2",-0.000511361333495941,0.0042984676143103
"current","growth","DEU","1999-Q3",0.0129575591163462,-0.000231723342071888
"current","growth","DEU","1999-Q4",0.00478471752575871,0.0118726886677241
"current","growth","DEU","2000-Q1",0.0154250334977508,0.00668119681914447
"current","growth","DEU","2000-Q2",0.00837552542894571,0.00850101347347731
"current","growth","DEU","2000-Q3",0.000245168157242404,0.000338541969480133
"current","growth","DEU","2000-Q4",-0.00417789666983381,-0.000790025289528984
"current","growth","DEU","2001-Q1",0.0208384761676257,0.0116465674351875
"current","growth","DEU","2001-Q2",-0.00205232185669324,-0.00784303766394956
"current","growth","DEU","2001-Q3",-0.000362579366866456,0.00460126769994851
"current","growth","DEU","2001-Q4",-0.00290551683364981,0.00346504823754046
"current","growth","DEU","2002-Q1",-0.00470947215942275,-0.00753215817439745
"current","growth","DEU","2002-Q2",0.00413335444026863,-0.00733427298263756
"current","growth","DEU","2002-Q3",0.00640895878631298,0.00744661136409519
"current","growth","DEU","2002-Q4",-0.00241366259538722,0.00459830078608547
"current","growth","DEU","2003-Q1",-0.0139010197730958,-0.00156766507765305
"current","growth","DEU","2003-Q2",0.00159146819816591,0.000224210265475477
"current","growth","DEU","2003-Q3",0.00876889986271934,0.0068115084054714
"current","growth","DEU","2003-Q4",0.0013328876087666,-0.00011146252433214
"current","growth","DEU","2004-Q1",-0.00157518083371322,0.000778980188609779
"current","growth","DEU","2004-Q2",0.00592538194482373,-0.00122395663888852
"current","growth","DEU","2004-Q3",-0.00326073626380818,-0.00334615295070861
"current","growth","DEU","2004-Q4",-0.000605003425860673,0.00579256998977584
"current","growth","DEU","2005-Q1",0.00196495905906779,0.00567680736492626
"current","growth","DEU","2005-Q2",0.0056616947469621,0.00319780006700832
"current","growth","DEU","2005-Q3",0.00801583865189315,0.000110010241423097
"current","growth","DEU","2005-Q4",0.00356838678031934,-0.000770819631098263
"current","growth","DEU","2006-Q1",0.0113342312435414,0.00891120394543421
"current","growth","DEU","2006-Q2",0.0169949447746713,0.00490169245681216
"current","growth","DEU","2006-Q3",0.00758891900328607,-0.000108584717612104
"current","growth","DEU","2006-Q4",0.0145555780879203,0.0105936039281502
"current","growth","DEU","2007-Q1",0.00121308495802985,-0.0147860402473619
"current","growth","DEU","2007-Q2",0.00651836709602627,0.00717641298115446
"current","growth","DEU","2007-Q3",0.00536255844285094,-0.000975607582493154
"current","growth","DEU","2007-Q4",0.00765860337673629,-0.00108504483264049
"current","growth","DEU","2008-Q1",0.00545908180209054,0.00238540087142702
"current","growth","DEU","2008-Q2",-0.00385661042596652,-0.00379798950111088
"current","growth","DEU","2008-Q3",-0.00542418597013317,0.000434967602259917
"current","growth","DEU","2008-Q4",-0.0154365545639177,-0.00566694115140542
"current","growth","DEU","2009-Q1",-0.0481755582504686,0.00827180967931085
"current","growth","DEU","2009-Q2",0.00248084680628935,0.00367833113156557
"current","growth","DEU","2009-Q3",0.00635152969891628,-0.00324492621691341
"current","growth","DEU","2009-Q4",0.00759214546789266,0.000541431472093734
"current","growth","DEU","2010-Q1",0.00718845202754537,-0.00594630335540813
"current","growth","DEU","2010-Q2",0.0213734537223171,0.00986396612061036
"current","growth","DEU","2010-Q3",0.00967823311946603,0.00462743104175622
"current","growth","DEU","2010-Q4",0.00636342991616701,0.00524715813853938
"current","growth","DEU","2011-Q1",0.0179767656624747,-0.00270003549856668
"current","growth","DEU","2011-Q2",0.00305568354642283,0.004060945784639
"current","growth","DEU","2011-Q3",0.00532529919624025,0.00425727640469553
"current","growth","DEU","2011-Q4",-0.000325189387028857,0.00307513041603968
"current","growth","DEU","2012-Q1",0.00281509121122703,0.0043580448927667
"current","growth","DEU","2012-Q2",0.00140451730294089,0.00284209163442917
"current","growth","DEU","2012-Q3",0.0014025474005237,0.00325340340922331
"current","growth","DEU","2012-Q4",-0.00280718906235577,-0.00388433401271016
"current","growth","DEU","2013-Q1",-0.00528501741801612,-0.00368798930538894
"current","growth","DEU","2013-Q2",0.0127445265489126,0.00945659571735114
"current","growth","DEU","2013-Q3",0.00406986569785595,0.00407045072084777
"current","growth","DEU","2013-Q4",0.0017085425366492,-0.00584979163357424
"current","growth","DEU","2014-Q1",0.0106923515819783,0.00240664354145181
"current","growth","DEU","2014-Q2",0.000633117298356467,0.00438013459816311
"current","growth","DEU","2014-Q3",0.00463117610340902,0.00808375159846086
"current","growth","DEU","2014-Q4",0.00836557638567825,0.00535316725011725
"current","growth","DEU","2015-Q1",-0.0021107379901526,0.00420056175899397
"current","growth","DEU","2015-Q2",0.00624160416372099,0.00560745887914216
"current","growth","DEU","2015-Q3",0.00496536096290434,0.0068893844989244
"current","growth","DEU","2015-Q4",0.00524879847780468,0.00764448962447872
"current","growth","DEU","2016-Q1",0.00858606267885165,0.00746216119738463
"current","growth","DEU","2016-Q2",0.00284552179841135,-0.00109448755124575
"current","growth","DEU","2016-Q3",0.00405095347612416,0.00635176623922717
"current","growth","DEU","2016-Q4",0.00453803891063842,0.00788338978386172
"current","growth","DEU","2017-Q1",0.0127467898039022,0.00296501797229887
"current","growth","DEU","2017-Q2",0.00752176942895844,0.00847833519910246
"current","growth","DEU","2017-Q3",0.00844386994891089,0.00116383460524894
"current","growth","DEU","2017-Q4",0.010407141145178,0.00858939564003514
"current","growth","DEU","2018-Q1",-0.00506866302869646,0.00180032223811111
"current","growth","DEU","2018-Q2",0.00678437275303878,0.00430746688744854
"current","growth","DEU","2018-Q3",-0.00435617498607499,0.00133618297183702
"current","growth","DEU","2018-Q4",0.00387300513358468,0.00873706780873107
"current","growth","DEU","2019-Q1",0.00712570398014911,0.00455214949802851
"current","growth","DEU","2019-Q2",0,0.00328895409128904
"current","growth","DEU","2019-Q3",0.00545421058168571,0.00812897891220743
"current","growth","DEU","2019-Q4",-0.00468693553475319,-0.00121044527532277
"current","growth","DEU","2020-Q1",-0.0189456038844718,-0.0431228493202696
"current","growth","DEU","2020-Q2",-0.0936603097507298,-0.106225597133957
"current","growth","DEU","2020-Q3",0.0842355592392146,0.108751504578276
"current","growth","DEU","2020-Q4",0.00834930506059095,-0.0198937485121053
"current","growth","DEU","2021-Q1",-0.00475551560830034,-0.0355651784337798
"current","growth","DEU","2021-Q2",0.022352705430098,0.0258176437500666
"current","growth","DEU","2021-Q3",0.00172853806766149,0.0469560667766871
"current","growth","DEU","2021-Q4",0.0046900781236463,0.00523143996734099
"current","growth","DEU","2022-Q1",0.00770557364462476,0.0267937412589934
"current","growth","DEU","2022-Q2",0.00123110159914219,0.00295108223455287
"current","growth","DEU","2022-Q3",0.00321275709382185,0.0070659510678972
"current","growth","DEU","2022-Q4",-0.00330736155335565,-0.0176196691797088
"current","growth","DEU","2023-Q1",-0.00681465149443383,0.00533724118516865
"current","growth","DEU","2023-Q2",-0.00104891249114658,0.00884717941921842
"current","growth","DEU","2023-Q3",0.00152529754968711,-0.00505907772040892
"current","growth","DEU","2023-Q4",-0.0030529251865179,-0.00258546720009711
"current","growth","DEU","2024-Q1",0.00212372563701813,0.0110793837514525
"current","growth","DEU","2024-Q2",-0.00133573577826418,0.00182722400983337
"current","growth","DEU","2024-Q3",0.00104968818624229,0.00300752720504249
"current","growth","DEU","2024-Q4",0.00219119875256801,0.00752470914637371
"current","growth","DEU","2025-Q1",0.00118875595612167,0.00580831268778859
"current","growth","DEU","2025-Q2",-0.000190027285558614,-0.00134783322776677
"current","growth","DEU","2025-Q3",-0.000285218030775525,-0.000989634117729565
"current","growth","DEU","2025-Q4",0.00265905848579351,0.0095839412328278
"current","growth","DEU","2026-Q1",0.00444753500009831,-0.00581105251363923
"current","growth","DEU","2026-Q2",0.0032992561150671,0.00125460668761868
"current","growth","FRA","1998-Q4",0.00683204861531372,0.00461744844488088
"current","growth","FRA","1999-Q1",0.00685687912497634,0.00224499004909084
"current","growth","FRA","1999-Q2",0.00646351567884196,0.00883616643755225
"current","growth","FRA","1999-Q3",0.014622933672479,0.0234250458050447
"current","growth","FRA","1999-Q4",0.014063340302096,0.00447297158920534
"current","growth","FRA","2000-Q1",0.00939250414130832,0.01231297294885
"current","growth","FRA","2000-Q2",0.0113703956961047,0.00792561581192075
"current","growth","FRA","2000-Q3",0.00789366570042738,0.00492902477375168
"current","growth","FRA","2000-Q4",0.00594744089122123,0.00122737454689315
"current","growth","FRA","2001-Q1",0.00490804122710742,0.0100891641836238
"current","growth","FRA","2001-Q2",0.000370269336283258,0.00820587875777257
"current","growth","FRA","2001-Q3",0.00585032397230556,0.00550559638353754
"current","growth","FRA","2001-Q4",-0.00445935298889566,0.00583766483537218
"current","growth","FRA","2002-Q1",0.00576361314771212,0.00247168908374995
"current","growth","FRA","2002-Q2",0.00466752984911878,0.00637733537904595
"current","growth","FRA","2002-Q3",0.00411129155024881,0.00702646412461227
"current","growth","FRA","2002-Q4",0.000823570493663439,0.00417464863020989
"current","growth","FRA","2003-Q1",0.00279250236405204,0.00412296264996215
"current","growth","FRA","2003-Q2",-0.00435378882719029,0.0010606896004095
"current","growth","FRA","2003-Q3",0.0110579874457049,0.00548530409919579
"current","growth","FRA","2003-Q4",0.00372386667354618,0.00264823972070793
"current","growth","FRA","2004-Q1",0.0102839717726972,0.00576290552722192
"current","growth","FRA","2004-Q2",0.00446913866009346,0.00442972757036131
"current","growth","FRA","2004-Q3",0.00357499544552375,-0.000595174881645733
"current","growth","FRA","2004-Q4",0.00886976280951579,0.0144318699247954
"current","growth","FRA","2005-Q1",0.002921693695912,0.00469957055045178
"current","growth","FRA","2005-Q2",0.00208851536322818,0.0047112098383213
"current","growth","FRA","2005-Q3",0.00783516483043911,0.00565910759329391
"current","growth","FRA","2005-Q4",0.00684312771277362,0.00895577674608283
"current","growth","FRA","2006-Q1",0.00857457316451615,0.00957628808838962
"current","growth","FRA","2006-Q2",0.0121200201062681,0.00850833613536039
"current","growth","FRA","2006-Q3",0.000773319403412742,0.00264272493738105
"current","growth","FRA","2006-Q4",0.00525926929240761,0.00229914005561938
"current","growth","FRA","2007-Q1",0.0104332157996829,0.00998997955792724
"current","growth","FRA","2007-Q2",0.00651888411852575,0.0109674256727601
"current","growth","FRA","2007-Q3",0.00338454011344957,0.00747346914020675
"current","growth","FRA","2007-Q4",0.000493756258912015,0.000980558536880949
"current","growth","FRA","2008-Q1",0.0088949619031844,-0.00248522852917077
"current","growth","FRA","2008-Q2",-0.00756813011732049,-0.00041593608675683
"current","growth","FRA","2008-Q3",-0.002184104197541,0.00136140278697461
"current","growth","FRA","2008-Q4",-0.0129585525245979,-0.00316715300060011
"current","growth","FRA","2009-Q1",-0.0192109157628444,-0.00225625074355484
"current","growth","FRA","2009-Q2",0.0018078766780274,0.00563635760286907
"current","growth","FRA","2009-Q3",0.00230606292505087,0.00285306319568157
"current","growth","FRA","2009-Q4",0.00720580413801031,0.00909053638764945
"current","growth","FRA","2010-Q1",0.00275055171216287,0.00193323694501224
"current","growth","FRA","2010-Q2",0.0048306517994785,0.00198048728406164
"current","growth","FRA","2010-Q3",0.00679056375670939,0.00724506249774493
"current","growth","FRA","2010-Q4",0.00562834547161195,0.00928903530265934
"current","growth","FRA","2011-Q1",0.0131551947960205,0.00731734912850968
"current","growth","FRA","2011-Q2",7.21066014435223e-05,-0.0138005746274015
"current","growth","FRA","2011-Q3",0.00333308356629303,-6.2016629053474e-05
"current","growth","FRA","2011-Q4",0.00335300749205025,-0.00249341475304909
"current","growth","FRA","2012-Q1",-0.000287586124567696,0.00158119413571889
"current","growth","FRA","2012-Q2",-0.00418231003215652,-0.000141990482253718
"current","growth","FRA","2012-Q3",0.00328960085129104,0.000938744363113031
"current","growth","FRA","2012-Q4",-0.000590670475496324,0.00159489982446814
"current","growth","FRA","2013-Q1",0.00202695643639217,0.000887334438246512
"current","growth","FRA","2013-Q2",0.00882302298737336,0.00321545692785996
"current","growth","FRA","2013-Q3",-0.00212633862203226,0.000868298124753863
"current","growth","FRA","2013-Q4",0.00606702651292501,0.0047615571894184
"current","growth","FRA","2014-Q1",-7.7787058485157e-05,-0.00240966254289887
"current","growth","FRA","2014-Q2",0.00228734922649032,0.00710904471672791
"current","growth","FRA","2014-Q3",0.00667064617110746,0.00259762261555352
"current","growth","FRA","2014-Q4",-0.00293172748810377,0.00626888438190498
"current","growth","FRA","2015-Q1",0.00572436613784433,0.00465446620123444
"current","growth","FRA","2015-Q2",0.000419000991970009,0.00114064247850898
"current","growth","FRA","2015-Q3",0.00299825296807121,0.00464737850176178
"current","growth","FRA","2015-Q4",0.00276756387107291,8.63014861742784e-05
"current","growth","FRA","2016-Q1",0.0030997052942201,0.0102082355540354
"current","growth","FRA","2016-Q2",-0.00257399134365777,0.000127650984103056
"current","growth","FRA","2016-Q3",0.0017804841749367,0.000435781684371861
"current","growth","FRA","2016-Q4",0.00640590743131852,0.00822835073163652
"current","growth","FRA","2017-Q1",0.00660143372487276,0.00358703072917876
"current","growth","FRA","2017-Q2",0.00734159084584718,0.00362136210832453
"current","growth","FRA","2017-Q3",0.00752402908710437,0.00652275436252125
"current","growth","FRA","2017-Q4",0.00597820324221665,0.00105898833089135
"current","growth","FRA","2018-Q1",-0.000578747090168363,0.00338014154024435
"current","growth","FRA","2018-Q2",0.0022578868856673,0.00124921480383833
"current","growth","FRA","2018-Q3",0.0054883004206161,0.00214216811822254
"current","growth","FRA","2018-Q4",0.00717745654335999,0.000998802620260975
"current","growth","FRA","2019-Q1",0.00945191085614283,0.0098939155353186
"current","growth","FRA","2019-Q2",0.00495143147225363,0.00648808481596141
"current","growth","FRA","2019-Q3",0.000426041955826406,0.00123705578516464
"current","growth","FRA","2019-Q4",-0.00504235122765451,-0.00354316021899059
"current","growth","FRA","2020-Q1",-0.05132305398641,-0.0483294208468017
"current","growth","FRA","2020-Q2",-0.130247859382512,-0.111056393155911
"current","growth","FRA","2020-Q3",0.141022195066132,0.149667227438718
"current","growth","FRA","2020-Q4",-0.000108381151141757,-0.0477262647201968
"current","growth","FRA","2021-Q1",0.00448225716766437,0.00543309023060168
"current","growth","FRA","2021-Q2",0.0120437312919233,0.0171494735558788
"current","growth","FRA","2021-Q3",0.0291845960602792,0.0446827143594568
"current","growth","FRA","2021-Q4",0.00510704244198301,0.00248384867261819
"current","growth","FRA","2022-Q1",-0.000139580704223263,-0.00730587857663068
"current","growth","FRA","2022-Q2",0.00395167591501178,0.0119880650823774
"current","growth","FRA","2022-Q3",0.00505679006212212,0.00691655427090154
"current","growth","FRA","2022-Q4",0.00402863206767989,-0.00364959876382365
"current","growth","FRA","2023-Q1",0.00143709025090288,0.00289996538121429
"current","growth","FRA","2023-Q2",0.00926449899906423,0.000483442543973922
"current","growth","FRA","2023-Q3",0.00366514606969659,0.00582614683466076
"current","growth","FRA","2023-Q4",0.00502934788999276,-0.0016285938248064
"current","growth","FRA","2024-Q1",0.00244400927651967,0.00263503992904646
"current","growth","FRA","2024-Q2",0.0022099311427084,-0.0012881283781514
"current","growth","FRA","2024-Q3",0.004340429697681,0.00804301222893322
"current","growth","FRA","2024-Q4",-0.00011981146336737,-3.01815302989894e-05
"current","growth","FRA","2025-Q1",0.00168287790376276,-0.000568105054039592
"current","growth","FRA","2025-Q2",0.00235636327956534,0.000578262401509377
"current","growth","FRA","2025-Q3",0.00422844587688864,0.000959838980874039
"current","growth","FRA","2025-Q4",0.00262591660451506,0.0024931870181657
"current","growth","FRA","2026-Q1",-0.00180045711825727,-0.00279098950192846
"current","growth","FRA","2026-Q2",0.000354183095597094,0.00292285969326755
"current","growth","GBR","1998-Q4",0.00647999597683402,-0.00118172235353775
"current","growth","GBR","1999-Q1",0.00682124445454235,0.00988618938870012
"current","growth","GBR","1999-Q2",0.0036385357596167,0.019690427405834
"current","growth","GBR","1999-Q3",0.0165975594707763,0.0103306020448777
"current","growth","GBR","1999-Q4",0.0159636860549934,0.00845420870655644
"current","growth","GBR","2000-Q1",0.0132482254301021,0.0125335283509678
"current","growth","GBR","2000-Q2",0.00717931797070648,0.0110172578420933
"current","growth","GBR","2000-Q3",0.00607037499850982,0.0121540996506848
"current","growth","GBR","2000-Q4",0.00591935326915305,0.00812006244077423
"current","growth","GBR","2001-Q1",0.00827810370933335,0.00276750672770021
"current","growth","GBR","2001-Q2",0.00409836224906179,0.00785685439058881
"current","growth","GBR","2001-Q3",0.00470238602281192,0.0148965920671973
"current","growth","GBR","2001-Q4",0.00268748356729098,0.00732454303510011
"current","growth","GBR","2002-Q1",0.00303178403398974,0.00112552830630541
"current","growth","GBR","2002-Q2",0.00525579590041048,0.00444836218910361
"current","growth","GBR","2002-Q3",0.00584858953440559,0.0100975667761674
"current","growth","GBR","2002-Q4",0.0065780257939636,0.00888287783850572
"current","growth","GBR","2003-Q1",0.00840632480833214,0.00636789131403681
"current","growth","GBR","2003-Q2",0.00923873256441432,0.0122589962759996
"current","growth","GBR","2003-Q3",0.0103757827915985,0.00776955163858695
"current","growth","GBR","2003-Q4",0.00780407045519027,0.00576976851592725
"current","growth","GBR","2004-Q1",0.00316729861611442,0.0052404327853548
"current","growth","GBR","2004-Q2",0.00479418614921201,0.00859542297165916
"current","growth","GBR","2004-Q3",0.00356892195984848,0.00597932521385935
"current","growth","GBR","2004-Q4",0.00455321401231501,0.00660560836652024
"current","growth","GBR","2005-Q1",0.00768525204532722,0.00914440620533874
"current","growth","GBR","2005-Q2",0.00828676566340114,0.00276065220077193
"current","growth","GBR","2005-Q3",0.00916361210592598,0.0070939762585045
"current","growth","GBR","2005-Q4",0.0104060791053531,0.00381009633522744
"current","growth","GBR","2006-Q1",0.00359403773660283,-0.00497407854994414
"current","growth","GBR","2006-Q2",0.00264911715425953,0.000540486163199461
"current","growth","GBR","2006-Q3",0.00157076973223091,0.00821497389637926
"current","growth","GBR","2006-Q4",0.00355011838627206,0.00147553992213112
"current","growth","GBR","2007-Q1",0.0109164558851145,0.0103302432766963
"current","growth","GBR","2007-Q2",0.00935932902783598,0.0104699793136938
"current","growth","GBR","2007-Q3",0.00937951873680376,0.0195155481858169
"current","growth","GBR","2007-Q4",0.00841678729627304,-0.00163350666946727
"current","growth","GBR","2008-Q1",0.00373294695579496,0.00431192977671024
"current","growth","GBR","2008-Q2",-0.00538185640396271,-0.0130858942753207
"current","growth","GBR","2008-Q3",-0.0165532651361051,-0.0153976609640729
"current","growth","GBR","2008-Q4",-0.0213870556097007,-0.0247847751081647
"current","growth","GBR","2009-Q1",-0.0204364519404852,-0.00415267789935569
"current","growth","GBR","2009-Q2",-0.00289636428838236,-0.00135818544213073
"current","growth","GBR","2009-Q3",0.00123998672114034,0.00324213964774778
"current","growth","GBR","2009-Q4",0.00332815282425258,0.00804107238343121
"current","growth","GBR","2010-Q1",0.00836217389921146,-0.00130181714838606
"current","growth","GBR","2010-Q2",0.0113578752253201,0.026879785318485
"current","growth","GBR","2010-Q3",0.00586165655312954,0.00231615621783021
"current","growth","GBR","2010-Q4",0.000505477191826031,-0.0024889693654373
"current","growth","GBR","2011-Q1",0.00163839241182195,-0.0102604659673933
"current","growth","GBR","2011-Q2",-0.000479940440134996,-0.00387144590320965
"current","growth","GBR","2011-Q3",0.00173692741609344,0.00157070165801976
"current","growth","GBR","2011-Q4",0.000827725686148639,0.000617999029177696
"current","growth","GBR","2012-Q1",0.00939145138147168,0.000792398654622772
"current","growth","GBR","2012-Q2",-0.000530296699468025,0.0105987253184416
"current","growth","GBR","2012-Q3",0.0103093965028549,0.0140003810069427
"current","growth","GBR","2012-Q4",-0.00144478476931376,0.0137446818550764
"current","growth","GBR","2013-Q1",0.00264947942657301,-0.00857647068986722
"current","growth","GBR","2013-Q2",0.00662913287118627,0.00672736627241299
"current","growth","GBR","2013-Q3",0.00763180712310074,0.0102719470794312
"current","growth","GBR","2013-Q4",0.00657273791526691,0.00129306133443308
"current","growth","GBR","2014-Q1",0.00797884180716046,0.00331506241734481
"current","growth","GBR","2014-Q2",0.0093644919641438,0.00792116093559692
"current","growth","GBR","2014-Q3",0.00810737266830941,0.0170782239393574
"current","growth","GBR","2014-Q4",0.00657732422812352,0.0068215236679805
"current","growth","GBR","2015-Q1",0.00303194884538804,0.00471990711887571
"current","growth","GBR","2015-Q2",0.00455511218870974,0.00472599800246698
"current","growth","GBR","2015-Q3",0.00386991240893231,0.0120926942911304
"current","growth","GBR","2015-Q4",0.00597471119734294,-0.00273263454771033
"current","growth","GBR","2016-Q1",0.00502139272204438,0.0192831183148279
"current","growth","GBR","2016-Q2",0.00732871411748626,0.0088594046320587
"current","growth","GBR","2016-Q3",0.00440510499420554,0.00720295965912676
"current","growth","GBR","2016-Q4",0.00617086937023537,0.00129648836833773
"current","growth","GBR","2017-Q1",0.0094945018881365,0.00834021370607729
"current","growth","GBR","2017-Q2",0.00849504530227563,0.000724919755400677
"current","growth","GBR","2017-Q3",0.00674476302047289,0.00673022952792479
"current","growth","GBR","2017-Q4",0.00747738972476597,0.00586672973372337
"current","growth","GBR","2018-Q1",0.000784811206502312,0.00646495427154292
"current","growth","GBR","2018-Q2",0.0021732651484605,-0.00221410501039365
"current","growth","GBR","2018-Q3",0.00316562849087454,0.00944556112859551
"current","growth","GBR","2018-Q4",0.00129667793610189,0.011895287785018
"current","growth","GBR","2019-Q1",0.00502571155498366,-0.00156007002763303
"current","growth","GBR","2019-Q2",0.00213010210907072,0.00129086235101461
"current","growth","GBR","2019-Q3",0.00549117515161868,-0.00107989979842849
"current","growth","GBR","2019-Q4",5.96510117745197e-05,-0.002727189072953
"current","growth","GBR","2020-Q1",-0.0278328507744359,-0.0287308470222261
"current","growth","GBR","2020-Q2",-0.221971249676265,-0.264195674807866
"current","growth","GBR","2020-Q3",0.156701783838907,0.180634856886684
"current","growth","GBR","2020-Q4",0.0135871169522499,-0.015595441711941
"current","growth","GBR","2021-Q1",-0.0108199546642496,-0.0375618109005575
"current","growth","GBR","2021-Q2",0.0674930490054599,0.109640393747631
"current","growth","GBR","2021-Q3",0.0167257959629961,0.0307232362637393
"current","growth","GBR","2021-Q4",0.0136824523215608,0.00248150731409957
"current","growth","GBR","2022-Q1",0.010082495530547,0.0150097835175274
"current","growth","GBR","2022-Q2",0.00556376000383274,0.0191974186281918
"current","growth","GBR","2022-Q3",0.00101065712960668,0.000520232165332146
"current","growth","GBR","2022-Q4",0.00259912956328812,0.00359242408859473
"current","growth","GBR","2023-Q1",0.000564576948763218,-0.00601240720692076
"current","growth","GBR","2023-Q2",0.000413433849583811,0.00105844609073635
"current","growth","GBR","2023-Q3",-0.0023988452908128,-0.0119261342425965
"current","growth","GBR","2023-Q4",-0.00321959233078495,-0.0020161297151855
"current","growth","GBR","2024-Q1",0.00725453827124767,0.00115694527547738
"current","growth","GBR","2024-Q2",0.00619259591562482,-0.00102492460461967
"current","growth","GBR","2024-Q3",0.00178855945035572,0.00699333940097802
"current","growth","GBR","2024-Q4",0.00432158674711403,0.00415586348616692
"current","growth","GBR","2025-Q1",0.00571757335580081,0.00232152919962481
"current","growth","GBR","2025-Q2",0.00155742465325304,0.00218852020775984
"current","growth","GBR","2025-Q3",0.000749427319338025,0.00109478480555403
"current","growth","GBR","2025-Q4",0.000507815115151189,0.000799455949112016
"current","growth","GBR","2026-Q1",0.00627388508456406,0.00550004678193261
"current","growth","GBR","2026-Q2",0.00414445554105924,0.00255836404332754
"current","growth","ITA","1998-Q4",-0.00329175599508424,0.00432510906335715
"current","growth","ITA","1999-Q1",0.00464649362418612,0.00402705671278802
"current","growth","ITA","1999-Q2",0.00405299847221841,0.00990114364609695
"current","growth","ITA","1999-Q3",0.0104478002292971,0.0113074677420997
"current","growth","ITA","1999-Q4",0.0151579720963682,0.00316422911143555
"current","growth","ITA","2000-Q1",0.0120340055114383,0.00657690967590874
"current","growth","ITA","2000-Q2",0.00641631012988952,0.00904636034257855
"current","growth","ITA","2000-Q3",0.00876834029245366,0.00359750921701973
"current","growth","ITA","2000-Q4",0.0095645950339236,0.00442813245703633
"current","growth","ITA","2001-Q1",0.00842301104002452,0.00313973429837588
"current","growth","ITA","2001-Q2",-0.000805650741380504,-0.00151817891697092
"current","growth","ITA","2001-Q3",-0.00429765649470149,-0.00457451268947651
"current","growth","ITA","2001-Q4",-0.00148560675156872,-0.000168459567243318
"current","growth","ITA","2002-Q1",0.00147694359155714,0.00208887341941733
"current","growth","ITA","2002-Q2",0.00318475703327259,-0.0025425595122659
"current","growth","ITA","2002-Q3",0.00116137400396177,0.00137643543301991
"current","growth","ITA","2002-Q4",0.00593690010379611,0.00802793097929388
"current","growth","ITA","2003-Q1",-0.00393091151632063,-0.0020090871313645
"current","growth","ITA","2003-Q2",-0.0023220903934682,0.00087363396209561
"current","growth","ITA","2003-Q3",-0.00228447542707855,0.00423211167022153
"current","growth","ITA","2003-Q4",0.00977101458508756,0.000640011587231371
"current","growth","ITA","2004-Q1",0.00352959749579718,0.00366388913542259
"current","growth","ITA","2004-Q2",0.00304238054479633,0.000576928607873839
"current","growth","ITA","2004-Q3",0.000987737527044175,0.00308628823505863
"current","growth","ITA","2004-Q4",0.00222743810556558,0.00473770872363133
"current","growth","ITA","2005-Q1",-0.00151721915835523,-0.00114630676533878
"current","growth","ITA","2005-Q2",0.00813859659090532,0.00732691506217442
"current","growth","ITA","2005-Q3",0.00539811650118693,0.00566248045812934
"current","growth","ITA","2005-Q4",0.00455031725928734,0.00170065445676215
"current","growth","ITA","2006-Q1",0.00335267987982668,0.00555685226425595
"current","growth","ITA","2006-Q2",0.0031619400334737,-0.00119400122634339
"current","growth","ITA","2006-Q3",0.00299055371981538,0.00151133428902028
"current","growth","ITA","2006-Q4",0.0136489924998884,0.00665677796579978
"current","growth","ITA","2007-Q1",-0.000946720097706688,0.00409579343458688
"current","growth","ITA","2007-Q2",0.00242104816212674,0.00485205209365525
"current","growth","ITA","2007-Q3",-0.000192625089251663,-0.00296256453335531
"current","growth","ITA","2007-Q4",-0.0021010403863535,-0.00136972081240749
"current","growth","ITA","2008-Q1",0.0108820303149386,0.000740048001716787
"current","growth","ITA","2008-Q2",-0.00935762607651647,-0.00551791973287408
"current","growth","ITA","2008-Q3",-0.0151587938457958,-0.00825164038228721
"current","growth","ITA","2008-Q4",-0.0241429673017013,-0.00749177047914884
"current","growth","ITA","2009-Q1",-0.0248567523937009,-0.00226774262323559
"current","growth","ITA","2009-Q2",-0.00537862578031856,-0.0039070765479714
"current","growth","ITA","2009-Q3",0.00335359473235464,0.00263387125281334
"current","growth","ITA","2009-Q4",0.00267724950415804,0.00108540885340425
"current","growth","ITA","2010-Q1",0.00381950318682378,0.00427294510297926
"current","growth","ITA","2010-Q2",0.00673471953557758,0.000294989208216023
"current","growth","ITA","2010-Q3",0.00265462303458186,0.00705120744628296
"current","growth","ITA","2010-Q4",0.00854629896041104,0.00397015212700147
"current","growth","ITA","2011-Q1",0.00565065563127831,0.00128626906635354
"current","growth","ITA","2011-Q2",-0.0023862070929539,-0.00142541451371514
"current","growth","ITA","2011-Q3",-0.00458089213499413,-0.00281868097283677
"current","growth","ITA","2011-Q4",-0.00983251459594392,-0.0145376218230986
"current","growth","ITA","2012-Q1",-0.0104762388619104,-0.0130816595135475
"current","growth","ITA","2012-Q2",-0.00838341521969177,-0.00862987355339406
"current","growth","ITA","2012-Q3",-0.00665587804644296,-0.00578730359571544
"current","growth","ITA","2012-Q4",-0.00770763252887008,-0.00729820007178184
"current","growth","ITA","2013-Q1",-0.00832163883392312,-0.0119116092183198
"current","growth","ITA","2013-Q2",-0.000234367262835988,-0.00247834869561991
"current","growth","ITA","2013-Q3",0.00333770518591869,0.00253102932628124
"current","growth","ITA","2013-Q4",-0.00147186504833208,0.000859928676204547
"current","growth","ITA","2014-Q1",0.000413751587252875,-0.00275274881747656
"current","growth","ITA","2014-Q2",0.000260397016456082,0.00169796542847322
"current","growth","ITA","2014-Q3",7.96857998501821e-05,0.00397981351616394
"current","growth","ITA","2014-Q4",-0.00160868412277182,0.00395442838422611
"current","growth","ITA","2015-Q1",0.00400247773454687,0.00599761411159072
"current","growth","ITA","2015-Q2",0.00428884585914702,0.00998902436217008
"current","growth","ITA","2015-Q3",0.000326562025694699,-0.00105250957154546
"current","growth","ITA","2015-Q4",0.00457066496524661,-3.78663736810836e-07
"current","growth","ITA","2016-Q1",0.0020575473660589,0.00287220157046875
"current","growth","ITA","2016-Q2",0.00323308985511872,0.000795617353061218
"current","growth","ITA","2016-Q3",0.00681766386085947,0.00236875853115848
"current","growth","ITA","2016-Q4",0.0035616164728296,0.00417554078365434
"current","growth","ITA","2017-Q1",0.00482659976202982,0.00605403982231856
"current","growth","ITA","2017-Q2",0.00426966309273347,0.0023737039551559
"current","growth","ITA","2017-Q3",0.000772502312331724,-0.00187199928479487
"current","growth","ITA","2017-Q4",0.00592441547891731,0.00249918311628328
"current","growth","ITA","2018-Q1",-0.00144135524175049,0.00268782366252829
"current","growth","ITA","2018-Q2",0.00278623775739284,0.00212074637513382
"current","growth","ITA","2018-Q3",-0.000884183721066023,-0.00130166666088449
"current","growth","ITA","2018-Q4",0.00277854578851411,0.00025906275681109
"current","growth","ITA","2019-Q1",0.00224420860088514,0.00237949533790704
"current","growth","ITA","2019-Q2",0.00395249429285904,0.00340010403300539
"current","growth","ITA","2019-Q3",-0.00543183536210101,-0.00889947230350607
"current","growth","ITA","2019-Q4",-0.00263513640134505,-0.00294086752803047
"current","growth","ITA","2020-Q1",-0.0586442715940159,-0.072132914110643
"current","growth","ITA","2020-Q2",-0.133379011656681,-0.114166284678785
"current","growth","ITA","2020-Q3",0.132559279487525,0.116478008589304
"current","growth","ITA","2020-Q4",0.00273469946170657,-0.0312420309233055
"current","growth","ITA","2021-Q1",0.016370206252919,-0.0125010331592108
"current","growth","ITA","2021-Q2",0.0249627727907615,0.0701537219099322
"current","growth","ITA","2021-Q3",0.0232477452654845,0.020430165544667
"current","growth","ITA","2021-Q4",0.0160582726870633,0.00230435013618191
"current","growth","ITA","2022-Q1",0.00710876502900959,0.00697723138678974
"current","growth","ITA","2022-Q2",0.0155065059050905,0.0229781439042451
"current","growth","ITA","2022-Q3",0.001527549985747,0.00285747208506848
"current","growth","ITA","2022-Q4",-0.00237652397361643,-0.0128369832939708
"current","growth","ITA","2023-Q1",0.00573530922525656,0.0131771405528678
"current","growth","ITA","2023-Q2",0.000273133078353638,-0.00210052601405764
"current","growth","ITA","2023-Q3",0.000975846323653329,-0.00569322498377112
"current","growth","ITA","2023-Q4",0.00351338258107248,-0.00363020732299368
"current","growth","ITA","2024-Q1",0.000816112755368081,0.0135486995648542
"current","growth","ITA","2024-Q2",0.00192783326524726,0.00315617837240545
"current","growth","ITA","2024-Q3",9.37442055821691e-05,0.00237593839645811
"current","growth","ITA","2024-Q4",0.00138923314216477,0.00495577730024799
"current","growth","ITA","2025-Q1",0.00336962566093391,0.001140468405044
"current","growth","ITA","2025-Q2",-0.000145501118026914,0.00281059635374881
"current","growth","ITA","2025-Q3",0.00187714665670313,0.00263176912458007
"current","growth","ITA","2025-Q4",0.00336886486931043,0.00100220096027037
"current","growth","ITA","2026-Q1",0.00315988276609325,0.00523797073524612
"current","growth","ITA","2026-Q2",0.00171517460086612,0.00391331825462338
"current","growth","JPN","1998-Q4",0.00859145558667507,-0.00214008210684469
"current","growth","JPN","1999-Q1",-0.0147021748255227,0.00327114920435534
"current","growth","JPN","1999-Q2",0.00503713786761395,0.00175104095804457
"current","growth","JPN","1999-Q3",0.00553559833263861,0.0081262810448699
"current","growth","JPN","1999-Q4",-0.000597870480643081,0.000638081550373926
"current","growth","JPN","2000-Q1",0.0186145368062078,0.00837180166751494
"current","growth","JPN","2000-Q2",0.00610151695686056,-0.00246122627597956
"current","growth","JPN","2000-Q3",-0.000453030121455811,0.00142197935323196
"current","growth","JPN","2000-Q4",0.0103107233032205,0.0121730918819978
"current","growth","JPN","2001-Q1",0.00583363709166562,0.00472501899870892
"current","growth","JPN","2001-Q2",-0.00761729024117486,0.00958712939348061
"current","growth","JPN","2001-Q3",-0.0118430707321231,-0.00198095685461297
"current","growth","JPN","2001-Q4",-0.00218569180515615,-2.36962315476319e-05
"current","growth","JPN","2002-Q1",0.00253453439453111,0.0062214065034496
"current","growth","JPN","2002-Q2",0.00714977663109906,0.00716969244162513
"current","growth","JPN","2002-Q3",0.00307192293471203,0.00024653609824199
"current","growth","JPN","2002-Q4",0.00233272377988669,-0.00346913238299962
"current","growth","JPN","2003-Q1",-0.0011484303192546,0.00114872195128513
"current","growth","JPN","2003-Q2",0.00821620428235903,0.00318139296787479
"current","growth","JPN","2003-Q3",0.00289664470848905,0.000760531361528649
"current","growth","JPN","2003-Q4",0.0100620095315129,0.0113086852705067
"current","growth","JPN","2004-Q1",0.00851376127832282,0.00183698852690384
"current","growth","JPN","2004-Q2",-0.000723059356161571,-0.000247808726438592
"current","growth","JPN","2004-Q3",0.0055262450276885,0.00703651499873459
"current","growth","JPN","2004-Q4",-0.00382062474878708,-0.00898237569841953
"current","growth","JPN","2005-Q1",0.00617259994521646,0.00946683590210995
"current","growth","JPN","2005-Q2",0.00956746703660372,0.00679404600137445
"current","growth","JPN","2005-Q3",0.00897113760548152,0.00919449933730476
"current","growth","JPN","2005-Q4",0.00280360052180484,0.00162607395268921
"current","growth","JPN","2006-Q1",0.000778703946167525,1.63393019434466e-05
"current","growth","JPN","2006-Q2",0.00277065990173497,0.00337175153185854
"current","growth","JPN","2006-Q3",-0.000135721965559554,-0.00793054306913987
"current","growth","JPN","2006-Q4",0.0133388908092158,0.0156805354347966
"current","growth","JPN","2007-Q1",0.00716030788160893,-0.00312413013865864
"current","growth","JPN","2007-Q2",0.00156563877195026,0.00872583089849854
"current","growth","JPN","2007-Q3",-0.0065785238878604,-0.0116365419582003
"current","growth","JPN","2007-Q4",0.0056366600921578,0.00516392528738763
"current","growth","JPN","2008-Q1",0.00206539265446182,0.00162940231275144
"current","growth","JPN","2008-Q2",-0.0047570160423831,-0.0106606426544609
"current","growth","JPN","2008-Q3",-0.0111774611446158,-0.00215953144001446
"current","growth","JPN","2008-Q4",-0.0240548674605598,-0.0139594934562588
"current","growth","JPN","2009-Q1",-0.0453897279677342,0.00619131975223297
"current","growth","JPN","2009-Q2",0.0111713782514684,-0.00498276858874291
"current","growth","JPN","2009-Q3",-0.00648330955107923,-0.0022511498450335
"current","growth","JPN","2009-Q4",0.0158768089233092,0.0121745563449736
"current","growth","JPN","2010-Q1",0.0122858671383277,0.00628021157449865
"current","growth","JPN","2010-Q2",0.0137428050729156,0.00921006043231998
"current","growth","JPN","2010-Q3",0.0171548003446276,0.0155991749530067
"current","growth","JPN","2010-Q4",-0.00868988744475985,-0.0153226659081867
"current","growth","JPN","2011-Q1",-0.0145159041985963,-0.0211573434105965
"current","growth","JPN","2011-Q2",-0.0063661978158116,0.0116412330747941
"current","growth","JPN","2011-Q3",0.0237640996927766,0.00991593769910537
"current","growth","JPN","2011-Q4",0.000288866573264102,0.010556387567167
"current","growth","JPN","2012-Q1",0.0148930255995232,0.00236650402318972
"current","growth","JPN","2012-Q2",-0.00913445124260548,0.00244567627241565
"current","growth","JPN","2012-Q3",-0.00386176749350042,0.00155320090620492
"current","growth","JPN","2012-Q4",-0.000583638024949096,0.00508499870280943
"current","growth","JPN","2013-Q1",0.0123686110727945,0.0157072863875989
"current","growth","JPN","2013-Q2",0.0105226747370573,0.00669590150825172
"current","growth","JPN","2013-Q3",0.00949793841753888,0.00507226287838591
"current","growth","JPN","2013-Q4",-0.0014095644972798,-0.00242994878600555
"current","growth","JPN","2014-Q1",0.00993117888833339,0.0202577147631828
"current","growth","JPN","2014-Q2",-0.0139983962775645,-0.0462324246094035
"current","growth","JPN","2014-Q3",0.00194305395021388,0.00701086907919546
"current","growth","JPN","2014-Q4",0.00573022740180207,0.00208731801962614
"current","growth","JPN","2015-Q1",0.0155452420352411,0.00709497977495488
"current","growth","JPN","2015-Q2",0.0010695936057914,0.000427786712265288
"current","growth","JPN","2015-Q3",0.00144663490107888,0.00351154766809358
"current","growth","JPN","2015-Q4",-0.00197906741691156,-0.00562505931854318
"current","growth","JPN","2016-Q1",0.00837865705730678,0.00128141003746407
"current","growth","JPN","2016-Q2",-0.00322596667948361,-0.00725484291297818
"current","growth","JPN","2016-Q3",0.0024342503422865,0.00455165053815776
"current","growth","JPN","2016-Q4",-4.92054683753906e-05,0.00138154957133096
"current","growth","JPN","2017-Q1",0.00721785241067963,0.00329404631229124
"current","growth","JPN","2017-Q2",0.00312850862667702,0.00629833634283727
"current","growth","JPN","2017-Q3",0.011688935850426,-0.00312470581951985
"current","growth","JPN","2017-Q4",0.00128620308220206,0.00403022875179104
"current","growth","JPN","2018-Q1",-0.00153932812965607,-0.0026070000572922
"current","growth","JPN","2018-Q2",0.00608019966587747,0.000660671305315219
"current","growth","JPN","2018-Q3",-0.00434239881075271,0.00188371698392942
"current","growth","JPN","2018-Q4",0.00036703628774859,0.000265190164732587
"current","growth","JPN","2019-Q1",0.00110718186396852,-0.00333089320287527
"current","growth","JPN","2019-Q2",0.00401089197109883,-0.000484206361260675
"current","growth","JPN","2019-Q3",0.000867560734427286,0.00721299875292658
"current","growth","JPN","2019-Q4",-0.0294556201398279,-0.0368012443075436
"current","growth","JPN","2020-Q1",0.00358328079558845,0.00181856638756628
"current","growth","JPN","2020-Q2",-0.0748116455267152,-0.0789345042604879
"current","growth","JPN","2020-Q3",0.048980267108174,0.0510715767685639
"current","growth","JPN","2020-Q4",0.016239773235597,0.0178537705021178
"current","growth","JPN","2021-Q1",0.0121624765754369,-0.00652472259629988
"current","growth","JPN","2021-Q2",0.00592719719054102,0.00593657914264512
"current","growth","JPN","2021-Q3",-0.00207992410179969,-0.00950091389386643
"current","growth","JPN","2021-Q4",0.0116934460130196,0.0291558849024121
"current","growth","JPN","2022-Q1",-0.00403522723635774,-0.00828237031268486
"current","growth","JPN","2022-Q2",0.00926328365868656,0.0151313490963823
"current","growth","JPN","2022-Q3",-0.00279791654444494,0.000134337342135638
"current","growth","JPN","2022-Q4",0.00493100117823175,0.00301750389659716
"current","growth","JPN","2023-Q1",0.00915930340613613,0.0058178215510658
"current","growth","JPN","2023-Q2",0.000280449063051691,-0.00965401990738357
"current","growth","JPN","2023-Q3",-0.012595305833127,-0.00727464571672698
"current","growth","JPN","2023-Q4",0.00467129914921216,4.6344084459804e-05
"current","growth","JPN","2024-Q1",-0.000532251329595113,-0.00204743182746725
"current","growth","JPN","2024-Q2",-0.00135636602406919,-0.000777891833852351
"current","growth","JPN","2024-Q3",0.00809833203384613,0.00491842728220604
"current","growth","JPN","2024-Q4",0.00401395730214205,0.00014036841484355
"current","growth","JPN","2025-Q1",0.00527638456566137,0.00644714427820503
"current","growth","JPN","2025-Q2",0.0017482005837941,0.00131354760372915
"current","growth","JPN","2025-Q3",-0.00449618452703504,0.00522955877686826
"current","growth","JPN","2025-Q4",0.00241677177356436,0.00112101995103941
"current","growth","JPN","2026-Q1",0.00477754198106695,0.00479018803485332
"current","growth","JPN","2026-Q2",0.00278447369842993,-0.000184730392309262
"current","growth","USA","1998-Q4",0.0159638624905245,0.0143434959906763
"current","growth","USA","1999-Q1",0.00935050014742878,0.0102184806228376
"current","growth","USA","1999-Q2",0.00831276682958837,0.0151979618361171
"current","growth","USA","1999-Q3",0.0131717179865056,0.0111794005160011
"current","growth","USA","1999-Q4",0.0162735209703424,0.014521168078458
"current","growth","USA","2000-Q1",0.0036213834191976,0.0150073842037735
"current","growth","USA","2000-Q2",0.0180489959338335,0.00929419672235454
"current","growth","USA","2000-Q3",0.00101880670371735,0.00953525213259887
"current","growth","USA","2000-Q4",0.00595264983993538,0.00869898009066183
"current","growth","USA","2001-Q1",-0.00328338650418836,0.00362032405947055
"current","growth","USA","2001-Q2",0.00622560991477172,0.00200691679355991
"current","growth","USA","2001-Q3",-0.00401443904181775,0.00347378697836476
"current","growth","USA","2001-Q4",0.00274398630235773,0.0160063039064653
"current","growth","USA","2002-Q1",0.00832881948408293,0.0022239449756345
"current","growth","USA","2002-Q2",0.00610835777828278,0.00504551677307141
"current","growth","USA","2002-Q3",0.00405688782183233,0.00697388171301228
"current","growth","USA","2002-Q4",0.00123527346952024,0.00554664442256581
"current","growth","USA","2003-Q1",0.00525261445122638,0.00491352413943424
"current","growth","USA","2003-Q2",0.00881723033273119,0.0113847673892007
"current","growth","USA","2003-Q3",0.0164951890207039,0.0140408459233843
"current","growth","USA","2003-Q4",0.0115403670474024,0.00686093374071817
"current","growth","USA","2004-Q1",0.00565052023890189,0.00928052031905047
"current","growth","USA","2004-Q2",0.00771964991894158,0.00544160892057732
"current","growth","USA","2004-Q3",0.00944124277790159,0.0116777242709958
"current","growth","USA","2004-Q4",0.0101503784284045,0.0112475754917636
"current","growth","USA","2005-Q1",0.0110325631517298,0.0063340569067325
"current","growth","USA","2005-Q2",0.00491413768612858,0.0110210304590073
"current","growth","USA","2005-Q3",0.00780759416406518,0.00826268944799935
"current","growth","USA","2005-Q4",0.00553977990914412,0.00184150399677385
"current","growth","USA","2006-Q1",0.0133641506772602,0.0108455520551178
"current","growth","USA","2006-Q2",0.00258418571733543,0.00517106073706586
"current","growth","USA","2006-Q3",0.00149842384209542,0.00640115290273791
"current","growth","USA","2006-Q4",0.00855777556541781,0.00949390021969876
"current","growth","USA","2007-Q1",0.00300384061712933,0.00614870622991859
"current","growth","USA","2007-Q2",0.00609898291468092,0.00262064893317415
"current","growth","USA","2007-Q3",0.00574374300727953,0.00664876617256205
"current","growth","USA","2007-Q4",0.00626271543791468,0.00393301533325996
"current","growth","USA","2008-Q1",-0.00427677553935624,-0.00137210837017143
"current","growth","USA","2008-Q2",0.00593662586103072,0.00275185411868861
"current","growth","USA","2008-Q3",-0.00526642374045494,-0.007737144035044
"current","growth","USA","2008-Q4",-0.0221334246058973,-0.00904016896290294
"current","growth","USA","2009-Q1",-0.0114136313599023,-0.00254267828148613
"current","growth","USA","2009-Q2",-0.001788094924418,-0.00492800039307184
"current","growth","USA","2009-Q3",0.00350577150411802,0.00670227234217258
"current","growth","USA","2009-Q4",0.010751123129058,-0.00110228860753736
"current","growth","USA","2010-Q1",0.00483331022067723,0.00577870231375144
"current","growth","USA","2010-Q2",0.00962934982260855,0.00892767444895703
"current","growth","USA","2010-Q3",0.00768127270500329,0.00710915810180524
"current","growth","USA","2010-Q4",0.00523736364445071,0.00611046346564059
"current","growth","USA","2011-Q1",-0.0023748667360497,0.00381273400388338
"current","growth","USA","2011-Q2",0.00674303746866656,0.00102842432824701
"current","growth","USA","2011-Q3",-0.000223140512709108,0.00303867961629933
"current","growth","USA","2011-Q4",0.0111678966810498,0.00172363866225567
"current","growth","USA","2012-Q1",0.00835093020612909,0.00718684126617575
"current","growth","USA","2012-Q2",0.00445342773123869,0.00175474681786625
"current","growth","USA","2012-Q3",0.00143923229994769,0.00202582633955828
"current","growth","USA","2012-Q4",0.00115573741575048,0.00397732927538463
"current","growth","USA","2013-Q1",0.00981725926551391,0.00648080735552092
"current","growth","USA","2013-Q2",0.00267279955840216,0.00285374275010675
"current","growth","USA","2013-Q3",0.00847788525923399,0.00405729125103171
"current","growth","USA","2013-Q4",0.0086796513394134,0.00876834923951542
"current","growth","USA","2014-Q1",-0.00345693925081036,0.00359123582390808
"current","growth","USA","2014-Q2",0.0128357012266722,0.00956010508154037
"current","growth","USA","2014-Q3",0.0120806481937237,0.00983533892182464
"current","growth","USA","2014-Q4",0.00504458596075885,0.0114575803092958
"current","growth","USA","2015-Q1",0.00896454778044387,0.00764338470205672
"current","growth","USA","2015-Q2",0.00617494651658035,0.00685921110046017
"current","growth","USA","2015-Q3",0.00399445146733513,0.00701622566479188
"current","growth","USA","2015-Q4",0.00184309172710506,0.00405904167765136
"current","growth","USA","2016-Q1",0.00577846651847125,0.0075211776343771
"current","growth","USA","2016-Q2",0.00320610615436223,0.00494801056308702
"current","growth","USA","2016-Q3",0.00706884869941682,0.00693211901418422
"current","growth","USA","2016-Q4",0.00552768528621073,0.0051431332839158
"current","growth","USA","2017-Q1",0.00485709764119413,0.00765922476611003
"current","growth","USA","2017-Q2",0.00558311095557507,0.00494713809501413
"current","growth","USA","2017-Q3",0.00785430500409134,0.00675473553960515
"current","growth","USA","2017-Q4",0.0112074277693939,0.0108694270418912
"current","growth","USA","2018-Q1",0.00810120452717911,0.00721496946949429
"current","growth","USA","2018-Q2",0.00529420232575895,0.00533989949227021
"current","growth","USA","2018-Q3",0.00621760482522582,0.00459824109198514
"current","growth","USA","2018-Q4",0.00141543998318561,0.00311931972969504
"current","growth","USA","2019-Q1",0.00622378269600432,0.00158278095284103
"current","growth","USA","2019-Q2",0.00831677785182272,0.00849493748563646
"current","growth","USA","2019-Q3",0.0116320928732438,0.011288034930903
"current","growth","USA","2019-Q4",0.00679563596805366,0.00653815657738122
"current","growth","USA","2020-Q1",-0.0132506197079643,-0.0170090678931007
"current","growth","USA","2020-Q2",-0.0820432060402716,-0.0905112508676709
"current","growth","USA","2020-Q3",0.0747575060906041,0.0852159313699978
"current","growth","USA","2020-Q4",0.0112713895480088,0.0134936086003723
"current","growth","USA","2021-Q1",0.0138616369156175,0.0224755330475741
"current","growth","USA","2021-Q2",0.0168757228697167,0.0343481352052368
"current","growth","USA","2021-Q3",0.00821666981396518,0.00828072680487146
"current","growth","USA","2021-Q4",0.0170120321852814,0.00956500752666933
"current","growth","USA","2022-Q1",-0.00255124700852072,0.000926734758905923
"current","growth","USA","2022-Q2",0.00156425505540092,0.00814555904452341
"current","growth","USA","2022-Q3",0.0071930632600381,0.00468351880411788
"current","growth","USA","2022-Q4",0.0068786912883585,0.00198680259343753
"current","growth","USA","2023-Q1",0.00721243663473103,0.0109991368447666
"current","growth","USA","2023-Q2",0.0062590904924047,0.00373373596174353
"current","growth","USA","2023-Q3",0.0114700272950792,0.0075698957902155
"current","growth","USA","2023-Q4",0.0084051402702805,0.00748923537138779
"current","growth","USA","2024-Q1",0.00209642307936164,0.00429652098079103
"current","growth","USA","2024-Q2",0.00881587987801957,0.00953542689659592
"current","growth","USA","2024-Q3",0.00821395314904905,0.00970505418652756
"current","growth","USA","2024-Q4",0.00458820492833212,0.00954996226133176
"current","growth","USA","2025-Q1",-0.00162648605642346,0.00152468523797289
"current","growth","USA","2025-Q2",0.0094155316079565,0.00609257733222002
"current","growth","USA","2025-Q3",0.010705948402606,0.00848846546791293
"current","growth","USA","2025-Q4",0.00120273086682232,0.00477225458767983
"current","growth","USA","2026-Q1",0.00516916171977044,0.00134973399994998
"current","growth","USA","2026-Q2",0.00368190056204654,0.00847046667000129
"original","growth","AUS","1998-Q4",0.0141949578804379,0.00994417062881325
"original","growth","AUS","1999-Q1",0.00770206635558779,0.0183347179946036
"original","growth","AUS","1999-Q2",0.00471346552640917,0.00834203991383298
"original","growth","AUS","1999-Q3",0.00902686739647507,0.00943234263175974
"original","growth","AUS","1999-Q4",0.0165615085890032,0.0128772188051069
"original","growth","AUS","2000-Q1",0.00732383972997752,0.00314787961257146
"original","growth","AUS","2000-Q2",0.00770469300946175,0.00800065418857088
"original","growth","AUS","2000-Q3",0.000696454390409329,0.0113411044660072
"original","growth","AUS","2000-Q4",-0.00440380696725029,0.00453492808894929
"original","growth","AUS","2001-Q1",0.0127575996736766,0.00995591300027421
"original","growth","AUS","2001-Q2",0.0071502182401364,0.00732175922809475
"original","growth","AUS","2001-Q3",0.0113306163423825,0.00315152794670936
"original","growth","AUS","2001-Q4",0.0104305968784484,0.00717633089285208
"original","growth","AUS","2002-Q1",0.00823849060066983,0.012144529382871
"original","growth","AUS","2002-Q2",0.0157645448387722,0.0166638782662201
"original","growth","AUS","2002-Q3",0.0036860475702376,0.0132538357514935
"original","growth","AUS","2002-Q4",0.00807098858865274,0.00433722015613824
"original","growth","AUS","2003-Q1",0.000318235985274029,0.00476052841604968
"original","growth","AUS","2003-Q2",0.00776531292690663,0.0108639674577979
"original","growth","AUS","2003-Q3",0.0152898489598332,0.0129395418675351
"original","growth","AUS","2003-Q4",0.0162941769018072,0.0205341049679131
"original","growth","AUS","2004-Q1",0.00749716527979416,0.0153040889525329
"original","growth","AUS","2004-Q2",0.00568517838261329,0.0097582865744652
"original","growth","AUS","2004-Q3",0.0085973334888596,0.0132534049045585
"original","growth","AUS","2004-Q4",0.00714473383486336,0.00956742672670075
"original","growth","AUS","2005-Q1",0.00867969678507841,0.000589300012844518
"original","growth","AUS","2005-Q2",0.00521747695751174,0.013518237863396
"original","growth","AUS","2005-Q3",0.0121765233633457,0.00686792342157894
"original","growth","AUS","2005-Q4",0.00741357865793901,0.00539848051007752
"original","growth","AUS","2006-Q1",0.00215954902479787,0.00855765562955746
"original","growth","AUS","2006-Q2",0.00254272889876006,0.0120208605659258
"original","growth","AUS","2006-Q3",0.0104842449241858,0.00923740005393725
"original","growth","AUS","2006-Q4",0.0156748352606257,0.0132913152435279
"original","growth","AUS","2007-Q1",0.0153505991555924,0.020950413261053
"original","growth","AUS","2007-Q2",0.00821100460375668,0.00894413861769117
"original","growth","AUS","2007-Q3",0.00733389851785304,0.0136521630127984
"original","growth","AUS","2007-Q4",0.00568178244051509,0.0149406922214741
"original","growth","AUS","2008-Q1",0.012488852790197,0.00458338536031455
"original","growth","AUS","2008-Q2",0.00334336260202406,-0.0052504650057692
"original","growth","AUS","2008-Q3",0.0069306149969055,-0.00307643588526396
"original","growth","AUS","2008-Q4",-0.00802421811624576,-0.00271831089615127
"original","growth","AUS","2009-Q1",0.00996856155111736,0.00220287846616607
"original","growth","AUS","2009-Q2",0.00450959050597532,0.00990070442360569
"original","growth","AUS","2009-Q3",0.00392350261713226,0.00195582630261093
"original","growth","AUS","2009-Q4",0.0076234572187488,0.0102317918638501
"original","growth","AUS","2010-Q1",0.00397560250546469,0.00333219454412514
"original","growth","AUS","2010-Q2",0.00574946508627683,0.0138987250542666
"original","growth","AUS","2010-Q3",0.00493461866319223,0.00875616448765193
"original","growth","AUS","2010-Q4",0.0111438350453543,0.0107369988201285
"original","growth","AUS","2011-Q1",-0.00363168749231058,0.00642414402184599
"original","growth","AUS","2011-Q2",0.0130382630191512,0.0076291944734912
"original","growth","AUS","2011-Q3",0.0116624850659015,0.00395532288895772
"original","growth","AUS","2011-Q4",0.00998057354617998,0.00273294049498496
"original","growth","AUS","2012-Q1",0.0106590834952538,0.0127447421636493
"original","growth","AUS","2012-Q2",0.00540447270196154,0.00429444655756939
"original","growth","AUS","2012-Q3",0.00577019703208492,0.00428088823552564
"original","growth","AUS","2012-Q4",0.00521809467678302,0.0032956704035989
"original","growth","AUS","2013-Q1",0.00295232295275483,0.0027166261691427
"original","growth","AUS","2013-Q2",0.0072229131980599,0.00368052362290783
"original","growth","AUS","2013-Q3",0.00378040784946343,0.00798180376675361
"original","growth","AUS","2013-Q4",0.00823497224968683,0.00563973211510493
"original","growth","AUS","2014-Q1",0.00979991403061753,0.00526260326943806
"original","growth","AUS","2014-Q2",0.00549766589133682,0.00684105423026082
"original","growth","AUS","2014-Q3",0.00322596048009061,0.0053055675513658
"original","growth","AUS","2014-Q4",0.00481069880149221,0.00840242635618083
"original","growth","AUS","2015-Q1",0.00927814577981323,0.00513795083394442
"original","growth","AUT","1998-Q4",0.00388218805027485,-0.0019691187498605
"original","growth","AUT","1999-Q1",0.0111995134718885,0.00372257780490592
"original","growth","AUT","1999-Q2",0.00966580336739398,0.011168019808089
"original","growth","AUT","1999-Q3",0.0124399496393153,0.0100437735155001
"original","growth","AUT","1999-Q4",0.011041354392594,0.00376495890829354
"original","growth","AUT","2000-Q1",0.00380237856786714,0.00761890975093138
"original","growth","AUT","2000-Q2",0.0126568360197012,0.0161848503439881
"original","growth","AUT","2000-Q3",0.00512399996883239,0.00067633043351023
"original","growth","AUT","2000-Q4",0.0150199381352305,0.0114633222292575
"original","growth","AUT","2001-Q1",-0.00150883142989855,0.0082601527618742
"original","growth","AUT","2001-Q2",-0.004033683841147,-0.012099800589306
"original","growth","AUT","2001-Q3",-0.00195577186570794,-0.00210558006263106
"original","growth","AUT","2001-Q4",0.00488219878518059,0.00565872339461748
"original","growth","AUT","2002-Q1",0.00959409910757714,0.00268339784653726
"original","growth","AUT","2002-Q2",0.00381367952900291,0.00123245217315926
"original","growth","AUT","2002-Q3",0.000701958782654444,-0.00119870756864948
"original","growth","AUT","2002-Q4",0.000692080657346494,0.0128509152990102
"original","growth","AUT","2003-Q1",0.00448932927178625,0.00305998399582386
"original","growth","AUT","2003-Q2",-0.000500653873597656,0.00296599310175161
"original","growth","AUT","2003-Q3",0.00346081689960798,0.00723732230546226
"original","growth","AUT","2003-Q4",0.0031225710075482,-0.0048144644244239
"original","growth","AUT","2004-Q1",0.0120076395534632,0.00825582600611341
"original","growth","AUT","2004-Q2",0.00660324374862675,0.00870818858661515
"original","growth","AUT","2004-Q3",0.0059451539249249,0.00276840834838055
"original","growth","AUT","2004-Q4",-0.000444997383230117,0.0104034497747492
"original","growth","AUT","2005-Q1",0.00582932403883163,0.00223127014518276
"original","growth","AUT","2005-Q2",0.0113033529129396,0.00760893231718107
"original","growth","AUT","2005-Q3",0.00492091472490586,0.00958847982026079
"original","growth","AUT","2005-Q4",0.00944819724089641,0.00309259850356725
"original","growth","AUT","2006-Q1",0.00937424943300513,0.00623622650151034
"original","growth","AUT","2006-Q2",0.00855938104047205,0.00641963127957546
"original","growth","AUT","2006-Q3",0.00787379300587077,0.00461431590537309
"original","growth","AUT","2006-Q4",0.015010247364847,0.00153545005347056
"original","growth","AUT","2007-Q1",0.00713759382663248,0.00384499546539097
"original","growth","AUT","2007-Q2",0.0143015253114349,0.00157563697118768
"original","growth","AUT","2007-Q3",-0.00403468861786394,-0.00589965582310192
"original","growth","AUT","2007-Q4",0.00495949907785764,0.0100461512606209
"original","growth","AUT","2008-Q1",0.0165544976678795,-0.00373824190069172
"original","growth","AUT","2008-Q2",-0.00207923985225911,0.00097916518685004
"original","growth","AUT","2008-Q3",-0.00726406190872808,0.00313807668796073
"original","growth","AUT","2008-Q4",-0.020051220754743,0.00394071382407191
"original","growth","AUT","2009-Q1",-0.0175684319941531,-0.00489396277966847
"original","growth","AUT","2009-Q2",-0.00785524743634269,0.0140216168231291
"original","growth","AUT","2009-Q3",0.00588065856855025,-0.00208478492202602
"original","growth","AUT","2009-Q4",0.0140743068557256,-0.00454272884991269
"original","growth","AUT","2010-Q1",-0.0148062703153844,0.00790449022176887
"original","growth","AUT","2010-Q2",0.0201297552988287,-0.00565153880700464
"original","growth","AUT","2010-Q3",0.00887988629457404,0.0116139842536107
"original","growth","AUT","2010-Q4",0.00507620810483544,0.0016507908035468
"original","growth","AUT","2011-Q1",0.0181340874405258,-0.00176305614004946
"original","growth","AUT","2011-Q2",-0.00243673149246248,0.00723148083192271
"original","growth","AUT","2011-Q3",0.00103045386182998,0.00635300070058697
"original","growth","AUT","2011-Q4",-0.00231486454863195,0.00975433528799741
"original","growth","AUT","2012-Q1",0.0112456875334797,0.00166633002979388
"original","growth","AUT","2012-Q2",-0.00360175901807125,-0.00719378006023952
"original","growth","AUT","2012-Q3",0.00262267849196363,-0.000799479104678369
"original","growth","AUT","2012-Q4",-0.0025145166818703,-0.0095585087086576
"original","growth","AUT","2013-Q1",-0.00109361475291792,0.00599687533554949
"original","growth","AUT","2013-Q2",0.00518632215971238,0.00686185771390058
"original","growth","AUT","2013-Q3",0.00110798885956243,-0.00370791366185763
"original","growth","AUT","2013-Q4",0.0031195080886679,0.000688943235902073
"original","growth","AUT","2014-Q1",0.00295306999802847,0.00305147689515195
"original","growth","AUT","2014-Q2",-0.00254055427226163,-0.0063131251145343
"original","growth","AUT","2014-Q3",-5.12347723375939e-05,0.00394962120544839
"original","growth","AUT","2014-Q4",-0.00212655338858525,-0.000958603679700687
"original","growth","AUT","2015-Q1",0.00695806497899909,0.000754332425859872
"original","growth","CAN","1998-Q4",0.0136893098641533,0.00246371743590501
"original","growth","CAN","1999-Q1",0.0154111953203255,0.0133925253163198
"original","growth","CAN","1999-Q2",0.00980504093771373,0.0103543978647629
"original","growth","CAN","1999-Q3",0.0139653090757736,0.0127991264178124
"original","growth","CAN","1999-Q4",0.0147406586000489,0.00988373795427933
"original","growth","CAN","2000-Q1",0.0137483641035967,0.009255120615423
"original","growth","CAN","2000-Q2",0.012928942613053,0.00919355183902582
"original","growth","CAN","2000-Q3",0.0110476394060193,0.0132565098392092
"original","growth","CAN","2000-Q4",0.00222046015014676,0.00219110102424835
"original","growth","CAN","2001-Q1",0.00266673816148177,0.00790149966891285
"original","growth","CAN","2001-Q2",0.00330332167024139,0.00158587190852444
"original","growth","CAN","2001-Q3",-0.000402715200783277,0.00200977387949663
"original","growth","CAN","2001-Q4",0.00571231214392931,0.0116314281588519
"original","growth","CAN","2002-Q1",0.0120321237842997,0.013023913900053
"original","growth","CAN","2002-Q2",0.00622768682020691,0.0127335958123567
"original","growth","CAN","2002-Q3",0.00886490841921095,0.00234015136579302
"original","growth","CAN","2002-Q4",0.0062415743047044,0.0107126062417215
"original","growth","CAN","2003-Q1",0.00481602739908382,0.00571009551675594
"original","growth","CAN","2003-Q2",-0.000595557756710718,0.00855413819337514
"original","growth","CAN","2003-Q3",0.00398718045093815,0.00930258288343033
"original","growth","CAN","2003-Q4",0.0082318637551122,0.00176585005083041
"original","growth","CAN","2004-Q1",0.00649610521981892,0.0121875316292694
"original","growth","CAN","2004-Q2",0.0118317358553099,0.00411521931201264
"original","growth","CAN","2004-Q3",0.011891943806603,0.00883454840225362
"original","growth","CAN","2004-Q4",0.00607063960889498,0.00760904595241207
"original","growth","CAN","2005-Q1",0.00371196305227883,0.0130303009079977
"original","growth","CAN","2005-Q2",0.00717217954194282,0.00818630015893618
"original","growth","CAN","2005-Q3",0.0126364164927573,0.0063273579805756
"original","growth","CAN","2005-Q4",0.00911282731777163,0.00916460745995984
"original","growth","CAN","2006-Q1",0.00860160558928413,0.0137140105613653
"original","growth","CAN","2006-Q2",0.000403471163160418,0.00865975219417336
"original","growth","CAN","2006-Q3",0.00213412041392758,0.0101524410166292
"original","growth","CAN","2006-Q4",0.00408727885230142,0.00958625662644685
"original","growth","CAN","2007-Q1",0.00548836300237276,0.00727916007367568
"original","growth","CAN","2007-Q2",0.0083997694183342,0.0147177094144499
"original","growth","CAN","2007-Q3",0.00623779347933962,0.00898702897314507
"original","growth","CAN","2007-Q4",0.00289867972219859,0.0175771533638187
"original","growth","CAN","2008-Q1",4.24717950906484e-05,0.0077434145736941
"original","growth","CAN","2008-Q2",0.00494165095287613,0.00254740957754152
"original","growth","CAN","2008-Q3",0.00661502562759608,-0.000692553485928116
"original","growth","CAN","2008-Q4",-0.0110078750579348,-0.00783792842955044
"original","growth","CAN","2009-Q1",-0.0227223889724009,-0.00281308218931287
"original","growth","CAN","2009-Q2",-0.00909005429047127,0.00723783313796211
"original","growth","CAN","2009-Q3",0.00523417280764704,0.00939425952877393
"original","growth","CAN","2009-Q4",0.0125454215986647,0.00722405447681851
"original","growth","CAN","2010-Q1",0.0135055994953284,0.0109220863784945
"original","growth","CAN","2010-Q2",0.00653041676919131,0.00628342286888994
"original","growth","CAN","2010-Q3",0.00471517173891733,0.00576687739084747
"original","growth","CAN","2010-Q4",0.0106412635350832,0.0103365426525066
"original","growth","CAN","2011-Q1",0.00777499658850189,0.00250299646739727
"original","growth","CAN","2011-Q2",-8.61533160350092e-05,0.00564142055629446
"original","growth","CAN","2011-Q3",0.0159956720544656,0.00488339710214092
"original","growth","CAN","2011-Q4",0.00590871408612514,0.00597966332935407
"original","growth","CAN","2012-Q1",0.0022504259866114,0.00517461955888088
"original","growth","CAN","2012-Q2",0.0041866548780316,0.00133432771934316
"original","growth","CAN","2012-Q3",0.00173091908615852,0.00670421180007175
"original","growth","CAN","2012-Q4",0.00170050513151843,0.0057143981016381
"original","growth","CAN","2013-Q1",0.00788939753418028,0.00462895171400213
"original","growth","CAN","2013-Q2",0.00489724456096141,0.00874578973252049
"original","growth","CAN","2013-Q3",0.00656294017374748,0.00726723371278482
"original","growth","CAN","2013-Q4",0.00714213838304367,0.00649542660414504
"original","growth","CAN","2014-Q1",0.00254258825042264,0.00340983838008668
"original","growth","CAN","2014-Q2",0.0084715897595693,0.0101720184642566
"original","growth","CAN","2014-Q3",0.00791516719817587,0.0067229040625989
"original","growth","CAN","2014-Q4",0.00549660609372893,0.00511021511468179
"original","growth","CAN","2015-Q1",-0.00148153425115893,0.00106185479027587
"original","growth","CHE","1998-Q4",-0.00482435222929389,0.00829953510568338
"original","growth","CHE","1999-Q1",0.00199871012192787,0.00171561994413949
"original","growth","CHE","1999-Q2",0.00752719374822419,0.00677774075806425
"original","growth","CHE","1999-Q3",0.00584328819118518,0.00489353982702312
"original","growth","CHE","1999-Q4",0.0206484549308019,0.00689950882057566
"original","growth","CHE","2000-Q1",0.00720324774492376,-0.000432058151025316
"original","growth","CHE","2000-Q2",0.00732133379609046,0.00763476322915224
"original","growth","CHE","2000-Q3",0.0108133547480325,0.00873418610993149
"original","growth","CHE","2000-Q4",0.00802579084539801,8.71777966242604e-05
"original","growth","CHE","2001-Q1",0.000494225708589369,0.0100765517720482
"original","growth","CHE","2001-Q2",0.00146084031585403,0.00454978030001918
"original","growth","CHE","2001-Q3",0.000428438195354985,0.00265287463720831
"original","growth","CHE","2001-Q4",-0.00276800181348236,0.000532273270547279
"original","growth","CHE","2002-Q1",0.00337876307447971,0.0010774670826752
"original","growth","CHE","2002-Q2",0.00131231784731511,7.87083634925523e-05
"original","growth","CHE","2002-Q3",-0.000802581061170926,-0.00130318560452203
"original","growth","CHE","2002-Q4",-0.00393271740424517,-0.000351490399319587
"original","growth","CHE","2003-Q1",-0.00238464706346875,-7.55777328897977e-06
"original","growth","CHE","2003-Q2",-0.00168952846568793,0.002909123000439
"original","growth","CHE","2003-Q3",0.00893069073630848,0.00381533898306152
"original","growth","CHE","2003-Q4",0.0120654871353985,0.0043004185153297
"original","growth","CHE","2004-Q1",0.00711234352487722,0.00596606820064949
"original","growth","CHE","2004-Q2",0.00537863641858038,0.00637258510199423
"original","growth","CHE","2004-Q3",0.00317347505462529,0.000406277091929752
"original","growth","CHE","2004-Q4",0.00253479972745652,-0.00130618227619372
"original","growth","CHE","2005-Q1",0.0113881236809252,0.00649130317357205
"original","growth","CHE","2005-Q2",0.00941674454753283,0.00304573071572456
"original","growth","CHE","2005-Q3",0.00950188380205574,0.00890708102043192
"original","growth","CHE","2005-Q4",0.00923878498982234,0.00510354856970707
"original","growth","CHE","2006-Q1",0.0122273907754327,-6.08704109108515e-05
"original","growth","CHE","2006-Q2",0.00857238877443578,0.00380773529919054
"original","growth","CHE","2006-Q3",0.00767707025842768,0.00493414605418785
"original","growth","CHE","2006-Q4",0.0142544523603139,0.00508475652903329
"original","growth","CHE","2007-Q1",0.0100126202770294,0.00701045171334158
"original","growth","CHE","2007-Q2",0.0104649375423307,0.00652627221657553
"original","growth","CHE","2007-Q3",0.00805012921489556,0.00482495765739621
"original","growth","CHE","2007-Q4",0.00789643490213265,0.00501610304750955
"original","growth","CHE","2008-Q1",0.00951588977252094,-0.000576200628385592
"original","growth","CHE","2008-Q2",0.00482706775918196,0.00824798166541996
"original","growth","CHE","2008-Q3",0.00159770254164826,0.00241432186318491
"original","growth","CHE","2008-Q4",-0.0178814901255873,-0.00111241757285896
"original","growth","CHE","2009-Q1",-0.0143424252200237,0.00734936948618348
"original","growth","CHE","2009-Q2",-0.00150103912980803,-0.00024725629875455
"original","growth","CHE","2009-Q3",0.0078500873412839,0.00359024698464694
"original","growth","CHE","2009-Q4",0.00641946393936443,0.00387393392993296
"original","growth","CHE","2010-Q1",0.00904548894034107,0.00878530631304031
"original","growth","CHE","2010-Q2",0.00911898126905086,-0.00325551667966195
"original","growth","CHE","2010-Q3",0.00381715715798769,0.00806147882020802
"original","growth","CHE","2010-Q4",0.00881800917799147,0.00251370984420696
"original","growth","CHE","2011-Q1",0.00310338693696721,-0.00318469825816692
"original","growth","CHE","2011-Q2",0.00624854766376792,0.00302634609472463
"original","growth","CHE","2011-Q3",-0.00154151369915034,0.00553741182840639
"original","growth","CHE","2011-Q4",0.00375739739502201,0.00808710926250811
"original","growth","CHE","2012-Q1",0.000820604112297119,0.00908430618487976
"original","growth","CHE","2012-Q2",0.00305901614761517,0.00340678455545174
"original","growth","CHE","2012-Q3",0.00621467261979269,0.00910278850680157
"original","growth","CHE","2012-Q4",0.00433236951719174,0.00628923870243447
"original","growth","CHE","2013-Q1",0.00104912430148119,0.00535567838729101
"original","growth","CHE","2013-Q2",0.0102449910206559,0.00553596797961475
"original","growth","CHE","2013-Q3",0.00404357635885155,0.0012858193658527
"original","growth","CHE","2013-Q4",0.00496764585895981,0.00597375803961953
"original","growth","CHE","2014-Q1",0.00543642243465747,-0.000354659355879861
"original","growth","CHE","2014-Q2",0.00209640629723751,0.00359363654029643
"original","growth","CHE","2014-Q3",0.00585407777452573,0.00624678200840556
"original","growth","CHE","2014-Q4",0.00531015216644803,0.00251252100804145
"original","growth","CHE","2015-Q1",-0.00206968277335307,0.00523093369733729
"original","growth","DEU","1998-Q4",-0.000574600227688293,0.00993079782519324
"original","growth","DEU","1999-Q1",0.00869872107188918,0.00996746120518921
"original","growth","DEU","1999-Q2",0.00148033308171769,-0.000645323849042256
"original","growth","DEU","1999-Q3",0.0106396531910402,0.00290049054811448
"original","growth","DEU","1999-Q4",0.0120860360722137,0.0122609599060759
"original","growth","DEU","2000-Q1",0.00987857301686113,0.00386013685713671
"original","growth","DEU","2000-Q2",0.0099732031627795,0.0112307442352204
"original","growth","DEU","2000-Q3",-0.00163705915882595,0.000626099662621726
"original","growth","DEU","2000-Q4",0.000873413665162914,-0.00617322991901226
"original","growth","DEU","2001-Q1",0.0163981834562534,0.0172210965933868
"original","growth","DEU","2001-Q2",0.000751213240663517,0.00237011108983332
"original","growth","DEU","2001-Q3",-0.00300819479227599,0.00174812886335829
"original","growth","DEU","2001-Q4",0.00172011680628081,-0.00670077906105959
"original","growth","DEU","2002-Q1",-0.00352401239750577,-0.00690171922964566
"original","growth","DEU","2002-Q2",0.00247612387377849,-0.000208330299122039
"original","growth","DEU","2002-Q3",0.00482704497613362,0.00301624793951838
"original","growth","DEU","2002-Q4",-0.00214247540433199,0.00476594366662297
"original","growth","DEU","2003-Q1",-0.0123820435492057,-0.00297598379065533
"original","growth","DEU","2003-Q2",0.000325663476147042,-0.000622223920485609
"original","growth","DEU","2003-Q3",0.0049804891254972,-0.000414992857116658
"original","growth","DEU","2003-Q4",0.00355776845710487,-0.0007267383626548
"original","growth","DEU","2004-Q1",-0.000134585010840738,0.00662458922762887
"original","growth","DEU","2004-Q2",0.00343819564277403,-0.00216884303850939
"original","growth","DEU","2004-Q3",-0.00171768680509388,-0.00186283737614978
"original","growth","DEU","2004-Q4",0.000644470033400069,0.00773880043316311
"original","growth","DEU","2005-Q1",-0.00161187948571495,-0.00105398514812016
"original","growth","DEU","2005-Q2",0.0066458958541098,0.000720001032846085
"original","growth","DEU","2005-Q3",0.00798095034570778,0.00154096579176155
"original","growth","DEU","2005-Q4",0.0034914972323552,0.00153870831252512
"original","growth","DEU","2006-Q1",0.00967005490356954,0.0073022200322086
"original","growth","DEU","2006-Q2",0.0158774040530574,0.0032510283148568
"original","growth","DEU","2006-Q3",0.00973322869902127,-0.000202916759304728
"original","growth","DEU","2006-Q4",0.0130668108393923,0.0165010215556585
"original","growth","DEU","2007-Q1",0.00441815863475803,-0.0205672948279982
"original","growth","DEU","2007-Q2",0.00708827725940253,0.00811610686102426
"original","growth","DEU","2007-Q3",0.00832179883913398,0.00211961865247012
"original","growth","DEU","2007-Q4",0.00325043462194685,-0.000100821781295224
"original","growth","DEU","2008-Q1",0.00844611309389975,0.00130989094989964
"original","growth","DEU","2008-Q2",-0.00263634424526593,-0.000402888524119405
"original","growth","DEU","2008-Q3",-0.00372215357144157,0.000302216441053105
"original","growth","DEU","2008-Q4",-0.0198222892360498,-0.000100682218954873
"original","growth","DEU","2009-Q1",-0.0455657008009869,0.00549932620223004
"original","growth","DEU","2009-Q2",0.000733144510771666,0.000901197668143894
"original","growth","DEU","2009-Q3",0.00584548268010288,-0.0115759771353243
"original","growth","DEU","2009-Q4",0.00901427341580252,0.00535164746212047
"original","growth","DEU","2010-Q1",0.00778240670795505,0.000327087705082718
"original","growth","DEU","2010-Q2",0.0200615149190373,0.00472048932181757
"original","growth","DEU","2010-Q3",0.0078932875095834,0.00140187677389392
"original","growth","DEU","2010-Q4",0.00783150175601577,0.00836990978769947
"original","growth","DEU","2011-Q1",0.0184668377709887,0.013306055943298
"original","growth","DEU","2011-Q2",0.00174331341096945,-0.00668051689078908
"original","growth","DEU","2011-Q3",0.00405597608810204,0.0108819873052184
"original","growth","DEU","2011-Q4",-0.000289081167004213,0.00233737055545724
"original","growth","DEU","2012-Q1",0.00387288722262014,-0.00206933780940943
"original","growth","DEU","2012-Q2",0.000576097890029104,0.00262834347195096
"original","growth","DEU","2012-Q3",0.00163023714994104,0.00174842577886203
"original","growth","DEU","2012-Q4",-0.004898915200652,-0.000776748515558978
"original","growth","DEU","2013-Q1",-0.00269981978866163,0.00177084526280957
"original","growth","DEU","2013-Q2",0.00903500195814644,0.0077265326899294
"original","growth","DEU","2013-Q3",0.00372478671754983,0.00566030024542563
"original","growth","DEU","2013-Q4",0.00323589512581179,-0.00768275377985006
"original","growth","DEU","2014-Q1",0.00712492808549392,0.00775437475659047
"original","growth","DEU","2014-Q2",-0.000566283443617976,0.000191255273351842
"original","growth","DEU","2014-Q3",0.00188627321866974,0.00686243928032759
"original","growth","DEU","2014-Q4",0.00610590520023635,0.00700428824044508
"original","growth","DEU","2015-Q1",0.00345904733035063,0.00601839023990713
"original","growth","FRA","1998-Q4",0.00755656984326691,0.00748595001108221
"original","growth","FRA","1999-Q1",0.00569655194920138,0.00305559638885633
"original","growth","FRA","1999-Q2",0.00885141444696202,0.00815721352755183
"original","growth","FRA","1999-Q3",0.0110650061080992,0.0173257274821772
"original","growth","FRA","1999-Q4",0.0115326553238475,0.00997813594577579
"original","growth","FRA","2000-Q1",0.0124124172311753,0.01142755877121
"original","growth","FRA","2000-Q2",0.00739553440100416,0.0074003855517919
"original","growth","FRA","2000-Q3",0.00635041685902316,0.00217448575421386
"original","growth","FRA","2000-Q4",0.00842534561805763,0.00507574390531218
"original","growth","FRA","2001-Q1",0.00654989540809225,0.00876591386566439
"original","growth","FRA","2001-Q2",0.000309302633601405,0.0078495994495853
"original","growth","FRA","2001-Q3",0.00298286848182272,0.00605641884402708
"original","growth","FRA","2001-Q4",-0.00197165593819548,0.000783542352403188
"original","growth","FRA","2002-Q1",0.00559551251326695,0.00406167900730559
"original","growth","FRA","2002-Q2",0.005962165820943,0.00742522844198135
"original","growth","FRA","2002-Q3",0.00277399232960995,0.00842535871826122
"original","growth","FRA","2002-Q4",-0.00124229868928083,0.00255711779263201
"original","growth","FRA","2003-Q1",0.000644590062398365,0.00135339874741192
"original","growth","FRA","2003-Q2",-0.000430772441896821,0.000746002643593258
"original","growth","FRA","2003-Q3",0.00712608215574662,0.00923733071290656
"original","growth","FRA","2003-Q4",0.00875016269082707,0.00225709468135271
"original","growth","FRA","2004-Q1",0.0062256928716895,0.00404839252361988
"original","growth","FRA","2004-Q2",0.00744123003487296,0.00519889404096929
"original","growth","FRA","2004-Q3",0.00426866180244367,0.00295118682505269
"original","growth","FRA","2004-Q4",0.00673229362507577,0.0115596168899383
"original","growth","FRA","2005-Q1",0.000654271450388322,0.00604564768174853
"original","growth","FRA","2005-Q2",0.00259421053978492,0.00263258262165422
"original","growth","FRA","2005-Q3",0.00533071093935966,0.00716451362034221
"original","growth","FRA","2005-Q4",0.00765692421134645,0.00566288298949402
"original","growth","FRA","2006-Q1",0.00653995703866173,0.00828295759929887
"original","growth","FRA","2006-Q2",0.0103926927615916,0.00581627384512018
"original","growth","FRA","2006-Q3",-6.53237828309727e-05,0.00172555037934607
"original","growth","FRA","2006-Q4",0.00772902810848564,0.00590620662125652
"original","growth","FRA","2007-Q1",0.00687392584179847,0.00743075027519424
"original","growth","FRA","2007-Q2",0.00656842040252492,0.00637774674902936
"original","growth","FRA","2007-Q3",0.00399471181069266,0.00809241273784878
"original","growth","FRA","2007-Q4",0.00271947895157965,0.0033276474710533
"original","growth","FRA","2008-Q1",0.00473257756247492,-0.00142602390348934
"original","growth","FRA","2008-Q2",-0.00546224838345388,-0.00116664188083782
"original","growth","FRA","2008-Q3",-0.00286956554452189,-0.00183173026324646
"original","growth","FRA","2008-Q4",-0.0159959947660848,-0.00278859737756143
"original","growth","FRA","2009-Q1",-0.0158802350680958,0.00126542446650291
"original","growth","FRA","2009-Q2",-0.000762577269879827,0.00448995356865112
"original","growth","FRA","2009-Q3",0.00136707237753164,-0.000605151433459739
"original","growth","FRA","2009-Q4",0.00652761403985025,0.00816043045264969
"original","growth","FRA","2010-Q1",0.00458932605940632,0.00449730828275996
"original","growth","FRA","2010-Q2",0.0059030949853156,0.0026567911111588
"original","growth","FRA","2010-Q3",0.0058147389165466,0.00665515889757273
"original","growth","FRA","2010-Q4",0.00522109947789318,0.00438020693901642
"original","growth","FRA","2011-Q1",0.0114744284022699,0.0048933740679189
"original","growth","FRA","2011-Q2",-0.000817271506134531,-0.0119316150228013
"original","growth","FRA","2011-Q3",0.00195640754252047,0.00313422433182886
"original","growth","FRA","2011-Q4",0.00244346573181176,-0.00394749556480178
"original","growth","FRA","2012-Q1",0.000414944705914522,0.00483388475547919
"original","growth","FRA","2012-Q2",-0.00290470424570266,-0.00373803095832059
"original","growth","FRA","2012-Q3",0.00264120202979257,0.00126618623584562
"original","growth","FRA","2012-Q4",-9.45021191753881e-05,-0.00087184444755195
"original","growth","FRA","2013-Q1",0.00133960876518202,0.00214495893450817
"original","growth","FRA","2013-Q2",0.00751215279962203,0.00308430846556718
"original","growth","FRA","2013-Q3",-0.00117151056061005,-0.000380942733315237
"original","growth","FRA","2013-Q4",0.00212931648498049,0.00532744125766449
"original","growth","FRA","2014-Q1",-0.00172940873021865,-0.00395318656558352
"original","growth","FRA","2014-Q2",-0.00118815533172167,0.00420699009481673
"original","growth","FRA","2014-Q3",0.00235396342201888,0.00433290869771419
"original","growth","FRA","2014-Q4",0.00112204263423976,0.00243988862016131
"original","growth","FRA","2015-Q1",0.00666708894691581,0.00917541213190098
"original","growth","GBR","1998-Q4",0.0101269013818168,0.00173469431255313
"original","growth","GBR","1999-Q1",0.00475082680888939,0.0165669066332423
"original","growth","GBR","1999-Q2",0.00236228229772806,0.00844270276930636
"original","growth","GBR","1999-Q3",0.0161629525267255,0.0174028004216655
"original","growth","GBR","1999-Q4",0.0132870777411771,0.0163843953634384
"original","growth","GBR","2000-Q1",0.0104101800686855,0.0196942387277694
"original","growth","GBR","2000-Q2",0.00720586176045579,0.000108388568410334
"original","growth","GBR","2000-Q3",0.00375756013265871,0.0115628264768795
"original","growth","GBR","2000-Q4",0.00294016534163966,0.00759178948013961
"original","growth","GBR","2001-Q1",0.0112498735260385,0.00629500968159213
"original","growth","GBR","2001-Q2",0.00762714695417621,0.010483215167886
"original","growth","GBR","2001-Q3",0.0053141518606985,0.017444411886915
"original","growth","GBR","2001-Q4",0.00311554642529721,0.0099217570524992
"original","growth","GBR","2002-Q1",0.00451731900338714,0.0099469148704312
"original","growth","GBR","2002-Q2",0.00819065848405387,0.00724797374618902
"original","growth","GBR","2002-Q3",0.00873719808224571,0.00646603479305163
"original","growth","GBR","2002-Q4",0.00907583998103156,0.00752697047323991
"original","growth","GBR","2003-Q1",0.00960149099436691,0.00721537448087517
"original","growth","GBR","2003-Q2",0.0139568646294954,0.0185683684991247
"original","growth","GBR","2003-Q3",0.0125641567414512,0.00911299731905402
"original","growth","GBR","2003-Q4",0.00993621809802825,0.00903070000967787
"original","growth","GBR","2004-Q1",0.00319434097180427,0.00534851449449647
"original","growth","GBR","2004-Q2",0.00300886524702548,0.0133098807720913
"original","growth","GBR","2004-Q3",0.00129281127434666,0.00653908001455505
"original","growth","GBR","2004-Q4",0.00404548003982974,0.00345495230148352
"original","growth","GBR","2005-Q1",0.00703519960364574,0.0127612331252163
"original","growth","GBR","2005-Q2",0.010221963189851,0.000802767228821111
"original","growth","GBR","2005-Q3",0.0102444955426257,0.00869068358460368
"original","growth","GBR","2005-Q4",0.0133924132757937,0.00950460551276855
"original","growth","GBR","2006-Q1",0.00581160260650293,-0.00407176457124514
"original","growth","GBR","2006-Q2",0.00499800441513543,0.0138503275162805
"original","growth","GBR","2006-Q3",0.0017498036562742,0.00523423583922877
"original","growth","GBR","2006-Q4",0.00750338201570599,-0.000102742267310774
"original","growth","GBR","2007-Q1",0.00760540920738428,0.00540056684415013
"original","growth","GBR","2007-Q2",0.00599684983400905,0.00818734336095872
"original","growth","GBR","2007-Q3",0.00839594075471162,0.0136575994172876
"original","growth","GBR","2007-Q4",0.00467286034970371,0.00640078965015434
"original","growth","GBR","2008-Q1",0.00312487037637155,-0.0051646909749774
"original","growth","GBR","2008-Q2",-0.00231673673387434,-0.00697022118072432
"original","growth","GBR","2008-Q3",-0.0167823178855482,-0.00781086007165044
"original","growth","GBR","2008-Q4",-0.0225402712319465,-0.016383169225902
"original","growth","GBR","2009-Q1",-0.0180630552015106,-0.00871858468917175
"original","growth","GBR","2009-Q2",-0.00261094745102675,-0.00998031579083936
"original","growth","GBR","2009-Q3",0.00199857677597315,0.00334172632894258
"original","growth","GBR","2009-Q4",0.00388309272705811,0.00529435051651461
"original","growth","GBR","2010-Q1",0.00507537095127653,-0.0061936939014462
"original","growth","GBR","2010-Q2",0.0097245089218827,0.0101941300521382
"original","growth","GBR","2010-Q3",0.00644669311412827,-0.00174822196605184
"original","growth","GBR","2010-Q4",0.000247410005872695,-0.000661663183736394
"original","growth","GBR","2011-Q1",0.00534805943893168,-0.00346934796649023
"original","growth","GBR","2011-Q2",0.00228152745253674,0.00180170844479832
"original","growth","GBR","2011-Q3",0.00693911805203662,0.00196005631004148
"original","growth","GBR","2011-Q4",-0.000147769420866695,0.0031611015270574
"original","growth","GBR","2012-Q1",0.000677097273037219,0.00313202616153418
"original","growth","GBR","2012-Q2",-0.00178113302975902,0.00322513824167103
"original","growth","GBR","2012-Q3",0.00829472722555735,0.00142033849252243
"original","growth","GBR","2012-Q4",-0.00338275511032293,0.00450278482667521
"original","growth","GBR","2013-Q1",0.00593977346362351,0.00527799415169383
"original","growth","GBR","2013-Q2",0.00640649889656153,0.00404632002769389
"original","growth","GBR","2013-Q3",0.00714084345918131,0.00542698499461736
"original","growth","GBR","2013-Q4",0.00405359554725315,0.00324583050778493
"original","growth","GBR","2014-Q1",0.00881630572575176,0.00581311792105943
"original","growth","GBR","2014-Q2",0.00909948485013068,0.00816346100296528
"original","growth","GBR","2014-Q3",0.00712134101721418,0.0102458678561632
"original","growth","GBR","2014-Q4",0.00824463778883633,0.00529517609885666
"original","growth","GBR","2015-Q1",0.00372289964354167,0.00933383254961839
"original","growth","ITA","1998-Q4",-0.0036068415627124,0.00654393927681518
"original","growth","ITA","1999-Q1",0.00426192993319852,0.00161927751102731
"original","growth","ITA","1999-Q2",0.00586738155227096,0.0101964163531054
"original","growth","ITA","1999-Q3",0.00776952182054735,0.00964525516105397
"original","growth","ITA","1999-Q4",0.0133433148563409,0.00239534072283121
"original","growth","ITA","2000-Q1",0.00997076558539511,0.000674676052138778
"original","growth","ITA","2000-Q2",0.00934312445682828,0.0113405645648239
"original","growth","ITA","2000-Q3",0.00578084031808146,0.00439132377581508
"original","growth","ITA","2000-Q4",0.0126452863434778,0.00647826809162844
"original","growth","ITA","2001-Q1",0.00693129932306213,0.00182570742001431
"original","growth","ITA","2001-Q2",-0.00472896518734522,-0.00405225716584212
"original","growth","ITA","2001-Q3",-0.00358417668560662,-0.00374327241407357
"original","growth","ITA","2001-Q4",-0.0011210078982149,0.000325306681268955
"original","growth","ITA","2002-Q1",0.00174370125594336,0.00194600604651107
"original","growth","ITA","2002-Q2",0.00406116705917903,-0.00327646674675997
"original","growth","ITA","2002-Q3",0.00246146998789065,0.00416246562279454
"original","growth","ITA","2002-Q4",0.00121386628072884,0.00610071998811712
"original","growth","ITA","2003-Q1",-0.00146402584117311,-0.00111049223801452
"original","growth","ITA","2003-Q2",-0.00267123627758359,0.00243599690144514
"original","growth","ITA","2003-Q3",0.00239438506104683,0.00320083055488674
"original","growth","ITA","2003-Q4",0.00535750153779091,-3.35314609198889e-05
"original","growth","ITA","2004-Q1",0.00536931566759336,0.00281607554217977
"original","growth","ITA","2004-Q2",0.0031597171363309,0.00297505778201312
"original","growth","ITA","2004-Q3",0.00263728196982704,0.00148563249686617
"original","growth","ITA","2004-Q4",0.00146944414770367,0.00598375769181558
"original","growth","ITA","2005-Q1",-0.00152710954721158,-0.00274270942267307
"original","growth","ITA","2005-Q2",0.00768868430917635,0.00756256351295193
"original","growth","ITA","2005-Q3",0.00664415861776213,0.00800697385137106
"original","growth","ITA","2005-Q4",0.00159999285630441,0.00144335056020317
"original","growth","ITA","2006-Q1",0.00566470337690994,0.00348733094661924
"original","growth","ITA","2006-Q2",0.00544300143847032,-0.00040792914635901
"original","growth","ITA","2006-Q3",0.00362424469894229,0.00576574798907181
"original","growth","ITA","2006-Q4",0.0104464002741924,0.00471040705815007
"original","growth","ITA","2007-Q1",0.00380332536558114,0.00437582724732088
"original","growth","ITA","2007-Q2",-0.000337134752120605,0.00327542503410072
"original","growth","ITA","2007-Q3",-0.00128054181542048,-0.00159261586430581
"original","growth","ITA","2007-Q4",-0.00170715350778927,-0.00252809404099352
"original","growth","ITA","2008-Q1",0.00910145401084073,-0.0027729917162187
"original","growth","ITA","2008-Q2",-0.00753118099282979,-0.00194021182593929
"original","growth","ITA","2008-Q3",-0.0130145318689898,-0.00837939991926007
"original","growth","ITA","2008-Q4",-0.0233514225392373,-0.0046330963555814
"original","growth","ITA","2009-Q1",-0.030637769300867,-0.00952184270881418
"original","growth","ITA","2009-Q2",-0.00398928483296856,0.000308608456503379
"original","growth","ITA","2009-Q3",0.00577822575744769,0.00188025526792757
"original","growth","ITA","2009-Q4",0.000797633085403149,0.005831983909097
"original","growth","ITA","2010-Q1",0.0053029078661897,0.000469803771837363
"original","growth","ITA","2010-Q2",0.00728345580095535,0.00304750067883575
"original","growth","ITA","2010-Q3",0.00503397705516306,0.00666993888135892
"original","growth","ITA","2010-Q4",0.00356033574631986,0.00360272377981374
"original","growth","ITA","2011-Q1",0.0037959814934716,-0.000872936676355351
"original","growth","ITA","2011-Q2",0.00180355362243745,0.000131917537581572
"original","growth","ITA","2011-Q3",-0.00515089306813188,-0.00390327388624456
"original","growth","ITA","2011-Q4",-0.010298962160503,-0.0169255061305797
"original","growth","ITA","2012-Q1",-0.0100176600080442,-0.0168875300055564
"original","growth","ITA","2012-Q2",-0.00646550113147626,-0.00437101437069742
"original","growth","ITA","2012-Q3",-0.00516403059571324,-0.00834444739643914
"original","growth","ITA","2012-Q4",-0.00519724686097334,-0.00789876246678745
"original","growth","ITA","2013-Q1",-0.0089162162951073,-0.0138836864946494
"original","growth","ITA","2013-Q2",-0.000711637523851394,-0.00483246471318566
"original","growth","ITA","2013-Q3",0.000948803168627776,0.00122736858297046
"original","growth","ITA","2013-Q4",-0.000302384203006767,0.00058041908169848
"original","growth","ITA","2014-Q1",-0.00187640765760655,0.00154023141762138
"original","growth","ITA","2014-Q2",-0.00202802598753493,0.0011525373583261
"original","growth","ITA","2014-Q3",-0.000656441069548208,0.00152501253029058
"original","growth","ITA","2014-Q4",0.000272737935151923,0.00117553621171673
"original","growth","ITA","2015-Q1",0.0030265194666832,-0.00118561077317558
"original","growth","JPN","1998-Q4",0.00552788708016472,0.00296351229508041
"original","growth","JPN","1999-Q1",-0.00856983145513723,-0.00116508107551283
"original","growth","JPN","1999-Q2",0.00405932264664699,0.00462877500781289
"original","growth","JPN","1999-Q3",-0.00187025936047114,0.00259923002987428
"original","growth","JPN","1999-Q4",0.00543527959238155,0.00253386105412368
"original","growth","JPN","2000-Q1",0.0163172395872113,0.00212634183751703
"original","growth","JPN","2000-Q2",0.00191572130444229,-0.00432035333841441
"original","growth","JPN","2000-Q3",-0.00308342832792441,-0.00318033521181604
"original","growth","JPN","2000-Q4",0.00727306837323916,0.00759262494702462
"original","growth","JPN","2001-Q1",0.00643032602452642,0.00897153150374663
"original","growth","JPN","2001-Q2",-0.00181325980175906,0.00676931393285329
"original","growth","JPN","2001-Q3",-0.0112875422911873,-0.00403324555917983
"original","growth","JPN","2001-Q4",-0.00117005747516252,0.00487418656159377
"original","growth","JPN","2002-Q1",-0.00215537150763545,-1.42958081461586e-05
"original","growth","JPN","2002-Q2",0.0105105482970504,0.00724885224108185
"original","growth","JPN","2002-Q3",0.00621052946055478,0.00654723604816176
"original","growth","JPN","2002-Q4",0.00384212336497214,-0.00239175673006642
"original","growth","JPN","2003-Q1",-0.00563524254143744,-0.00424560674556496
"original","growth","JPN","2003-Q2",0.0126714342555481,0.00538837804765713
"original","growth","JPN","2003-Q3",0.00397315813243004,-0.00121520965664423
"original","growth","JPN","2003-Q4",0.0103881651437998,0.0110616410257247
"original","growth","JPN","2004-Q1",0.00933534101931421,0.0039187565812302
"original","growth","JPN","2004-Q2",0.000827463636099424,-0.00063760443976868
"original","growth","JPN","2004-Q3",0.00128466898888213,0.000713490945617679
"original","growth","JPN","2004-Q4",-0.00258507537061092,-0.00576389385239118
"original","growth","JPN","2005-Q1",0.00206554248883428,0.0100626033585485
"original","growth","JPN","2005-Q2",0.0131129707135269,0.00678272204554986
"original","growth","JPN","2005-Q3",0.00346872195041215,0.00633824199422683
"original","growth","JPN","2005-Q4",0.00180270569044616,0.00373058701250351
"original","growth","JPN","2006-Q1",0.00429514310956236,0.00218217829773337
"original","growth","JPN","2006-Q2",0.00430726479070209,0.00339925936128971
"original","growth","JPN","2006-Q3",-0.000828866823885832,-0.00959256873725955
"original","growth","JPN","2006-Q4",0.0127481725767868,0.0123806048064861
"original","growth","JPN","2007-Q1",0.00982032990948944,0.00362081194622021
"original","growth","JPN","2007-Q2",0.00166267756082128,0.00277528691387019
"original","growth","JPN","2007-Q3",-0.00394401381013409,-0.00451371851024973
"original","growth","JPN","2007-Q4",0.00853320116593181,0.0012335261038583
"original","growth","JPN","2008-Q1",0.00660392750588201,0.00632035507476658
"original","growth","JPN","2008-Q2",-0.0115840282969017,-0.0137770244744413
"original","growth","JPN","2008-Q3",-0.0107141968632263,-0.00265484700914875
"original","growth","JPN","2008-Q4",-0.0334727358447502,-0.0127723968376348
"original","growth","JPN","2009-Q1",-0.0407970071216717,-0.00861446811050826
"original","growth","JPN","2009-Q2",0.017203632056944,0.0168648049460813
"original","growth","JPN","2009-Q3",0.000689413243481596,-0.000333388331249296
"original","growth","JPN","2009-Q4",0.0170495157654731,0.0134847961759128
"original","growth","JPN","2010-Q1",0.0147270956628827,0.00726671521718458
"original","growth","JPN","2010-Q2",0.0109208609594305,0.000755406920973201
"original","growth","JPN","2010-Q3",0.0146776385903724,0.0131194885499504
"original","growth","JPN","2010-Q4",-0.00527715914904903,-0.00476945044228927
"original","growth","JPN","2011-Q1",-0.0191634701709731,-0.017722385952796
"original","growth","JPN","2011-Q2",-0.00665439988580729,0.0112132696884757
"original","growth","JPN","2011-Q3",0.0266758599924195,0.0158330167755327
"original","growth","JPN","2011-Q4",0.0021310309036906,0.00396336739007985
"original","growth","JPN","2012-Q1",0.0102472230766022,0.00542752855558071
"original","growth","JPN","2012-Q2",-0.00529869114241777,0.00747016929217814
"original","growth","JPN","2012-Q3",-0.00384937902515325,-0.00321510725070162
"original","growth","JPN","2012-Q4",-0.00133328226067064,0.000108991189337715
"original","growth","JPN","2013-Q1",0.0130254510238341,0.0119023421634488
"original","growth","JPN","2013-Q2",0.00587955743255897,0.00977640814994452
"original","growth","JPN","2013-Q3",0.00592365773182735,0.00324811831496241
"original","growth","JPN","2013-Q4",-0.00202760645551869,-0.00236009669662529
"original","growth","JPN","2014-Q1",0.0111051325286518,0.0203456308088956
"original","growth","JPN","2014-Q2",-0.0195831904659212,-0.0507938861654349
"original","growth","JPN","2014-Q3",-0.00336073095297884,0.00308274590024027
"original","growth","JPN","2014-Q4",0.0034600330272081,0.00302323268780214
"original","growth","JPN","2015-Q1",0.0109831737065793,0.00346270337000476
"original","growth","USA","1998-Q4",0.0162821084666831,0.0145888614835741
"original","growth","USA","1999-Q1",0.0079542123772427,0.00948211911423158
"original","growth","USA","1999-Q2",0.00820915166106673,0.0146971414637953
"original","growth","USA","1999-Q3",0.0125107548146772,0.0112921435507509
"original","growth","USA","1999-Q4",0.0172042677871644,0.0145748895114686
"original","growth","USA","2000-Q1",0.00290085446346566,0.015110675907021
"original","growth","USA","2000-Q2",0.0187087647932849,0.0095508877568502
"original","growth","USA","2000-Q3",0.00120633977852336,0.00967976475344834
"original","growth","USA","2000-Q4",0.00566300402171294,0.00886297380697165
"original","growth","USA","2001-Q1",-0.0028433118442166,0.00421590862820231
"original","growth","USA","2001-Q2",0.00528525779095901,0.00256899818364253
"original","growth","USA","2001-Q3",-0.00316780142291861,0.0036381083689303
"original","growth","USA","2001-Q4",0.00277434228251039,0.0151630321367637
"original","growth","USA","2002-Q1",0.00916661333302926,0.00299582571025248
"original","growth","USA","2002-Q2",0.00549868585143543,0.00508990316488855
"original","growth","USA","2002-Q3",0.00485903589800429,0.00696672411437049
"original","growth","USA","2002-Q4",0.000632720952598476,0.00536343064892542
"original","growth","USA","2003-Q1",0.00517019678195396,0.00438261691080655
"original","growth","USA","2003-Q2",0.00923495962998544,0.011071908561906
"original","growth","USA","2003-Q3",0.0166114396707897,0.0146377881906652
"original","growth","USA","2003-Q4",0.0116204734254062,0.00773340456146698
"original","growth","USA","2004-Q1",0.00573426495353146,0.00967685345445801
"original","growth","USA","2004-Q2",0.00730066546562469,0.00647606074449314
"original","growth","USA","2004-Q3",0.00904970406102024,0.00951171668301143
"original","growth","USA","2004-Q4",0.00861019242379513,0.0102041701742408
"original","growth","USA","2005-Q1",0.0106027838682685,0.00761725558585624
"original","growth","USA","2005-Q2",0.00520661339337281,0.0108136587833201
"original","growth","USA","2005-Q3",0.00836836726748658,0.00771864939021683
"original","growth","USA","2005-Q4",0.00569332992026261,0.00375914846654624
"original","growth","USA","2006-Q1",0.0119436403101147,0.0111522821965124
"original","growth","USA","2006-Q2",0.00298602966956807,0.00531005542902108
"original","growth","USA","2006-Q3",0.000890648930838012,0.00582087468075088
"original","growth","USA","2006-Q4",0.00779689824448582,0.0101434389282282
"original","growth","USA","2007-Q1",0.000618145650719271,0.0052486183584044
"original","growth","USA","2007-Q2",0.00762399387734192,0.00338741187148628
"original","growth","USA","2007-Q3",0.00670314023379603,0.00443918753466477
"original","growth","USA","2007-Q4",0.00356161190117632,0.00125055844792143
"original","growth","USA","2008-Q1",-0.00684711841034158,-0.00206525481989672
"original","growth","USA","2008-Q2",0.00495095290257197,0.00167834429557345
"original","growth","USA","2008-Q3",-0.00480992386043155,-0.00724994461724293
"original","growth","USA","2008-Q4",-0.0213523514987628,-0.0121068558398605
"original","growth","USA","2009-Q1",-0.0139543574084655,-0.00343543698830118
"original","growth","USA","2009-Q2",-0.00135047670069,-0.00451743641075453
"original","growth","USA","2009-Q3",0.0032616926416793,0.00604913319086009
"original","growth","USA","2009-Q4",0.00963233494661608,-0.000111501366006905
"original","growth","USA","2010-Q1",0.00431610423449413,0.00534817400139787
"original","growth","USA","2010-Q2",0.00961483623888526,0.00810404061710202
"original","growth","USA","2010-Q3",0.00673171097832181,0.0064501881035568
"original","growth","USA","2010-Q4",0.00627845403746363,0.0101833873906934
"original","growth","USA","2011-Q1",-0.0038698518799869,0.00500413148334644
"original","growth","USA","2011-Q2",0.00725123612197365,0.00201419783762091
"original","growth","USA","2011-Q3",0.00209925203796857,0.00433725990481904
"original","growth","USA","2011-Q4",0.0112011869079325,0.00335938953734782
"original","growth","USA","2012-Q1",0.00660735377794808,0.00601089953308787
"original","growth","USA","2012-Q2",0.00465854548775013,0.0016942956362449
"original","growth","USA","2012-Q3",0.00119701281564488,0.00264160340348596
"original","growth","USA","2012-Q4",0.000227530546961674,0.00278771860782356
"original","growth","USA","2013-Q1",0.00472740533152916,0.00619893837752983
"original","growth","USA","2013-Q2",0.00277801285985646,0.00342626981286287
"original","growth","USA","2013-Q3",0.00734063833730048,0.00421686232716212
"original","growth","USA","2013-Q4",0.00937669216054005,0.00859592033644674
"original","growth","USA","2014-Q1",-0.00232481429979714,0.0032033499101729
"original","growth","USA","2014-Q2",0.0111680011333171,0.00942886666191356
"original","growth","USA","2014-Q3",0.0104660592578192,0.00848939791277914
"original","growth","USA","2014-Q4",0.00512722956109712,0.01045021559273
"original","growth","USA","2015-Q1",0.00160229180518812,0.00433200614155638
"current","hamilton","AUS","1998-Q4",0.0203202239277373,-0.00612520551716913
"current","hamilton","AUS","1999-Q1",0.0210789702193354,0.00496660957488988
"current","hamilton","AUS","1999-Q2",0.00952331632471375,0.00297648945097823
"current","hamilton","AUS","1999-Q3",0.0130659705261878,0.00378195880864074
"current","hamilton","AUS","1999-Q4",0.0187883746318964,0.005874407947203
"current","hamilton","AUS","2000-Q1",0.00791735282206071,-0.000618703048081916
"current","hamilton","AUS","2000-Q2",0.0112834593868211,-0.00494972968298076
"current","hamilton","AUS","2000-Q3",0.00032178731867385,-0.00809168687171223
"current","hamilton","AUS","2000-Q4",-0.0143917162593795,-0.00944403076354169
"current","hamilton","AUS","2001-Q1",-0.0149256236759071,-0.0155261283741228
"current","hamilton","AUS","2001-Q2",-0.0166225298097798,-0.0215245902078365
"current","hamilton","AUS","2001-Q3",-0.0163449884192134,-0.0285140704686404
"current","hamilton","AUS","2001-Q4",-0.0148675830817387,-0.0341890331148037
"current","hamilton","AUS","2002-Q1",-0.0126188339605489,-0.0269616320211524
"current","hamilton","AUS","2002-Q2",-0.00518921611749241,-0.0199353667410062
"current","hamilton","AUS","2002-Q3",-0.0115248633715771,-0.0165231475498751
"current","hamilton","AUS","2002-Q4",-0.00448518908678565,-0.0165952239314315
"current","hamilton","AUS","2003-Q1",-0.00921919954257285,-0.0184403817202735
"current","hamilton","AUS","2003-Q2",-0.00985267782567084,-0.0184304202102564
"current","hamilton","AUS","2003-Q3",0.00254967352546674,-0.00938154762142674
"current","hamilton","AUS","2003-Q4",0.00951445516483426,0.00672248330229574
"current","hamilton","AUS","2004-Q1",0.00858281578417791,0.0182707895925879
"current","hamilton","AUS","2004-Q2",0.00363101123457353,0.0155074000104921
"current","hamilton","AUS","2004-Q3",0.00257386590484143,0.017030178082696
"current","hamilton","AUS","2004-Q4",0.00212318791222132,0.0219491068260784
"current","hamilton","AUS","2005-Q1",0.00194513634314504,0.00927965992650925
"current","hamilton","AUS","2005-Q2",0.00314446410923399,0.0183660662345161
"current","hamilton","AUS","2005-Q3",0.00402336972848587,0.0163908128492261
"current","hamilton","AUS","2005-Q4",0.00314355005321778,0.00630018478668415
"current","hamilton","AUS","2006-Q1",-0.00360093339867896,0.00451366806905796
"current","hamilton","AUS","2006-Q2",-0.0122693190141573,0.00969451853465878
"current","hamilton","AUS","2006-Q3",-0.00758494576362033,0.00626533044038876
"current","hamilton","AUS","2006-Q4",-0.00229527183347191,0.00543616873895081
"current","hamilton","AUS","2007-Q1",0.00417843257360332,0.0237952207506151
"current","hamilton","AUS","2007-Q2",0.00509222836525113,0.0203493793685702
"current","hamilton","AUS","2007-Q3",0.0086830749958179,0.0287920761510686
"current","hamilton","AUS","2007-Q4",0.00470544457963816,0.0391150937303938
"current","hamilton","AUS","2008-Q1",0.0120057090007035,0.0327644460279526
"current","hamilton","AUS","2008-Q2",0.0096488648472048,0.019380658075145
"current","hamilton","AUS","2008-Q3",0.00754008137977252,0.00895366009142645
"current","hamilton","AUS","2008-Q4",-0.00321049963921108,-0.00421224926294866
"current","hamilton","AUS","2009-Q1",-0.00175212139099711,-0.0153381592823384
"current","hamilton","AUS","2009-Q2",-0.00585785248407062,-0.00968994659074469
"current","hamilton","AUS","2009-Q3",-0.0136714082666831,-0.0185642072227489
"current","hamilton","AUS","2009-Q4",-0.0138255020434001,-0.0196145759376553
"current","hamilton","AUS","2010-Q1",-0.0173589847287289,-0.0219994013488431
"current","hamilton","AUS","2010-Q2",-0.0180609228395609,-0.0136326738194358
"current","hamilton","AUS","2010-Q3",-0.0166977198246093,-0.00679405427687116
"current","hamilton","AUS","2010-Q4",-0.0119893599645699,0.00366587377940803
"current","hamilton","AUS","2011-Q1",-0.0201470925687222,0.00965432153399313
"current","hamilton","AUS","2011-Q2",-0.013315272175493,0.0111676942649251
"current","hamilton","AUS","2011-Q3",-0.000945151591832089,0.0150922845442555
"current","hamilton","AUS","2011-Q4",0.00236696853843645,0.0112198337366077
"current","hamilton","AUS","2012-Q1",0.00781135721216429,0.0167749356238729
"current","hamilton","AUS","2012-Q2",0.0102426621049998,0.0125898603733677
"current","hamilton","AUS","2012-Q3",0.00959658587825895,0.005220772387957
"current","hamilton","AUS","2012-Q4",0.00793245429755088,-0.000417567403620174
"current","hamilton","AUS","2013-Q1",0.010509947515348,-0.00352104609585774
"current","hamilton","AUS","2013-Q2",0.00660183050362151,-0.00829567629741133
"current","hamilton","AUS","2013-Q3",0.00579606362337655,-0.00725779906820039
"current","hamilton","AUS","2013-Q4",0.00809510986257671,-0.00762355796929507
"current","hamilton","AUS","2014-Q1",0.00519663619140156,-0.00869103457071048
"current","hamilton","AUS","2014-Q2",0.000151000575762115,-0.00996520756136165
"current","hamilton","AUS","2014-Q3",-0.00389963661576608,-0.00482991998221139
"current","hamilton","AUS","2014-Q4",-0.00709573913244127,-0.00548064399643937
"current","hamilton","AUS","2015-Q1",-0.00306084327116928,-0.00600749566096047
"current","hamilton","AUS","2015-Q2",-0.00659812712418508,-0.00262686020108322
"current","hamilton","AUS","2015-Q3",-0.00225762159156216,0.00175646789688849
"current","hamilton","AUS","2015-Q4",-0.0021273251203385,0.00175955926887173
"current","hamilton","AUS","2016-Q1",0.00124156529624231,0.00513318834598392
"current","hamilton","AUS","2016-Q2",0.00130784767483248,0.00408854895706999
"current","hamilton","AUS","2016-Q3",-0.00430570432688228,0.00422914273139017
"current","hamilton","AUS","2016-Q4",0.0019463428633445,0.00467648803071762
"current","hamilton","AUS","2017-Q1",-0.000861707584032444,0.00568327122135064
"current","hamilton","AUS","2017-Q2",0.00172551123998855,0.00486115875169051
"current","hamilton","AUS","2017-Q3",0.00516562017660805,0.00529515243687572
"current","hamilton","AUS","2017-Q4",0.00217144700756633,0.0103430838840548
"current","hamilton","AUS","2018-Q1",0.00743371734880393,0.0105246563341632
"current","hamilton","AUS","2018-Q2",0.00694625266760424,0.0109176884843758
"current","hamilton","AUS","2018-Q3",0.00690620373045246,0.00747556857439723
"current","hamilton","AUS","2018-Q4",0.000939421126512609,0.00329140624205722
"current","hamilton","AUS","2019-Q1",0.00413590674177067,0.00203681096794177
"current","hamilton","AUS","2019-Q2",0.0030969657138085,-0.000246165584302952
"current","hamilton","AUS","2019-Q3",0.000157172365243346,-0.0076921119630259
"current","hamilton","AUS","2019-Q4",0.00189707811273065,-0.0113104531615323
"current","hamilton","AUS","2020-Q1",-0.00704539156632328,-0.0306580892425647
"current","hamilton","AUS","2020-Q2",-0.0848840784272076,-0.173250372347094
"current","hamilton","AUS","2020-Q3",-0.0556854062006947,-0.105110768533669
"current","hamilton","AUS","2020-Q4",-0.0279363371781672,-0.0640688062871411
"current","hamilton","AUS","2021-Q1",-0.0118375916012854,-0.0538648109215396
"current","hamilton","AUS","2021-Q2",-0.00770054211543505,-0.0459568985271745
"current","hamilton","AUS","2021-Q3",-0.0294938148910603,-0.0948770470918441
"current","hamilton","AUS","2021-Q4",0.000726145961823681,-0.0348290168286917
"current","hamilton","AUS","2022-Q1",0.00919038777102752,-0.00697401597120665
"current","hamilton","AUS","2022-Q2",0.0412605521604088,0.0656427223480274
"current","hamilton","AUS","2022-Q3",0.0375891627880709,0.0605022954222205
"current","hamilton","AUS","2022-Q4",0.0387209682953111,0.0595122358084572
"current","hamilton","AUS","2023-Q1",0.0564028922833508,0.103127578595572
"current","hamilton","AUS","2023-Q2",0.0388546932273541,0.0716573070650499
"current","hamilton","AUS","2023-Q3",0.033293794349784,0.0707538803658127
"current","hamilton","AUS","2023-Q4",0.0127679409357761,0.0456246026609695
"current","hamilton","AUS","2024-Q1",0.00839344735722398,0.0358523479726425
"current","hamilton","AUS","2024-Q2",0.00885476973873691,0.0368253720349075
"current","hamilton","AUS","2024-Q3",-0.0056008130437933,0.00734046417263837
"current","hamilton","AUS","2024-Q4",-0.00943752381940881,-0.000698737298924223
"current","hamilton","AUS","2025-Q1",-0.0122394972617242,-0.00688474334182077
"current","hamilton","AUS","2025-Q2",-0.00884790829624003,-0.0037977517369654
"current","hamilton","AUS","2025-Q3",-0.00930007745706603,-0.00291991843320227
"current","hamilton","AUS","2025-Q4",-0.00318018820939227,-0.0014015357731439
"current","hamilton","AUS","2026-Q1",-0.00331040823512226,-0.000844779211090256
"current","hamilton","AUS","2026-Q2",-0.00148018214971827,0.00442605445844248
"current","hamilton","AUT","1998-Q4",-0.0104041923882829,-0.0225182780513415
"current","hamilton","AUT","1999-Q1",-0.00825586753024632,-0.0203791195240902
"current","hamilton","AUT","1999-Q2",-0.00211180102916442,-0.0136472066577145
"current","hamilton","AUT","1999-Q3",0.0101289275364168,-0.00572397949676111
"current","hamilton","AUT","1999-Q4",0.011636693564074,0.00691322614449782
"current","hamilton","AUT","2000-Q1",0.00811374767724635,0.00999667827152686
"current","hamilton","AUT","2000-Q2",0.0121797423515158,0.0110565105012669
"current","hamilton","AUT","2000-Q3",0.0189268687210587,0.00350255141409153
"current","hamilton","AUT","2000-Q4",0.0167825718748393,0.00893131217612394
"current","hamilton","AUT","2001-Q1",0.00751862963392982,0.00822953326578728
"current","hamilton","AUT","2001-Q2",1.53859802721943e-05,0.00200766911814355
"current","hamilton","AUT","2001-Q3",-0.0049279096459454,-0.00119526648973393
"current","hamilton","AUT","2001-Q4",-0.0105773960209478,0.00169356650699156
"current","hamilton","AUT","2002-Q1",-0.00655106554667208,-0.0151507723502685
"current","hamilton","AUT","2002-Q2",-0.0140067575826204,-0.010580566620267
"current","hamilton","AUT","2002-Q3",-0.0214522740618777,-0.0232833160046696
"current","hamilton","AUT","2002-Q4",-0.0307232497556963,-0.0263440807251772
"current","hamilton","AUT","2003-Q1",-0.0326958829585578,-0.0209099672080907
"current","hamilton","AUT","2003-Q2",-0.0319929683917971,-0.0157367497405109
"current","hamilton","AUT","2003-Q3",-0.0274056888631326,-0.00934320622340827
"current","hamilton","AUT","2003-Q4",-0.0235491737056545,-0.0120217362485187
"current","hamilton","AUT","2004-Q1",-0.0232152968048965,-0.00307672297033779
"current","hamilton","AUT","2004-Q2",-0.0164394760648264,-0.00421308920192266
"current","hamilton","AUT","2004-Q3",-0.00785216025433054,-0.00255123657687098
"current","hamilton","AUT","2004-Q4",-0.00848586668000948,0.0050076151282749
"current","hamilton","AUT","2005-Q1",-0.0077266464309561,0.00468018194538694
"current","hamilton","AUT","2005-Q2",-0.000576639128657835,0.0137160671465718
"current","hamilton","AUT","2005-Q3",0.00068369104764643,0.0157263408331801
"current","hamilton","AUT","2005-Q4",0.0118609833402181,0.00395760304785542
"current","hamilton","AUT","2006-Q1",0.0164557893388555,0.0043773295404284
"current","hamilton","AUT","2006-Q2",0.0153682173574292,0.00265699623147302
"current","hamilton","AUT","2006-Q3",0.0169258138646448,0.0188028313192304
"current","hamilton","AUT","2006-Q4",0.027877029015686,0.0104940044641353
"current","hamilton","AUT","2007-Q1",0.0321839399950858,-0.000205555229995766
"current","hamilton","AUT","2007-Q2",0.0347225380278107,0.00331741330810627
"current","hamilton","AUT","2007-Q3",0.0377887987225396,0.00473034529075201
"current","hamilton","AUT","2007-Q4",0.0314955948887966,0.0135617132932462
"current","hamilton","AUT","2008-Q1",0.0455548410193291,0.0121591699229787
"current","hamilton","AUT","2008-Q2",0.0382430337841693,0.00500171848837521
"current","hamilton","AUT","2008-Q3",0.0219448945558396,-0.013626528713534
"current","hamilton","AUT","2008-Q4",-0.011758558107911,-0.00506487810455145
"current","hamilton","AUT","2009-Q1",-0.0288910500663344,-0.0121075376642744
"current","hamilton","AUT","2009-Q2",-0.0418868230642102,-0.000714556631313531
"current","hamilton","AUT","2009-Q3",-0.048302312233582,0.00089058705008277
"current","hamilton","AUT","2009-Q4",-0.0521619627912779,-0.00934143708540265
"current","hamilton","AUT","2010-Q1",-0.0644868373886178,-0.00959862115170766
"current","hamilton","AUT","2010-Q2",-0.0547193259249968,-0.0142585944496412
"current","hamilton","AUT","2010-Q3",-0.0442327567036024,0.000771712106953581
"current","hamilton","AUT","2010-Q4",-0.0373313548212367,-0.0014131110254728
"current","hamilton","AUT","2011-Q1",-0.0211296706319479,0.000945155887707762
"current","hamilton","AUT","2011-Q2",-0.0127331467279909,0.0051160137602879
"current","hamilton","AUT","2011-Q3",0.00499579191949232,0.00468657895004675
"current","hamilton","AUT","2011-Q4",0.0138895026882298,0.0039735661444951
"current","hamilton","AUT","2012-Q1",0.0203096119543485,0.0115981957278077
"current","hamilton","AUT","2012-Q2",0.0129043837640337,0.00562615158987392
"current","hamilton","AUT","2012-Q3",0.0123470022257896,-0.00655362676706713
"current","hamilton","AUT","2012-Q4",0.00205586156345382,-0.0126177000285215
"current","hamilton","AUT","2013-Q1",-0.0118741908486858,-0.010729662196293
"current","hamilton","AUT","2013-Q2",-0.0144014791703947,-0.017039225362897
"current","hamilton","AUT","2013-Q3",-0.0181468459524802,-0.0179412164238371
"current","hamilton","AUT","2013-Q4",-0.0226479690124349,-0.014312887971265
"current","hamilton","AUT","2014-Q1",-0.0244843129147225,-0.0257140581885581
"current","hamilton","AUT","2014-Q2",-0.0221128410394137,-0.0252166568594805
"current","hamilton","AUT","2014-Q3",-0.0232206880263205,-0.0200508483642623
"current","hamilton","AUT","2014-Q4",-0.0192854187942356,-0.0266159964517008
"current","hamilton","AUT","2015-Q1",-0.0168440533577215,-0.00952725204981722
"current","hamilton","AUT","2015-Q2",-0.0120044938054344,-0.0130260642788728
"current","hamilton","AUT","2015-Q3",-0.00562292036067001,-0.00994313034780581
"current","hamilton","AUT","2015-Q4",-0.00109234557507836,-0.00278071641003392
"current","hamilton","AUT","2016-Q1",0.00783859189309495,-0.00232387098140597
"current","hamilton","AUT","2016-Q2",0.00503068897715095,0.00804673763011118
"current","hamilton","AUT","2016-Q3",0.00944194647643409,0.00690784645783838
"current","hamilton","AUT","2016-Q4",0.0137976238373717,0.0202813424031185
"current","hamilton","AUT","2017-Q1",0.0208257200389511,0.0197097028620074
"current","hamilton","AUT","2017-Q2",0.0216571214169053,0.0196113886642202
"current","hamilton","AUT","2017-Q3",0.0250474401899458,0.0278048049484179
"current","hamilton","AUT","2017-Q4",0.0277736991048894,0.0185450442694396
"current","hamilton","AUT","2018-Q1",0.0279575433411146,0.0242232500924408
"current","hamilton","AUT","2018-Q2",0.0330275646462902,0.0203200089516434
"current","hamilton","AUT","2018-Q3",0.0326724595736447,0.011072684559688
"current","hamilton","AUT","2018-Q4",0.0358182614480873,0.0187218297617417
"current","hamilton","AUT","2019-Q1",0.0441491782216235,0.0130150815105872
"current","hamilton","AUT","2019-Q2",0.0333192029625397,0.00916517888998549
"current","hamilton","AUT","2019-Q3",0.0293334140583258,0.00466129978361104
"current","hamilton","AUT","2019-Q4",0.0169228866466476,0.00435417838980273
"current","hamilton","AUT","2020-Q1",0.00205421926572943,-0.0423222094454342
"current","hamilton","AUT","2020-Q2",-0.138117436359991,-0.159482055843069
"current","hamilton","AUT","2020-Q3",-0.0337087546526089,-0.0450166384460267
"current","hamilton","AUT","2020-Q4",-0.0542736410704547,-0.0804531159744075
"current","hamilton","AUT","2021-Q1",-0.0708281725191994,-0.114937210643746
"current","hamilton","AUT","2021-Q2",-0.0287288547781823,-0.0578938719395448
"current","hamilton","AUT","2021-Q3",-0.00345570816020621,0.0233507809398188
"current","hamilton","AUT","2021-Q4",-0.00335127117448435,-0.0176439192770018
"current","hamilton","AUT","2022-Q1",0.0048848220394565,0.0139958672728761
"current","hamilton","AUT","2022-Q2",0.0606304402841037,0.0517415902411678
"current","hamilton","AUT","2022-Q3",0.0547291656638404,0.055129849035194
"current","hamilton","AUT","2022-Q4",0.0741743833320136,0.0803263603465624
"current","hamilton","AUT","2023-Q1",0.116001632219898,0.0967354712688938
"current","hamilton","AUT","2023-Q2",0.052859361242856,0.0654295063328119
"current","hamilton","AUT","2023-Q3",0.0459675412007287,0.049975807139103
"current","hamilton","AUT","2023-Q4",0.0353841722383543,0.046448470554262
"current","hamilton","AUT","2024-Q1",0.0122760614037653,0.0192403014304876
"current","hamilton","AUT","2024-Q2",-0.00806590215710417,-0.00123620813009016
"current","hamilton","AUT","2024-Q3",-0.0129766388571245,0.00762064978423399
"current","hamilton","AUT","2024-Q4",-0.0143578968205078,0.00974547150535488
"current","hamilton","AUT","2025-Q1",-0.0223202713681906,0.00415183988797182
"current","hamilton","AUT","2025-Q2",-0.018013998953682,0.00919562220504895
"current","hamilton","AUT","2025-Q3",-0.0130982571566154,0.00693858287961215
"current","hamilton","AUT","2025-Q4",-0.00754278763365293,0.00969487054605021
"current","hamilton","AUT","2026-Q1",-0.000458046358492539,0.0102024318507987
"current","hamilton","AUT","2026-Q2",0.00113428004755491,0.0158920655561342
"current","hamilton","CAN","1998-Q4",0.00828393643031195,-0.00821837430090418
"current","hamilton","CAN","1999-Q1",0.0166858815155442,-0.00331237828651474
"current","hamilton","CAN","1999-Q2",0.0158040186885839,-0.00288306942661676
"current","hamilton","CAN","1999-Q3",0.0214341446801458,-0.00430984355465794
"current","hamilton","CAN","1999-Q4",0.0253065087752363,-0.00538505068480931
"current","hamilton","CAN","2000-Q1",0.0293870137186126,-0.000660968863839588
"current","hamilton","CAN","2000-Q2",0.0356441609289981,-0.0010368375394525
"current","hamilton","CAN","2000-Q3",0.0372087758258618,0.00583655373701155
"current","hamilton","CAN","2000-Q4",0.0289550772885479,0.00408307199279174
"current","hamilton","CAN","2001-Q1",0.0242508539080221,0.00220111232555383
"current","hamilton","CAN","2001-Q2",0.0183791257849166,-0.00364346077720608
"current","hamilton","CAN","2001-Q3",0.00413271161367691,-0.00966766102127413
"current","hamilton","CAN","2001-Q4",-0.00280557420304482,-0.00831718316120663
"current","hamilton","CAN","2002-Q1",-0.000473085857431377,-0.00317394301964703
"current","hamilton","CAN","2002-Q2",-0.00674604754111719,-9.42697028773381e-05
"current","hamilton","CAN","2002-Q3",-0.00922675593843777,-0.00801897349557548
"current","hamilton","CAN","2002-Q4",-0.010888113664785,-0.00545273305325796
"current","hamilton","CAN","2003-Q1",-0.0124593277509881,-0.0084694465478115
"current","hamilton","CAN","2003-Q2",-0.0185266714021338,-0.00600952873580796
"current","hamilton","CAN","2003-Q3",-0.0159846637716356,-0.000398591724479607
"current","hamilton","CAN","2003-Q4",-0.0136817105322453,-0.00620995529936079
"current","hamilton","CAN","2004-Q1",-0.0140250630889291,-0.00132674536015135
"current","hamilton","CAN","2004-Q2",-0.00643434473996227,-0.00620422298631327
"current","hamilton","CAN","2004-Q3",-0.00256033080950916,-0.0055277421250318
"current","hamilton","CAN","2004-Q4",-0.00288376233980365,-0.00731116634447147
"current","hamilton","CAN","2005-Q1",-0.00496858356582795,-0.000308586285729467
"current","hamilton","CAN","2005-Q2",-0.000419034138532049,0.00273071565366326
"current","hamilton","CAN","2005-Q3",0.00781671539026882,0.00179517896165323
"current","hamilton","CAN","2005-Q4",0.0131992605241435,0.00692020610484239
"current","hamilton","CAN","2006-Q1",0.0174425273145361,0.0126279823270889
"current","hamilton","CAN","2006-Q2",0.0102545953096096,0.0152857763408319
"current","hamilton","CAN","2006-Q3",0.00428188309189571,0.0196240843829379
"current","hamilton","CAN","2006-Q4",0.000766106734509782,0.0210143236950354
"current","hamilton","CAN","2007-Q1",0.000419183091094209,0.0200799951908462
"current","hamilton","CAN","2007-Q2",0.00253663961347102,0.0257515493226472
"current","hamilton","CAN","2007-Q3",-0.00191303197704125,0.0266642478772068
"current","hamilton","CAN","2007-Q4",-0.00769563900562631,0.0351953993392405
"current","hamilton","CAN","2008-Q1",-0.0147618289381298,0.03393587690376
"current","hamilton","CAN","2008-Q2",-0.0163233568101896,0.027356850896954
"current","hamilton","CAN","2008-Q3",-0.0131371490926691,0.0183862025376565
"current","hamilton","CAN","2008-Q4",-0.0288880835782267,-0.00384719414103494
"current","hamilton","CAN","2009-Q1",-0.0553525600219735,-0.0156304915938802
"current","hamilton","CAN","2009-Q2",-0.072199143343229,-0.0188049865680913
"current","hamilton","CAN","2009-Q3",-0.0719179058571923,-0.018839157307067
"current","hamilton","CAN","2009-Q4",-0.0642024757285068,-0.0247397282060156
"current","hamilton","CAN","2010-Q1",-0.0555634312599081,-0.0251594637938207
"current","hamilton","CAN","2010-Q2",-0.053168291697187,-0.0243269896021083
"current","hamilton","CAN","2010-Q3",-0.050538778883685,-0.0237409081247277
"current","hamilton","CAN","2010-Q4",-0.0353038345984655,-0.013386254842729
"current","hamilton","CAN","2011-Q1",-0.0188748452905497,-0.00904878950851094
"current","hamilton","CAN","2011-Q2",-0.0112227993640388,-0.00476075522086005
"current","hamilton","CAN","2011-Q3",0.0072932997168171,-0.000690111405072742
"current","hamilton","CAN","2011-Q4",0.0171288001127472,0.00153197580611492
"current","hamilton","CAN","2012-Q1",0.0137593118535114,-0.00125079747086279
"current","hamilton","CAN","2012-Q2",0.0111267725661433,-0.00821058632768161
"current","hamilton","CAN","2012-Q3",0.00434077771758281,-0.00970976891131707
"current","hamilton","CAN","2012-Q4",-0.00286334900451528,-0.0133524954332445
"current","hamilton","CAN","2013-Q1",-0.000365693291974091,-0.0127227831292351
"current","hamilton","CAN","2013-Q2",0.000712037218373939,-0.0093557887805738
"current","hamilton","CAN","2013-Q3",-0.00128787160661057,-0.00766976846162568
"current","hamilton","CAN","2013-Q4",0.0025837974928809,-0.00572468334762258
"current","hamilton","CAN","2014-Q1",0.00107442574917109,-0.00768893910680561
"current","hamilton","CAN","2014-Q2",0.00403199765573095,-0.00217865709967175
"current","hamilton","CAN","2014-Q3",0.0106684139079884,0.000362921933842031
"current","hamilton","CAN","2014-Q4",0.0159115505853598,0.00326214455336026
"current","hamilton","CAN","2015-Q1",0.00516171146824974,0.000551055428335372
"current","hamilton","CAN","2015-Q2",-0.00132162565207912,-0.000775997156078562
"current","hamilton","CAN","2015-Q3",-0.00360699758022611,0.00037567365396355
"current","hamilton","CAN","2015-Q4",-0.0112193994343642,0.00148748321435514
"current","hamilton","CAN","2016-Q1",-0.00933831043345467,-0.00288357846337161
"current","hamilton","CAN","2016-Q2",-0.0221387907288458,-0.00456502268238438
"current","hamilton","CAN","2016-Q3",-0.0195291602011699,-0.00381661442418288
"current","hamilton","CAN","2016-Q4",-0.0193533724014654,-0.00268414075588069
"current","hamilton","CAN","2017-Q1",-0.00842823665900803,0.0021899817758138
"current","hamilton","CAN","2017-Q2",0.000157983073650865,0.00948554464647988
"current","hamilton","CAN","2017-Q3",-0.00191182937172408,0.0132718201465757
"current","hamilton","CAN","2017-Q4",0.00446626952301733,0.0140168529799902
"current","hamilton","CAN","2018-Q1",0.0134893858534745,0.0162692255065859
"current","hamilton","CAN","2018-Q2",0.0221748242782869,0.0168962113886293
"current","hamilton","CAN","2018-Q3",0.0217898253492023,0.0169831702576273
"current","hamilton","CAN","2018-Q4",0.0202685618565564,0.012621760186676
"current","hamilton","CAN","2019-Q1",0.0164529832691041,0.0110041937229331
"current","hamilton","CAN","2019-Q2",0.018457662068926,0.00452593327090755
"current","hamilton","CAN","2019-Q3",0.0172508154791907,0.000421097117606902
"current","hamilton","CAN","2019-Q4",0.013082364091347,-0.000979819254386616
"current","hamilton","CAN","2020-Q1",-0.0148202623858552,-0.0303313685973128
"current","hamilton","CAN","2020-Q2",-0.136344776904072,-0.18946967866245
"current","hamilton","CAN","2020-Q3",-0.0551026958269742,-0.0763760011661208
"current","hamilton","CAN","2020-Q4",-0.0419198214701065,-0.0748108150133672
"current","hamilton","CAN","2021-Q1",-0.028960024914537,-0.0751616068932193
"current","hamilton","CAN","2021-Q2",-0.0368102061075671,-0.0789897866022125
"current","hamilton","CAN","2021-Q3",-0.0196964052182528,-0.0303642017896573
"current","hamilton","CAN","2021-Q4",-0.00561176854548919,-0.0251358517910324
"current","hamilton","CAN","2022-Q1",0.0102600097947398,-0.0130974792652199
"current","hamilton","CAN","2022-Q2",0.074190862237699,0.0631080954154319
"current","hamilton","CAN","2022-Q3",0.051780444604098,0.0566763736975946
"current","hamilton","CAN","2022-Q4",0.0612380995967093,0.0728097816371399
"current","hamilton","CAN","2023-Q1",0.0797790649647833,0.101680865506248
"current","hamilton","CAN","2023-Q2",0.0561385687471156,0.0657861789147363
"current","hamilton","CAN","2023-Q3",0.0404869572151758,0.0492106469598184
"current","hamilton","CAN","2023-Q4",0.0277428138822271,0.0438493749024259
"current","hamilton","CAN","2024-Q1",0.0266939396205322,0.0361414622187634
"current","hamilton","CAN","2024-Q2",0.0214493876418854,0.0131828260073774
"current","hamilton","CAN","2024-Q3",0.0193036888701437,0.0137456453947655
"current","hamilton","CAN","2024-Q4",0.0212670836916122,0.0108323578085866
"current","hamilton","CAN","2025-Q1",0.019574708501344,0.0023097062404522
"current","hamilton","CAN","2025-Q2",0.0136968429425406,0.00896759341103641
"current","hamilton","CAN","2025-Q3",0.0163848782441251,0.00391942703418961
"current","hamilton","CAN","2025-Q4",0.0107630234520696,0.00656544743807118
"current","hamilton","CAN","2026-Q1",0.00778791407000014,0.00918634056695841
"current","hamilton","CAN","2026-Q2",0.011665843337193,0.0135034968633191
"current","hamilton","CHE","1998-Q4",-0.00669171913423995,0.00413428699953394
"current","hamilton","CHE","1999-Q1",-0.00154079608208771,0.00347940653107928
"current","hamilton","CHE","1999-Q2",-0.00091479730877448,0.00462353928907277
"current","hamilton","CHE","1999-Q3",-0.0031958308541473,0.00596760692481599
"current","hamilton","CHE","1999-Q4",0.0153255468101381,0.00911078010479358
"current","hamilton","CHE","2000-Q1",0.0119137089730141,0.00865006290873533
"current","hamilton","CHE","2000-Q2",0.00262577607091371,0.0111184831854089
"current","hamilton","CHE","2000-Q3",0.00924655363982541,0.0130899241897793
"current","hamilton","CHE","2000-Q4",0.0215633908402602,0.0119296855789809
"current","hamilton","CHE","2001-Q1",0.0128669615805842,0.0151507971365242
"current","hamilton","CHE","2001-Q2",0.0155763621481002,0.0161966602945096
"current","hamilton","CHE","2001-Q3",0.0134918237043576,0.0125507120531763
"current","hamilton","CHE","2001-Q4",-0.00211184605705542,0.00626960210417992
"current","hamilton","CHE","2002-Q1",-0.00605926722227676,-0.00215190368622241
"current","hamilton","CHE","2002-Q2",-0.00675720000480254,-0.00901959332745604
"current","hamilton","CHE","2002-Q3",-0.0191768760265484,-0.0135385444492391
"current","hamilton","CHE","2002-Q4",-0.0351955305850595,-0.0208027800581355
"current","hamilton","CHE","2003-Q1",-0.042169637144119,-0.0257003756075173
"current","hamilton","CHE","2003-Q2",-0.0492622841851525,-0.0317628750613453
"current","hamilton","CHE","2003-Q3",-0.0447951205491561,-0.0326229065569828
"current","hamilton","CHE","2003-Q4",-0.0336358107046586,-0.0298038163510039
"current","hamilton","CHE","2004-Q1",-0.0300778682937805,-0.0215644665749373
"current","hamilton","CHE","2004-Q2",-0.0252471187670987,-0.0177397802916163
"current","hamilton","CHE","2004-Q3",-0.0256428127618131,-0.0156035746054982
"current","hamilton","CHE","2004-Q4",-0.0188185224000218,-0.0110486095370936
"current","hamilton","CHE","2005-Q1",-0.00884416593946624,-0.00639435139403803
"current","hamilton","CHE","2005-Q2",0.00315186725601938,-0.00218847081982956
"current","hamilton","CHE","2005-Q3",0.0111872582389091,0.00277961876582047
"current","hamilton","CHE","2005-Q4",0.0177298161432991,0.00443533420461983
"current","hamilton","CHE","2006-Q1",0.0267624207563189,0.0025574321591236
"current","hamilton","CHE","2006-Q2",0.0274173971337015,-9.33115611527768e-05
"current","hamilton","CHE","2006-Q3",0.0305491161128879,0.000103124938297767
"current","hamilton","CHE","2006-Q4",0.0396395753181104,-0.00209226881339992
"current","hamilton","CHE","2007-Q1",0.0388065707708503,0.00228686158074293
"current","hamilton","CHE","2007-Q2",0.046319205650182,0.00197503602211861
"current","hamilton","CHE","2007-Q3",0.0475663183454474,0.00243698445383555
"current","hamilton","CHE","2007-Q4",0.0438772852329301,0.00340015008111869
"current","hamilton","CHE","2008-Q1",0.0391649692590323,0.000805355065596906
"current","hamilton","CHE","2008-Q2",0.0410641957217597,0.000659155547527413
"current","hamilton","CHE","2008-Q3",0.0387203836211701,0.00207713623643551
"current","hamilton","CHE","2008-Q4",0.00366040096888063,-0.000555895560095127
"current","hamilton","CHE","2009-Q1",-0.0209913613459005,-3.18716696679403e-05
"current","hamilton","CHE","2009-Q2",-0.0288722079991926,-0.00347072885064804
"current","hamilton","CHE","2009-Q3",-0.0298247236297295,-0.00269294817822498
"current","hamilton","CHE","2009-Q4",-0.0309320155291036,-0.00256582730007542
"current","hamilton","CHE","2010-Q1",-0.0284103285548302,-7.89241514092649e-05
"current","hamilton","CHE","2010-Q2",-0.0302913360137818,-0.00166440612234348
"current","hamilton","CHE","2010-Q3",-0.031532664192105,0.00222237384722329
"current","hamilton","CHE","2010-Q4",-0.0148975782606607,0.00469954593527097
"current","hamilton","CHE","2011-Q1",-0.00952959762488975,0.000832136868658209
"current","hamilton","CHE","2011-Q2",-0.00578841436161444,0.00323361195085504
"current","hamilton","CHE","2011-Q3",-0.00608253342339341,0.0013951533204744
"current","hamilton","CHE","2011-Q4",0.000968258991357044,0.00756449822869497
"current","hamilton","CHE","2012-Q1",-0.00369567160782335,0.0114620882050761
"current","hamilton","CHE","2012-Q2",-0.00880782159593436,0.00799753518752688
"current","hamilton","CHE","2012-Q3",-0.0059915685748551,0.00502344785811987
"current","hamilton","CHE","2012-Q4",-0.0143313693706993,0.00829060669088386
"current","hamilton","CHE","2013-Q1",-0.014061953119311,0.0148829449116847
"current","hamilton","CHE","2013-Q2",-0.013910357274792,0.017409509645454
"current","hamilton","CHE","2013-Q3",-0.0062983237033713,0.01790486297121
"current","hamilton","CHE","2013-Q4",-0.00698677811047701,0.0143927952361142
"current","hamilton","CHE","2014-Q1",-0.00505447682825522,0.00543552503823147
"current","hamilton","CHE","2014-Q2",0.00455460962920229,0.00448668989035133
"current","hamilton","CHE","2014-Q3",0.004773461635179,0.004193492550553
"current","hamilton","CHE","2014-Q4",0.00901404801670188,0.00327511455978112
"current","hamilton","CHE","2015-Q1",0.00247731685261368,0.00522056740992429
"current","hamilton","CHE","2015-Q2",-0.00223455628839061,0.005545655019802
"current","hamilton","CHE","2015-Q3",0.000311300818069043,0.00722480373698054
"current","hamilton","CHE","2015-Q4",0.00440134756641019,0.00458144843760794
"current","hamilton","CHE","2016-Q1",0.00308883799191927,0.00520799803286007
"current","hamilton","CHE","2016-Q2",-0.00086721940901234,0.00589032547137022
"current","hamilton","CHE","2016-Q3",-0.00114029728057092,0.00559871160907034
"current","hamilton","CHE","2016-Q4",-0.0101334661377538,0.010886789361295
"current","hamilton","CHE","2017-Q1",-0.0115266244873028,0.00929470286402297
"current","hamilton","CHE","2017-Q2",-0.00718297416378032,0.00392016147513714
"current","hamilton","CHE","2017-Q3",-0.0056643133407822,0.000534571565391332
"current","hamilton","CHE","2017-Q4",0.00183499421124676,-0.00458493332702361
"current","hamilton","CHE","2018-Q1",0.0104245534015923,-0.00746984382241511
"current","hamilton","CHE","2018-Q2",0.0154757315570273,-0.0115059783710194
"current","hamilton","CHE","2018-Q3",0.00655155051074595,-0.0136800108787776
"current","hamilton","CHE","2018-Q4",0.00907170889740182,-0.0160669260730519
"current","hamilton","CHE","2019-Q1",0.00752212501346295,-0.0137702090994617
"current","hamilton","CHE","2019-Q2",0.00806968302496574,-0.0107225588962769
"current","hamilton","CHE","2019-Q3",0.0083755600314837,-0.0118556492835887
"current","hamilton","CHE","2019-Q4",0.00413948759151317,-0.0122413024566392
"current","hamilton","CHE","2020-Q1",-0.0180389424626349,-0.0370701976746022
"current","hamilton","CHE","2020-Q2",-0.0927652811324398,-0.110275222340627
"current","hamilton","CHE","2020-Q3",-0.0353907414271986,-0.0278492190462415
"current","hamilton","CHE","2020-Q4",-0.0336957641105237,-0.0423020190179373
"current","hamilton","CHE","2021-Q1",-0.0311568615306169,-0.0771853564560885
"current","hamilton","CHE","2021-Q2",-0.00673484613885645,-0.045004143262531
"current","hamilton","CHE","2021-Q3",0.011424632785611,-0.0243012570667256
"current","hamilton","CHE","2021-Q4",0.017776919500549,-0.023601392626294
"current","hamilton","CHE","2022-Q1",0.023993422540412,0.000351208657465646
"current","hamilton","CHE","2022-Q2",0.0668247079444731,0.0482354358358438
"current","hamilton","CHE","2022-Q3",0.0381137287459847,0.0349145153361255
"current","hamilton","CHE","2022-Q4",0.0439380101082838,0.0442548401049369
"current","hamilton","CHE","2023-Q1",0.0673732301178259,0.0516523210948704
"current","hamilton","CHE","2023-Q2",0.0250276721458462,0.0410726440337724
"current","hamilton","CHE","2023-Q3",0.0130304120127079,0.0336714234909398
"current","hamilton","CHE","2023-Q4",0.010679333532486,0.0252180970362309
"current","hamilton","CHE","2024-Q1",-0.00246265303479037,0.0155169713746494
"current","hamilton","CHE","2024-Q2",-0.00707195177455323,0.0131785105132814
"current","hamilton","CHE","2024-Q3",-0.00847216082940943,0.0116222852370489
"current","hamilton","CHE","2024-Q4",-0.00686945491109054,0.0104170032173228
"current","hamilton","CHE","2025-Q1",-0.00308233917131785,0.0100969395390018
"current","hamilton","CHE","2025-Q2",-0.00375291035064331,0.0106493187947031
"current","hamilton","CHE","2025-Q3",-0.0107380371843239,0.0134550555970047
"current","hamilton","CHE","2025-Q4",-0.00988089666357394,0.0147098905439879
"current","hamilton","CHE","2026-Q1",-0.00214089769265084,0.0108071231220029
"current","hamilton","CHE","2026-Q2",0.00996792519143154,0.00845546246259229
"current","hamilton","DEU","1998-Q4",-0.00820363775081486,0.000564927781266085
"current","hamilton","DEU","1999-Q1",-0.000598403545392907,0.0123367428664723
"current","hamilton","DEU","1999-Q2",-0.00725764181747819,0.0142424900902479
"current","hamilton","DEU","1999-Q3",-0.000330669915790644,0.0127014753554437
"current","hamilton","DEU","1999-Q4",0.00329948184018354,0.0211173317528036
"current","hamilton","DEU","2000-Q1",0.00941779492619343,0.0252994690806277
"current","hamilton","DEU","2000-Q2",0.0176833034298695,0.0334152221807005
"current","hamilton","DEU","2000-Q3",0.0134196008535726,0.0281571780857674
"current","hamilton","DEU","2000-Q4",0.0053197514423196,0.023241413643936
"current","hamilton","DEU","2001-Q1",0.0226413336586866,0.0284779511540727
"current","hamilton","DEU","2001-Q2",0.0184501256143116,0.0135028691336217
"current","hamilton","DEU","2001-Q3",0.012711878442822,0.0115945166726081
"current","hamilton","DEU","2001-Q4",0.00219153904055295,0.00583088793940312
"current","hamilton","DEU","2002-Q1",-0.00927948379955213,-0.00606862599108458
"current","hamilton","DEU","2002-Q2",-0.0150122618735231,-0.0195482776501094
"current","hamilton","DEU","2002-Q3",-0.0109369291633081,-0.0181148980491457
"current","hamilton","DEU","2002-Q4",-0.0177103020786377,-0.017373355232668
"current","hamilton","DEU","2003-Q1",-0.0440995673026796,-0.0251457613910576
"current","hamilton","DEU","2003-Q2",-0.0429443422702583,-0.0233712719031987
"current","hamilton","DEU","2003-Q3",-0.0318885345769802,-0.0199743748988401
"current","hamilton","DEU","2003-Q4",-0.0378158585804705,-0.0230818379018795
"current","hamilton","DEU","2004-Q1",-0.036287387316498,-0.0190509637920247
"current","hamilton","DEU","2004-Q2",-0.0318285253388372,-0.0195103453823459
"current","hamilton","DEU","2004-Q3",-0.0370590498745545,-0.0237231913816031
"current","hamilton","DEU","2004-Q4",-0.0349639398513836,-0.0159999029353383
"current","hamilton","DEU","2005-Q1",-0.0282654123923029,-0.00991064362087914
"current","hamilton","DEU","2005-Q2",-0.0251813400778649,-0.00998227562139556
"current","hamilton","DEU","2005-Q3",-0.020373953888386,-0.0130140989287862
"current","hamilton","DEU","2005-Q4",-0.0121770796762602,-0.013941528270451
"current","hamilton","DEU","2006-Q1",-0.000745609677610593,-0.00701920632783982
"current","hamilton","DEU","2006-Q2",0.0101181910898579,-0.00378217185144134
"current","hamilton","DEU","2006-Q3",0.0182535990820424,-0.0028854430557014
"current","hamilton","DEU","2006-Q4",0.0339953249002146,0.00624467680903361
"current","hamilton","DEU","2007-Q1",0.0318899348625725,-0.00965540553380355
"current","hamilton","DEU","2007-Q2",0.0370995030940151,-0.00443532447334482
"current","hamilton","DEU","2007-Q3",0.0388385637423726,-0.00884215742522474
"current","hamilton","DEU","2007-Q4",0.0437207284341538,-0.0121605683276476
"current","hamilton","DEU","2008-Q1",0.0417106351172533,-0.0134950758325756
"current","hamilton","DEU","2008-Q2",0.0263871669922656,-0.0194677191136738
"current","hamilton","DEU","2008-Q3",0.0153017684564297,-0.0214081100217088
"current","hamilton","DEU","2008-Q4",-0.0114710897292976,-0.0342576716554784
"current","hamilton","DEU","2009-Q1",-0.0678848038500827,-0.02366414384108
"current","hamilton","DEU","2009-Q2",-0.0712885515798126,-0.023544179600893
"current","hamilton","DEU","2009-Q3",-0.0736555580318704,-0.0265783819185983
"current","hamilton","DEU","2009-Q4",-0.070192000402909,-0.0230203394830369
"current","hamilton","DEU","2010-Q1",-0.0684749424347614,-0.031501944097013
"current","hamilton","DEU","2010-Q2",-0.0477852516662774,-0.0200907523311699
"current","hamilton","DEU","2010-Q3",-0.0385314807846158,-0.0155370314961423
"current","hamilton","DEU","2010-Q4",-0.0272659583409248,-0.00830084976214219
"current","hamilton","DEU","2011-Q1",0.0145882403528472,-0.0121035457798544
"current","hamilton","DEU","2011-Q2",0.0213007312381156,-0.00865816350038832
"current","hamilton","DEU","2011-Q3",0.0293034812523036,-0.00407384147111506
"current","hamilton","DEU","2011-Q4",0.0450252016970871,-0.00423671862165795
"current","hamilton","DEU","2012-Q1",0.0432714676546057,0.00167072252736002
"current","hamilton","DEU","2012-Q2",0.0322327343644974,0.00274188480442621
"current","hamilton","DEU","2012-Q3",0.0250825831840069,0.00497744896863344
"current","hamilton","DEU","2012-Q4",0.0162360702219086,-0.00165909578124986
"current","hamilton","DEU","2013-Q1",-0.00606251273857368,-0.0090123738986119
"current","hamilton","DEU","2013-Q2",0.000410286611913167,-0.00326676991502411
"current","hamilton","DEU","2013-Q3",-0.000426723318270283,-0.00177947167421514
"current","hamilton","DEU","2013-Q4",-0.00620881570358685,-0.00918400448373473
"current","hamilton","DEU","2014-Q1",0.00206813580444909,-0.0106779074664411
"current","hamilton","DEU","2014-Q2",-0.000275331651818687,-0.00959729998859749
"current","hamilton","DEU","2014-Q3",0.00382298905672562,-0.00477841413382316
"current","hamilton","DEU","2014-Q4",0.0122255326458978,-0.000473660802035034
"current","hamilton","DEU","2015-Q1",0.0120764387158283,0.00358983765731887
"current","hamilton","DEU","2015-Q2",0.0123207414943265,0.00653401898236929
"current","hamilton","DEU","2015-Q3",0.0158185696823228,0.0133647372957787
"current","hamilton","DEU","2015-Q4",0.022420154154962,0.0212476507488489
"current","hamilton","DEU","2016-Q1",0.0209686867475552,0.0246645706409942
"current","hamilton","DEU","2016-Q2",0.0212747209627076,0.0222207004561202
"current","hamilton","DEU","2016-Q3",0.0226736970543914,0.0267631327311152
"current","hamilton","DEU","2016-Q4",0.0188381902930188,0.0304488373921269
"current","hamilton","DEU","2017-Q1",0.0318535086085869,0.0283212126053936
"current","hamilton","DEU","2017-Q2",0.0349302432678724,0.0309463781351579
"current","hamilton","DEU","2017-Q3",0.037340851362389,0.0268194789316623
"current","hamilton","DEU","2017-Q4",0.0460765672271345,0.0297586536855563
"current","hamilton","DEU","2018-Q1",0.0343875042598522,0.0251673292874941
"current","hamilton","DEU","2018-Q2",0.0374486511476894,0.0252383421916543
"current","hamilton","DEU","2018-Q3",0.0290907964116607,0.0205593476642768
"current","hamilton","DEU","2018-Q4",0.0272259514868182,0.0243143910284606
"current","hamilton","DEU","2019-Q1",0.0272962005838809,0.0259866397361954
"current","hamilton","DEU","2019-Q2",0.0216141520021551,0.0225085417597123
"current","hamilton","DEU","2019-Q3",0.0211899344076461,0.026462977064947
"current","hamilton","DEU","2019-Q4",0.00625512552555997,0.0194611904612144
"current","hamilton","DEU","2020-Q1",-0.013991320648855,-0.0277768474709817
"current","hamilton","DEU","2020-Q2",-0.113704723309154,-0.137992209453709
"current","hamilton","DEU","2020-Q3",-0.0322547692741989,-0.0330229536856829
"current","hamilton","DEU","2020-Q4",-0.0232089161666071,-0.0573935237784758
"current","hamilton","DEU","2021-Q1",-0.0342088734488173,-0.096768171160132
"current","hamilton","DEU","2021-Q2",-0.0104222766303522,-0.0749478263766315
"current","hamilton","DEU","2021-Q3",-0.0126147977297484,-0.0345562664359721
"current","hamilton","DEU","2021-Q4",-0.00906912660422348,-0.0318151010887111
"current","hamilton","DEU","2022-Q1",0.00743226691252581,0.0057316071561724
"current","hamilton","DEU","2022-Q2",0.0492212115992852,0.043950099087743
"current","hamilton","DEU","2022-Q3",0.0218741603741794,0.0370186299017293
"current","hamilton","DEU","2022-Q4",0.0164736670455859,0.0551486855483854
"current","hamilton","DEU","2023-Q1",0.0509106846041332,0.0779088023440171
"current","hamilton","DEU","2023-Q2",0.00572742668547822,0.054547920002784
"current","hamilton","DEU","2023-Q3",0.00171089572045742,0.0470537073503746
"current","hamilton","DEU","2023-Q4",-0.00126687357666032,0.0427914183567583
"current","hamilton","DEU","2024-Q1",-0.0119933315247277,0.025696593636987
"current","hamilton","DEU","2024-Q2",-0.014961930009718,0.00907913268427345
"current","hamilton","DEU","2024-Q3",-0.0172309126912448,0.00141639293903995
"current","hamilton","DEU","2024-Q4",-0.0168917457037672,0.00524921793155164
"current","hamilton","DEU","2025-Q1",-0.0129337604744912,0.00829986825862426
"current","hamilton","DEU","2025-Q2",-0.0136305908524184,0.00596262550377936
"current","hamilton","DEU","2025-Q3",-0.0132756086832739,0.00967349300050621
"current","hamilton","DEU","2025-Q4",-0.00656145209428743,0.0167538835753506
"current","hamilton","DEU","2026-Q1",-0.00243476548680605,0.00630935035640863
"current","hamilton","DEU","2026-Q2",0.000670048468685924,0.00814539112906087
"current","hamilton","FRA","1998-Q4",-0.00381293880343235,-0.0187106816258321
"current","hamilton","FRA","1999-Q1",0.000104558239598381,-0.0168531470926189
"current","hamilton","FRA","1999-Q2",0.000838004150764485,-0.00980529642554041
"current","hamilton","FRA","1999-Q3",0.00904087959291685,0.0128851042406532
"current","hamilton","FRA","1999-Q4",0.0160749772508535,0.0113538492628159
"current","hamilton","FRA","2000-Q1",0.017018950356677,0.0168788606750718
"current","hamilton","FRA","2000-Q2",0.0209985798192964,0.0161373843013743
"current","hamilton","FRA","2000-Q3",0.0225924897056878,0.0107398966228777
"current","hamilton","FRA","2000-Q4",0.0222144348542906,0.00471008417421508
"current","hamilton","FRA","2001-Q1",0.0213662913394635,0.00882502832410207
"current","hamilton","FRA","2001-Q2",0.01646492959169,0.0104057495575476
"current","hamilton","FRA","2001-Q3",0.0137097840703598,0.00620583728911659
"current","hamilton","FRA","2001-Q4",-0.000243774500958281,0.00512040912604311
"current","hamilton","FRA","2002-Q1",-0.002894206149438,-0.00265843756662896
"current","hamilton","FRA","2002-Q2",-0.00875523222560327,-0.00613935873931823
"current","hamilton","FRA","2002-Q3",-0.0135892884930102,-0.00485816465387074
"current","hamilton","FRA","2002-Q4",-0.0195195739316049,-0.00571547781419722
"current","hamilton","FRA","2003-Q1",-0.0230077105844063,-0.00728668074121935
"current","hamilton","FRA","2003-Q2",-0.0307739632186412,-0.011456167766415
"current","hamilton","FRA","2003-Q3",-0.0238887294740091,-0.0108779130743847
"current","hamilton","FRA","2003-Q4",-0.0206507510372563,-0.0143205576429511
"current","hamilton","FRA","2004-Q1",-0.0125024802333073,-0.0128361663852571
"current","hamilton","FRA","2004-Q2",-0.0115880980566434,-0.0128395378283684
"current","hamilton","FRA","2004-Q3",-0.00955805029236704,-0.018145717272839
"current","hamilton","FRA","2004-Q4",-0.00348443620970754,-0.0076546318387285
"current","hamilton","FRA","2005-Q1",-0.00328432554139572,-0.00735999002828763
"current","hamilton","FRA","2005-Q2",-0.00113832845110188,-0.00576860971480083
"current","hamilton","FRA","2005-Q3",0.00280823973392766,-0.00348808018261011
"current","hamilton","FRA","2005-Q4",0.00648462827447516,0.00280148195909937
"current","hamilton","FRA","2006-Q1",0.010868205716011,0.00907784689676707
"current","hamilton","FRA","2006-Q2",0.0167535992887837,0.0137885269122414
"current","hamilton","FRA","2006-Q3",0.013664680471782,0.014386259215447
"current","hamilton","FRA","2006-Q4",0.0121451759148082,0.0105026660320224
"current","hamilton","FRA","2007-Q1",0.0188052829884694,0.0160649899147374
"current","hamilton","FRA","2007-Q2",0.0223886128075883,0.0225231569190148
"current","hamilton","FRA","2007-Q3",0.0200867666045768,0.0237944551584235
"current","hamilton","FRA","2007-Q4",0.0160704451941934,0.0194428299172597
"current","hamilton","FRA","2008-Q1",0.0196221537892589,0.0107677021020988
"current","hamilton","FRA","2008-Q2",0.0038084696750204,0.00361982355294626
"current","hamilton","FRA","2008-Q3",-0.00291148856758452,-0.000617794286611446
"current","hamilton","FRA","2008-Q4",-0.0212570039399946,-0.0083247377195559
"current","hamilton","FRA","2009-Q1",-0.0481585510225646,-0.0161334634172692
"current","hamilton","FRA","2009-Q2",-0.0508562768485828,-0.0162536082172478
"current","hamilton","FRA","2009-Q3",-0.0530343071423553,-0.0195233685273272
"current","hamilton","FRA","2009-Q4",-0.0497833997236936,-0.0158298103340309
"current","hamilton","FRA","2010-Q1",-0.0523248266631563,-0.0168566936375836
"current","hamilton","FRA","2010-Q2",-0.0468936924666039,-0.0160796229035274
"current","hamilton","FRA","2010-Q3",-0.0392581084346458,-0.00894944087557249
"current","hamilton","FRA","2010-Q4",-0.0301857190568194,0.00166269827610811
"current","hamilton","FRA","2011-Q1",-0.00613228802214024,0.00999048813694888
"current","hamilton","FRA","2011-Q2",-0.00225518467838924,-0.00488262990814724
"current","hamilton","FRA","2011-Q3",0.00518103462640841,-0.00561928607385298
"current","hamilton","FRA","2011-Q4",0.0103638673012604,-0.0117831753138687
"current","hamilton","FRA","2012-Q1",0.00740042056645261,-0.0138290797621673
"current","hamilton","FRA","2012-Q2",-0.000200367188776007,-0.0170232502319666
"current","hamilton","FRA","2012-Q3",-0.00215235502249863,-0.020763483263107
"current","hamilton","FRA","2012-Q4",-0.00689077703876412,-0.0238006804327179
"current","hamilton","FRA","2013-Q1",-0.0123022741148731,-0.0281908087770045
"current","hamilton","FRA","2013-Q2",-0.00760480890182124,-0.0250682194045016
"current","hamilton","FRA","2013-Q3",-0.0136674924989095,-0.0252470518023254
"current","hamilton","FRA","2013-Q4",-0.0126588563933439,-0.0188444621774183
"current","hamilton","FRA","2014-Q1",-0.0134352440125902,-0.018492738132578
"current","hamilton","FRA","2014-Q2",-0.0107736350246981,-0.0111386169650649
"current","hamilton","FRA","2014-Q3",-0.0055521392204078,-0.00856083425428065
"current","hamilton","FRA","2014-Q4",-0.00824392037630287,-0.00321417632068665
"current","hamilton","FRA","2015-Q1",-0.00241717827943696,0.00079677582356671
"current","hamilton","FRA","2015-Q2",-0.00626106793720635,0.000369275230702372
"current","hamilton","FRA","2015-Q3",-0.00375159985916215,0.00378170608936848
"current","hamilton","FRA","2015-Q4",-0.00426401911938109,0.00156973176921147
"current","hamilton","FRA","2016-Q1",-0.00403090418132144,0.0109567533041873
"current","hamilton","FRA","2016-Q2",-0.0074642862078856,0.00832189382860918
"current","hamilton","FRA","2016-Q3",-0.00996559966582128,0.00632772946735805
"current","hamilton","FRA","2016-Q4",-0.00361732511443349,0.0115456299301423
"current","hamilton","FRA","2017-Q1",8.06657779091844e-05,0.0108646086796775
"current","hamilton","FRA","2017-Q2",0.00505350767754135,0.0118097170449961
"current","hamilton","FRA","2017-Q3",0.0116321944447698,0.0146690814317522
"current","hamilton","FRA","2017-Q4",0.0146846275358381,0.0138337888916595
"current","hamilton","FRA","2018-Q1",0.0122040737504667,0.0131049545961424
"current","hamilton","FRA","2018-Q2",0.013929947198165,0.0117793632162885
"current","hamilton","FRA","2018-Q3",0.0181167849588608,0.0119844309322362
"current","hamilton","FRA","2018-Q4",0.0221817363997,0.00832952413391388
"current","hamilton","FRA","2019-Q1",0.0288488311739727,0.0157867915680662
"current","hamilton","FRA","2019-Q2",0.0291544396933416,0.0191252727930636
"current","hamilton","FRA","2019-Q3",0.0235600726910397,0.0155389258712565
"current","hamilton","FRA","2019-Q4",0.0129103485513379,0.00931273335328543
"current","hamilton","FRA","2020-Q1",-0.0416395655671235,-0.0420669325901582
"current","hamilton","FRA","2020-Q2",-0.17513652013959,-0.15554198540107
"current","hamilton","FRA","2020-Q3",-0.0378924177312683,-0.0075113136066079
"current","hamilton","FRA","2020-Q4",-0.0414265279969891,-0.0567774026042401
"current","hamilton","FRA","2021-Q1",-0.0424676464390747,-0.0550872194525819
"current","hamilton","FRA","2021-Q2",-0.0356229789515766,-0.0420103854803548
"current","hamilton","FRA","2021-Q3",-0.0100324343147274,-0.000612920944555077
"current","hamilton","FRA","2021-Q4",-0.00606369419365197,-0.000420023602421988
"current","hamilton","FRA","2022-Q1",0.0117714038772916,0.0057320143823735
"current","hamilton","FRA","2022-Q2",0.0703526522851103,0.0587269545341262
"current","hamilton","FRA","2022-Q3",0.0485132712921066,0.0469760236388366
"current","hamilton","FRA","2022-Q4",0.058958130757285,0.0638709625086099
"current","hamilton","FRA","2023-Q1",0.0785761049061124,0.0693871108072646
"current","hamilton","FRA","2023-Q2",0.0466604694602716,0.0413585949612028
"current","hamilton","FRA","2023-Q3",0.0376886572302079,0.0400681351149251
"current","hamilton","FRA","2023-Q4",0.0345334453006189,0.0267561252027581
"current","hamilton","FRA","2024-Q1",0.030406807988178,0.0199212504158111
"current","hamilton","FRA","2024-Q2",0.0232161049829502,0.00653361247583128
"current","hamilton","FRA","2024-Q3",0.0238827800865252,0.0114238016546118
"current","hamilton","FRA","2024-Q4",0.02126062634275,0.0108523672198487
"current","hamilton","FRA","2025-Q1",0.0203640334654218,0.00630838870383338
"current","hamilton","FRA","2025-Q2",0.0174777505441214,0.00550581344462003
"current","hamilton","FRA","2025-Q3",0.017929521028857,0.00489662380773036
"current","hamilton","FRA","2025-Q4",0.0169628785103507,0.00630331063842921
"current","hamilton","FRA","2026-Q1",0.0108509756728388,0.00186390913325399
"current","hamilton","FRA","2026-Q2",0.00864006375249347,0.0038510176477892
"current","hamilton","GBR","1998-Q4",-0.000516746121668436,-0.0178119461695151
"current","hamilton","GBR","1999-Q1",-0.0027877387539749,-0.0157289833539071
"current","hamilton","GBR","1999-Q2",-0.00905688359638135,-0.00557170683180961
"current","hamilton","GBR","1999-Q3",-0.00237146941098929,-0.00625977386217853
"current","hamilton","GBR","1999-Q4",0.00211836172285132,-0.00743966455652614
"current","hamilton","GBR","2000-Q1",0.00692846066713225,-0.00398916825063718
"current","hamilton","GBR","2000-Q2",0.00712857407348505,-0.00136996753106068
"current","hamilton","GBR","2000-Q3",0.00724561480803795,0.00282243104540285
"current","hamilton","GBR","2000-Q4",0.0083281272658002,0.00566842569775461
"current","hamilton","GBR","2001-Q1",0.0117482432811977,0.00129578217384759
"current","hamilton","GBR","2001-Q2",0.0124354245777723,-0.000686465278540345
"current","hamilton","GBR","2001-Q3",0.00873519453327499,0.00832958460336962
"current","hamilton","GBR","2001-Q4",0.00152028169313615,0.00676317010662651
"current","hamilton","GBR","2002-Q1",-0.00512066860059794,-0.00309573275669207
"current","hamilton","GBR","2002-Q2",-0.0103612856315644,-0.00685771452048387
"current","hamilton","GBR","2002-Q3",-0.0132261493808922,-0.00512420271601388
"current","hamilton","GBR","2002-Q4",-0.0137245446646416,-0.00473845330977287
"current","hamilton","GBR","2003-Q1",-0.0114638699407995,-0.00488927428351583
"current","hamilton","GBR","2003-Q2",-0.0070810008448606,0.000599050973815635
"current","hamilton","GBR","2003-Q3",-0.00135635012826321,0.00129173144938267
"current","hamilton","GBR","2003-Q4",0.00225990252715271,0.00163777071706071
"current","hamilton","GBR","2004-Q1",0.00242618395500367,0.00131893145633234
"current","hamilton","GBR","2004-Q2",0.00353406981020723,0.0034713597789783
"current","hamilton","GBR","2004-Q3",0.00335079491648782,0.00435714745102424
"current","hamilton","GBR","2004-Q4",0.0034696746308909,0.00672483052260859
"current","hamilton","GBR","2005-Q1",0.00538037609138697,0.0105849342272947
"current","hamilton","GBR","2005-Q2",0.00710270233978025,0.00559391400791723
"current","hamilton","GBR","2005-Q3",0.00880047623749857,0.00597558743656599
"current","hamilton","GBR","2005-Q4",0.0118351713157798,0.003912513178901
"current","hamilton","GBR","2006-Q1",0.00961008109739411,-0.00756864536310015
"current","hamilton","GBR","2006-Q2",0.00664897878544007,-0.0126832524093222
"current","hamilton","GBR","2006-Q3",0.00396402508782747,-0.00928259351242483
"current","hamilton","GBR","2006-Q4",0.00410902159188904,-0.0127975933629345
"current","hamilton","GBR","2007-Q1",0.0101878579957223,-0.00867713808319813
"current","hamilton","GBR","2007-Q2",0.0142236327805903,-0.00260691705967017
"current","hamilton","GBR","2007-Q3",0.0172770871647895,0.0117271487228296
"current","hamilton","GBR","2007-Q4",0.0179634165478241,0.00537542415350896
"current","hamilton","GBR","2008-Q1",0.0157240819301994,0.00854728989072802
"current","hamilton","GBR","2008-Q2",0.00535640834287528,-0.00662735736977706
"current","hamilton","GBR","2008-Q3",-0.0151848036954088,-0.0243213894684038
"current","hamilton","GBR","2008-Q4",-0.0391941662370466,-0.049113223164379
"current","hamilton","GBR","2009-Q1",-0.0645768840806715,-0.0571911521736895
"current","hamilton","GBR","2009-Q2",-0.0730162241864908,-0.0647397796001693
"current","hamilton","GBR","2009-Q3",-0.0784713088133778,-0.069198917517177
"current","hamilton","GBR","2009-Q4",-0.0832102507233068,-0.0675920540413741
"current","hamilton","GBR","2010-Q1",-0.0808561341245628,-0.0755283007392385
"current","hamilton","GBR","2010-Q2",-0.0717187278116894,-0.0514122509742536
"current","hamilton","GBR","2010-Q3",-0.0622435351587395,-0.0441495631025837
"current","hamilton","GBR","2010-Q4",-0.052551700140356,-0.0383536184818603
"current","hamilton","GBR","2011-Q1",-0.0376369109140063,-0.0387065291703637
"current","hamilton","GBR","2011-Q2",-0.0272591267944,-0.033758988655699
"current","hamilton","GBR","2011-Q3",-0.0176013793235574,-0.0251709968803515
"current","hamilton","GBR","2011-Q4",-0.0125142756597162,-0.0254247656459757
"current","hamilton","GBR","2012-Q1",-0.00576118889063075,-0.0253973759674273
"current","hamilton","GBR","2012-Q2",-0.0119773285355948,-0.0229386011619053
"current","hamilton","GBR","2012-Q3",-0.00716859415734488,-0.0147830830002122
"current","hamilton","GBR","2012-Q4",-0.0131655542005158,-0.00435215956294587
"current","hamilton","GBR","2013-Q1",-0.0147084781178172,-0.0181844403248365
"current","hamilton","GBR","2013-Q2",-0.00972367909502522,-0.00961421601713537
"current","hamilton","GBR","2013-Q3",-0.00290550455216826,0.00298109505947465
"current","hamilton","GBR","2013-Q4",0.00277298986962514,0.00740750622091982
"current","hamilton","GBR","2014-Q1",0.00749356284980067,0.0113245984849011
"current","hamilton","GBR","2014-Q2",0.0150402840379343,0.016174036175487
"current","hamilton","GBR","2014-Q3",0.0185513207722432,0.0284585766211527
"current","hamilton","GBR","2014-Q4",0.0216876492228229,0.0286362496497501
"current","hamilton","GBR","2015-Q1",0.0229811538691016,0.0286188834289298
"current","hamilton","GBR","2015-Q2",0.0225381202524567,0.02684827236991
"current","hamilton","GBR","2015-Q3",0.0229595391902652,0.0331578643453579
"current","hamilton","GBR","2015-Q4",0.0241584472309554,0.0303130009576236
"current","hamilton","GBR","2016-Q1",0.0229824174251066,0.0452610227091122
"current","hamilton","GBR","2016-Q2",0.0233204145529383,0.0488092233121372
"current","hamilton","GBR","2016-Q3",0.0210280904950902,0.0502683786306953
"current","hamilton","GBR","2016-Q4",0.0206686618856009,0.0458304575872833
"current","hamilton","GBR","2017-Q1",0.0248176454352308,0.0475029931959681
"current","hamilton","GBR","2017-Q2",0.0285232520668915,0.0407475016914476
"current","hamilton","GBR","2017-Q3",0.0312789475839081,0.0415012634444979
"current","hamilton","GBR","2017-Q4",0.0349070593142154,0.0445119373814183
"current","hamilton","GBR","2018-Q1",0.0315226339736059,0.0437421624094838
"current","hamilton","GBR","2018-Q2",0.0288471813752276,0.0341598293715478
"current","hamilton","GBR","2018-Q3",0.0273361272588148,0.0387972942338578
"current","hamilton","GBR","2018-Q4",0.023800015681197,0.0427804404264484
"current","hamilton","GBR","2019-Q1",0.0224089945532009,0.0355798523639547
"current","hamilton","GBR","2019-Q2",0.0184625585414764,0.0334771144836194
"current","hamilton","GBR","2019-Q3",0.0177521437852922,0.0291602306973397
"current","hamilton","GBR","2019-Q4",0.0109201918534243,0.021812507524466
"current","hamilton","GBR","2020-Q1",-0.0212848588536856,-0.0103141765283537
"current","hamilton","GBR","2020-Q2",-0.246689201477998,-0.277543064626957
"current","hamilton","GBR","2020-Q3",-0.0933390437061617,-0.101427898417684
"current","hamilton","GBR","2020-Q4",-0.0811207124149776,-0.122396674570289
"current","hamilton","GBR","2021-Q1",-0.0947006298432153,-0.161804292456289
"current","hamilton","GBR","2021-Q2",-0.0296321151540612,-0.0566953124996481
"current","hamilton","GBR","2021-Q3",-0.015946773168456,-0.0290011638523691
"current","hamilton","GBR","2021-Q4",-0.00466135627863678,-0.0255123545144255
"current","hamilton","GBR","2022-Q1",0.0132332814927032,-0.00375823033936159
"current","hamilton","GBR","2022-Q2",0.0936341638885892,0.0804821881701215
"current","hamilton","GBR","2022-Q3",0.0814525248692658,0.0762145305336777
"current","hamilton","GBR","2022-Q4",0.0891529554676645,0.10881895746508
"current","hamilton","GBR","2023-Q1",0.128602917838815,0.161099684593628
"current","hamilton","GBR","2023-Q2",0.0674488721497368,0.0928053576417478
"current","hamilton","GBR","2023-Q3",0.0470628903223754,0.0705479447420273
"current","hamilton","GBR","2023-Q4",0.0314700696884335,0.0586336061514232
"current","hamilton","GBR","2024-Q1",0.0142237885877685,0.0205827272197283
"current","hamilton","GBR","2024-Q2",0.0111735666507389,0.00429919900433901
"current","hamilton","GBR","2024-Q3",0.00709627521059766,0.00594147470496184
"current","hamilton","GBR","2024-Q4",0.00719523306250535,0.00213664637129839
"current","hamilton","GBR","2025-Q1",0.0107965336830139,-7.76128258103178e-05
"current","hamilton","GBR","2025-Q2",0.0115646116737802,0.00191312540757125
"current","hamilton","GBR","2025-Q3",0.0123008749315996,0.00550495135533795
"current","hamilton","GBR","2025-Q4",0.0140297132111191,0.00974347558889999
"current","hamilton","GBR","2026-Q1",0.0186325592401697,0.0166851483918214
"current","hamilton","GBR","2026-Q2",0.0206446923675225,0.0230003991498519
"current","hamilton","ITA","1998-Q4",-0.040887095361951,-0.0357277151729079
"current","hamilton","ITA","1999-Q1",-0.037263250446324,-0.0323856742109934
"current","hamilton","ITA","1999-Q2",-0.0383057228679482,-0.0260995932146781
"current","hamilton","ITA","1999-Q3",-0.029170603112302,-0.0164821302142881
"current","hamilton","ITA","1999-Q4",-0.0193556651563989,-0.0156346160511076
"current","hamilton","ITA","2000-Q1",-0.00707847332169109,-0.0114782574352053
"current","hamilton","ITA","2000-Q2",-0.00309872383266374,-0.00413411566686205
"current","hamilton","ITA","2000-Q3",0.00453832117818788,-0.00246831537496849
"current","hamilton","ITA","2000-Q4",0.015264276483535,0.00101602661176374
"current","hamilton","ITA","2001-Q1",0.0218633191912356,0.00268388281187323
"current","hamilton","ITA","2001-Q2",0.0197856736901616,-0.000925727922891782
"current","hamilton","ITA","2001-Q3",0.0122353363642291,-0.00728446007017632
"current","hamilton","ITA","2001-Q4",0.00548491374021516,-0.0082771695187446
"current","hamilton","ITA","2002-Q1",0.00249669757311009,-0.00838703498830755
"current","hamilton","ITA","2002-Q2",0.00246513731792302,-0.0126655628707038
"current","hamilton","ITA","2002-Q3",-0.000497048361317076,-0.0120097358302631
"current","hamilton","ITA","2002-Q4",0.0014135919090133,-0.0054946278809133
"current","hamilton","ITA","2003-Q1",-0.00590469835555721,-0.00834346458347517
"current","hamilton","ITA","2003-Q2",-0.00886867870521734,-0.00751276363475909
"current","hamilton","ITA","2003-Q3",-0.0106470201118521,-0.00300459540632178
"current","hamilton","ITA","2003-Q4",-0.000885622418645081,-0.00257712206551173
"current","hamilton","ITA","2004-Q1",0.00236733991645587,0.00116754780776275
"current","hamilton","ITA","2004-Q2",0.00471087864854571,0.00245268081469382
"current","hamilton","ITA","2004-Q3",0.00536035431867087,0.00497181752575176
"current","hamilton","ITA","2004-Q4",0.0055198614943043,0.00859625111150774
"current","hamilton","ITA","2005-Q1",0.00496583372682962,0.00823838196606094
"current","hamilton","ITA","2005-Q2",0.0136133696273017,0.0145512297362978
"current","hamilton","ITA","2005-Q3",0.0194901909139742,0.0194906395294957
"current","hamilton","ITA","2005-Q4",0.0212925686309233,0.0213260534063142
"current","hamilton","ITA","2006-Q1",0.0236799992952056,0.0259062850432341
"current","hamilton","ITA","2006-Q2",0.0257115506115762,0.0246595869145802
"current","hamilton","ITA","2006-Q3",0.02764814573511,0.0253447552060099
"current","hamilton","ITA","2006-Q4",0.0402747137323169,0.0312312430976548
"current","hamilton","ITA","2007-Q1",0.0395697186149727,0.0355256880061555
"current","hamilton","ITA","2007-Q2",0.0393063800416271,0.038561868423805
"current","hamilton","ITA","2007-Q3",0.037260622726701,0.0350525120443341
"current","hamilton","ITA","2007-Q4",0.0335411589339458,0.0331362728848027
"current","hamilton","ITA","2008-Q1",0.0426605699442573,0.032329605135303
"current","hamilton","ITA","2008-Q2",0.0318068454703545,0.0270403834803889
"current","hamilton","ITA","2008-Q3",0.015296471443811,0.0179234540196359
"current","hamilton","ITA","2008-Q4",-0.013476256787966,0.00933884165301877
"current","hamilton","ITA","2009-Q1",-0.038416624118446,0.00669034108606376
"current","hamilton","ITA","2009-Q2",-0.0451474368529347,0.00158734401552976
"current","hamilton","ITA","2009-Q3",-0.0425827130579576,0.00446719292939556
"current","hamilton","ITA","2009-Q4",-0.0392540755844967,0.00505734533245323
"current","hamilton","ITA","2010-Q1",-0.0389983062946425,0.00923710047456417
"current","hamilton","ITA","2010-Q2",-0.0293129357314471,0.0107185730890511
"current","hamilton","ITA","2010-Q3",-0.022006250991221,0.0188025879604659
"current","hamilton","ITA","2010-Q4",-0.00615167714980266,0.0239939501088849
"current","hamilton","ITA","2011-Q1",0.00854376491818782,0.0260870956042293
"current","hamilton","ITA","2011-Q2",0.00969947148919524,0.0260814346213541
"current","hamilton","ITA","2011-Q3",0.00636192197486604,0.0229952475714269
"current","hamilton","ITA","2011-Q4",-0.00260906192868685,0.00884436284919436
"current","hamilton","ITA","2012-Q1",-0.0140684600838458,-0.00500919339626
"current","hamilton","ITA","2012-Q2",-0.0248928635556001,-0.0135985015373235
"current","hamilton","ITA","2012-Q3",-0.0327146013001739,-0.0209668204453992
"current","hamilton","ITA","2012-Q4",-0.0435767067276304,-0.0286546947349237
"current","hamilton","ITA","2013-Q1",-0.0542425804437902,-0.0411650936986834
"current","hamilton","ITA","2013-Q2",-0.0541853955142204,-0.0438776659120305
"current","hamilton","ITA","2013-Q3",-0.0500945794419036,-0.0411865112935302
"current","hamilton","ITA","2013-Q4",-0.0487203245746645,-0.0379524340773424
"current","hamilton","ITA","2014-Q1",-0.0446490157419239,-0.0390969040154108
"current","hamilton","ITA","2014-Q2",-0.0410915866820382,-0.0353887569724503
"current","hamilton","ITA","2014-Q3",-0.0379233561778421,-0.029388591427869
"current","hamilton","ITA","2014-Q4",-0.0361454431045478,-0.0234153290220738
"current","hamilton","ITA","2015-Q1",-0.0287390842286569,-0.0150904996918444
"current","hamilton","ITA","2015-Q2",-0.0236697381743273,-0.00460635177718463
"current","hamilton","ITA","2015-Q3",-0.0236597025270102,-0.00498334406687766
"current","hamilton","ITA","2015-Q4",-0.0181157660503984,-0.00440639180727546
"current","hamilton","ITA","2016-Q1",-0.0162632364797248,-0.00116377054820463
"current","hamilton","ITA","2016-Q2",-0.0132818380573233,-0.000974598585018859
"current","hamilton","ITA","2016-Q3",-0.006410537740886,0.00104042049066098
"current","hamilton","ITA","2016-Q4",-0.00237611348773533,0.0047239574229234
"current","hamilton","ITA","2017-Q1",0.00118072206838328,0.00960809497368892
"current","hamilton","ITA","2017-Q2",0.00411358681743338,0.0101970834903377
"current","hamilton","ITA","2017-Q3",0.00473600651620443,0.00847699209783351
"current","hamilton","ITA","2017-Q4",0.00883673656523653,0.00986145320700052
"current","hamilton","ITA","2018-Q1",0.00643497637131603,0.0118612704747856
"current","hamilton","ITA","2018-Q2",0.00803095353378038,0.0140550607199564
"current","hamilton","ITA","2018-Q3",0.00462531394606725,0.012150214452369
"current","hamilton","ITA","2018-Q4",0.00600802855219699,0.0116941606756262
"current","hamilton","ITA","2019-Q1",0.00629890181680122,0.0130752472466699
"current","hamilton","ITA","2019-Q2",0.00833581861478452,0.016011195530502
"current","hamilton","ITA","2019-Q3",0.00226264058664354,0.00692235033653823
"current","hamilton","ITA","2019-Q4",-0.00267750287314228,0.00305758020176972
"current","hamilton","ITA","2020-Q1",-0.0612003249525904,-0.0692826416055115
"current","hamilton","ITA","2020-Q2",-0.195673200692065,-0.183806020017247
"current","hamilton","ITA","2020-Q3",-0.0631851055719067,-0.0672857801142055
"current","hamilton","ITA","2020-Q4",-0.0613124826100863,-0.0989162912328172
"current","hamilton","ITA","2021-Q1",-0.0458183765414221,-0.111752708736997
"current","hamilton","ITA","2021-Q2",-0.0221441866559407,-0.0420124744684309
"current","hamilton","ITA","2021-Q3",0.00254695904090705,-0.0200824300644908
"current","hamilton","ITA","2021-Q4",0.0192139507381536,-0.0181952067533899
"current","hamilton","ITA","2022-Q1",0.0447437347030903,0.00148916135126449
"current","hamilton","ITA","2022-Q2",0.10312766719831,0.0398728302184041
"current","hamilton","ITA","2022-Q3",0.0656864357623333,0.0223847622337998
"current","hamilton","ITA","2022-Q4",0.0692133119301743,0.0341091221838476
"current","hamilton","ITA","2023-Q1",0.0742351988168088,0.0406520140533708
"current","hamilton","ITA","2023-Q2",0.0580797356877543,0.0252132434955474
"current","hamilton","ITA","2023-Q3",0.0508943020791229,0.0223906126689714
"current","hamilton","ITA","2023-Q4",0.0474086415447461,0.0138598483537025
"current","hamilton","ITA","2024-Q1",0.0436056674157098,0.0225188006439677
"current","hamilton","ITA","2024-Q2",0.038650318271502,0.0214122627982372
"current","hamilton","ITA","2024-Q3",0.0369311666072518,0.0240403371732474
"current","hamilton","ITA","2024-Q4",0.0381487477020162,0.0291300132463103
"current","hamilton","ITA","2025-Q1",0.0387023774553123,0.0263243056464013
"current","hamilton","ITA","2025-Q2",0.038405877896842,0.0313398118935093
"current","hamilton","ITA","2025-Q3",0.0399525611166281,0.0340312557130719
"current","hamilton","ITA","2025-Q4",0.0418369479938845,0.0350936978075756
"current","hamilton","ITA","2026-Q1",0.0446691338082746,0.0383746400350342
"current","hamilton","ITA","2026-Q2",0.0456046297264522,0.0430723044058884
"current","hamilton","JPN","1998-Q4",-0.0275418534867018,-0.036657199030772
"current","hamilton","JPN","1999-Q1",-0.0503012215496993,-0.0425457325599828
"current","hamilton","JPN","1999-Q2",-0.0402177905434059,-0.0331978751689718
"current","hamilton","JPN","1999-Q3",-0.0386373037407064,-0.0237369326236976
"current","hamilton","JPN","1999-Q4",-0.0425307920355104,-0.0267000924207134
"current","hamilton","JPN","2000-Q1",-0.0110698982208597,-0.0108729878459623
"current","hamilton","JPN","2000-Q2",-0.00180353427723332,-0.0132576087197174
"current","hamilton","JPN","2000-Q3",-0.00500284618144629,-0.0146719638759896
"current","hamilton","JPN","2000-Q4",0.00505723499109307,-0.00234209893893931
"current","hamilton","JPN","2001-Q1",0.0222252383305494,0.00168236807642067
"current","hamilton","JPN","2001-Q2",0.0123078073578219,0.00798776145283096
"current","hamilton","JPN","2001-Q3",-0.00818313538955991,0.00328280780253519
"current","hamilton","JPN","2001-Q4",-0.00399255518792649,0.00110960365147255
"current","hamilton","JPN","2002-Q1",-0.0143131410522107,0.00382134989330864
"current","hamilton","JPN","2002-Q2",-0.0134366581665533,0.00876460849398332
"current","hamilton","JPN","2002-Q3",-0.0075515565410003,0.00884359770424164
"current","hamilton","JPN","2002-Q4",-0.0177998311153542,-0.0015335921919628
"current","hamilton","JPN","2003-Q1",-0.0251065892566273,-0.00325107288108112
"current","hamilton","JPN","2003-Q2",-0.0106906886185942,-0.00444648403369861
"current","hamilton","JPN","2003-Q3",-0.00327406545891789,-0.00716925941514518
"current","hamilton","JPN","2003-Q4",0.00521554609399125,0.0034750769350264
"current","hamilton","JPN","2004-Q1",0.0134566682347786,0.000570201908729973
"current","hamilton","JPN","2004-Q2",0.0122905150849308,-0.00277910771206896
"current","hamilton","JPN","2004-Q3",0.0169016363874601,0.00329448815673113
"current","hamilton","JPN","2004-Q4",0.0115488866261108,-0.0057819494640911
"current","hamilton","JPN","2005-Q1",0.0161577811076964,0.00198655121893753
"current","hamilton","JPN","2005-Q2",0.0197374789114601,0.00728097588889331
"current","hamilton","JPN","2005-Q3",0.0257380900716861,0.0166152397098594
"current","hamilton","JPN","2005-Q4",0.0236477700400764,0.0136453154570456
"current","hamilton","JPN","2006-Q1",0.0162359972266748,0.0106115478511848
"current","hamilton","JPN","2006-Q2",0.0195509202817137,0.0138751494976285
"current","hamilton","JPN","2006-Q3",0.0133267247098004,0.000586167285624909
"current","hamilton","JPN","2006-Q4",0.0257357821482639,0.0182166412557135
"current","hamilton","JPN","2007-Q1",0.0300559521236873,0.0129897333848835
"current","hamilton","JPN","2007-Q2",0.0229585358234779,0.0158958827878288
"current","hamilton","JPN","2007-Q3",0.0127871017811922,0.00223219022151772
"current","hamilton","JPN","2007-Q4",0.0154645113097226,0.00331223271993486
"current","hamilton","JPN","2008-Q1",0.0146137850647624,0.0032386955115281
"current","hamilton","JPN","2008-Q2",0.00514317139353981,-0.0109181832637463
"current","hamilton","JPN","2008-Q3",-0.00693118900842542,-0.0109521734469584
"current","hamilton","JPN","2008-Q4",-0.0393099510681654,-0.0296554464620028
"current","hamilton","JPN","2009-Q1",-0.0904696052676996,-0.0254874908832273
"current","hamilton","JPN","2009-Q2",-0.07862650444389,-0.0310482095952548
"current","hamilton","JPN","2009-Q3",-0.0850040230761419,-0.0340393715298566
"current","hamilton","JPN","2009-Q4",-0.0750135734836123,-0.0212255785454228
"current","hamilton","JPN","2010-Q1",-0.0655508979111332,-0.0186778123222096
"current","hamilton","JPN","2010-Q2",-0.0456847440268179,-0.00270261054167001
"current","hamilton","JPN","2010-Q3",-0.023234089257089,0.0139829035192692
"current","hamilton","JPN","2010-Q4",-0.0179773235425069,0.00361351582431747
"current","hamilton","JPN","2011-Q1",-0.00321067417125322,-0.0153525224602794
"current","hamilton","JPN","2011-Q2",-0.0148354045926868,-0.00246971380783318
"current","hamilton","JPN","2011-Q3",0.0158553057196,0.0125541945680853
"current","hamilton","JPN","2011-Q4",0.0244962624762882,0.0171993808310721
"current","hamilton","JPN","2012-Q1",0.0264219224063284,0.0166506401361333
"current","hamilton","JPN","2012-Q2",0.0128863818512677,0.0155436617984904
"current","hamilton","JPN","2012-Q3",-0.00628590001926607,0.00705279232252412
"current","hamilton","JPN","2012-Q4",-0.00445097076896402,0.0143936712018682
"current","hamilton","JPN","2013-Q1",0.0143320952332049,0.0383350471388694
"current","hamilton","JPN","2013-Q2",0.0216304010610118,0.0394541654059406
"current","hamilton","JPN","2013-Q3",0.0176126034796208,0.0424398898301144
"current","hamilton","JPN","2013-Q4",0.0201766511410453,0.0400598914490688
"current","hamilton","JPN","2014-Q1",0.0261574066445442,0.0552961290834123
"current","hamilton","JPN","2014-Q2",0.00890775627184062,0.00560195890143524
"current","hamilton","JPN","2014-Q3",0.0152516346974237,0.00914423564439508
"current","hamilton","JPN","2014-Q4",0.0147211597996115,0.0085627359956138
"current","hamilton","JPN","2015-Q1",0.0253707265371203,0.00843688975613558
"current","hamilton","JPN","2015-Q2",0.0209659784791664,0.00385039407848623
"current","hamilton","JPN","2015-Q3",0.0180760045759692,0.00359273050626471
"current","hamilton","JPN","2015-Q4",0.0136120488172999,-0.00553433165496403
"current","hamilton","JPN","2016-Q1",0.0130976521037368,-0.0131025986214666
"current","hamilton","JPN","2016-Q2",0.0148227837300409,-0.00702478591521837
"current","hamilton","JPN","2016-Q3",0.0180708714371362,0.00241583596457448
"current","hamilton","JPN","2016-Q4",0.00889765495238297,-0.00393930481754713
"current","hamilton","JPN","2017-Q1",0.0116664973095342,0.00786317825502319
"current","hamilton","JPN","2017-Q2",0.0138874354590191,0.0113271233468253
"current","hamilton","JPN","2017-Q3",0.024538446275771,0.00645537275529736
"current","hamilton","JPN","2017-Q4",0.0214331344162161,0.0103878986473292
"current","hamilton","JPN","2018-Q1",0.0144437440009626,0.00805891816174484
"current","hamilton","JPN","2018-Q2",0.0216251239266377,0.0103003649604367
"current","hamilton","JPN","2018-Q3",0.0176195648359975,0.012890996239148
"current","hamilton","JPN","2018-Q4",0.0144600900753744,0.0115229084008204
"current","hamilton","JPN","2019-Q1",0.0125331403173429,0.00862851269105997
"current","hamilton","JPN","2019-Q2",0.0135486283091513,0.00421308377614201
"current","hamilton","JPN","2019-Q3",0.00795851939555209,0.0114530153069622
"current","hamilton","JPN","2019-Q4",-0.0247655552100128,-0.0271042491872503
"current","hamilton","JPN","2020-Q1",-0.0198803288934282,-0.0264786107110535
"current","hamilton","JPN","2020-Q2",-0.102652396562648,-0.104443202057906
"current","hamilton","JPN","2020-Q3",-0.0517140414884406,-0.0552209453624575
"current","hamilton","JPN","2020-Q4",-0.0342777411456525,-0.0370792963052028
"current","hamilton","JPN","2021-Q1",-0.025629536358856,-0.042503417250513
"current","hamilton","JPN","2021-Q2",-0.0205911627462574,-0.0363709547485472
"current","hamilton","JPN","2021-Q3",-0.0232759680523522,-0.0486675386140617
"current","hamilton","JPN","2021-Q4",0.00705349734460595,-0.00580658472665959
"current","hamilton","JPN","2022-Q1",-0.000123120240823287,-0.00932202693258159
"current","hamilton","JPN","2022-Q2",0.0520417048096623,0.0328381884478569
"current","hamilton","JPN","2022-Q3",0.0310087738476672,0.0338357740170249
"current","hamilton","JPN","2022-Q4",0.0139079092061302,0.0207698999437153
"current","hamilton","JPN","2023-Q1",0.0491584600979673,0.0469907762857697
"current","hamilton","JPN","2023-Q2",0.029484944587453,0.0238742480589924
"current","hamilton","JPN","2023-Q3",0.0136653820196696,0.0148388691567228
"current","hamilton","JPN","2023-Q4",0.00727686443067974,0.00692628845428481
"current","hamilton","JPN","2024-Q1",0.00662965391676026,0.00224624901027973
"current","hamilton","JPN","2024-Q2",0.00179087669980528,-0.000130543570256547
"current","hamilton","JPN","2024-Q3",0.00664910768790368,-0.00471882627971099
"current","hamilton","JPN","2024-Q4",0.0102964171452045,-0.00338239609551496
"current","hamilton","JPN","2025-Q1",0.00593672275192763,-0.00326634362275904
"current","hamilton","JPN","2025-Q2",0.00903024145538133,0.00091028378236501
"current","hamilton","JPN","2025-Q3",0.0118178497115029,0.00963474570346523
"current","hamilton","JPN","2025-Q4",0.00814934677094354,0.0101284482250062
"current","hamilton","JPN","2026-Q1",0.0114521006380386,0.0178965068343895
"current","hamilton","JPN","2026-Q2",0.0203635482004387,0.0200785249323331
"current","hamilton","USA","1998-Q4",0.0331309706300042,0.0261372204367999
"current","hamilton","USA","1999-Q1",0.0356352700671975,0.0269139244970953
"current","hamilton","USA","1999-Q2",0.029718355795297,0.0369755789684103
"current","hamilton","USA","1999-Q3",0.0306364956212044,0.0340654346373042
"current","hamilton","USA","1999-Q4",0.0377882560799101,0.037243411939479
"current","hamilton","USA","2000-Q1",0.0318874396077807,0.0422974550693302
"current","hamilton","USA","2000-Q2",0.0409866656164409,0.0361291223341761
"current","hamilton","USA","2000-Q3",0.030520610915264,0.033090470440908
"current","hamilton","USA","2000-Q4",0.0218786754307156,0.0282790907723873
"current","hamilton","USA","2001-Q1",0.00851049310139811,0.0213819049606048
"current","hamilton","USA","2001-Q2",0.00622485051932029,0.00960354114806199
"current","hamilton","USA","2001-Q3",-0.00962088099625511,0.00199695807193169
"current","hamilton","USA","2001-Q4",-0.0217632936327651,0.00466759044994186
"current","hamilton","USA","2002-Q1",-0.019134738114606,-0.00709369496778397
"current","hamilton","USA","2002-Q2",-0.0283315200735625,-0.0118255135923468
"current","hamilton","USA","2002-Q3",-0.0277323738725265,-0.0143452915011775
"current","hamilton","USA","2002-Q4",-0.032120591736458,-0.017378152151546
"current","hamilton","USA","2003-Q1",-0.0251614689530523,-0.0169483903174194
"current","hamilton","USA","2003-Q2",-0.021012370715007,-0.00825493446947878
"current","hamilton","USA","2003-Q3",-0.00209610155939195,0.00246802212188095
"current","hamilton","USA","2003-Q4",0.00756894362419413,-0.00336685599016428
"current","hamilton","USA","2004-Q1",0.00655166577289291,0.00229258119774091
"current","hamilton","USA","2004-Q2",0.00821654901254618,0.00267172341389689
"current","hamilton","USA","2004-Q3",0.0132574244838229,0.00791293564417689
"current","hamilton","USA","2004-Q4",0.0216046621962148,0.013879187469666
"current","hamilton","USA","2005-Q1",0.0281935915750751,0.0153619500838185
"current","hamilton","USA","2005-Q2",0.0254578795768519,0.0167242930167195
"current","hamilton","USA","2005-Q3",0.0189457975809597,0.0127219299864409
"current","hamilton","USA","2005-Q4",0.0127896841064233,0.00710345113510289
"current","hamilton","USA","2006-Q1",0.0193784269680373,0.00905745214228081
"current","hamilton","USA","2006-Q2",0.0146451975954851,0.00830683679703961
"current","hamilton","USA","2006-Q3",0.00746711552295951,0.00456515413858424
"current","hamilton","USA","2006-Q4",0.00644855844482416,0.00372698768752716
"current","hamilton","USA","2007-Q1",-0.000987732470438306,0.0030739075594927
"current","hamilton","USA","2007-Q2",-0.000719185238486477,-0.00430938124499756
"current","hamilton","USA","2007-Q3",-0.00224487130827412,-0.0057796231464402
"current","hamilton","USA","2007-Q4",-0.00159945934155612,-0.00492943499313673
"current","hamilton","USA","2008-Q1",-0.0174153144623578,-0.0155119988819238
"current","hamilton","USA","2008-Q2",-0.0156055072065848,-0.0181746130438942
"current","hamilton","USA","2008-Q3",-0.0230216528987345,-0.0319653393871237
"current","hamilton","USA","2008-Q4",-0.052127312309822,-0.0494922742624011
"current","hamilton","USA","2009-Q1",-0.0671410222243152,-0.058206075711726
"current","hamilton","USA","2009-Q2",-0.0744987722825288,-0.0665001297504201
"current","hamilton","USA","2009-Q3",-0.076444336441039,-0.0657488679875435
"current","hamilton","USA","2009-Q4",-0.0716542773808985,-0.0708659591758276
"current","hamilton","USA","2010-Q1",-0.0646270378751308,-0.0649210449927062
"current","hamilton","USA","2010-Q2",-0.0593090743384599,-0.0583633501349826
"current","hamilton","USA","2010-Q3",-0.0481441941008344,-0.0457400080356468
"current","hamilton","USA","2010-Q4",-0.0252267693474013,-0.0320937953301987
"current","hamilton","USA","2011-Q1",-0.0153667011102355,-0.0250603752843621
"current","hamilton","USA","2011-Q2",-0.00460093093367682,-0.0192828050357574
"current","hamilton","USA","2011-Q3",-0.00680077047476788,-0.0203642569115812
"current","hamilton","USA","2011-Q4",-0.00442688184423758,-0.0181514742486527
"current","hamilton","USA","2012-Q1",-0.00150857660756342,-0.0154403855181784
"current","hamilton","USA","2012-Q2",-0.00572917879585849,-0.021193201060256
"current","hamilton","USA","2012-Q3",-0.0118255239128342,-0.0257709724600847
"current","hamilton","USA","2012-Q4",-0.0162668664528976,-0.027847541624394
"current","hamilton","USA","2013-Q1",-0.00567904193811217,-0.0255757515261683
"current","hamilton","USA","2013-Q2",-0.00815941393319384,-0.0244704542689263
"current","hamilton","USA","2013-Q3",-0.000328530060201535,-0.023228038782618
"current","hamilton","USA","2013-Q4",-0.000635020757576826,-0.0162609986595195
"current","hamilton","USA","2014-Q1",-0.0121313806326732,-0.0184891107996566
"current","hamilton","USA","2014-Q2",-0.00445684508198737,-0.0112037941532555
"current","hamilton","USA","2014-Q3",0.00550519131672626,-0.0035448799049865
"current","hamilton","USA","2014-Q4",0.00925225417716747,0.00436541906175884
"current","hamilton","USA","2015-Q1",0.010351387226232,0.00652094535098211
"current","hamilton","USA","2015-Q2",0.0130224631177755,0.0102533851204504
"current","hamilton","USA","2015-Q3",0.00958130343095272,0.0134100855173924
"current","hamilton","USA","2015-Q4",0.00337283022315999,0.0100463601237995
"current","hamilton","USA","2016-Q1",0.0102347301784649,0.0136122704978067
"current","hamilton","USA","2016-Q2",0.00353392230187095,0.0103307759137417
"current","hamilton","USA","2016-Q3",-0.000417389297394471,0.00834162059021118
"current","hamilton","USA","2016-Q4",-0.0011159276521451,0.00313536433616679
"current","hamilton","USA","2017-Q1",-0.00449236337149457,0.00295396580714372
"current","hamilton","USA","2017-Q2",-0.00518705812204116,0.000953342110456718
"current","hamilton","USA","2017-Q3",-0.0017200879179574,0.000887703031512831
"current","hamilton","USA","2017-Q4",0.00721758472097794,0.00732171602460785
"current","hamilton","USA","2018-Q1",0.0103839428755264,0.00780975559190157
"current","hamilton","USA","2018-Q2",0.0122946551473184,0.00816707185243499
"current","hamilton","USA","2018-Q3",0.0122911264353854,0.00645091933591698
"current","hamilton","USA","2018-Q4",0.00827394416992552,0.00443570554385244
"current","hamilton","USA","2019-Q1",0.00961569822526532,-0.000861148806944126
"current","hamilton","USA","2019-Q2",0.0126579361251496,0.00257884539997621
"current","hamilton","USA","2019-Q3",0.0171750291033317,0.00764448722264576
"current","hamilton","USA","2019-Q4",0.0138925635884942,0.00473250296410655
"current","hamilton","USA","2020-Q1",-0.00759205046510515,-0.0194111261690036
"current","hamilton","USA","2020-Q2",-0.0954048434389483,-0.115545342055646
"current","hamilton","USA","2020-Q3",-0.0265917243768037,-0.0351191554693291
"current","hamilton","USA","2020-Q4",-0.0175273345469254,-0.0249972878759536
"current","hamilton","USA","2021-Q1",-0.00899400151273207,-0.00447505228140806
"current","hamilton","USA","2021-Q2",0.000480921743828628,0.0229615015853445
"current","hamilton","USA","2021-Q3",-0.00181158633732085,0.0216270547191773
"current","hamilton","USA","2021-Q4",0.00790281980488779,0.0245339259651927
"current","hamilton","USA","2022-Q1",0.0141832123766375,0.0367288006027988
"current","hamilton","USA","2022-Q2",0.081170985107924,0.114370926229935
"current","hamilton","USA","2022-Q3",0.0422527958148582,0.0648696212109326
"current","hamilton","USA","2022-Q4",0.0337726180790087,0.0533613243973473
"current","hamilton","USA","2023-Q1",0.024953793097962,0.0440128989389283
"current","hamilton","USA","2023-Q2",0.0157282050584756,0.015948368791311
"current","hamilton","USA","2023-Q3",0.0178084165703801,0.0119551715226813
"current","hamilton","USA","2023-Q4",0.0110468379341035,0.00869009299233121
"current","hamilton","USA","2024-Q1",0.0123936947966882,0.00972397205849386
"current","hamilton","USA","2024-Q2",0.019557642826674,0.0122000014098465
"current","hamilton","USA","2024-Q3",0.022101233357459,0.0171528525309821
"current","hamilton","USA","2024-Q4",0.0202516134580174,0.0242197458815694
"current","hamilton","USA","2025-Q1",0.0117121538094803,0.0166959738668535
"current","hamilton","USA","2025-Q2",0.0149343820236642,0.018550237025054
"current","hamilton","USA","2025-Q3",0.0155068286548964,0.0202389262615138
"current","hamilton","USA","2025-Q4",0.00828028607147454,0.0179938528261469
"current","hamilton","USA","2026-Q1",0.0101120803062742,0.0147629937071168
"current","hamilton","USA","2026-Q2",0.00625922535393291,0.0149092819243462
"original","hamilton","AUS","1998-Q4",0.0140153192441764,-0.00731010048839732
"original","hamilton","AUS","1999-Q1",0.0179392407275041,0.000989631290511544
"original","hamilton","AUS","1999-Q2",0.00543579345189664,0.0013703028337392
"original","hamilton","AUS","1999-Q3",0.00893130754433638,0.00154080982447858
"original","hamilton","AUS","1999-Q4",0.0161202612114431,0.00776940312530866
"original","hamilton","AUS","2000-Q1",0.00806402816542414,0.00589749790794907
"original","hamilton","AUS","2000-Q2",0.00998533257903626,-0.00462646517699644
"original","hamilton","AUS","2000-Q3",-0.00305404717201141,-0.012617375680911
"original","hamilton","AUS","2000-Q4",-0.019439352152011,-0.00554830627510801
"original","hamilton","AUS","2001-Q1",-0.0155921747066578,-0.0116950548853497
"original","hamilton","AUS","2001-Q2",-0.0181474652621933,-0.0173640914386386
"original","hamilton","AUS","2001-Q3",-0.0162354317729402,-0.0195970032786667
"original","hamilton","AUS","2001-Q4",-0.0165003945207983,-0.0312350085843611
"original","hamilton","AUS","2002-Q1",-0.0153223333473818,-0.0212072167929718
"original","hamilton","AUS","2002-Q2",-0.00785961759961236,-0.0120181268039804
"original","hamilton","AUS","2002-Q3",-0.0111339511852842,-0.0144701278866757
"original","hamilton","AUS","2002-Q4",-0.00429461128031949,-0.00993554248631102
"original","hamilton","AUS","2003-Q1",-0.0113393615364474,-0.0132061239469018
"original","hamilton","AUS","2003-Q2",-0.00769951671332146,-0.012774259455963
"original","hamilton","AUS","2003-Q3",0.00236538732712508,7.66431602736307e-05
"original","hamilton","AUS","2003-Q4",0.00847495979668297,0.0109609709607316
"original","hamilton","AUS","2004-Q1",0.00818752392858645,0.0143782321099861
"original","hamilton","AUS","2004-Q2",0.00193514683941613,0.0153022512813906
"original","hamilton","AUS","2004-Q3",0.00334249875839201,0.0220725855392082
"original","hamilton","AUS","2004-Q4",0.00272742506736398,0.028644789834856
"original","hamilton","AUS","2005-Q1",0.00514427044492761,0.0185829448251184
"original","hamilton","AUS","2005-Q2",0.00520124320626556,0.0161492625122926
"original","hamilton","AUS","2005-Q3",0.00762121361973472,0.0145952941172742
"original","hamilton","AUS","2005-Q4",0.00585793561203795,0.00874298020339258
"original","hamilton","AUS","2006-Q1",-0.000611052923546619,0.00753383716442279
"original","hamilton","AUS","2006-Q2",-0.0074941830248178,0.0140640869272361
"original","hamilton","AUS","2006-Q3",-0.00699241980570529,0.00540652029703238
"original","hamilton","AUS","2006-Q4",0.0019405356249247,0.00634128056405166
"original","hamilton","AUS","2007-Q1",0.0103678582915316,0.0266841963102665
"original","hamilton","AUS","2007-Q2",0.0121556672887707,0.0189316028917048
"original","hamilton","AUS","2007-Q3",0.010837629000398,0.0231516402518311
"original","hamilton","AUS","2007-Q4",0.0089655791004766,0.0410239161374996
"original","hamilton","AUS","2008-Q1",0.0170522893436111,0.0323466773421013
"original","hamilton","AUS","2008-Q2",0.0146097087761982,0.016959252699676
"original","hamilton","AUS","2008-Q3",0.0143708432333773,0.00917339243514319
"original","hamilton","AUS","2008-Q4",-0.00218791051894905,-0.00305207173666807
"original","hamilton","AUS","2009-Q1",-0.00198666858695309,-0.0190243204920738
"original","hamilton","AUS","2009-Q2",-0.00719761743573514,-0.0126388672489917
"original","hamilton","AUS","2009-Q3",-0.0134986784552664,-0.0206798563974828
"original","hamilton","AUS","2009-Q4",-0.0145770213991392,-0.0316639611721444
"original","hamilton","AUS","2010-Q1",-0.01964691112189,-0.0297167871413349
"original","hamilton","AUS","2010-Q2",-0.0194015594513892,-0.0158754889739918
"original","hamilton","AUS","2010-Q3",-0.0206158816806431,-0.0165904393661318
"original","hamilton","AUS","2010-Q4",-0.0110710587655516,-0.0106253838089639
"original","hamilton","AUS","2011-Q1",-0.0197127949837696,-0.00341816849915828
"original","hamilton","AUS","2011-Q2",-0.0110494353928343,-0.00109731328576587
"original","hamilton","AUS","2011-Q3",0.000144100468938312,0.00700894610054909
"original","hamilton","AUS","2011-Q4",0.00299154035614566,0.00508193860108517
"original","hamilton","AUS","2012-Q1",0.00943177439865902,0.0104860806658756
"original","hamilton","AUS","2012-Q2",0.0101056766593685,0.00811535481565412
"original","hamilton","AUS","2012-Q3",0.0104639981827324,0.00228170838063119
"original","hamilton","AUS","2012-Q4",0.00875187362351151,0.00294697441061272
"original","hamilton","AUS","2013-Q1",0.00981744516651079,-0.00426065309123837
"original","hamilton","AUS","2013-Q2",0.00941639880127033,-0.00733218828470442
"original","hamilton","AUS","2013-Q3",0.00379721861899034,-0.00658463483927498
"original","hamilton","AUS","2013-Q4",0.00663725085281986,-0.0040911116240928
"original","hamilton","AUS","2014-Q1",0.0058032345563382,-0.0121467151202923
"original","hamilton","AUS","2014-Q2",0.00337540969761272,-0.00748514134985664
"original","hamilton","AUS","2014-Q3",-0.000465942282846031,-0.00115718875792303
"original","hamilton","AUS","2014-Q4",-0.00227225832900527,-0.00288087603039557
"original","hamilton","AUS","2015-Q1",0.00301473184048499,-0.000685035120166113
"original","hamilton","AUT","1998-Q4",-0.0161004060229308,-0.0199867387070786
"original","hamilton","AUT","1999-Q1",-0.00961848302739828,-0.0166692242343614
"original","hamilton","AUT","1999-Q2",-0.00252500152938875,-0.00437489050999168
"original","hamilton","AUT","1999-Q3",-0.00306455376855953,0.00214239524210153
"original","hamilton","AUT","1999-Q4",0.00185304602240968,0.0014103616542187
"original","hamilton","AUT","2000-Q1",0.00767448360212624,0.00170470855453719
"original","hamilton","AUT","2000-Q2",0.00795203948704181,0.0117457611236365
"original","hamilton","AUT","2000-Q3",0.00888114296245208,0.00543064600558222
"original","hamilton","AUT","2000-Q4",0.0203524047207249,0.016681292649656
"original","hamilton","AUT","2001-Q1",0.00543015628025687,0.0211035652139971
"original","hamilton","AUT","2001-Q2",-0.00172879097283873,0.00222819572406749
"original","hamilton","AUT","2001-Q3",-0.00930947130108491,-0.00684726919710481
"original","hamilton","AUT","2001-Q4",-0.0130750898341014,-0.00557774068908263
"original","hamilton","AUT","2002-Q1",-0.00585112054354752,-0.00957034056272497
"original","hamilton","AUT","2002-Q2",-0.0147307194779378,-0.0192970948382795
"original","hamilton","AUT","2002-Q3",-0.019766428054312,-0.0223523467641971
"original","hamilton","AUT","2002-Q4",-0.0274223742625107,-0.0196058994256534
"original","hamilton","AUT","2003-Q1",-0.0239930049759146,-0.02208112164546
"original","hamilton","AUT","2003-Q2",-0.0216014043142645,-0.0135575158828657
"original","hamilton","AUT","2003-Q3",-0.0273976937553579,-0.00652691595522042
"original","hamilton","AUT","2003-Q4",-0.0283203280748274,-0.0128746907747838
"original","hamilton","AUT","2004-Q1",-0.0196694557936381,-0.00581478482263629
"original","hamilton","AUT","2004-Q2",-0.0106257525429421,0.00114926901681715
"original","hamilton","AUT","2004-Q3",-0.00473602497272844,0.00413125772856563
"original","hamilton","AUT","2004-Q4",-0.0103684619795122,0.0062286301234321
"original","hamilton","AUT","2005-Q1",-0.00963792765967152,0.00668550542032588
"original","hamilton","AUT","2005-Q2",0.00305055402295534,0.0101978497381123
"original","hamilton","AUT","2005-Q3",0.00605228308927849,0.0145491662037425
"original","hamilton","AUT","2005-Q4",0.0114614890922862,0.020083148728193
"original","hamilton","AUT","2006-Q1",0.0144324874716911,0.0198614085833132
"original","hamilton","AUT","2006-Q2",0.0204616001006531,0.0215384229595503
"original","hamilton","AUT","2006-Q3",0.0270454392901651,0.0230017127358781
"original","hamilton","AUT","2006-Q4",0.0383825366947885,0.0163844487000847
"original","hamilton","AUT","2007-Q1",0.0387176395283204,0.0182053311651635
"original","hamilton","AUT","2007-Q2",0.0430457106815991,0.0131533753164679
"original","hamilton","AUT","2007-Q3",0.0404768968068652,0.000696818235278735
"original","hamilton","AUT","2007-Q4",0.0393907424705007,0.00741479682456303
"original","hamilton","AUT","2008-Q1",0.0464065937023778,-0.00200799742845325
"original","hamilton","AUT","2008-Q2",0.040295090158146,-0.00573240907322676
"original","hamilton","AUT","2008-Q3",0.0264827852105132,-0.00663659672444206
"original","hamilton","AUT","2008-Q4",-0.00547825645920647,-0.00486826214470583
"original","hamilton","AUT","2009-Q1",-0.0270402312869996,-0.0130600921317131
"original","hamilton","AUT","2009-Q2",-0.0440634523369663,-0.000363494484022976
"original","hamilton","AUT","2009-Q3",-0.0386195801404325,0.000560306743517979
"original","hamilton","AUT","2009-Q4",-0.0300918006340933,-0.010584181743635
"original","hamilton","AUT","2010-Q1",-0.0647386034126257,0.000637174806593924
"original","hamilton","AUT","2010-Q2",-0.034744331757497,-0.00729471030227966
"original","hamilton","AUT","2010-Q3",-0.0203994795518185,0.00287893979716435
"original","hamilton","AUT","2010-Q4",-0.0138654043765441,0.00191854266233421
"original","hamilton","AUT","2011-Q1",0.0103550261260876,0.00265372946482621
"original","hamilton","AUT","2011-Q2",0.00797492497226094,0.000381402016801343
"original","hamilton","AUT","2011-Q3",0.0105587026698801,0.00879569128538316
"original","hamilton","AUT","2011-Q4",0.00882012935713973,0.0190244398151177
"original","hamilton","AUT","2012-Q1",0.0406945497508516,0.0159453573051459
"original","hamilton","AUT","2012-Q2",0.0184935268159029,0.0130839992470958
"original","hamilton","AUT","2012-Q3",0.00859316773155483,0.00369467988168652
"original","hamilton","AUT","2012-Q4",0.0188731197609143,-0.00605245169737655
"original","hamilton","AUT","2013-Q1",-0.00357570826391371,-0.00091134557820284
"original","hamilton","AUT","2013-Q2",0.00437832629383322,0.00099480683383273
"original","hamilton","AUT","2013-Q3",0.00532894356221199,-0.00643946088181986
"original","hamilton","AUT","2013-Q4",-0.0012083558148706,-0.0131341344448509
"original","hamilton","AUT","2014-Q1",-0.00509806073447631,-0.0123566490686253
"original","hamilton","AUT","2014-Q2",-0.0030485744990412,-0.015935304439486
"original","hamilton","AUT","2014-Q3",-0.00188074158985905,-0.0118620589109953
"original","hamilton","AUT","2014-Q4",-0.00916755957017309,-0.00558626886326488
"original","hamilton","AUT","2015-Q1",0.000647094856195754,-0.00833514558024393
"original","hamilton","CAN","1998-Q4",-0.00754899651077454,-0.0116182905372436
"original","hamilton","CAN","1999-Q1",0.000369408810769842,-0.0079973303228233
"original","hamilton","CAN","1999-Q2",0.000231711077151512,-0.00140119763957057
"original","hamilton","CAN","1999-Q3",0.0040951255249911,-0.00314547193453758
"original","hamilton","CAN","1999-Q4",0.0121167343309616,-0.0048163238117285
"original","hamilton","CAN","2000-Q1",0.0127890766324315,0.00134378397520409
"original","hamilton","CAN","2000-Q2",0.0268217685889914,-0.00262112817758938
"original","hamilton","CAN","2000-Q3",0.0255589799235164,0.00449756646685502
"original","hamilton","CAN","2000-Q4",0.0141267939546791,0.00666439981317126
"original","hamilton","CAN","2001-Q1",0.00825847305552897,0.00102853123752359
"original","hamilton","CAN","2001-Q2",0.00701731476774235,-0.00539752679617448
"original","hamilton","CAN","2001-Q3",-0.00754029188221879,-0.00968900548617147
"original","hamilton","CAN","2001-Q4",-0.0143720732031697,-0.00897958282437745
"original","hamilton","CAN","2002-Q1",-0.0116592507778686,-0.00457708694330209
"original","hamilton","CAN","2002-Q2",-0.0161192474908833,-0.00223014376547054
"original","hamilton","CAN","2002-Q3",-0.0167588191724433,-0.0111544062354814
"original","hamilton","CAN","2002-Q4",-0.0118382323700536,-0.00484517275090559
"original","hamilton","CAN","2003-Q1",-0.0138803962660057,-0.00651319195268961
"original","hamilton","CAN","2003-Q2",-0.0203508246415301,-0.00544676347378698
"original","hamilton","CAN","2003-Q3",-0.0148986480763616,0.00280627090487528
"original","hamilton","CAN","2003-Q4",-0.0139236995849687,-0.00611589518317752
"original","hamilton","CAN","2004-Q1",-0.0172100486445908,-0.00164364492825283
"original","hamilton","CAN","2004-Q2",-0.00443327298988353,-0.0037415372153316
"original","hamilton","CAN","2004-Q3",-0.000605974734343217,-9.17208992595509e-05
"original","hamilton","CAN","2004-Q4",-0.00016510533523696,-0.00363520034315156
"original","hamilton","CAN","2005-Q1",-0.000360362074066061,-8.60925275714074e-05
"original","hamilton","CAN","2005-Q2",0.00672532659348684,0.00375475052977938
"original","hamilton","CAN","2005-Q3",0.0123123483155792,7.85387539715793e-05
"original","hamilton","CAN","2005-Q4",0.0138727961161306,0.00677701226392357
"original","hamilton","CAN","2006-Q1",0.0209685530874299,0.0103398353575188
"original","hamilton","CAN","2006-Q2",0.0113861729469134,0.0122503682452947
"original","hamilton","CAN","2006-Q3",0.00539393219377196,0.018388626824407
"original","hamilton","CAN","2006-Q4",0.00752026067469898,0.0179114947145207
"original","hamilton","CAN","2007-Q1",0.0078394978055482,0.017057902362564
"original","hamilton","CAN","2007-Q2",0.00650464230479533,0.023872135676583
"original","hamilton","CAN","2007-Q3",0.00194326986946781,0.027399184260869
"original","hamilton","CAN","2007-Q4",0.00163250957033433,0.0341222446041661
"original","hamilton","CAN","2008-Q1",-0.00489531805523485,0.0307901511261679
"original","hamilton","CAN","2008-Q2",-0.000274106403497741,0.0267815931791948
"original","hamilton","CAN","2008-Q3",0.00046111954586019,0.0176974460157912
"original","hamilton","CAN","2008-Q4",-0.0165196075370839,-0.00141409694877354
"original","hamilton","CAN","2009-Q1",-0.042547689984847,-0.0112166878202555
"original","hamilton","CAN","2009-Q2",-0.0577923952648484,-0.0162414909059356
"original","hamilton","CAN","2009-Q3",-0.05551950761469,-0.0156198410472808
"original","hamilton","CAN","2009-Q4",-0.0446376035778026,-0.0198974072470082
"original","hamilton","CAN","2010-Q1",-0.0328946002777181,-0.0194416412813423
"original","hamilton","CAN","2010-Q2",-0.0338354787863435,-0.0164704472513522
"original","hamilton","CAN","2010-Q3",-0.0337860526005401,-0.0184965443641809
"original","hamilton","CAN","2010-Q4",-0.00824455935875491,-0.0074261045379578
"original","hamilton","CAN","2011-Q1",0.0133462024758412,-0.00502466643102499
"original","hamilton","CAN","2011-Q2",0.00665044053918712,-0.00452396140457686
"original","hamilton","CAN","2011-Q3",0.0173784002574331,-0.00106232033912698
"original","hamilton","CAN","2011-Q4",0.0228379862203002,0.00369170848152347
"original","hamilton","CAN","2012-Q1",0.0221932316814512,0.000343191734556959
"original","hamilton","CAN","2012-Q2",0.0253707005480523,-0.00555343738755823
"original","hamilton","CAN","2012-Q3",0.0208230531733655,-0.00416907022529774
"original","hamilton","CAN","2012-Q4",0.00928093190458382,-0.00916611239815736
"original","hamilton","CAN","2013-Q1",0.0132217909465648,-0.00814775924112087
"original","hamilton","CAN","2013-Q2",0.0205541150896061,-0.00407216727423068
"original","hamilton","CAN","2013-Q3",0.00640004211349862,-0.00464481161519079
"original","hamilton","CAN","2013-Q4",0.0147404799161028,-0.00191948948792518
"original","hamilton","CAN","2014-Q1",0.0175355776379933,-0.00359496245563683
"original","hamilton","CAN","2014-Q2",0.0168944924037172,0.00427211020409054
"original","hamilton","CAN","2014-Q3",0.0233520546908164,0.00474297042749747
"original","hamilton","CAN","2014-Q4",0.0270750168465285,0.00416961962115817
"original","hamilton","CAN","2015-Q1",0.0170118310799369,0.00306829663132281
"original","hamilton","CHE","1998-Q4",-0.00672282666331721,0.00818317072025333
"original","hamilton","CHE","1999-Q1",-0.00739313280150732,0.0061384805910021
"original","hamilton","CHE","1999-Q2",-0.00708264273223214,0.0116187103678433
"original","hamilton","CHE","1999-Q3",-0.0135959952171995,0.0101415920269233
"original","hamilton","CHE","1999-Q4",0.00276507394020121,0.00788439769423023
"original","hamilton","CHE","2000-Q1",0.0111143759721662,0.00626995541279658
"original","hamilton","CHE","2000-Q2",0.0020530856593655,0.00580840932917413
"original","hamilton","CHE","2000-Q3",0.0120048623232321,0.012690237220783
"original","hamilton","CHE","2000-Q4",0.0298156029269442,0.00625454053156733
"original","hamilton","CHE","2001-Q1",0.0176822001972634,0.0121693630313228
"original","hamilton","CHE","2001-Q2",0.00673814352177906,0.0122090907489951
"original","hamilton","CHE","2001-Q3",0.00875612791912813,0.00803257557186812
"original","hamilton","CHE","2001-Q4",-0.0178108027483431,0.00305712233335357
"original","hamilton","CHE","2002-Q1",-0.0106468743839972,0.00419537332513651
"original","hamilton","CHE","2002-Q2",-0.0111204401481217,-0.0029661238712741
"original","hamilton","CHE","2002-Q3",-0.0324670501353948,-0.0152848009075608
"original","hamilton","CHE","2002-Q4",-0.0413020310954307,-0.0131705069524502
"original","hamilton","CHE","2003-Q1",-0.0390233848222118,-0.0231751290510101
"original","hamilton","CHE","2003-Q2",-0.0468456385913442,-0.0272988362788768
"original","hamilton","CHE","2003-Q3",-0.042343770760374,-0.023155230534275
"original","hamilton","CHE","2003-Q4",-0.0257892186070143,-0.020919245627476
"original","hamilton","CHE","2004-Q1",-0.0266554794122743,-0.0165812434562589
"original","hamilton","CHE","2004-Q2",-0.0215120716550187,-0.0108816088381602
"original","hamilton","CHE","2004-Q3",-0.0132317096190965,-0.00896099044225775
"original","hamilton","CHE","2004-Q4",-0.00746328462723216,-0.0102149717420363
"original","hamilton","CHE","2005-Q1",0.00298827665462568,-0.00413452310710785
"original","hamilton","CHE","2005-Q2",0.0121277053376592,-0.00381857131680747
"original","hamilton","CHE","2005-Q3",0.00913885735873183,0.00129926944951503
"original","hamilton","CHE","2005-Q4",0.00942323716335074,0.00290120609629721
"original","hamilton","CHE","2006-Q1",0.0253593822277849,-0.00294642178501546
"original","hamilton","CHE","2006-Q2",0.0301545094208145,-0.00543468545168057
"original","hamilton","CHE","2006-Q3",0.0321950916146572,-0.000274667068101638
"original","hamilton","CHE","2006-Q4",0.0425484303545397,0.00634241061291224
"original","hamilton","CHE","2007-Q1",0.0357914643185876,0.00490632802357213
"original","hamilton","CHE","2007-Q2",0.0409126328508088,0.00788916285032547
"original","hamilton","CHE","2007-Q3",0.0450762148739239,0.00589393403972386
"original","hamilton","CHE","2007-Q4",0.0431934223414933,0.00482166072808103
"original","hamilton","CHE","2008-Q1",0.039704776121912,0.00617601424366889
"original","hamilton","CHE","2008-Q2",0.0391414685395996,0.00943865744775669
"original","hamilton","CHE","2008-Q3",0.0347165394837415,0.00532691126053141
"original","hamilton","CHE","2008-Q4",-0.00249925815858314,0.000206482383271185
"original","hamilton","CHE","2009-Q1",-0.0225164027021801,0.000778695667375804
"original","hamilton","CHE","2009-Q2",-0.0312082868938063,-0.00599532819344598
"original","hamilton","CHE","2009-Q3",-0.0322857497247439,-0.00665157701436127
"original","hamilton","CHE","2009-Q4",-0.0336979547934325,-0.00795290791614599
"original","hamilton","CHE","2010-Q1",-0.0360033774282223,0.00106285588847693
"original","hamilton","CHE","2010-Q2",-0.0286209597233336,-0.0106118334884259
"original","hamilton","CHE","2010-Q3",-0.025173836005381,-0.00653065893850325
"original","hamilton","CHE","2010-Q4",0.00612547585156853,-0.000193435374693425
"original","hamilton","CHE","2011-Q1",0.0124134163531612,-0.0126496942600393
"original","hamilton","CHE","2011-Q2",0.0021948235609494,-0.0102781710166891
"original","hamilton","CHE","2011-Q3",-0.00490660456895424,-0.00592833664693676
"original","hamilton","CHE","2011-Q4",0.00491584409282046,-0.00398356003971557
"original","hamilton","CHE","2012-Q1",0.00149929970437822,-0.00275501071549919
"original","hamilton","CHE","2012-Q2",-0.00409329035899946,0.00427673230106702
"original","hamilton","CHE","2012-Q3",0.00292742200372131,0.00651165725275685
"original","hamilton","CHE","2012-Q4",-0.00522266352454038,0.00682055318007852
"original","hamilton","CHE","2013-Q1",-0.00599035957592317,0.0188608602097821
"original","hamilton","CHE","2013-Q2",-0.00183776654755526,0.0196358452435621
"original","hamilton","CHE","2013-Q3",0.0049133550574155,0.0135759145902032
"original","hamilton","CHE","2013-Q4",0.00316143640079037,0.0131249801265803
"original","hamilton","CHE","2014-Q1",0.00601629860563249,0.00431010255072551
"original","hamilton","CHE","2014-Q2",0.00657399108838273,0.00535449443767323
"original","hamilton","CHE","2014-Q3",0.00385048944092062,0.00263822710889487
"original","hamilton","CHE","2014-Q4",0.00852641322900951,-0.00280159614400963
"original","hamilton","CHE","2015-Q1",0.0085431175147046,-0.00125630841926643
"original","hamilton","DEU","1998-Q4",-0.0101562193405834,-0.00450695512810569
"original","hamilton","DEU","1999-Q1",-0.00354991528002983,0.00275254152433499
"original","hamilton","DEU","1999-Q2",-0.0199792766189112,-0.00140850717830242
"original","hamilton","DEU","1999-Q3",-0.0134660300607759,0.00482689814280441
"original","hamilton","DEU","1999-Q4",0.00651871916722179,0.0119556251680036
"original","hamilton","DEU","2000-Q1",0.00164348064767882,0.0158323621691081
"original","hamilton","DEU","2000-Q2",0.0183473501443474,0.0252254933332391
"original","hamilton","DEU","2000-Q3",0.0104828147153922,0.0208494346628992
"original","hamilton","DEU","2000-Q4",0.0036361500624236,0.0106121507978486
"original","hamilton","DEU","2001-Q1",0.0168291265025674,0.0166850543717215
"original","hamilton","DEU","2001-Q2",0.0177784785203356,0.0171307801857133
"original","hamilton","DEU","2001-Q3",0.0111039805855825,0.0159832875994411
"original","hamilton","DEU","2001-Q4",0.000374467647473571,0.00382760348165567
"original","hamilton","DEU","2002-Q1",-0.00188929345672982,-0.00771098257422558
"original","hamilton","DEU","2002-Q2",-0.00713400506663195,-0.0187275384264827
"original","hamilton","DEU","2002-Q3",-0.002439899695215,-0.0157110954578018
"original","hamilton","DEU","2002-Q4",-0.0105175524629068,-0.0100916862923697
"original","hamilton","DEU","2003-Q1",-0.0465580979053226,-0.0209204496000332
"original","hamilton","DEU","2003-Q2",-0.0368200086067903,-0.0223748820947221
"original","hamilton","DEU","2003-Q3",-0.0218202060495585,-0.0312507026017205
"original","hamilton","DEU","2003-Q4",-0.036086141527977,-0.0249609519009481
"original","hamilton","DEU","2004-Q1",-0.034494074039152,-0.0135010164347836
"original","hamilton","DEU","2004-Q2",-0.0313017551544553,-0.0122685295468041
"original","hamilton","DEU","2004-Q3",-0.0392190302819664,-0.0151475814069757
"original","hamilton","DEU","2004-Q4",-0.0298887755536057,-0.0121020349551191
"original","hamilton","DEU","2005-Q1",-0.0219338061801065,-0.0128046085473009
"original","hamilton","DEU","2005-Q2",-0.027206151376727,-0.0123611064914248
"original","hamilton","DEU","2005-Q3",-0.027292477597692,-0.00844948754571694
"original","hamilton","DEU","2005-Q4",-0.0127324365332662,-0.00687116059143655
"original","hamilton","DEU","2006-Q1",0.000905347497684336,-0.00361415712856122
"original","hamilton","DEU","2006-Q2",0.0108577663828304,0.00053015945952642
"original","hamilton","DEU","2006-Q3",0.0203966589523246,-0.000706521321354128
"original","hamilton","DEU","2006-Q4",0.0338387413354338,0.0133556206530459
"original","hamilton","DEU","2007-Q1",0.035939258968424,-0.00711877812950638
"original","hamilton","DEU","2007-Q2",0.0384414954864008,-0.00236847779703975
"original","hamilton","DEU","2007-Q3",0.0418436685527502,0.000796246331063284
"original","hamilton","DEU","2007-Q4",0.0507442942467747,-0.000876488089553318
"original","hamilton","DEU","2008-Q1",0.0503022533063731,-0.00460047965740061
"original","hamilton","DEU","2008-Q2",0.0331218404939503,-0.00786638033094385
"original","hamilton","DEU","2008-Q3",0.0303279980470557,-0.00985076677345899
"original","hamilton","DEU","2008-Q4",0.00278547893237233,-0.0196558130254222
"original","hamilton","DEU","2009-Q1",-0.0501579341050083,-0.00210673893223548
"original","hamilton","DEU","2009-Q2",-0.0560643829140966,-0.00995835596080979
"original","hamilton","DEU","2009-Q3",-0.0638449340898728,-0.0130224548053504
"original","hamilton","DEU","2009-Q4",-0.0541903580898623,-0.0150852374065068
"original","hamilton","DEU","2010-Q1",-0.0546138957121402,-0.0144782862237041
"original","hamilton","DEU","2010-Q2",-0.0342766274857944,-0.00912426178014536
"original","hamilton","DEU","2010-Q3",-0.0234578622934412,-0.00833605463098615
"original","hamilton","DEU","2010-Q4",-0.0095976275356701,0.000494233331382831
"original","hamilton","DEU","2011-Q1",0.0387455074129346,0.0102038794856665
"original","hamilton","DEU","2011-Q2",0.011235694052649,0.00256148993849703
"original","hamilton","DEU","2011-Q3",0.00714799019297071,0.0186772643148197
"original","hamilton","DEU","2011-Q4",0.0446821694550706,0.0196649082003825
"original","hamilton","DEU","2012-Q1",0.0484797291418067,0.0209956791114129
"original","hamilton","DEU","2012-Q2",0.0346303962754491,0.0163001865405473
"original","hamilton","DEU","2012-Q3",0.0348018057332978,0.0178211502686066
"original","hamilton","DEU","2012-Q4",0.029519619028588,0.0102037325017782
"original","hamilton","DEU","2013-Q1",4.90102084453413e-05,0.00352023403154613
"original","hamilton","DEU","2013-Q2",0.0131678415027759,0.0116732377908348
"original","hamilton","DEU","2013-Q3",0.0158872597559456,0.00856550121854862
"original","hamilton","DEU","2013-Q4",0.00507338774643587,0.00362865132752703
"original","hamilton","DEU","2014-Q1",0.00906906606637834,0.00731528714870237
"original","hamilton","DEU","2014-Q2",0.00602212102579973,0.00768691183329068
"original","hamilton","DEU","2014-Q3",0.00892698355946779,0.0144366934472512
"original","hamilton","DEU","2014-Q4",0.0167176202081332,0.0204212540869054
"original","hamilton","DEU","2015-Q1",0.0203132034527437,0.025404976309147
"original","hamilton","FRA","1998-Q4",-0.0146906505878477,-0.0127263624446852
"original","hamilton","FRA","1999-Q1",-0.0123182280200554,-0.0102861164104698
"original","hamilton","FRA","1999-Q2",-0.0164813824677693,-0.01093255367686
"original","hamilton","FRA","1999-Q3",-0.00467186669350976,0.00283357261545189
"original","hamilton","FRA","1999-Q4",0.00376326151771107,0.00424950245488389
"original","hamilton","FRA","2000-Q1",0.00919316849489145,0.0102862097659622
"original","hamilton","FRA","2000-Q2",0.00921230274990314,0.00614041282725256
"original","hamilton","FRA","2000-Q3",0.0109898215947143,0.00217773454389003
"original","hamilton","FRA","2000-Q4",0.0148840029586881,0.00232815561502071
"original","hamilton","FRA","2001-Q1",0.0150803705718962,0.00837132869052338
"original","hamilton","FRA","2001-Q2",0.0076805173822846,0.00814878966925357
"original","hamilton","FRA","2001-Q3",0.00122076805083231,-0.00148546437911771
"original","hamilton","FRA","2001-Q4",-0.0057326810343536,-0.00516876054960702
"original","hamilton","FRA","2002-Q1",-0.00732917209713093,-0.00911235310971612
"original","hamilton","FRA","2002-Q2",-0.00401804858385028,-0.00802994628702217
"original","hamilton","FRA","2002-Q3",-0.00631144411570133,-0.000370072954836866
"original","hamilton","FRA","2002-Q4",-0.0192242334029764,-0.00362980663490631
"original","hamilton","FRA","2003-Q1",-0.0227947154926282,-0.0106074930662947
"original","hamilton","FRA","2003-Q2",-0.0197839244803282,-0.0148676287116647
"original","hamilton","FRA","2003-Q3",-0.0196009671236912,-0.00933865852558351
"original","hamilton","FRA","2003-Q4",-0.0120883349111103,-0.00702656412137278
"original","hamilton","FRA","2004-Q1",-0.0121773214608719,-0.00762908547695234
"original","hamilton","FRA","2004-Q2",-0.0110267875419287,-0.00962833242776349
"original","hamilton","FRA","2004-Q3",-0.000704366547504113,-0.0124557077580365
"original","hamilton","FRA","2004-Q4",0.00776676536732838,-0.000979864356067473
"original","hamilton","FRA","2005-Q1",0.00305914664423837,0.00390104508260879
"original","hamilton","FRA","2005-Q2",0.00347469989424219,0.00476755124955075
"original","hamilton","FRA","2005-Q3",0.00199139970250123,0.00279639218631882
"original","hamilton","FRA","2005-Q4",0.00426941492304231,0.00871509695757853
"original","hamilton","FRA","2006-Q1",0.0145220824320694,0.0145718116516901
"original","hamilton","FRA","2006-Q2",0.0196577999778178,0.0148668864181073
"original","hamilton","FRA","2006-Q3",0.0159424956860223,0.0151977894547261
"original","hamilton","FRA","2006-Q4",0.0178572141074829,0.0104616757216951
"original","hamilton","FRA","2007-Q1",0.0246787219485284,0.0145921414851478
"original","hamilton","FRA","2007-Q2",0.0287557304091313,0.0208113944565148
"original","hamilton","FRA","2007-Q3",0.0231117310872357,0.0210120397946838
"original","hamilton","FRA","2007-Q4",0.0220153454504285,0.0199474790703318
"original","hamilton","FRA","2008-Q1",0.0256609653033142,0.0123429489213503
"original","hamilton","FRA","2008-Q2",0.0128621603418637,0.00706083406622201
"original","hamilton","FRA","2008-Q3",0.0144630141361647,0.0049767391578056
"original","hamilton","FRA","2008-Q4",-0.0102729081563976,-0.00410053795291189
"original","hamilton","FRA","2009-Q1",-0.0373991942360961,-0.00935880705836409
"original","hamilton","FRA","2009-Q2",-0.0361890014445206,-0.00864394547609117
"original","hamilton","FRA","2009-Q3",-0.0375453469422588,-0.0156726548257459
"original","hamilton","FRA","2009-Q4",-0.0336053052758236,-0.00923864099533297
"original","hamilton","FRA","2010-Q1",-0.035919680632767,-0.00280805245104365
"original","hamilton","FRA","2010-Q2",-0.022510312004889,-0.000701071088057113
"original","hamilton","FRA","2010-Q3",-0.0172743420589797,0.00656928636471773
"original","hamilton","FRA","2010-Q4",-0.00346772621314424,0.0132972498295858
"original","hamilton","FRA","2011-Q1",0.0173228600372889,0.0161983280532556
"original","hamilton","FRA","2011-Q2",-0.000445300513676123,0.000329519605528686
"original","hamilton","FRA","2011-Q3",0.0048332040695895,0.00604096381663275
"original","hamilton","FRA","2011-Q4",0.0145807533308162,-0.00577540316668278
"original","hamilton","FRA","2012-Q1",0.0160503052532081,-0.00395593601343797
"original","hamilton","FRA","2012-Q2",0.0122749374346657,-0.00797091907139818
"original","hamilton","FRA","2012-Q3",0.0094848963294055,-0.0135750593766561
"original","hamilton","FRA","2012-Q4",0.00698752206002578,-0.0174212879290821
"original","hamilton","FRA","2013-Q1",-0.00269156090576628,-0.0185877971872802
"original","hamilton","FRA","2013-Q2",0.011819226843266,-0.0033744824103575
"original","hamilton","FRA","2013-Q3",0.00955704545969318,-0.0105660853998261
"original","hamilton","FRA","2013-Q4",-0.000186113075792251,-0.00280805888712698
"original","hamilton","FRA","2014-Q1",0.00119429012011132,-0.00982477815855176
"original","hamilton","FRA","2014-Q2",0.00316283527321148,-0.00167083193005741
"original","hamilton","FRA","2014-Q3",-0.00147232711392238,0.00169364625653247
"original","hamilton","FRA","2014-Q4",-0.000281169290471419,0.00395214367550467
"original","hamilton","FRA","2015-Q1",0.00883363548214784,0.011690450810633
"original","hamilton","GBR","1998-Q4",-0.0160020411817213,-0.037485059928359
"original","hamilton","GBR","1999-Q1",-0.0187443679951735,-0.0318144614403877
"original","hamilton","GBR","1999-Q2",-0.0241902924879766,-0.0266830427415116
"original","hamilton","GBR","1999-Q3",-0.00996146335399059,-0.00870858374715878
"original","hamilton","GBR","1999-Q4",-0.0128296634871903,0.00388427150757186
"original","hamilton","GBR","2000-Q1",-0.0016519231623078,0.00625575362619954
"original","hamilton","GBR","2000-Q2",-0.00181139743830997,-0.0057305846848608
"original","hamilton","GBR","2000-Q3",-0.00560866618114539,-0.00738888600462811
"original","hamilton","GBR","2000-Q4",-0.0122742894770787,0.00764905314870291
"original","hamilton","GBR","2001-Q1",1.30993405279413e-05,-0.00393614543407454
"original","hamilton","GBR","2001-Q2",0.00617806440214939,0.0010501757511307
"original","hamilton","GBR","2001-Q3",-0.0135283260384327,0.000353275225421935
"original","hamilton","GBR","2001-Q4",-0.013740125561043,-0.00450836719221408
"original","hamilton","GBR","2002-Q1",-0.0113248415452942,-0.01278672596654
"original","hamilton","GBR","2002-Q2",-0.00902081521787215,0.00707101175355957
"original","hamilton","GBR","2002-Q3",-0.00345374764543582,0.0045494055555481
"original","hamilton","GBR","2002-Q4",0.00109795547889005,0.00653156094678337
"original","hamilton","GBR","2003-Q1",-0.00536256711798823,0.0101164144560755
"original","hamilton","GBR","2003-Q2",0.00838911117943125,0.0186726401888847
"original","hamilton","GBR","2003-Q3",0.0199891428608183,0.00770101944103218
"original","hamilton","GBR","2003-Q4",0.026523863146045,0.0109079149107934
"original","hamilton","GBR","2004-Q1",0.0233754070639823,0.0109761518436276
"original","hamilton","GBR","2004-Q2",0.0172798759595449,0.0215622655737052
"original","hamilton","GBR","2004-Q3",0.0135365041136831,0.0248495330788072
"original","hamilton","GBR","2004-Q4",0.011929142773624,0.022423564250942
"original","hamilton","GBR","2005-Q1",0.0114630185806447,0.0294826294467044
"original","hamilton","GBR","2005-Q2",0.00821762144895461,0.00785799547791933
"original","hamilton","GBR","2005-Q3",0.0116860347114483,0.0113816432909699
"original","hamilton","GBR","2005-Q4",0.0201470043739121,0.0166801987922563
"original","hamilton","GBR","2006-Q1",0.0262635976238665,0.0123408731228364
"original","hamilton","GBR","2006-Q2",0.0250355292110686,0.0118535479386343
"original","hamilton","GBR","2006-Q3",0.0242070723871107,0.0138843388764291
"original","hamilton","GBR","2006-Q4",0.025877125340194,0.0152755383499713
"original","hamilton","GBR","2007-Q1",0.0265225503468317,0.00637744452779874
"original","hamilton","GBR","2007-Q2",0.0247832000612903,0.0188316748756544
"original","hamilton","GBR","2007-Q3",0.0277193485146174,0.0241920189546918
"original","hamilton","GBR","2007-Q4",0.0210636652770017,0.0207489454678631
"original","hamilton","GBR","2008-Q1",0.0261031822184738,0.027088486814861
"original","hamilton","GBR","2008-Q2",0.0183089798914916,0.00243757283726352
"original","hamilton","GBR","2008-Q3",-0.000989409471471287,-0.00934948530642919
"original","hamilton","GBR","2008-Q4",-0.0349942842995183,-0.0203305569388208
"original","hamilton","GBR","2009-Q1",-0.0578097637134076,-0.0337425351010274
"original","hamilton","GBR","2009-Q2",-0.0617468340307133,-0.0537538686476493
"original","hamilton","GBR","2009-Q3",-0.0685896574842505,-0.0667540239861265
"original","hamilton","GBR","2009-Q4",-0.0654457073365964,-0.0639348955952843
"original","hamilton","GBR","2010-Q1",-0.0624843279102845,-0.0554018278939097
"original","hamilton","GBR","2010-Q2",-0.0494457385097419,-0.0325972991436776
"original","hamilton","GBR","2010-Q3",-0.0232018129028582,-0.0254881631227568
"original","hamilton","GBR","2010-Q4",-0.00996653274047191,-0.00680003610923929
"original","hamilton","GBR","2011-Q1",-0.00166095674634091,-0.00519230246778919
"original","hamilton","GBR","2011-Q2",-0.00793887268826776,0.00293994109195626
"original","hamilton","GBR","2011-Q3",0.00291056139513809,-0.00761433398087752
"original","hamilton","GBR","2011-Q4",0.00652778353669157,-0.0155744099972113
"original","hamilton","GBR","2012-Q1",0.00506651932417994,-0.00197347414317003
"original","hamilton","GBR","2012-Q2",-0.00616961794094139,-0.0135662369309245
"original","hamilton","GBR","2012-Q3",0.00178504042556332,-0.00795535324327436
"original","hamilton","GBR","2012-Q4",0.00272275773213205,-0.000572530930831213
"original","hamilton","GBR","2013-Q1",-0.0029412772574266,0.0104111418117351
"original","hamilton","GBR","2013-Q2",0.00355632766989307,0.0103858512500465
"original","hamilton","GBR","2013-Q3",0.00279534634105012,0.0122450958723741
"original","hamilton","GBR","2013-Q4",0.012555456341319,0.0114659339735131
"original","hamilton","GBR","2014-Q1",0.0189870463538921,0.0143429978934892
"original","hamilton","GBR","2014-Q2",0.028719829897497,0.0198163302209062
"original","hamilton","GBR","2014-Q3",0.0218563639836078,0.0302213648403794
"original","hamilton","GBR","2014-Q4",0.0440309371432136,0.0306161514281585
"original","hamilton","GBR","2015-Q1",0.0356652544734708,0.0342114622635361
"original","hamilton","ITA","1998-Q4",-0.0252395488832542,-0.00399594337252213
"original","hamilton","ITA","1999-Q1",-0.034570852135109,-0.00592229588267944
"original","hamilton","ITA","1999-Q2",-0.029870313146216,-0.0223206624427265
"original","hamilton","ITA","1999-Q3",-0.0205235940812535,-0.00481160659949149
"original","hamilton","ITA","1999-Q4",-0.0216739352007226,-0.000679987915268561
"original","hamilton","ITA","2000-Q1",0.00886817029789549,-0.00333087593402744
"original","hamilton","ITA","2000-Q2",0.00202906744138966,0.00223427111102385
"original","hamilton","ITA","2000-Q3",0.0107540579820264,0.00374859375163327
"original","hamilton","ITA","2000-Q4",0.0288096479240101,0.0081210538345469
"original","hamilton","ITA","2001-Q1",0.0258945564477896,0.0143078088881312
"original","hamilton","ITA","2001-Q2",0.0190478252596292,-0.00274498035708253
"original","hamilton","ITA","2001-Q3",0.0123956128299355,-0.0128201282381892
"original","hamilton","ITA","2001-Q4",0.00203104251246373,-0.00484139999286858
"original","hamilton","ITA","2002-Q1",0.00372364799297961,-8.76406873125648e-05
"original","hamilton","ITA","2002-Q2",0.0038350373106113,-0.0205768494320469
"original","hamilton","ITA","2002-Q3",0.00542528628549127,-0.0135139468120876
"original","hamilton","ITA","2002-Q4",-0.00533284947649432,-0.0100025739484538
"original","hamilton","ITA","2003-Q1",-0.00429985307246404,-0.00840357037595825
"original","hamilton","ITA","2003-Q2",0.00293619317005563,0.00330071320993883
"original","hamilton","ITA","2003-Q3",0.00146236162060846,0.00851137922489176
"original","hamilton","ITA","2003-Q4",0.00392597357739131,0.00324610092167992
"original","hamilton","ITA","2004-Q1",0.00741754126118469,0.00268509939058909
"original","hamilton","ITA","2004-Q2",0.00838383565435513,0.0129128903179725
"original","hamilton","ITA","2004-Q3",0.012270373963939,0.00582022990582914
"original","hamilton","ITA","2004-Q4",0.013968580879395,0.00474413230399118
"original","hamilton","ITA","2005-Q1",0.0143651987752097,0.0106697398300446
"original","hamilton","ITA","2005-Q2",0.0230803880428418,0.0149858300313542
"original","hamilton","ITA","2005-Q3",0.0241433958867879,0.0190498301322439
"original","hamilton","ITA","2005-Q4",0.0225611425961478,0.0242053289130359
"original","hamilton","ITA","2006-Q1",0.0275670326905821,0.0240771966797301
"original","hamilton","ITA","2006-Q2",0.0336607941979883,0.0211126436978839
"original","hamilton","ITA","2006-Q3",0.0357500163997207,0.0280608705617867
"original","hamilton","ITA","2006-Q4",0.0458157423823298,0.0254948970676632
"original","hamilton","ITA","2007-Q1",0.0520110381727135,0.0392741608342979
"original","hamilton","ITA","2007-Q2",0.0403732927620202,0.0303804510642432
"original","hamilton","ITA","2007-Q3",0.0392119784742667,0.0213785191382797
"original","hamilton","ITA","2007-Q4",0.041645223738578,0.026270078253378
"original","hamilton","ITA","2008-Q1",0.0434448242502393,0.0210052659902388
"original","hamilton","ITA","2008-Q2",0.0340027903054201,0.0221095514504895
"original","hamilton","ITA","2008-Q3",0.0212601117532906,0.00550729290938442
"original","hamilton","ITA","2008-Q4",-0.0124001553996083,-0.00196753079392762
"original","hamilton","ITA","2009-Q1",-0.0381527676167378,-0.0122438794520335
"original","hamilton","ITA","2009-Q2",-0.0399540143503647,-0.012423090311036
"original","hamilton","ITA","2009-Q3",-0.0353684742225743,-0.00450742466803603
"original","hamilton","ITA","2009-Q4",-0.0344925140338516,0.00431555549794368
"original","hamilton","ITA","2010-Q1",-0.0414265794359777,0.00592957753346023
"original","hamilton","ITA","2010-Q2",-0.0153759340122944,0.00896222903031306
"original","hamilton","ITA","2010-Q3",-0.003866896348293,0.0262074690069304
"original","hamilton","ITA","2010-Q4",0.0132292580002869,0.0294539201441024
"original","hamilton","ITA","2011-Q1",0.032082861124496,0.0367248509544361
"original","hamilton","ITA","2011-Q2",0.0124796088872356,0.0278275073667856
"original","hamilton","ITA","2011-Q3",0.00488536393587552,0.0188539329815211
"original","hamilton","ITA","2011-Q4",0.00548180545263069,-0.00405584074269958
"original","hamilton","ITA","2012-Q1",-0.0101110873236558,-0.0161096867380653
"original","hamilton","ITA","2012-Q2",-0.0207626240931785,-0.023104113763818
"original","hamilton","ITA","2012-Q3",-0.0252159109933281,-0.0396268367495762
"original","hamilton","ITA","2012-Q4",-0.0313627760663834,-0.046407462606425
"original","hamilton","ITA","2013-Q1",-0.0430443777030718,-0.0541266248602066
"original","hamilton","ITA","2013-Q2",-0.0433300636430909,-0.0596046145137083
"original","hamilton","ITA","2013-Q3",-0.0356159438514725,-0.0530424267186477
"original","hamilton","ITA","2013-Q4",-0.0300502162384347,-0.0297899626782976
"original","hamilton","ITA","2014-Q1",-0.0303656443626529,-0.0181956814414248
"original","hamilton","ITA","2014-Q2",-0.0327746995533232,-0.0297386974872371
"original","hamilton","ITA","2014-Q3",-0.030819509210162,-0.0224568696289856
"original","hamilton","ITA","2014-Q4",-0.0271151194319515,-0.0155933160446695
"original","hamilton","ITA","2015-Q1",-0.0171144263538917,-0.00444245074026497
"original","hamilton","JPN","1998-Q4",-0.0321378804553466,-0.0149870643964519
"original","hamilton","JPN","1999-Q1",-0.0474043582359685,-0.0296399834083353
"original","hamilton","JPN","1999-Q2",-0.0358796883369478,-0.0117601835101825
"original","hamilton","JPN","1999-Q3",-0.0460093274927864,-0.014127368241092
"original","hamilton","JPN","1999-Q4",-0.0431555253355593,-0.00770468474926171
"original","hamilton","JPN","2000-Q1",-0.0116652577829198,0.00122321323631709
"original","hamilton","JPN","2000-Q2",-0.00998549855093311,-0.00199781905992292
"original","hamilton","JPN","2000-Q3",-0.01639036722944,-0.00984027567812156
"original","hamilton","JPN","2000-Q4",-0.00554878472281262,-0.00425924264220791
"original","hamilton","JPN","2001-Q1",0.00870500520861162,0.00266761892387561
"original","hamilton","JPN","2001-Q2",0.00301514692934098,0.00508057442316314
"original","hamilton","JPN","2001-Q3",-0.00942690309240845,-0.00107510522476017
"original","hamilton","JPN","2001-Q4",-0.010584300151507,0.00134598942388996
"original","hamilton","JPN","2002-Q1",-0.0236023793685325,-0.00120016104921128
"original","hamilton","JPN","2002-Q2",-0.0115536614806614,0.00721300593290282
"original","hamilton","JPN","2002-Q3",-0.00408255776711876,0.0152913102711947
"original","hamilton","JPN","2002-Q4",-0.0107345981635195,0.00994168336969557
"original","hamilton","JPN","2003-Q1",-0.0204418935180064,0.00110515866369435
"original","hamilton","JPN","2003-Q2",-0.00438255933596372,0.000612032985980649
"original","hamilton","JPN","2003-Q3",0.00398192793618112,-0.00209225193811218
"original","hamilton","JPN","2003-Q4",0.0114750094308777,0.00454273255941847
"original","hamilton","JPN","2004-Q1",0.021805505408498,0.00778102988426805
"original","hamilton","JPN","2004-Q2",0.0201860217296147,0.00287068836210731
"original","hamilton","JPN","2004-Q3",0.0190472381551693,-0.001423637028737
"original","hamilton","JPN","2004-Q4",0.0163467171906349,-0.00824822910156846
"original","hamilton","JPN","2005-Q1",0.0187690248847407,0.00220141622896323
"original","hamilton","JPN","2005-Q2",0.0217600452486496,0.00641315191386623
"original","hamilton","JPN","2005-Q3",0.0222557639661179,0.0137812152101488
"original","hamilton","JPN","2005-Q4",0.0212460927156426,0.0113264416090945
"original","hamilton","JPN","2006-Q1",0.0166182449614245,0.00953550652231263
"original","hamilton","JPN","2006-Q2",0.0206616697801639,0.0107059845618233
"original","hamilton","JPN","2006-Q3",0.016033840920698,-0.0012838526547818
"original","hamilton","JPN","2006-Q4",0.0270920411045685,0.0136752181066188
"original","hamilton","JPN","2007-Q1",0.0352170257292105,0.0127371482660231
"original","hamilton","JPN","2007-Q2",0.0285698663672592,0.0116335228742924
"original","hamilton","JPN","2007-Q3",0.0249320155504793,0.00158852301161959
"original","hamilton","JPN","2007-Q4",0.0329494715334753,-0.00254977134964932
"original","hamilton","JPN","2008-Q1",0.0326092832877041,5.00993161683103e-05
"original","hamilton","JPN","2008-Q2",0.0177295495520379,-0.017308316027368
"original","hamilton","JPN","2008-Q3",0.00759192485286156,-0.0162734822836142
"original","hamilton","JPN","2008-Q4",-0.0348425525044197,-0.0351700410001792
"original","hamilton","JPN","2009-Q1",-0.0819144351522186,-0.0458910309363716
"original","hamilton","JPN","2009-Q2",-0.0634890088850468,-0.0322512082209444
"original","hamilton","JPN","2009-Q3",-0.064217694751006,-0.0328044244515208
"original","hamilton","JPN","2009-Q4",-0.0561362734589317,-0.0203372905611645
"original","hamilton","JPN","2010-Q1",-0.0454338652714476,-0.0160016698881942
"original","hamilton","JPN","2010-Q2",-0.0248515716051455,-0.00857427094118161
"original","hamilton","JPN","2010-Q3",-0.00752777518410763,0.00641846182690102
"original","hamilton","JPN","2010-Q4",0.00288933822479053,0.0106584839571522
"original","hamilton","JPN","2011-Q1",0.00831950142634797,0.00138220593754127
"original","hamilton","JPN","2011-Q2",-0.011185383723501,0.00775403100016642
"original","hamilton","JPN","2011-Q3",0.0259770830485737,0.0247092614420516
"original","hamilton","JPN","2011-Q4",0.0342258969044267,0.0193655382032143
"original","hamilton","JPN","2012-Q1",0.0310651754517252,0.0171718228673234
"original","hamilton","JPN","2012-Q2",0.0216922949090498,0.0206433663688608
"original","hamilton","JPN","2012-Q3",0.00497492830389582,0.00738040609806048
"original","hamilton","JPN","2012-Q4",0.00364715292285731,0.00717964757508876
"original","hamilton","JPN","2013-Q1",0.0247186782681974,0.0263550725859254
"original","hamilton","JPN","2013-Q2",0.0269322433815858,0.0320101346840554
"original","hamilton","JPN","2013-Q3",0.0167449258538279,0.0294917556685964
"original","hamilton","JPN","2013-Q4",0.0225741949219411,0.0228358195813873
"original","hamilton","JPN","2014-Q1",0.032194490815797,0.0353216194656652
"original","hamilton","JPN","2014-Q2",0.00715653065612953,-0.0228254084701496
"original","hamilton","JPN","2014-Q3",0.0055683686010756,-0.0206196196119569
"original","hamilton","JPN","2014-Q4",0.00529532392574839,-0.0193433836039367
"original","hamilton","JPN","2015-Q1",0.0100095414963246,-0.0224111168904509
"original","hamilton","USA","1998-Q4",0.00401371668634449,-0.00384138265378958
"original","hamilton","USA","1999-Q1",0.00467550234106891,-0.00942216903045747
"original","hamilton","USA","1999-Q2",-0.00175762640837358,0.00924717321727339
"original","hamilton","USA","1999-Q3",0.000632902342358321,-0.0038293821131467
"original","hamilton","USA","1999-Q4",0.0159590622673702,0.0015282601700387
"original","hamilton","USA","2000-Q1",0.00946971271867069,0.019976596316026
"original","hamilton","USA","2000-Q2",0.019034863989554,0.00386930723675547
"original","hamilton","USA","2000-Q3",0.00907493771603635,0.00625476390752473
"original","hamilton","USA","2000-Q4",0.000236953566576378,0.00764845423634263
"original","hamilton","USA","2001-Q1",-0.00452737593535841,0.00605011350229048
"original","hamilton","USA","2001-Q2",-0.00481770676304558,-0.00727069996792786
"original","hamilton","USA","2001-Q3",-0.0222913578326981,-0.0133364754840449
"original","hamilton","USA","2001-Q4",-0.0352263266045341,-0.0090993506631773
"original","hamilton","USA","2002-Q1",-0.0211732254447917,-0.0216000172856006
"original","hamilton","USA","2002-Q2",-0.0356491638780181,-0.0157871266141801
"original","hamilton","USA","2002-Q3",-0.028937551009565,-0.0161105850019618
"original","hamilton","USA","2002-Q4",-0.0297210031142953,-0.0213887954638772
"original","hamilton","USA","2003-Q1",-0.0240229373860488,-0.0153879995512488
"original","hamilton","USA","2003-Q2",-0.0209632836227782,-0.00512864545301074
"original","hamilton","USA","2003-Q3",-0.000942594527709224,0.00186814967241193
"original","hamilton","USA","2003-Q4",0.00852509312985343,-0.0160005572189476
"original","hamilton","USA","2004-Q1",0.00163774081275624,0.00446009799617181
"original","hamilton","USA","2004-Q2",0.00776557007702472,0.0141541448548621
"original","hamilton","USA","2004-Q3",0.015161659230548,0.00645335566548223
"original","hamilton","USA","2004-Q4",0.0239437312407316,0.0156112094138095
"original","hamilton","USA","2005-Q1",0.0283794326992214,0.0222707509449458
"original","hamilton","USA","2005-Q2",0.0231691048612858,0.0159481698886677
"original","hamilton","USA","2005-Q3",0.0164662627622188,0.00715741703700506
"original","hamilton","USA","2005-Q4",0.0160670060431027,0.0170815085876602
"original","hamilton","USA","2006-Q1",0.028164839968108,0.0214748444886842
"original","hamilton","USA","2006-Q2",0.0232418602356255,0.019438248063437
"original","hamilton","USA","2006-Q3",0.0143764234796159,0.0160782198500833
"original","hamilton","USA","2006-Q4",0.0159144202249721,0.0146716413891175
"original","hamilton","USA","2007-Q1",0.00774733187238183,0.0188783688129509
"original","hamilton","USA","2007-Q2",0.0133043300159568,0.0108642349581755
"original","hamilton","USA","2007-Q3",0.0126622654956479,0.0101996967183204
"original","hamilton","USA","2007-Q4",0.0111281201168224,0.0152091713242486
"original","hamilton","USA","2008-Q1",-0.00690375703790309,-0.00586214361948604
"original","hamilton","USA","2008-Q2",-0.00148233436867885,-0.00570144299235567
"original","hamilton","USA","2008-Q3",-0.0041315612873575,-0.0121371270646845
"original","hamilton","USA","2008-Q4",-0.0372645378536794,-0.04154051516914
"original","hamilton","USA","2009-Q1",-0.0494338116653692,-0.0438109101183391
"original","hamilton","USA","2009-Q2",-0.0576453910388753,-0.0455211775798491
"original","hamilton","USA","2009-Q3",-0.0616083896156099,-0.0479256027210245
"original","hamilton","USA","2009-Q4",-0.0513994698190117,-0.0471992332789952
"original","hamilton","USA","2010-Q1",-0.0374840599155725,-0.035772645220156
"original","hamilton","USA","2010-Q2",-0.0375619820958693,-0.0353333216902377
"original","hamilton","USA","2010-Q3",-0.0261810976658125,-0.0164377145591621
"original","hamilton","USA","2010-Q4",0.00776809283480455,0.0118299576742919
"original","hamilton","USA","2011-Q1",0.00927159393743165,0.0036479453246241
"original","hamilton","USA","2011-Q2",0.007272390642808,0.00629411381100113
"original","hamilton","USA","2011-Q3",0.00687453850676476,0.00155060401518405
"original","hamilton","USA","2011-Q4",0.0114171376601459,0.0102316896519275
"original","hamilton","USA","2012-Q1",0.0180890674871077,0.0147540985482549
"original","hamilton","USA","2012-Q2",0.0148217781195289,0.00200566294127509
"original","hamilton","USA","2012-Q3",0.0101737425170523,0.00539750870240066
"original","hamilton","USA","2012-Q4",0.0071957390223177,-0.00168301466150336
"original","hamilton","USA","2013-Q1",0.0184067128955075,0.00449367758664824
"original","hamilton","USA","2013-Q2",0.0107367680718791,0.0125605439806475
"original","hamilton","USA","2013-Q3",0.0153589438623473,0.00688894246375146
"original","hamilton","USA","2013-Q4",0.0153706489580893,0.0113764382850058
"original","hamilton","USA","2014-Q1",0.00801236900762907,0.00883303639611516
"original","hamilton","USA","2014-Q2",0.0190593725255423,0.0205641389577431
"original","hamilton","USA","2014-Q3",0.0286667515921709,0.0281786394359191
"original","hamilton","USA","2014-Q4",0.0334817096180842,0.0328061961801287
"original","hamilton","USA","2015-Q1",0.0283963437378922,0.0293209429691004
